survey_response_id,employee_scd_id,year,recommendation_rating,comment,has_comment,enps_category,sentiment
1,202301141,2023,9,Team spirit is strong and the atmosphere is friendly and supportive. I feel proud to be part of the company.,True,promoter,positive
2,202300500,2023,7,"Pay progression feels slow compared with responsibilities and performance expectations. Career progression can feel unclear, especially around the criteria for promotion.",True,passive,negative
3,202301553,2023,8,Innovation and a forward-looking strategy make the business feel resilient. Supportive leadership and clear feedback make it easy to do great work.,True,passive,positive
4,202301348,2023,8,Supportive leadership and clear feedback make it easy to do great work.,True,passive,positive
5,202301554,2023,9,Innovation and a forward-looking strategy make the business feel resilient. Supportive leadership and clear feedback make it easy to do great work. I feel proud to be part of the company.,True,promoter,positive
6,202300032,2023,8,Learning opportunities and projects help me build strong consulting skills.,True,passive,positive
7,202300376,2023,10,I can maintain a healthy balance most of the time and flexibility helps. I feel proud to be part of the company.,True,promoter,positive
8,202301834,2023,6,Workload peaks can be intense and staffing feels tight on some projects.,True,detractor,negative
9,202301495,2023,8,"Tools and logistics support delivery well, and the hybrid setup works smoothly. Compensation feels competitive for the market and responsibilities.",True,passive,positive
10,202301089,2023,8,Compensation feels competitive for the market and responsibilities. I can maintain a healthy balance most of the time and flexibility helps.,True,passive,positive
11,202301101,2023,7,"Onboarding and integration were smooth, and the team culture is welcoming.",True,passive,positive
12,202301088,2023,9,"I appreciate the trust and autonomy; the management style feels genuinely empowering. Overall, I would recommend Skapa without hesitation.",True,promoter,positive
13,202300471,2023,6,Team cohesion varies by project and it can feel isolating when switching assignments.,True,detractor,negative
14,202300832,2023,8,Compensation feels competitive for the market and responsibilities.,True,passive,positive
15,202301895,2023,7,The values are stated clearly but not always reflected in day-to-day decisions. Sustained pressure can lead to fatigue and I’ve seen early signs of burnout risk.,True,passive,negative
16,202300107,2023,8,"The company feels stable and well-positioned in the market, with strong client demand.",True,passive,positive
17,202300816,2023,10,"Team spirit is strong and the atmosphere is friendly and supportive. The company feels stable and well-positioned in the market, with strong client demand. I feel proud to be part of the company.",True,promoter,positive
18,202301204,2023,5,,False,detractor,
19,202301512,2023,8,The work feels meaningful because projects have clear impact for clients and society.,True,passive,positive
20,202300974,2023,10,"Onboarding and integration were smooth, and the team culture is welcoming. I feel proud to be part of the company.",True,promoter,positive
21,202300122,2023,8,I appreciate the increased transparency from leadership on decisions and direction. Innovation and a forward-looking strategy make the business feel resilient.,True,passive,positive
22,202301424,2023,8,,False,passive,
23,202301579,2023,9,,False,promoter,
24,202300995,2023,8,Compensation feels competitive for the market and responsibilities.,True,passive,positive
25,202300904,2023,10,"Team spirit is strong and the atmosphere is friendly and supportive. Recognition and coaching are consistent, which helps me grow and perform. I feel proud to be part of the company.",True,promoter,positive
26,202300513,2023,8,Learning opportunities and projects help me build strong consulting skills.,True,passive,positive
27,202300271,2023,9,"I feel aligned with the values, especially inclusion, sustainability and fairness. Overall, I would recommend Skapa without hesitation.",True,promoter,positive
28,202300140,2023,9,Compensation feels competitive for the market and responsibilities. Skapa remains attractive with interesting missions and a solid reputation. I feel proud to be part of the company.,True,promoter,positive
29,202300319,2023,9,Team spirit is strong and the atmosphere is friendly and supportive. Supportive leadership and clear feedback make it easy to do great work. I feel proud to be part of the company.,True,promoter,positive
30,202300238,2023,8,I appreciate the trust and autonomy; the management style feels genuinely empowering.,True,passive,positive
31,202301325,2023,9,"Learning opportunities and projects help me build strong consulting skills. Overall, I would recommend Skapa without hesitation.",True,promoter,positive
32,202300577,2023,8,Work conditions are good overall and hybrid work is handled pragmatically. I’m satisfied with my pay and the overall benefits package.,True,passive,positive
33,202300900,2023,8,I appreciate the trust and autonomy; the management style feels genuinely empowering. Client exposure and variety of missions are a real strength of consulting here.,True,passive,positive
34,202301246,2023,7,Decision-making can feel top-down and recognition for effort is not always there.,True,passive,negative
35,202300629,2023,5,Team cohesion varies by project and it can feel isolating when switching assignments.,True,detractor,negative
36,202300365,2023,6,,False,detractor,
37,202300123,2023,9,"Supportive leadership and clear feedback make it easy to do great work. Tools and logistics support delivery well, and the hybrid setup works smoothly. Overall, I would recommend Skapa without hesitation.",True,promoter,positive
38,202300907,2023,9,,False,promoter,
39,202300672,2023,7,Management practices feel inconsistent and feedback is often too late to be useful.,True,passive,negative
40,202300696,2023,7,The employer brand could be stronger to attract and retain top talent. Sometimes the work feels less meaningful when priorities are driven mainly by utilization.,True,passive,to be determined
41,202300635,2023,10,Learning opportunities and projects help me build strong consulting skills. Cross-team collaboration is improving and it’s easier to work transversally. I feel proud to be part of the company.,True,promoter,positive
42,202300971,2023,9,"Work conditions are good overall and hybrid work is handled pragmatically. I appreciate the trust and autonomy; the management style feels genuinely empowering. Overall, I would recommend Skapa without hesitation.",True,promoter,positive
43,202301288,2023,6,Management practices feel inconsistent and feedback is often too late to be useful.,True,detractor,negative
44,202300637,2023,9,"Recognition and coaching are consistent, which helps me grow and perform. Overall, I would recommend Skapa without hesitation.",True,promoter,positive
45,202300413,2023,7,I worry about competitiveness and the pace of adapting to market changes. Some tools and processes are slow and create friction in day-to-day delivery.,True,passive,negative
46,202300870,2023,7,Decision-making can feel top-down and recognition for effort is not always there. Pay progression feels slow compared with responsibilities and performance expectations.,True,passive,negative
47,202301183,2023,8,Career paths are becoming clearer and internal mobility feels realistic.,True,passive,to be determined
48,202301429,2023,9,"I appreciate the increased transparency from leadership on decisions and direction. Overall, I would recommend Skapa without hesitation.",True,promoter,positive
49,202300929,2023,7,Training is available but time to actually use it is limited during peak delivery. Sustained pressure can lead to fatigue and I’ve seen early signs of burnout risk.,True,passive,negative
50,202300033,2023,10,"Recognition and coaching are consistent, which helps me grow and perform. Overall, I would recommend Skapa without hesitation.",True,promoter,positive
51,202300448,2023,7,,False,passive,
52,202301420,2023,9,I can maintain a healthy balance most of the time and flexibility helps. I’m satisfied with my pay and the overall benefits package. I feel proud to be part of the company.,True,promoter,positive
53,202301814,2023,8,Client exposure and variety of missions are a real strength of consulting here.,True,passive,positive
54,202300279,2023,9,,False,promoter,
55,202301638,2023,7,,False,passive,
56,202300523,2023,9,The work feels meaningful because projects have clear impact for clients and society. I see real chances to progress based on merit and impact. I feel proud to be part of the company.,True,promoter,positive
57,202301871,2023,6,Team cohesion varies by project and it can feel isolating when switching assignments.,True,detractor,negative
58,202301314,2023,9,Supportive leadership and clear feedback make it easy to do great work. I feel proud to be part of the company.,True,promoter,positive
59,202301369,2023,7,,False,passive,
60,202300381,2023,9,Work conditions are good overall and hybrid work is handled pragmatically. I feel proud to be part of the company.,True,promoter,positive
61,202301058,2023,7,"Onboarding and integration were smooth, and the team culture is welcoming.",True,passive,positive
62,202301057,2023,8,Compensation feels competitive for the market and responsibilities.,True,passive,positive
63,202301153,2023,5,Recent uncertainty in priorities makes the long-term direction feel less clear.,True,detractor,negative
64,202300344,2023,10,"Onboarding and integration were smooth, and the team culture is welcoming. I feel proud to be part of the company.",True,promoter,positive
65,202300773,2023,7,,False,passive,
66,202300002,2023,7,"Onboarding and integration were smooth, and the team culture is welcoming. Internal collaboration can feel siloed and handoffs between teams are not always smooth.",True,passive,negative
67,202301759,2023,6,Pay progression feels slow compared with responsibilities and performance expectations. Workload peaks can be intense and staffing feels tight on some projects.,True,detractor,negative
68,202301115,2023,6,Strategic priorities shift often and it can be hard to understand the direction. Pay progression feels slow compared with responsibilities and performance expectations.,True,detractor,negative
69,202300126,2023,8,Skapa remains attractive with interesting missions and a solid reputation.,True,passive,positive
70,202301613,2023,8,Compensation feels competitive for the market and responsibilities.,True,passive,positive
71,202301609,2023,9,"Recognition and coaching are consistent, which helps me grow and perform. Innovation and a forward-looking strategy make the business feel resilient. I feel proud to be part of the company.",True,promoter,positive
72,202300963,2023,7,Team spirit is strong and the atmosphere is friendly and supportive.,True,passive,positive
73,202300797,2023,8,,False,passive,
74,202300805,2023,7,,False,passive,
75,202301171,2023,8,"Team spirit is strong and the atmosphere is friendly and supportive. Recognition and coaching are consistent, which helps me grow and perform.",True,passive,positive
76,202301753,2023,5,I would like more structured development and transparency on growth opportunities.,True,detractor,negative
77,202301189,2023,10,I appreciate the trust and autonomy; the management style feels genuinely empowering. Innovation and a forward-looking strategy make the business feel resilient. I feel proud to be part of the company.,True,promoter,positive
78,202301718,2023,8,"Recognition and coaching are consistent, which helps me grow and perform.",True,passive,positive
79,202300228,2023,8,,False,passive,
80,202300843,2023,9,"I feel aligned with the values, especially inclusion, sustainability and fairness. Supportive leadership and clear feedback make it easy to do great work. Overall, I would recommend Skapa without hesitation.",True,promoter,positive
81,202300187,2023,7,I would like more regular coaching and clearer expectations from leadership.,True,passive,negative
82,202300298,2023,7,"I would like more regular coaching and clearer expectations from leadership. Onboarding and integration were smooth, and the team culture is welcoming.",True,passive,to be determined
83,202301710,2023,7,"Career progression can feel unclear, especially around the criteria for promotion.",True,passive,negative
84,202300961,2023,7,"Decision-making can feel top-down and recognition for effort is not always there. Onboarding and integration were smooth, and the team culture is welcoming.",True,passive,negative
85,202300131,2023,7,,False,passive,
86,202301581,2023,9,"Digital tools and processes are improving and make delivery more efficient. Overall, I would recommend Skapa without hesitation.",True,promoter,positive
87,202301253,2023,8,"Onboarding and integration were smooth, and the team culture is welcoming.",True,passive,positive
88,202300270,2023,10,"Tools and logistics support delivery well, and the hybrid setup works smoothly. I feel proud to be part of the company.",True,promoter,positive
89,202300836,2023,9,"Supportive leadership and clear feedback make it easy to do great work. Overall, I would recommend Skapa without hesitation.",True,promoter,positive
90,202300468,2023,6,Workload peaks can be intense and staffing feels tight on some projects.,True,detractor,negative
91,202300897,2023,9,I can maintain a healthy balance most of the time and flexibility helps. I feel proud to be part of the company.,True,promoter,positive
92,202301342,2023,9,Team spirit is strong and the atmosphere is friendly and supportive. I feel proud to be part of the company.,True,promoter,positive
93,202300287,2023,9,"Tools and logistics support delivery well, and the hybrid setup works smoothly. Overall, I would recommend Skapa without hesitation.",True,promoter,positive
94,202301001,2023,7,,False,passive,
95,202301497,2023,7,Team spirit is strong and the atmosphere is friendly and supportive. Training is available but time to actually use it is limited during peak delivery.,True,passive,negative
96,202300023,2023,7,Sustained pressure can lead to fatigue and I’ve seen early signs of burnout risk. Decision-making can feel top-down and recognition for effort is not always there.,True,passive,negative
97,202300313,2023,7,,False,passive,
98,202300333,2023,8,Work conditions are good overall and hybrid work is handled pragmatically. I can maintain a healthy balance most of the time and flexibility helps.,True,passive,positive
99,202300224,2023,6,Team cohesion varies by project and it can feel isolating when switching assignments.,True,detractor,negative
100,202300058,2023,7,Sustained pressure can lead to fatigue and I’ve seen early signs of burnout risk. Decision-making can feel top-down and recognition for effort is not always there.,True,passive,negative
101,202300117,2023,7,I would like more regular coaching and clearer expectations from leadership. The values are stated clearly but not always reflected in day-to-day decisions.,True,passive,negative
102,202301076,2023,7,Decision-making can feel top-down and recognition for effort is not always there.,True,passive,negative
103,202301312,2023,7,Pay progression feels slow compared with responsibilities and performance expectations.,True,passive,negative
104,202301165,2023,9,"Team spirit is strong and the atmosphere is friendly and supportive. Overall, I would recommend Skapa without hesitation.",True,promoter,positive
105,202300062,2023,9,There is a genuine commitment to responsible consulting and a respectful culture. I feel proud to be part of the company.,True,promoter,positive
106,202300752,2023,9,"The work feels meaningful because projects have clear impact for clients and society. Digital tools and processes are improving and make delivery more efficient. Overall, I would recommend Skapa without hesitation.",True,promoter,positive
107,202301374,2023,9,,False,promoter,
108,202301671,2023,6,Sustained pressure can lead to fatigue and I’ve seen early signs of burnout risk. Compensation has not kept pace with inflation and market benchmarks.,True,detractor,negative
109,202301321,2023,8,I can maintain a healthy balance most of the time and flexibility helps.,True,passive,positive
110,202301123,2023,7,Team spirit is strong and the atmosphere is friendly and supportive. Bench periods and project allocation could be handled more consistently.,True,passive,to be determined
111,202300332,2023,7,"Compensation has not kept pace with inflation and market benchmarks. Onboarding and integration were smooth, and the team culture is welcoming.",True,passive,negative
112,202300768,2023,8,"Onboarding and integration were smooth, and the team culture is welcoming. Cross-team collaboration is improving and it’s easier to work transversally.",True,passive,positive
113,202300539,2023,9,The work feels meaningful because projects have clear impact for clients and society. I’m satisfied with my pay and the overall benefits package. I feel proud to be part of the company.,True,promoter,positive
114,202300191,2023,8,"Onboarding and integration were smooth, and the team culture is welcoming.",True,passive,positive
115,202300776,2023,7,"Onboarding and integration were smooth, and the team culture is welcoming. I would like more regular coaching and clearer expectations from leadership.",True,passive,to be determined
116,202301508,2023,7,Decision-making can feel top-down and recognition for effort is not always there.,True,passive,negative
117,202301407,2023,8,"The company feels stable and well-positioned in the market, with strong client demand.",True,passive,positive
118,202301470,2023,8,Career paths are becoming clearer and internal mobility feels realistic.,True,passive,to be determined
119,202300839,2023,6,Team cohesion varies by project and it can feel isolating when switching assignments.,True,detractor,negative
120,202300492,2023,9,"I appreciate the increased transparency from leadership on decisions and direction. Onboarding and integration were smooth, and the team culture is welcoming. Overall, I would recommend Skapa without hesitation.",True,promoter,positive
121,202300685,2023,8,Team spirit is strong and the atmosphere is friendly and supportive.,True,passive,positive
122,202300891,2023,8,,False,passive,
123,202300544,2023,8,Cross-team collaboration is improving and it’s easier to work transversally.,True,passive,positive
124,202301062,2023,9,There is a genuine commitment to responsible consulting and a respectful culture. I feel proud to be part of the company.,True,promoter,positive
125,202301138,2023,8,Team spirit is strong and the atmosphere is friendly and supportive.,True,passive,positive
126,202300195,2023,10,Compensation feels competitive for the market and responsibilities. I feel proud to be part of the company.,True,promoter,positive
127,202300567,2023,8,,False,passive,
128,202300663,2023,6,Management practices feel inconsistent and feedback is often too late to be useful.,True,detractor,negative
129,202301458,2023,10,I see real chances to progress based on merit and impact. I feel proud to be part of the company.,True,promoter,positive
130,202300700,2023,7,Team spirit is strong and the atmosphere is friendly and supportive.,True,passive,positive
131,202301817,2023,8,Work conditions are good overall and hybrid work is handled pragmatically. Skapa remains attractive with interesting missions and a solid reputation.,True,passive,positive
132,202301684,2023,8,"Onboarding and integration were smooth, and the team culture is welcoming.",True,passive,positive
133,202300086,2023,7,I worry about competitiveness and the pace of adapting to market changes. Sustained pressure can lead to fatigue and I’ve seen early signs of burnout risk.,True,passive,negative
134,202300535,2023,7,,False,passive,
135,202301548,2023,7,Management practices feel inconsistent and feedback is often too late to be useful.,True,passive,negative
136,202300987,2023,9,Skapa remains attractive with interesting missions and a solid reputation. I appreciate the trust and autonomy; the management style feels genuinely empowering. I feel proud to be part of the company.,True,promoter,positive
137,202300902,2023,6,Sometimes the work feels less meaningful when priorities are driven mainly by utilization.,True,detractor,negative
138,202301526,2023,7,Pay progression feels slow compared with responsibilities and performance expectations.,True,passive,negative
139,202301313,2023,8,"Onboarding and integration were smooth, and the team culture is welcoming.",True,passive,positive
140,202300711,2023,9,"The company feels stable and well-positioned in the market, with strong client demand. Overall, I would recommend Skapa without hesitation.",True,promoter,positive
141,202301858,2023,7,,False,passive,
142,202301311,2023,8,Career paths are becoming clearer and internal mobility feels realistic.,True,passive,to be determined
143,202301197,2023,9,"I appreciate the increased transparency from leadership on decisions and direction. The company feels stable and well-positioned in the market, with strong client demand. I feel proud to be part of the company.",True,promoter,positive
144,202300322,2023,6,Sustained pressure can lead to fatigue and I’ve seen early signs of burnout risk. I worry about competitiveness and the pace of adapting to market changes.,True,detractor,negative
145,202300704,2023,8,,False,passive,
146,202300503,2023,8,,False,passive,
147,202301781,2023,9,The work feels meaningful because projects have clear impact for clients and society. I feel proud to be part of the company.,True,promoter,positive
148,202300444,2023,7,Team spirit is strong and the atmosphere is friendly and supportive. Compensation has not kept pace with inflation and market benchmarks.,True,passive,to be determined
149,202301648,2023,9,Innovation and a forward-looking strategy make the business feel resilient. I feel proud to be part of the company.,True,promoter,positive
150,202300761,2023,7,Team spirit is strong and the atmosphere is friendly and supportive.,True,passive,positive
151,202301176,2023,7,"Career progression can feel unclear, especially around the criteria for promotion.",True,passive,negative
152,202300645,2023,8,Learning opportunities and projects help me build strong consulting skills.,True,passive,positive
153,202301604,2023,9,"Onboarding and integration were smooth, and the team culture is welcoming. I feel proud to be part of the company.",True,promoter,positive
154,202300359,2023,9,Client exposure and variety of missions are a real strength of consulting here. I appreciate the trust and autonomy; the management style feels genuinely empowering. I feel proud to be part of the company.,True,promoter,positive
155,202301170,2023,10,"Digital tools and processes are improving and make delivery more efficient. I can maintain a healthy balance most of the time and flexibility helps. Overall, I would recommend Skapa without hesitation.",True,promoter,positive
156,202301353,2023,8,"Onboarding and integration were smooth, and the team culture is welcoming.",True,passive,positive
157,202301047,2023,9,I’m satisfied with my pay and the overall benefits package. I feel proud to be part of the company.,True,promoter,positive
158,202300404,2023,8,The work feels meaningful because projects have clear impact for clients and society.,True,passive,positive
159,202300695,2023,7,Recent uncertainty in priorities makes the long-term direction feel less clear.,True,passive,negative
160,202301619,2023,6,Work-life balance could improve; overtime can become the default during delivery.,True,detractor,negative
161,202300171,2023,10,Supportive leadership and clear feedback make it easy to do great work. I’m satisfied with my pay and the overall benefits package. I feel proud to be part of the company.,True,promoter,positive
162,202301491,2023,9,Supportive leadership and clear feedback make it easy to do great work. I feel proud to be part of the company.,True,promoter,positive
163,202300888,2023,6,Training is available but time to actually use it is limited during peak delivery. Recent uncertainty in priorities makes the long-term direction feel less clear.,True,detractor,negative
164,202300684,2023,7,Management practices feel inconsistent and feedback is often too late to be useful.,True,passive,negative
165,202300148,2023,10,"I appreciate the increased transparency from leadership on decisions and direction. Tools and logistics support delivery well, and the hybrid setup works smoothly. Overall, I would recommend Skapa without hesitation.",True,promoter,positive
166,202300075,2023,8,Team spirit is strong and the atmosphere is friendly and supportive.,True,passive,positive
167,202300597,2023,8,I see real chances to progress based on merit and impact.,True,passive,positive
168,202301423,2023,6,,False,detractor,
169,202301361,2023,8,,False,passive,
170,202300690,2023,5,Compensation has not kept pace with inflation and market benchmarks.,True,detractor,negative
171,202301623,2023,8,I’m satisfied with my pay and the overall benefits package.,True,passive,positive
172,202300595,2023,6,I would like more regular coaching and clearer expectations from leadership.,True,detractor,negative
173,202301275,2023,8,I see real chances to progress based on merit and impact.,True,passive,positive
174,202301039,2023,8,Career paths are becoming clearer and internal mobility feels realistic.,True,passive,to be determined
175,202300248,2023,8,Team spirit is strong and the atmosphere is friendly and supportive.,True,passive,positive
176,202300357,2023,7,Workload peaks can be intense and staffing feels tight on some projects. Compensation has not kept pace with inflation and market benchmarks.,True,passive,negative
177,202301644,2023,6,Sometimes the work feels less meaningful when priorities are driven mainly by utilization.,True,detractor,negative
178,202300608,2023,6,The employer brand could be stronger to attract and retain top talent. I would like more regular coaching and clearer expectations from leadership.,True,detractor,negative
179,202301267,2023,8,"The company feels stable and well-positioned in the market, with strong client demand. Compensation feels competitive for the market and responsibilities.",True,passive,positive
180,202300483,2023,6,Sometimes the work feels less meaningful when priorities are driven mainly by utilization. Compensation has not kept pace with inflation and market benchmarks.,True,detractor,negative
181,202300015,2023,8,I appreciate the trust and autonomy; the management style feels genuinely empowering.,True,passive,positive
182,202300712,2023,8,"The company feels stable and well-positioned in the market, with strong client demand. I feel aligned with the values, especially inclusion, sustainability and fairness.",True,passive,positive
183,202300005,2023,5,,False,detractor,
184,202301005,2023,8,,False,passive,
185,202300414,2023,8,I’m satisfied with my pay and the overall benefits package.,True,passive,positive
186,202300639,2023,8,"Cross-team collaboration is improving and it’s easier to work transversally. Onboarding and integration were smooth, and the team culture is welcoming.",True,passive,positive
187,202301025,2023,9,"Onboarding and integration were smooth, and the team culture is welcoming. I see real chances to progress based on merit and impact. Overall, I would recommend Skapa without hesitation.",True,promoter,positive
188,202301385,2023,6,Decision-making can feel top-down and recognition for effort is not always there.,True,detractor,negative
189,202300456,2023,8,,False,passive,
190,202301172,2023,6,,False,detractor,
191,202301205,2023,9,,False,promoter,
192,202300863,2023,8,Supportive leadership and clear feedback make it easy to do great work.,True,passive,positive
193,202300992,2023,7,The employer brand could be stronger to attract and retain top talent.,True,passive,to be determined
194,202301605,2023,9,"I’m satisfied with my pay and the overall benefits package. Overall, I would recommend Skapa without hesitation.",True,promoter,positive
195,202301038,2023,6,,False,detractor,
196,202300724,2023,7,Sometimes the work feels less meaningful when priorities are driven mainly by utilization. I worry about competitiveness and the pace of adapting to market changes.,True,passive,negative
197,202301023,2023,7,,False,passive,
198,202300017,2023,4,Recent uncertainty in priorities makes the long-term direction feel less clear. Pay progression feels slow compared with responsibilities and performance expectations. It would help to see concrete actions and follow-up.,True,detractor,negative
199,202300047,2023,5,Sometimes the work feels less meaningful when priorities are driven mainly by utilization. Management practices feel inconsistent and feedback is often too late to be useful.,True,detractor,negative
200,202300827,2023,8,Supportive leadership and clear feedback make it easy to do great work. Career paths are becoming clearer and internal mobility feels realistic.,True,passive,positive
201,202301164,2023,8,Compensation feels competitive for the market and responsibilities. Skapa remains attractive with interesting missions and a solid reputation.,True,passive,positive
202,202300373,2023,6,I worry about competitiveness and the pace of adapting to market changes. Team cohesion varies by project and it can feel isolating when switching assignments.,True,detractor,negative
203,202300341,2023,7,Pay progression feels slow compared with responsibilities and performance expectations. Bench periods and project allocation could be handled more consistently.,True,passive,negative
204,202301777,2023,7,Management practices feel inconsistent and feedback is often too late to be useful.,True,passive,negative
205,202300045,2023,9,"Tools and logistics support delivery well, and the hybrid setup works smoothly. I feel proud to be part of the company.",True,promoter,positive
206,202300251,2023,9,"Work conditions are good overall and hybrid work is handled pragmatically. Overall, I would recommend Skapa without hesitation.",True,promoter,positive
207,202300582,2023,7,,False,passive,
208,202300594,2023,6,I would like more regular coaching and clearer expectations from leadership.,True,detractor,negative
209,202301655,2023,7,,False,passive,
210,202301472,2023,5,The employer brand could be stronger to attract and retain top talent.,True,detractor,negative
211,202300697,2023,10,"Work conditions are good overall and hybrid work is handled pragmatically. Compensation feels competitive for the market and responsibilities. Overall, I would recommend Skapa without hesitation.",True,promoter,positive
212,202301363,2023,8,Client exposure and variety of missions are a real strength of consulting here.,True,passive,positive
213,202301844,2023,10,"Skapa remains attractive with interesting missions and a solid reputation. Overall, I would recommend Skapa without hesitation.",True,promoter,positive
214,202301649,2023,9,"I appreciate the trust and autonomy; the management style feels genuinely empowering. Overall, I would recommend Skapa without hesitation.",True,promoter,positive
215,202301054,2023,5,Decision-making can feel top-down and recognition for effort is not always there. The employer brand could be stronger to attract and retain top talent.,True,detractor,negative
216,202301258,2023,7,,False,passive,
217,202300443,2023,6,,False,detractor,
218,202300426,2023,7,Decision-making can feel top-down and recognition for effort is not always there.,True,passive,negative
219,202300508,2023,9,"Onboarding and integration were smooth, and the team culture is welcoming. Overall, I would recommend Skapa without hesitation.",True,promoter,positive
220,202300134,2023,6,Workload peaks can be intense and staffing feels tight on some projects. Team cohesion varies by project and it can feel isolating when switching assignments.,True,detractor,negative
221,202300909,2023,8,Supportive leadership and clear feedback make it easy to do great work. I can maintain a healthy balance most of the time and flexibility helps.,True,passive,positive
222,202300540,2023,7,,False,passive,
223,202301146,2023,7,Sometimes the work feels less meaningful when priorities are driven mainly by utilization.,True,passive,negative
224,202301323,2023,10,"I’m satisfied with my pay and the overall benefits package. Overall, I would recommend Skapa without hesitation.",True,promoter,positive
225,202300943,2023,9,"Onboarding and integration were smooth, and the team culture is welcoming. Overall, I would recommend Skapa without hesitation.",True,promoter,positive
226,202300074,2023,7,The employer brand could be stronger to attract and retain top talent.,True,passive,to be determined
227,202301167,2023,6,The employer brand could be stronger to attract and retain top talent.,True,detractor,negative
228,202300547,2023,8,"Tools and logistics support delivery well, and the hybrid setup works smoothly.",True,passive,positive
229,202300273,2023,9,,False,promoter,
230,202300615,2023,7,Compensation has not kept pace with inflation and market benchmarks. Training is available but time to actually use it is limited during peak delivery.,True,passive,negative
231,202300918,2023,8,"The company feels stable and well-positioned in the market, with strong client demand.",True,passive,positive
232,202301169,2023,10,"Skapa remains attractive with interesting missions and a solid reputation. Digital tools and processes are improving and make delivery more efficient. Overall, I would recommend Skapa without hesitation.",True,promoter,positive
233,202300272,2023,8,"Onboarding and integration were smooth, and the team culture is welcoming. Recognition and coaching are consistent, which helps me grow and perform.",True,passive,positive
234,202301367,2023,7,,False,passive,
235,202300396,2023,9,"Compensation feels competitive for the market and responsibilities. Overall, I would recommend Skapa without hesitation.",True,promoter,positive
236,202300278,2023,6,,False,detractor,
237,202300304,2023,6,I would like more structured development and transparency on growth opportunities. Compensation has not kept pace with inflation and market benchmarks.,True,detractor,negative
238,202301784,2023,7,,False,passive,
239,202300351,2023,8,Learning opportunities and projects help me build strong consulting skills.,True,passive,positive
240,202301573,2023,10,"Onboarding and integration were smooth, and the team culture is welcoming. I feel proud to be part of the company.",True,promoter,positive
241,202300927,2023,8,I can maintain a healthy balance most of the time and flexibility helps.,True,passive,positive
242,202301761,2023,8,I can maintain a healthy balance most of the time and flexibility helps.,True,passive,positive
243,202301569,2023,8,I can maintain a healthy balance most of the time and flexibility helps. I appreciate the trust and autonomy; the management style feels genuinely empowering.,True,passive,positive
244,202301500,2023,7,,False,passive,
245,202301266,2023,7,Compensation has not kept pace with inflation and market benchmarks.,True,passive,negative
246,202301849,2023,8,Supportive leadership and clear feedback make it easy to do great work. Digital tools and processes are improving and make delivery more efficient.,True,passive,positive
247,202301106,2023,8,,False,passive,
248,202301771,2023,9,"Onboarding and integration were smooth, and the team culture is welcoming. Work conditions are good overall and hybrid work is handled pragmatically. Overall, I would recommend Skapa without hesitation.",True,promoter,positive
249,202300464,2023,6,,False,detractor,
250,202300431,2023,9,"Onboarding and integration were smooth, and the team culture is welcoming. I feel proud to be part of the company.",True,promoter,positive
251,202301680,2023,7,,False,passive,
252,202300784,2023,8,Team spirit is strong and the atmosphere is friendly and supportive.,True,passive,positive
253,202301873,2023,9,Team spirit is strong and the atmosphere is friendly and supportive. Career paths are becoming clearer and internal mobility feels realistic. I feel proud to be part of the company.,True,promoter,positive
254,202300898,2023,8,I can maintain a healthy balance most of the time and flexibility helps.,True,passive,positive
255,202301336,2023,6,Recent uncertainty in priorities makes the long-term direction feel less clear.,True,detractor,negative
256,202301438,2023,5,Training is available but time to actually use it is limited during peak delivery. Recent uncertainty in priorities makes the long-term direction feel less clear.,True,detractor,negative
257,202301434,2023,7,Pay progression feels slow compared with responsibilities and performance expectations.,True,passive,negative
258,202300327,2023,10,"Learning opportunities and projects help me build strong consulting skills. Innovation and a forward-looking strategy make the business feel resilient. Overall, I would recommend Skapa without hesitation.",True,promoter,positive
259,202301517,2023,7,Pay progression feels slow compared with responsibilities and performance expectations.,True,passive,negative
260,202300410,2023,5,"Career progression can feel unclear, especially around the criteria for promotion. Sustained pressure can lead to fatigue and I’ve seen early signs of burnout risk.",True,detractor,negative
261,202301596,2023,10,,False,promoter,
262,202301435,2023,10,Compensation feels competitive for the market and responsibilities. I feel proud to be part of the company.,True,promoter,positive
263,202300968,2023,8,Compensation feels competitive for the market and responsibilities.,True,passive,positive
264,202301885,2023,10,"Onboarding and integration were smooth, and the team culture is welcoming. Overall, I would recommend Skapa without hesitation.",True,promoter,positive
265,202300866,2023,5,"Career progression can feel unclear, especially around the criteria for promotion.",True,detractor,negative
266,202301305,2023,8,"Recognition and coaching are consistent, which helps me grow and perform.",True,passive,positive
267,202300495,2023,5,Recent uncertainty in priorities makes the long-term direction feel less clear.,True,detractor,negative
268,202301555,2023,7,Pay progression feels slow compared with responsibilities and performance expectations. The employer brand could be stronger to attract and retain top talent.,True,passive,to be determined
269,202300141,2023,6,I worry about competitiveness and the pace of adapting to market changes. Bench periods and project allocation could be handled more consistently.,True,detractor,negative
270,202300401,2023,7,"Onboarding and integration were smooth, and the team culture is welcoming.",True,passive,positive
271,202300720,2023,6,Pay progression feels slow compared with responsibilities and performance expectations. Sustained pressure can lead to fatigue and I’ve seen early signs of burnout risk.,True,detractor,negative
272,202300889,2023,8,Skapa remains attractive with interesting missions and a solid reputation.,True,passive,positive
273,202300754,2023,10,Supportive leadership and clear feedback make it easy to do great work. I feel proud to be part of the company.,True,promoter,positive
274,202300876,2023,6,Team cohesion varies by project and it can feel isolating when switching assignments.,True,detractor,negative
275,202301174,2023,7,,False,passive,
276,202301091,2023,7,Compensation has not kept pace with inflation and market benchmarks.,True,passive,negative
277,202301867,2023,8,I can maintain a healthy balance most of the time and flexibility helps. I see real chances to progress based on merit and impact.,True,passive,positive
278,202301859,2023,9,"I’m satisfied with my pay and the overall benefits package. Overall, I would recommend Skapa without hesitation.",True,promoter,positive
279,202301130,2023,8,Compensation feels competitive for the market and responsibilities. The work feels meaningful because projects have clear impact for clients and society.,True,passive,positive
280,202300300,2023,7,,False,passive,
281,202301880,2023,8,Client exposure and variety of missions are a real strength of consulting here.,True,passive,positive
282,202301883,2023,10,"I can maintain a healthy balance most of the time and flexibility helps. Supportive leadership and clear feedback make it easy to do great work. Overall, I would recommend Skapa without hesitation.",True,promoter,positive
283,202300701,2023,6,Training is available but time to actually use it is limited during peak delivery.,True,detractor,negative
284,202300822,2023,7,"I would like more regular coaching and clearer expectations from leadership. I would like to see stronger action on inclusion and equity, not just messaging.",True,passive,to be determined
285,202300993,2023,10,"Onboarding and integration were smooth, and the team culture is welcoming. Overall, I would recommend Skapa without hesitation.",True,promoter,positive
286,202300052,2023,9,I can maintain a healthy balance most of the time and flexibility helps. Digital tools and processes are improving and make delivery more efficient. I feel proud to be part of the company.,True,promoter,positive
287,202300750,2023,6,,False,detractor,
288,202300911,2023,7,,False,passive,
289,202300860,2023,10,"I see real chances to progress based on merit and impact. Overall, I would recommend Skapa without hesitation.",True,promoter,positive
290,202300010,2023,9,"Skapa remains attractive with interesting missions and a solid reputation. Onboarding and integration were smooth, and the team culture is welcoming. I feel proud to be part of the company.",True,promoter,positive
291,202301898,2023,10,"I appreciate the trust and autonomy; the management style feels genuinely empowering. I can maintain a healthy balance most of the time and flexibility helps. Overall, I would recommend Skapa without hesitation.",True,promoter,positive
292,202300774,2023,9,"I feel aligned with the values, especially inclusion, sustainability and fairness. I feel proud to be part of the company.",True,promoter,positive
293,202301184,2023,10,I’m satisfied with my pay and the overall benefits package. Career paths are becoming clearer and internal mobility feels realistic. I feel proud to be part of the company.,True,promoter,positive
294,202300060,2023,7,Team spirit is strong and the atmosphere is friendly and supportive. Sometimes the work feels less meaningful when priorities are driven mainly by utilization.,True,passive,to be determined
295,202300307,2023,8,I can maintain a healthy balance most of the time and flexibility helps.,True,passive,positive
296,202301179,2023,7,"Onboarding and integration were smooth, and the team culture is welcoming. Work-life balance could improve; overtime can become the default during delivery.",True,passive,to be determined
297,202301545,2023,8,Digital tools and processes are improving and make delivery more efficient.,True,passive,positive
298,202300632,2023,8,"The company feels stable and well-positioned in the market, with strong client demand.",True,passive,positive
299,202301195,2023,7,Pay progression feels slow compared with responsibilities and performance expectations. I would like more structured development and transparency on growth opportunities.,True,passive,to be determined
300,202300167,2023,7,Sometimes the work feels less meaningful when priorities are driven mainly by utilization.,True,passive,negative
301,202300379,2023,10,Team spirit is strong and the atmosphere is friendly and supportive. I appreciate the trust and autonomy; the management style feels genuinely empowering. I feel proud to be part of the company.,True,promoter,positive
302,202301216,2023,9,"The company feels stable and well-positioned in the market, with strong client demand. I feel proud to be part of the company.",True,promoter,positive
303,202300149,2023,6,The employer brand could be stronger to attract and retain top talent.,True,detractor,negative
304,202301504,2023,7,Recent uncertainty in priorities makes the long-term direction feel less clear. I would like more regular coaching and clearer expectations from leadership.,True,passive,negative
305,202300190,2023,9,"Compensation feels competitive for the market and responsibilities. The company feels stable and well-positioned in the market, with strong client demand. Overall, I would recommend Skapa without hesitation.",True,promoter,positive
306,202300098,2023,8,"Recognition and coaching are consistent, which helps me grow and perform. I’m satisfied with my pay and the overall benefits package.",True,passive,positive
307,202301249,2023,8,"The company feels stable and well-positioned in the market, with strong client demand.",True,passive,positive
308,202300102,2023,7,Pay progression feels slow compared with responsibilities and performance expectations.,True,passive,negative
309,202301380,2023,7,,False,passive,
310,202301162,2023,7,Sometimes the work feels less meaningful when priorities are driven mainly by utilization.,True,passive,negative
311,202301209,2023,9,"Compensation feels competitive for the market and responsibilities. Overall, I would recommend Skapa without hesitation.",True,promoter,positive
312,202301443,2023,8,Work conditions are good overall and hybrid work is handled pragmatically.,True,passive,positive
313,202300919,2023,9,"The company feels stable and well-positioned in the market, with strong client demand. Team spirit is strong and the atmosphere is friendly and supportive. Overall, I would recommend Skapa without hesitation.",True,promoter,positive
314,202300759,2023,7,,False,passive,
315,202301270,2023,7,,False,passive,
316,202300201,2023,7,Workload peaks can be intense and staffing feels tight on some projects.,True,passive,negative
317,202300824,2023,9,I appreciate the trust and autonomy; the management style feels genuinely empowering. Team spirit is strong and the atmosphere is friendly and supportive. I feel proud to be part of the company.,True,promoter,positive
318,202301224,2023,8,Work conditions are good overall and hybrid work is handled pragmatically. Innovation and a forward-looking strategy make the business feel resilient.,True,passive,positive
319,202301740,2023,7,,False,passive,
320,202301377,2023,7,Team spirit is strong and the atmosphere is friendly and supportive.,True,passive,positive
321,202301689,2023,8,I see real chances to progress based on merit and impact.,True,passive,positive
322,202300274,2023,8,"Recognition and coaching are consistent, which helps me grow and perform.",True,passive,positive
323,202300014,2023,8,"Onboarding and integration were smooth, and the team culture is welcoming.",True,passive,positive
324,202301742,2023,7,I would like more regular coaching and clearer expectations from leadership.,True,passive,negative
325,202300502,2023,4,I would like more regular coaching and clearer expectations from leadership. It would help to see concrete actions and follow-up.,True,detractor,negative
326,202301393,2023,8,Work conditions are good overall and hybrid work is handled pragmatically.,True,passive,positive
327,202301276,2023,6,,False,detractor,
328,202300458,2023,7,I would like more visibility from leadership and less pressure driven by short-term targets. Compensation has not kept pace with inflation and market benchmarks.,True,passive,negative
329,202301735,2023,7,Decision-making can feel top-down and recognition for effort is not always there.,True,passive,negative
330,202301064,2023,6,Pay progression feels slow compared with responsibilities and performance expectations. The employer brand could be stronger to attract and retain top talent.,True,detractor,negative
331,202300506,2023,8,"Tools and logistics support delivery well, and the hybrid setup works smoothly. The company feels stable and well-positioned in the market, with strong client demand.",True,passive,positive
332,202300707,2023,10,I appreciate the increased transparency from leadership on decisions and direction. I feel proud to be part of the company.,True,promoter,positive
333,202300065,2023,10,"I’m satisfied with my pay and the overall benefits package. I see real chances to progress based on merit and impact. Overall, I would recommend Skapa without hesitation.",True,promoter,positive
334,202300066,2023,8,"Recognition and coaching are consistent, which helps me grow and perform.",True,passive,positive
335,202301127,2023,8,Career paths are becoming clearer and internal mobility feels realistic.,True,passive,to be determined
336,202300181,2023,8,Career paths are becoming clearer and internal mobility feels realistic.,True,passive,to be determined
337,202300432,2023,7,The employer brand could be stronger to attract and retain top talent. Work-life balance could improve; overtime can become the default during delivery.,True,passive,to be determined
338,202300289,2023,7,"Onboarding and integration were smooth, and the team culture is welcoming.",True,passive,positive
339,202300875,2023,9,I appreciate the trust and autonomy; the management style feels genuinely empowering. Compensation feels competitive for the market and responsibilities. I feel proud to be part of the company.,True,promoter,positive
340,202300466,2023,7,Workload peaks can be intense and staffing feels tight on some projects. The employer brand could be stronger to attract and retain top talent.,True,passive,to be determined
341,202300556,2023,10,"The company feels stable and well-positioned in the market, with strong client demand. Compensation feels competitive for the market and responsibilities. Overall, I would recommend Skapa without hesitation.",True,promoter,positive
342,202301756,2023,8,The work feels meaningful because projects have clear impact for clients and society. Career paths are becoming clearer and internal mobility feels realistic.,True,passive,positive
343,202300623,2023,5,"Career progression can feel unclear, especially around the criteria for promotion. Compensation has not kept pace with inflation and market benchmarks.",True,detractor,negative
344,202301451,2023,7,,False,passive,
345,202301450,2023,8,Compensation feels competitive for the market and responsibilities.,True,passive,positive
346,202301037,2023,5,Decision-making can feel top-down and recognition for effort is not always there. Work-life balance could improve; overtime can become the default during delivery.,True,detractor,negative
347,202301326,2023,10,"Career paths are becoming clearer and internal mobility feels realistic. Overall, I would recommend Skapa without hesitation.",True,promoter,positive
348,202301509,2023,7,,False,passive,
349,202301819,2023,5,I worry about competitiveness and the pace of adapting to market changes.,True,detractor,negative
350,202300738,2023,8,"I’m satisfied with my pay and the overall benefits package. Onboarding and integration were smooth, and the team culture is welcoming.",True,passive,positive
351,202300548,2023,10,Team spirit is strong and the atmosphere is friendly and supportive. I feel proud to be part of the company.,True,promoter,positive
352,202301072,2023,7,Sometimes the work feels less meaningful when priorities are driven mainly by utilization.,True,passive,negative
353,202301670,2023,7,I worry about competitiveness and the pace of adapting to market changes.,True,passive,negative
354,202300689,2023,8,,False,passive,
355,202301812,2023,7,Management practices feel inconsistent and feedback is often too late to be useful.,True,passive,negative
356,202301471,2023,8,"I appreciate the trust and autonomy; the management style feels genuinely empowering. The company feels stable and well-positioned in the market, with strong client demand.",True,passive,positive
357,202300731,2023,8,I’m satisfied with my pay and the overall benefits package. The work feels meaningful because projects have clear impact for clients and society.,True,passive,positive
358,202300812,2023,9,"I’m satisfied with my pay and the overall benefits package. I can maintain a healthy balance most of the time and flexibility helps. Overall, I would recommend Skapa without hesitation.",True,promoter,positive
359,202300589,2023,7,Bench periods and project allocation could be handled more consistently.,True,passive,negative
360,202300160,2023,7,,False,passive,
361,202300215,2023,8,Team spirit is strong and the atmosphere is friendly and supportive.,True,passive,positive
362,202300115,2023,8,"Tools and logistics support delivery well, and the hybrid setup works smoothly.",True,passive,positive
363,202301376,2023,8,I see real chances to progress based on merit and impact. Supportive leadership and clear feedback make it easy to do great work.,True,passive,positive
364,202301594,2023,8,Supportive leadership and clear feedback make it easy to do great work.,True,passive,positive
365,202301755,2023,8,,False,passive,
366,202300514,2023,9,"Compensation feels competitive for the market and responsibilities. Overall, I would recommend Skapa without hesitation.",True,promoter,positive
367,202301147,2023,10,I appreciate the trust and autonomy; the management style feels genuinely empowering. I feel proud to be part of the company.,True,promoter,positive
368,202301036,2023,10,"Innovation and a forward-looking strategy make the business feel resilient. Overall, I would recommend Skapa without hesitation.",True,promoter,positive
369,202301406,2023,9,Supportive leadership and clear feedback make it easy to do great work. Work conditions are good overall and hybrid work is handled pragmatically. I feel proud to be part of the company.,True,promoter,positive
370,202300362,2023,8,Career paths are becoming clearer and internal mobility feels realistic.,True,passive,to be determined
371,202300626,2023,9,I appreciate the trust and autonomy; the management style feels genuinely empowering. I feel proud to be part of the company.,True,promoter,positive
372,202301152,2023,10,"Team spirit is strong and the atmosphere is friendly and supportive. Compensation feels competitive for the market and responsibilities. Overall, I would recommend Skapa without hesitation.",True,promoter,positive
373,202300129,2023,7,Strategic priorities shift often and it can be hard to understand the direction.,True,passive,negative
374,202301562,2023,9,Client exposure and variety of missions are a real strength of consulting here. I feel proud to be part of the company.,True,promoter,positive
375,202301343,2023,9,"Onboarding and integration were smooth, and the team culture is welcoming. Overall, I would recommend Skapa without hesitation.",True,promoter,positive
376,202300947,2023,8,,False,passive,
377,202301875,2023,9,"Recognition and coaching are consistent, which helps me grow and perform. I feel proud to be part of the company.",True,promoter,positive
378,202301151,2023,6,Sometimes the work feels less meaningful when priorities are driven mainly by utilization. Recent uncertainty in priorities makes the long-term direction feel less clear.,True,detractor,negative
379,202300883,2023,8,I see real chances to progress based on merit and impact. The work feels meaningful because projects have clear impact for clients and society.,True,passive,positive
380,202300820,2023,8,"I can maintain a healthy balance most of the time and flexibility helps. Onboarding and integration were smooth, and the team culture is welcoming.",True,passive,positive
381,202301139,2023,10,I appreciate the trust and autonomy; the management style feels genuinely empowering. I feel proud to be part of the company.,True,promoter,positive
382,202301481,2023,9,Team spirit is strong and the atmosphere is friendly and supportive. I feel proud to be part of the company.,True,promoter,positive
383,202300573,2023,7,Recent uncertainty in priorities makes the long-term direction feel less clear.,True,passive,negative
384,202301389,2023,4,Team cohesion varies by project and it can feel isolating when switching assignments. It would help to see concrete actions and follow-up.,True,detractor,negative
385,202300564,2023,9,"I’m satisfied with my pay and the overall benefits package. I see real chances to progress based on merit and impact. Overall, I would recommend Skapa without hesitation.",True,promoter,positive
386,202300218,2023,8,Team spirit is strong and the atmosphere is friendly and supportive. Team spirit is strong and the atmosphere is friendly and supportive.,True,passive,positive
387,202300385,2023,8,"The company feels stable and well-positioned in the market, with strong client demand.",True,passive,positive
388,202300337,2023,8,Team spirit is strong and the atmosphere is friendly and supportive.,True,passive,positive
389,202300656,2023,8,"I can maintain a healthy balance most of the time and flexibility helps. Recognition and coaching are consistent, which helps me grow and perform.",True,passive,positive
390,202301303,2023,8,,False,passive,
391,202300018,2023,5,Management practices feel inconsistent and feedback is often too late to be useful.,True,detractor,negative
392,202301728,2023,6,Team cohesion varies by project and it can feel isolating when switching assignments.,True,detractor,negative
393,202301688,2023,8,I appreciate the trust and autonomy; the management style feels genuinely empowering.,True,passive,positive
394,202300749,2023,6,Training is available but time to actually use it is limited during peak delivery. Work-life balance could improve; overtime can become the default during delivery.,True,detractor,negative
395,202301040,2023,8,"Recognition and coaching are consistent, which helps me grow and perform.",True,passive,positive
396,202300226,2023,8,"Recognition and coaching are consistent, which helps me grow and perform. The work feels meaningful because projects have clear impact for clients and society.",True,passive,positive
397,202300208,2023,9,"Compensation feels competitive for the market and responsibilities. Overall, I would recommend Skapa without hesitation.",True,promoter,positive
398,202300039,2023,7,Compensation has not kept pace with inflation and market benchmarks.,True,passive,negative
399,202301657,2023,6,"Sometimes the work feels less meaningful when priorities are driven mainly by utilization. Career progression can feel unclear, especially around the criteria for promotion.",True,detractor,negative
400,202301757,2023,6,Management practices feel inconsistent and feedback is often too late to be useful.,True,detractor,negative
401,202301577,2023,9,There is a genuine commitment to responsible consulting and a respectful culture. I see real chances to progress based on merit and impact. I feel proud to be part of the company.,True,promoter,positive
402,202301724,2023,6,,False,detractor,
403,202301535,2023,9,"I see real chances to progress based on merit and impact. Recognition and coaching are consistent, which helps me grow and perform. I feel proud to be part of the company.",True,promoter,positive
404,202300951,2023,7,Pay progression feels slow compared with responsibilities and performance expectations. Recent uncertainty in priorities makes the long-term direction feel less clear.,True,passive,negative
405,202300130,2023,5,Internal collaboration can feel siloed and handoffs between teams are not always smooth. Compensation has not kept pace with inflation and market benchmarks.,True,detractor,negative
406,202301107,2023,8,"I can maintain a healthy balance most of the time and flexibility helps. Tools and logistics support delivery well, and the hybrid setup works smoothly.",True,passive,positive
407,202300310,2023,9,I see real chances to progress based on merit and impact. Digital tools and processes are improving and make delivery more efficient. I feel proud to be part of the company.,True,promoter,positive
408,202300415,2023,7,,False,passive,
409,202300733,2023,7,Sometimes the work feels less meaningful when priorities are driven mainly by utilization.,True,passive,negative
410,202300416,2023,9,"Career paths are becoming clearer and internal mobility feels realistic. Digital tools and processes are improving and make delivery more efficient. Overall, I would recommend Skapa without hesitation.",True,promoter,positive
411,202300842,2023,9,"Career paths are becoming clearer and internal mobility feels realistic. Overall, I would recommend Skapa without hesitation.",True,promoter,positive
412,202301846,2023,10,Learning opportunities and projects help me build strong consulting skills. I feel proud to be part of the company.,True,promoter,positive
413,202300196,2023,7,Sustained pressure can lead to fatigue and I’ve seen early signs of burnout risk.,True,passive,negative
414,202300972,2023,7,Management practices feel inconsistent and feedback is often too late to be useful.,True,passive,negative
415,202300249,2023,7,Recent uncertainty in priorities makes the long-term direction feel less clear.,True,passive,negative
416,202300314,2023,7,"Career progression can feel unclear, especially around the criteria for promotion.",True,passive,negative
417,202300570,2023,7,Compensation has not kept pace with inflation and market benchmarks. I would like more visibility from leadership and less pressure driven by short-term targets.,True,passive,negative
418,202301027,2023,10,I can maintain a healthy balance most of the time and flexibility helps. I feel proud to be part of the company.,True,promoter,positive
419,202300510,2023,8,"Onboarding and integration were smooth, and the team culture is welcoming. I’m satisfied with my pay and the overall benefits package.",True,passive,positive
420,202301552,2023,9,Client exposure and variety of missions are a real strength of consulting here. I’m satisfied with my pay and the overall benefits package. I feel proud to be part of the company.,True,promoter,positive
421,202300174,2023,7,,False,passive,
422,202300719,2023,6,Team cohesion varies by project and it can feel isolating when switching assignments. Sustained pressure can lead to fatigue and I’ve seen early signs of burnout risk.,True,detractor,negative
423,202300296,2023,10,"Supportive leadership and clear feedback make it easy to do great work. Learning opportunities and projects help me build strong consulting skills. Overall, I would recommend Skapa without hesitation.",True,promoter,positive
424,202301633,2023,8,,False,passive,
425,202301489,2023,7,Training is available but time to actually use it is limited during peak delivery.,True,passive,negative
426,202300823,2023,9,"Team spirit is strong and the atmosphere is friendly and supportive. The strategy is clearer and leadership communicates priorities more consistently. Overall, I would recommend Skapa without hesitation.",True,promoter,positive
427,202301331,2023,8,I see real chances to progress based on merit and impact.,True,passive,positive
428,202300151,2023,8,"The company feels stable and well-positioned in the market, with strong client demand.",True,passive,positive
429,202300526,2023,7,,False,passive,
430,202301364,2023,6,Pay progression feels slow compared with responsibilities and performance expectations. I would like more regular coaching and clearer expectations from leadership.,True,detractor,negative
431,202301546,2023,8,,False,passive,
432,202300953,2023,7,Compensation has not kept pace with inflation and market benchmarks. Bench periods and project allocation could be handled more consistently.,True,passive,negative
433,202300026,2023,9,Digital tools and processes are improving and make delivery more efficient. I feel proud to be part of the company.,True,promoter,positive
434,202300675,2023,7,Recent uncertainty in priorities makes the long-term direction feel less clear. Training is available but time to actually use it is limited during peak delivery.,True,passive,negative
435,202301632,2023,9,"Supportive leadership and clear feedback make it easy to do great work. Digital tools and processes are improving and make delivery more efficient. Overall, I would recommend Skapa without hesitation.",True,promoter,positive
436,202300686,2023,7,Compensation has not kept pace with inflation and market benchmarks. Sustained pressure can lead to fatigue and I’ve seen early signs of burnout risk.,True,passive,negative
437,202301891,2023,9,"Work conditions are good overall and hybrid work is handled pragmatically. Overall, I would recommend Skapa without hesitation.",True,promoter,positive
438,202300962,2023,8,Skapa remains attractive with interesting missions and a solid reputation.,True,passive,positive
439,202300193,2023,9,"Work conditions are good overall and hybrid work is handled pragmatically. Overall, I would recommend Skapa without hesitation.",True,promoter,positive
440,202301484,2023,8,Supportive leadership and clear feedback make it easy to do great work. I’m satisfied with my pay and the overall benefits package.,True,passive,positive
441,202300650,2023,7,I would like more visibility from leadership and less pressure driven by short-term targets. Sometimes the work feels less meaningful when priorities are driven mainly by utilization.,True,passive,negative
442,202301427,2023,7,Work-life balance could improve; overtime can become the default during delivery.,True,passive,negative
443,202301618,2023,9,"Supportive leadership and clear feedback make it easy to do great work. Overall, I would recommend Skapa without hesitation.",True,promoter,positive
444,202301897,2023,10,Career paths are becoming clearer and internal mobility feels realistic. Supportive leadership and clear feedback make it easy to do great work. I feel proud to be part of the company.,True,promoter,positive
445,202300543,2023,10,"Career paths are becoming clearer and internal mobility feels realistic. Overall, I would recommend Skapa without hesitation.",True,promoter,positive
446,202300771,2023,6,Internal collaboration can feel siloed and handoffs between teams are not always smooth.,True,detractor,negative
447,202301009,2023,7,Sometimes the work feels less meaningful when priorities are driven mainly by utilization.,True,passive,negative
448,202301838,2023,7,Decision-making can feel top-down and recognition for effort is not always there.,True,passive,negative
449,202300172,2023,8,,False,passive,
450,202300601,2023,8,"Client exposure and variety of missions are a real strength of consulting here. I feel aligned with the values, especially inclusion, sustainability and fairness.",True,passive,positive
451,202300343,2023,8,Team spirit is strong and the atmosphere is friendly and supportive. Supportive leadership and clear feedback make it easy to do great work.,True,passive,positive
452,202301015,2023,9,"The company feels stable and well-positioned in the market, with strong client demand. I feel proud to be part of the company.",True,promoter,positive
453,202300038,2023,6,I worry about competitiveness and the pace of adapting to market changes.,True,detractor,negative
454,202301706,2023,8,Cross-team collaboration is improving and it’s easier to work transversally.,True,passive,positive
455,202300455,2023,8,"Recognition and coaching are consistent, which helps me grow and perform.",True,passive,positive
456,202301397,2023,6,Management practices feel inconsistent and feedback is often too late to be useful. Training is available but time to actually use it is limited during peak delivery.,True,detractor,negative
457,202301860,2023,6,Recent uncertainty in priorities makes the long-term direction feel less clear.,True,detractor,negative
458,202301527,2023,8,The strategy is clearer and leadership communicates priorities more consistently. Learning opportunities and projects help me build strong consulting skills.,True,passive,positive
459,202301730,2023,8,Career paths are becoming clearer and internal mobility feels realistic.,True,passive,to be determined
460,202301344,2023,8,I appreciate the trust and autonomy; the management style feels genuinely empowering.,True,passive,positive
461,202301820,2023,7,,False,passive,
462,202300853,2023,5,"Decision-making can feel top-down and recognition for effort is not always there. Career progression can feel unclear, especially around the criteria for promotion.",True,detractor,negative
463,202301247,2023,8,I appreciate the trust and autonomy; the management style feels genuinely empowering. Skapa remains attractive with interesting missions and a solid reputation.,True,passive,positive
464,202301839,2023,7,,False,passive,
465,202300368,2023,8,Compensation feels competitive for the market and responsibilities.,True,passive,positive
466,202301207,2023,8,I see real chances to progress based on merit and impact.,True,passive,positive
467,202300302,2023,10,"I see real chances to progress based on merit and impact. I appreciate the increased transparency from leadership on decisions and direction. Overall, I would recommend Skapa without hesitation.",True,promoter,positive
468,202300933,2023,9,"Supportive leadership and clear feedback make it easy to do great work. Compensation feels competitive for the market and responsibilities. Overall, I would recommend Skapa without hesitation.",True,promoter,positive
469,202300748,2023,6,Management practices feel inconsistent and feedback is often too late to be useful. I worry about competitiveness and the pace of adapting to market changes.,True,detractor,negative
470,202301159,2023,6,I would like more structured development and transparency on growth opportunities. Decision-making can feel top-down and recognition for effort is not always there.,True,detractor,negative
471,202300085,2023,8,I’m satisfied with my pay and the overall benefits package. I can maintain a healthy balance most of the time and flexibility helps.,True,passive,positive
472,202300834,2023,10,,False,promoter,
473,202300259,2023,9,"Onboarding and integration were smooth, and the team culture is welcoming. I can maintain a healthy balance most of the time and flexibility helps. Overall, I would recommend Skapa without hesitation.",True,promoter,positive
474,202300542,2023,7,I would like more regular coaching and clearer expectations from leadership.,True,passive,negative
475,202301460,2023,7,,False,passive,
476,202300097,2023,4,Recent uncertainty in priorities makes the long-term direction feel less clear. Workload peaks can be intense and staffing feels tight on some projects. It would help to see concrete actions and follow-up.,True,detractor,negative
477,202300982,2023,7,Compensation has not kept pace with inflation and market benchmarks. Decision-making can feel top-down and recognition for effort is not always there.,True,passive,negative
478,202300967,2023,10,"Career paths are becoming clearer and internal mobility feels realistic. Overall, I would recommend Skapa without hesitation.",True,promoter,positive
479,202301211,2023,7,,False,passive,
480,202301503,2023,8,"Recognition and coaching are consistent, which helps me grow and perform. I can maintain a healthy balance most of the time and flexibility helps.",True,passive,positive
481,202300848,2023,7,Workload peaks can be intense and staffing feels tight on some projects. I would like more regular coaching and clearer expectations from leadership.,True,passive,negative
482,202300908,2023,10,"Innovation and a forward-looking strategy make the business feel resilient. Learning opportunities and projects help me build strong consulting skills. Overall, I would recommend Skapa without hesitation.",True,promoter,positive
483,202300276,2023,7,I would like more regular coaching and clearer expectations from leadership. Some tools and processes are slow and create friction in day-to-day delivery.,True,passive,negative
484,202301627,2023,8,I appreciate the trust and autonomy; the management style feels genuinely empowering.,True,passive,positive
485,202301065,2023,9,"Innovation and a forward-looking strategy make the business feel resilient. Team spirit is strong and the atmosphere is friendly and supportive. Overall, I would recommend Skapa without hesitation.",True,promoter,positive
486,202300162,2023,7,I would like more regular coaching and clearer expectations from leadership. Training is available but time to actually use it is limited during peak delivery.,True,passive,negative
487,202301228,2023,7,"Onboarding and integration were smooth, and the team culture is welcoming.",True,passive,positive
488,202300944,2023,6,Pay progression feels slow compared with responsibilities and performance expectations.,True,detractor,negative
489,202300375,2023,8,I see real chances to progress based on merit and impact.,True,passive,positive
490,202301662,2023,10,"There is a genuine commitment to responsible consulting and a respectful culture. Overall, I would recommend Skapa without hesitation.",True,promoter,positive
491,202300252,2023,8,,False,passive,
492,202300156,2023,8,Learning opportunities and projects help me build strong consulting skills.,True,passive,positive
493,202301225,2023,7,"Onboarding and integration were smooth, and the team culture is welcoming. Sometimes the work feels less meaningful when priorities are driven mainly by utilization.",True,passive,to be determined
494,202300409,2023,8,"Recognition and coaching are consistent, which helps me grow and perform.",True,passive,positive
495,202301725,2023,8,I appreciate the trust and autonomy; the management style feels genuinely empowering. Client exposure and variety of missions are a real strength of consulting here.,True,passive,positive
496,202300204,2023,7,Work-life balance could improve; overtime can become the default during delivery. Pay progression feels slow compared with responsibilities and performance expectations.,True,passive,negative
497,202301556,2023,7,Compensation has not kept pace with inflation and market benchmarks.,True,passive,negative
498,202300717,2023,7,Management practices feel inconsistent and feedback is often too late to be useful. Sustained pressure can lead to fatigue and I’ve seen early signs of burnout risk.,True,passive,negative
499,202301214,2023,10,Supportive leadership and clear feedback make it easy to do great work. I feel proud to be part of the company.,True,promoter,positive
500,202301395,2023,6,,False,detractor,
501,202301653,2023,7,,False,passive,
502,202300011,2023,7,Team spirit is strong and the atmosphere is friendly and supportive. Sustained pressure can lead to fatigue and I’ve seen early signs of burnout risk.,True,passive,to be determined
503,202300127,2023,8,,False,passive,
504,202300230,2023,10,Team spirit is strong and the atmosphere is friendly and supportive. I feel proud to be part of the company.,True,promoter,positive
505,202300428,2023,7,Work-life balance could improve; overtime can become the default during delivery.,True,passive,negative
506,202301264,2023,7,,False,passive,
507,202301052,2023,8,Skapa remains attractive with interesting missions and a solid reputation.,True,passive,positive
508,202300698,2023,10,,False,promoter,
509,202301518,2023,6,Compensation has not kept pace with inflation and market benchmarks.,True,detractor,negative
510,202301069,2023,8,I’m satisfied with my pay and the overall benefits package.,True,passive,positive
511,202300243,2023,9,"I’m satisfied with my pay and the overall benefits package. Overall, I would recommend Skapa without hesitation.",True,promoter,positive
512,202300896,2023,7,Bench periods and project allocation could be handled more consistently. Strategic priorities shift often and it can be hard to understand the direction.,True,passive,negative
513,202300485,2023,10,I appreciate the trust and autonomy; the management style feels genuinely empowering. I can maintain a healthy balance most of the time and flexibility helps. I feel proud to be part of the company.,True,promoter,positive
514,202301496,2023,6,Management practices feel inconsistent and feedback is often too late to be useful.,True,detractor,negative
515,202300305,2023,6,Team cohesion varies by project and it can feel isolating when switching assignments. Team cohesion varies by project and it can feel isolating when switching assignments.,True,detractor,negative
516,202300053,2023,8,"Recognition and coaching are consistent, which helps me grow and perform. Innovation and a forward-looking strategy make the business feel resilient.",True,passive,positive
517,202300770,2023,7,Pay progression feels slow compared with responsibilities and performance expectations. Training is available but time to actually use it is limited during peak delivery.,True,passive,negative
518,202301391,2023,8,Client exposure and variety of missions are a real strength of consulting here.,True,passive,positive
519,202300295,2023,8,Learning opportunities and projects help me build strong consulting skills. I’m satisfied with my pay and the overall benefits package.,True,passive,positive
520,202300916,2023,7,Decision-making can feel top-down and recognition for effort is not always there. Training is available but time to actually use it is limited during peak delivery.,True,passive,negative
521,202300112,2023,7,"I would like to see stronger action on inclusion and equity, not just messaging. Sustained pressure can lead to fatigue and I’ve seen early signs of burnout risk.",True,passive,negative
522,202301601,2023,7,Work-life balance could improve; overtime can become the default during delivery.,True,passive,negative
523,202300868,2023,7,The employer brand could be stronger to attract and retain top talent. Workload peaks can be intense and staffing feels tight on some projects.,True,passive,to be determined
524,202300764,2023,8,Compensation feels competitive for the market and responsibilities. Learning opportunities and projects help me build strong consulting skills.,True,passive,positive
525,202300612,2023,7,I worry about competitiveness and the pace of adapting to market changes.,True,passive,negative
526,202301293,2023,9,Learning opportunities and projects help me build strong consulting skills. Compensation feels competitive for the market and responsibilities. I feel proud to be part of the company.,True,promoter,positive
527,202301060,2023,7,I worry about competitiveness and the pace of adapting to market changes. Training is available but time to actually use it is limited during peak delivery.,True,passive,negative
528,202301110,2023,8,,False,passive,
529,202300956,2023,7,Sustained pressure can lead to fatigue and I’ve seen early signs of burnout risk. Sometimes the work feels less meaningful when priorities are driven mainly by utilization.,True,passive,negative
530,202300231,2023,10,"Supportive leadership and clear feedback make it easy to do great work. Overall, I would recommend Skapa without hesitation.",True,promoter,positive
531,202301118,2023,9,"The strategy is clearer and leadership communicates priorities more consistently. Overall, I would recommend Skapa without hesitation.",True,promoter,positive
532,202301433,2023,9,"I appreciate the trust and autonomy; the management style feels genuinely empowering. Overall, I would recommend Skapa without hesitation.",True,promoter,positive
533,202300579,2023,8,,False,passive,
534,202301109,2023,9,Compensation feels competitive for the market and responsibilities. I feel proud to be part of the company.,True,promoter,positive
535,202301436,2023,7,"Career progression can feel unclear, especially around the criteria for promotion.",True,passive,negative
536,202301180,2023,8,I appreciate the increased transparency from leadership on decisions and direction. Client exposure and variety of missions are a real strength of consulting here.,True,passive,positive
537,202301268,2023,10,"Onboarding and integration were smooth, and the team culture is welcoming. The work feels meaningful because projects have clear impact for clients and society. Overall, I would recommend Skapa without hesitation.",True,promoter,positive
538,202300077,2023,9,Compensation feels competitive for the market and responsibilities. Innovation and a forward-looking strategy make the business feel resilient. I feel proud to be part of the company.,True,promoter,positive
539,202300799,2023,7,I worry about competitiveness and the pace of adapting to market changes.,True,passive,negative
540,202301449,2023,7,Training is available but time to actually use it is limited during peak delivery. Work-life balance could improve; overtime can become the default during delivery.,True,passive,negative
541,202300622,2023,10,I appreciate the trust and autonomy; the management style feels genuinely empowering. I feel proud to be part of the company.,True,promoter,positive
542,202301166,2023,8,Digital tools and processes are improving and make delivery more efficient. Innovation and a forward-looking strategy make the business feel resilient.,True,passive,positive
543,202300442,2023,7,Bench periods and project allocation could be handled more consistently.,True,passive,negative
544,202300027,2023,9,"I appreciate the trust and autonomy; the management style feels genuinely empowering. Overall, I would recommend Skapa without hesitation.",True,promoter,positive
545,202300825,2023,9,"The work feels meaningful because projects have clear impact for clients and society. Overall, I would recommend Skapa without hesitation.",True,promoter,positive
546,202301010,2023,6,Workload peaks can be intense and staffing feels tight on some projects.,True,detractor,negative
547,202301610,2023,8,"I feel aligned with the values, especially inclusion, sustainability and fairness.",True,passive,positive
548,202300744,2023,7,Decision-making can feel top-down and recognition for effort is not always there.,True,passive,negative
549,202300315,2023,8,Career paths are becoming clearer and internal mobility feels realistic.,True,passive,to be determined
550,202301024,2023,7,,False,passive,
551,202300128,2023,9,"There is a genuine commitment to responsible consulting and a respectful culture. Tools and logistics support delivery well, and the hybrid setup works smoothly. I feel proud to be part of the company.",True,promoter,positive
552,202301523,2023,9,Supportive leadership and clear feedback make it easy to do great work. I feel proud to be part of the company.,True,promoter,positive
553,202300765,2023,9,Compensation feels competitive for the market and responsibilities. I can maintain a healthy balance most of the time and flexibility helps. I feel proud to be part of the company.,True,promoter,positive
554,202300984,2023,9,Compensation feels competitive for the market and responsibilities. I feel proud to be part of the company.,True,promoter,positive
555,202301651,2023,9,"I’m satisfied with my pay and the overall benefits package. Overall, I would recommend Skapa without hesitation.",True,promoter,positive
556,202300336,2023,7,,False,passive,
557,202301763,2023,9,"Tools and logistics support delivery well, and the hybrid setup works smoothly. Overall, I would recommend Skapa without hesitation.",True,promoter,positive
558,202301035,2023,9,,False,promoter,
559,202301694,2023,9,Compensation feels competitive for the market and responsibilities. I feel proud to be part of the company.,True,promoter,positive
560,202300321,2023,8,Team spirit is strong and the atmosphere is friendly and supportive.,True,passive,positive
561,202301590,2023,8,I appreciate the trust and autonomy; the management style feels genuinely empowering. There is a genuine commitment to responsible consulting and a respectful culture.,True,passive,positive
562,202300091,2023,7,,False,passive,
563,202301635,2023,6,Pay progression feels slow compared with responsibilities and performance expectations.,True,detractor,negative
564,202300185,2023,9,Work conditions are good overall and hybrid work is handled pragmatically. I feel proud to be part of the company.,True,promoter,positive
565,202301563,2023,8,,False,passive,
566,202300008,2023,7,,False,passive,
567,202301646,2023,5,Sustained pressure can lead to fatigue and I’ve seen early signs of burnout risk.,True,detractor,negative
568,202300755,2023,8,I’m satisfied with my pay and the overall benefits package. I see real chances to progress based on merit and impact.,True,passive,positive
569,202300524,2023,10,,False,promoter,
570,202300247,2023,9,"Cross-team collaboration is improving and it’s easier to work transversally. Onboarding and integration were smooth, and the team culture is welcoming. Overall, I would recommend Skapa without hesitation.",True,promoter,positive
571,202301624,2023,6,,False,detractor,
572,202301337,2023,6,Recent uncertainty in priorities makes the long-term direction feel less clear.,True,detractor,negative
573,202300334,2023,7,Team spirit is strong and the atmosphere is friendly and supportive.,True,passive,positive
574,202301441,2023,9,,False,promoter,
575,202301663,2023,10,Team spirit is strong and the atmosphere is friendly and supportive. Supportive leadership and clear feedback make it easy to do great work. I feel proud to be part of the company.,True,promoter,positive
576,202301477,2023,8,Innovation and a forward-looking strategy make the business feel resilient. Client exposure and variety of missions are a real strength of consulting here.,True,passive,positive
577,202300022,2023,7,Pay progression feels slow compared with responsibilities and performance expectations. Sustained pressure can lead to fatigue and I’ve seen early signs of burnout risk.,True,passive,negative
578,202300713,2023,6,Training is available but time to actually use it is limited during peak delivery.,True,detractor,negative
579,202300236,2023,10,"Career paths are becoming clearer and internal mobility feels realistic. I can maintain a healthy balance most of the time and flexibility helps. Overall, I would recommend Skapa without hesitation.",True,promoter,positive
580,202300225,2023,7,Pay progression feels slow compared with responsibilities and performance expectations.,True,passive,negative
581,202301302,2023,7,,False,passive,
582,202300847,2023,8,"The company feels stable and well-positioned in the market, with strong client demand. I’m satisfied with my pay and the overall benefits package.",True,passive,positive
583,202300665,2023,7,,False,passive,
584,202300342,2023,5,Team cohesion varies by project and it can feel isolating when switching assignments.,True,detractor,negative
585,202301528,2023,9,"Innovation and a forward-looking strategy make the business feel resilient. Onboarding and integration were smooth, and the team culture is welcoming. Overall, I would recommend Skapa without hesitation.",True,promoter,positive
586,202300979,2023,9,"Supportive leadership and clear feedback make it easy to do great work. The strategy is clearer and leadership communicates priorities more consistently. Overall, I would recommend Skapa without hesitation.",True,promoter,positive
587,202301827,2023,9,Compensation feels competitive for the market and responsibilities. I feel proud to be part of the company.,True,promoter,positive
588,202300734,2023,8,,False,passive,
589,202300136,2023,8,Work conditions are good overall and hybrid work is handled pragmatically.,True,passive,positive
590,202301654,2023,8,,False,passive,
591,202300846,2023,9,"Supportive leadership and clear feedback make it easy to do great work. Compensation feels competitive for the market and responsibilities. Overall, I would recommend Skapa without hesitation.",True,promoter,positive
592,202301108,2023,8,,False,passive,
593,202300576,2023,10,"Onboarding and integration were smooth, and the team culture is welcoming. I feel proud to be part of the company.",True,promoter,positive
594,202301137,2023,8,Team spirit is strong and the atmosphere is friendly and supportive.,True,passive,positive
595,202301283,2023,6,Compensation has not kept pace with inflation and market benchmarks.,True,detractor,negative
596,202300421,2023,10,"Tools and logistics support delivery well, and the hybrid setup works smoothly. Overall, I would recommend Skapa without hesitation.",True,promoter,positive
597,202301686,2023,6,Pay progression feels slow compared with responsibilities and performance expectations.,True,detractor,negative
598,202300232,2023,8,Team spirit is strong and the atmosphere is friendly and supportive.,True,passive,positive
599,202300527,2023,8,I appreciate the trust and autonomy; the management style feels genuinely empowering. I see real chances to progress based on merit and impact.,True,passive,positive
600,202301019,2023,7,Team spirit is strong and the atmosphere is friendly and supportive.,True,passive,positive
601,202300590,2023,9,"The company feels stable and well-positioned in the market, with strong client demand. Learning opportunities and projects help me build strong consulting skills. I feel proud to be part of the company.",True,promoter,positive
602,202301285,2023,8,I appreciate the increased transparency from leadership on decisions and direction.,True,passive,positive
603,202300829,2023,10,"Career paths are becoming clearer and internal mobility feels realistic. The company feels stable and well-positioned in the market, with strong client demand. Overall, I would recommend Skapa without hesitation.",True,promoter,positive
604,202300790,2023,6,I would like more structured development and transparency on growth opportunities.,True,detractor,negative
605,202301192,2023,9,Skapa remains attractive with interesting missions and a solid reputation. I feel proud to be part of the company.,True,promoter,positive
606,202300715,2023,10,"Client exposure and variety of missions are a real strength of consulting here. The work feels meaningful because projects have clear impact for clients and society. Overall, I would recommend Skapa without hesitation.",True,promoter,positive
607,202300194,2023,7,,False,passive,
608,202301708,2023,8,"Team spirit is strong and the atmosphere is friendly and supportive. I feel aligned with the values, especially inclusion, sustainability and fairness.",True,passive,positive
609,202300826,2023,8,Skapa remains attractive with interesting missions and a solid reputation. I appreciate the trust and autonomy; the management style feels genuinely empowering.,True,passive,positive
610,202300660,2023,4,Pay progression feels slow compared with responsibilities and performance expectations. Sustained pressure can lead to fatigue and I’ve seen early signs of burnout risk. It would help to see concrete actions and follow-up.,True,detractor,negative
611,202301236,2023,8,I see real chances to progress based on merit and impact.,True,passive,positive
612,202301421,2023,9,Client exposure and variety of missions are a real strength of consulting here. I can maintain a healthy balance most of the time and flexibility helps. I feel proud to be part of the company.,True,promoter,positive
613,202301408,2023,7,,False,passive,
614,202301016,2023,8,Career paths are becoming clearer and internal mobility feels realistic. Compensation feels competitive for the market and responsibilities.,True,passive,positive
615,202301564,2023,8,"The company feels stable and well-positioned in the market, with strong client demand. I appreciate the trust and autonomy; the management style feels genuinely empowering.",True,passive,positive
616,202300397,2023,6,Sometimes the work feels less meaningful when priorities are driven mainly by utilization.,True,detractor,negative
617,202300874,2023,8,,False,passive,
618,202300412,2023,9,"I appreciate the trust and autonomy; the management style feels genuinely empowering. Overall, I would recommend Skapa without hesitation.",True,promoter,positive
619,202300659,2023,7,I would like more regular coaching and clearer expectations from leadership. Training is available but time to actually use it is limited during peak delivery.,True,passive,negative
620,202301687,2023,10,Innovation and a forward-looking strategy make the business feel resilient. I’m satisfied with my pay and the overall benefits package. I feel proud to be part of the company.,True,promoter,positive
621,202301758,2023,5,Training is available but time to actually use it is limited during peak delivery. Compensation has not kept pace with inflation and market benchmarks.,True,detractor,negative
622,202301142,2023,7,,False,passive,
623,202300280,2023,8,,False,passive,
624,202301888,2023,8,"Recognition and coaching are consistent, which helps me grow and perform. Work conditions are good overall and hybrid work is handled pragmatically.",True,passive,positive
625,202301330,2023,6,,False,detractor,
626,202300496,2023,8,"Onboarding and integration were smooth, and the team culture is welcoming. I can maintain a healthy balance most of the time and flexibility helps.",True,passive,positive
627,202301319,2023,8,The work feels meaningful because projects have clear impact for clients and society.,True,passive,positive
628,202300942,2023,9,"I’m satisfied with my pay and the overall benefits package. I can maintain a healthy balance most of the time and flexibility helps. Overall, I would recommend Skapa without hesitation.",True,promoter,positive
629,202301007,2023,9,"I can maintain a healthy balance most of the time and flexibility helps. The company feels stable and well-positioned in the market, with strong client demand. Overall, I would recommend Skapa without hesitation.",True,promoter,positive
630,202300808,2023,8,"Recognition and coaching are consistent, which helps me grow and perform. Tools and logistics support delivery well, and the hybrid setup works smoothly.",True,passive,positive
631,202301628,2023,7,,False,passive,
632,202300147,2023,9,,False,promoter,
633,202301530,2023,8,,False,passive,
634,202301832,2023,8,"Tools and logistics support delivery well, and the hybrid setup works smoothly.",True,passive,positive
635,202301241,2023,9,"Skapa remains attractive with interesting missions and a solid reputation. Overall, I would recommend Skapa without hesitation.",True,promoter,positive
636,202301642,2023,5,Compensation has not kept pace with inflation and market benchmarks. The employer brand could be stronger to attract and retain top talent.,True,detractor,negative
637,202300459,2023,7,I would like more regular coaching and clearer expectations from leadership.,True,passive,negative
638,202301402,2023,9,"Team spirit is strong and the atmosphere is friendly and supportive. Overall, I would recommend Skapa without hesitation.",True,promoter,positive
639,202300449,2023,10,I can maintain a healthy balance most of the time and flexibility helps. I feel proud to be part of the company.,True,promoter,positive
640,202301881,2023,8,I see real chances to progress based on merit and impact.,True,passive,positive
641,202300164,2023,8,I’m satisfied with my pay and the overall benefits package.,True,passive,positive
642,202300370,2023,7,,False,passive,
643,202301031,2023,8,Work conditions are good overall and hybrid work is handled pragmatically.,True,passive,positive
644,202300538,2023,8,Work conditions are good overall and hybrid work is handled pragmatically.,True,passive,positive
645,202301498,2023,7,Decision-making can feel top-down and recognition for effort is not always there.,True,passive,negative
646,202300262,2023,7,I would like more visibility from leadership and less pressure driven by short-term targets.,True,passive,negative
647,202300520,2023,9,"Recognition and coaching are consistent, which helps me grow and perform. Overall, I would recommend Skapa without hesitation.",True,promoter,positive
648,202301760,2023,8,"I appreciate the trust and autonomy; the management style feels genuinely empowering. The company feels stable and well-positioned in the market, with strong client demand.",True,passive,positive
649,202300482,2023,9,"The company feels stable and well-positioned in the market, with strong client demand. I feel proud to be part of the company.",True,promoter,positive
650,202300137,2023,6,The employer brand could be stronger to attract and retain top talent.,True,detractor,negative
651,202300854,2023,8,Digital tools and processes are improving and make delivery more efficient. Supportive leadership and clear feedback make it easy to do great work.,True,passive,positive
652,202300042,2023,8,I appreciate the trust and autonomy; the management style feels genuinely empowering.,True,passive,positive
653,202300983,2023,8,Compensation feels competitive for the market and responsibilities.,True,passive,positive
654,202301206,2023,9,Client exposure and variety of missions are a real strength of consulting here. I feel proud to be part of the company.,True,promoter,positive
655,202300753,2023,6,I worry about competitiveness and the pace of adapting to market changes.,True,detractor,negative
656,202300020,2023,10,Career paths are becoming clearer and internal mobility feels realistic. I feel proud to be part of the company.,True,promoter,positive
657,202301836,2023,10,I can maintain a healthy balance most of the time and flexibility helps. I feel proud to be part of the company.,True,promoter,positive
658,202300440,2023,6,Pay progression feels slow compared with responsibilities and performance expectations.,True,detractor,negative
659,202300408,2023,8,,False,passive,
660,202301502,2023,7,I worry about competitiveness and the pace of adapting to market changes.,True,passive,negative
661,202301733,2023,7,Sustained pressure can lead to fatigue and I’ve seen early signs of burnout risk.,True,passive,negative
662,202301073,2023,9,Supportive leadership and clear feedback make it easy to do great work. Compensation feels competitive for the market and responsibilities. I feel proud to be part of the company.,True,promoter,positive
663,202300794,2023,9,"The company feels stable and well-positioned in the market, with strong client demand. Overall, I would recommend Skapa without hesitation.",True,promoter,positive
664,202300509,2023,10,I appreciate the trust and autonomy; the management style feels genuinely empowering. I feel proud to be part of the company.,True,promoter,positive
665,202301080,2023,9,"Cross-team collaboration is improving and it’s easier to work transversally. I appreciate the trust and autonomy; the management style feels genuinely empowering. Overall, I would recommend Skapa without hesitation.",True,promoter,positive
666,202301603,2023,9,"Team spirit is strong and the atmosphere is friendly and supportive. Overall, I would recommend Skapa without hesitation.",True,promoter,positive
667,202300255,2023,8,"Recognition and coaching are consistent, which helps me grow and perform.",True,passive,positive
668,202300699,2023,4,Training is available but time to actually use it is limited during peak delivery. Addressing this would make a big difference for engagement.,True,detractor,negative
669,202300855,2023,6,,False,detractor,
670,202301341,2023,7,,False,passive,
671,202300653,2023,9,"Onboarding and integration were smooth, and the team culture is welcoming. There is a genuine commitment to responsible consulting and a respectful culture. Overall, I would recommend Skapa without hesitation.",True,promoter,positive
672,202300116,2023,6,Management practices feel inconsistent and feedback is often too late to be useful.,True,detractor,negative
673,202300111,2023,8,I can maintain a healthy balance most of the time and flexibility helps.,True,passive,positive
674,202300610,2023,10,,False,promoter,
675,202301097,2023,9,"Recognition and coaching are consistent, which helps me grow and perform. The company feels stable and well-positioned in the market, with strong client demand. Overall, I would recommend Skapa without hesitation.",True,promoter,positive
676,202301280,2023,10,I appreciate the trust and autonomy; the management style feels genuinely empowering. Compensation feels competitive for the market and responsibilities. I feel proud to be part of the company.,True,promoter,positive
677,202300051,2023,7,,False,passive,
678,202300277,2023,7,Management practices feel inconsistent and feedback is often too late to be useful.,True,passive,negative
679,202300360,2023,6,Management practices feel inconsistent and feedback is often too late to be useful.,True,detractor,negative
680,202301843,2023,9,,False,promoter,
681,202301020,2023,9,,False,promoter,
682,202300644,2023,6,,False,detractor,
683,202300924,2023,8,,False,passive,
684,202300740,2023,7,,False,passive,
685,202300250,2023,8,I can maintain a healthy balance most of the time and flexibility helps.,True,passive,positive
686,202300831,2023,8,Innovation and a forward-looking strategy make the business feel resilient. I appreciate the trust and autonomy; the management style feels genuinely empowering.,True,passive,positive
687,202300070,2023,7,Team spirit is strong and the atmosphere is friendly and supportive. Work-life balance could improve; overtime can become the default during delivery.,True,passive,to be determined
688,202301584,2023,7,The employer brand could be stronger to attract and retain top talent. Workload peaks can be intense and staffing feels tight on some projects.,True,passive,to be determined
689,202300229,2023,7,Management practices feel inconsistent and feedback is often too late to be useful.,True,passive,negative
690,202301798,2023,9,"Compensation feels competitive for the market and responsibilities. Overall, I would recommend Skapa without hesitation.",True,promoter,positive
691,202300450,2023,7,Decision-making can feel top-down and recognition for effort is not always there. Recent uncertainty in priorities makes the long-term direction feel less clear.,True,passive,negative
692,202301218,2023,9,Team spirit is strong and the atmosphere is friendly and supportive. Compensation feels competitive for the market and responsibilities. I feel proud to be part of the company.,True,promoter,positive
693,202301318,2023,6,I would like more structured development and transparency on growth opportunities. Sometimes the work feels less meaningful when priorities are driven mainly by utilization.,True,detractor,negative
694,202301296,2023,7,Bench periods and project allocation could be handled more consistently.,True,passive,negative
695,202300999,2023,7,,False,passive,
696,202301114,2023,8,Supportive leadership and clear feedback make it easy to do great work.,True,passive,positive
697,202300602,2023,5,I would like more regular coaching and clearer expectations from leadership.,True,detractor,negative
698,202300486,2023,7,Sometimes the work feels less meaningful when priorities are driven mainly by utilization. Workload peaks can be intense and staffing feels tight on some projects.,True,passive,negative
699,202301116,2023,9,"I appreciate the trust and autonomy; the management style feels genuinely empowering. Client exposure and variety of missions are a real strength of consulting here. Overall, I would recommend Skapa without hesitation.",True,promoter,positive
700,202300667,2023,8,I can maintain a healthy balance most of the time and flexibility helps. Work conditions are good overall and hybrid work is handled pragmatically.,True,passive,positive
701,202301145,2023,7,,False,passive,
702,202301565,2023,7,I worry about competitiveness and the pace of adapting to market changes.,True,passive,negative
703,202300652,2023,8,Compensation feels competitive for the market and responsibilities. Supportive leadership and clear feedback make it easy to do great work.,True,passive,positive
704,202301856,2023,10,"Learning opportunities and projects help me build strong consulting skills. The strategy is clearer and leadership communicates priorities more consistently. Overall, I would recommend Skapa without hesitation.",True,promoter,positive
705,202301239,2023,8,Learning opportunities and projects help me build strong consulting skills.,True,passive,positive
706,202300873,2023,8,I can maintain a healthy balance most of the time and flexibility helps.,True,passive,positive
707,202300946,2023,8,I see real chances to progress based on merit and impact. Compensation feels competitive for the market and responsibilities.,True,passive,positive
708,202301476,2023,9,"Team spirit is strong and the atmosphere is friendly and supportive. Overall, I would recommend Skapa without hesitation.",True,promoter,positive
709,202301877,2023,6,Sometimes the work feels less meaningful when priorities are driven mainly by utilization.,True,detractor,negative
710,202301381,2023,7,Workload peaks can be intense and staffing feels tight on some projects. Some tools and processes are slow and create friction in day-to-day delivery.,True,passive,negative
711,202300673,2023,5,The employer brand could be stronger to attract and retain top talent.,True,detractor,negative
712,202300044,2023,6,Compensation has not kept pace with inflation and market benchmarks. Work-life balance could improve; overtime can become the default during delivery.,True,detractor,negative
713,202300530,2023,8,Digital tools and processes are improving and make delivery more efficient.,True,passive,positive
714,202301568,2023,10,"Recognition and coaching are consistent, which helps me grow and perform. The work feels meaningful because projects have clear impact for clients and society. Overall, I would recommend Skapa without hesitation.",True,promoter,positive
715,202301683,2023,8,"Recognition and coaching are consistent, which helps me grow and perform.",True,passive,positive
716,202300436,2023,8,I appreciate the trust and autonomy; the management style feels genuinely empowering.,True,passive,positive
717,202301794,2023,7,Sustained pressure can lead to fatigue and I’ve seen early signs of burnout risk. Sometimes the work feels less meaningful when priorities are driven mainly by utilization.,True,passive,negative
718,202301439,2023,8,Client exposure and variety of missions are a real strength of consulting here. I can maintain a healthy balance most of the time and flexibility helps.,True,passive,positive
719,202300865,2023,8,"The strategy is clearer and leadership communicates priorities more consistently. Onboarding and integration were smooth, and the team culture is welcoming.",True,passive,positive
720,202300703,2023,10,"I’m satisfied with my pay and the overall benefits package. Overall, I would recommend Skapa without hesitation.",True,promoter,positive
721,202300205,2023,7,The values are stated clearly but not always reflected in day-to-day decisions.,True,passive,negative
722,202301012,2023,7,"Decision-making can feel top-down and recognition for effort is not always there. Onboarding and integration were smooth, and the team culture is welcoming.",True,passive,negative
723,202300964,2023,9,Career paths are becoming clearer and internal mobility feels realistic. I feel proud to be part of the company.,True,promoter,positive
724,202300864,2023,8,Supportive leadership and clear feedback make it easy to do great work. I can maintain a healthy balance most of the time and flexibility helps.,True,passive,positive
725,202301017,2023,6,I worry about competitiveness and the pace of adapting to market changes. Management practices feel inconsistent and feedback is often too late to be useful.,True,detractor,negative
726,202300183,2023,9,"Tools and logistics support delivery well, and the hybrid setup works smoothly. I feel proud to be part of the company.",True,promoter,positive
727,202301788,2023,10,"Work conditions are good overall and hybrid work is handled pragmatically. Overall, I would recommend Skapa without hesitation.",True,promoter,positive
728,202301507,2023,7,I worry about competitiveness and the pace of adapting to market changes.,True,passive,negative
729,202301328,2023,6,Work-life balance could improve; overtime can become the default during delivery.,True,detractor,negative
730,202300559,2023,10,Learning opportunities and projects help me build strong consulting skills. I feel proud to be part of the company.,True,promoter,positive
731,202300219,2023,8,Compensation feels competitive for the market and responsibilities.,True,passive,positive
732,202301736,2023,8,Team spirit is strong and the atmosphere is friendly and supportive.,True,passive,positive
733,202300655,2023,7,"Onboarding and integration were smooth, and the team culture is welcoming. Compensation has not kept pace with inflation and market benchmarks.",True,passive,negative
734,202300642,2023,7,"I would like to see stronger action on inclusion and equity, not just messaging.",True,passive,to be determined
735,202300633,2023,8,Innovation and a forward-looking strategy make the business feel resilient.,True,passive,positive
736,202300405,2023,8,"Recognition and coaching are consistent, which helps me grow and perform.",True,passive,positive
737,202301828,2023,9,"Learning opportunities and projects help me build strong consulting skills. Recognition and coaching are consistent, which helps me grow and perform. Overall, I would recommend Skapa without hesitation.",True,promoter,positive
738,202300804,2023,9,"Learning opportunities and projects help me build strong consulting skills. Overall, I would recommend Skapa without hesitation.",True,promoter,positive
739,202301737,2023,8,"Tools and logistics support delivery well, and the hybrid setup works smoothly. Recognition and coaching are consistent, which helps me grow and perform.",True,passive,positive
740,202301150,2023,9,Skapa remains attractive with interesting missions and a solid reputation. Client exposure and variety of missions are a real strength of consulting here. I feel proud to be part of the company.,True,promoter,positive
741,202301250,2023,8,Team spirit is strong and the atmosphere is friendly and supportive.,True,passive,positive
742,202301722,2023,7,Recent uncertainty in priorities makes the long-term direction feel less clear. Pay progression feels slow compared with responsibilities and performance expectations.,True,passive,negative
743,202300624,2023,7,The employer brand could be stronger to attract and retain top talent.,True,passive,to be determined
744,202301066,2023,10,"I can maintain a healthy balance most of the time and flexibility helps. Overall, I would recommend Skapa without hesitation.",True,promoter,positive
745,202301229,2023,7,,False,passive,
746,202300356,2023,8,"The company feels stable and well-positioned in the market, with strong client demand. Cross-team collaboration is improving and it’s easier to work transversally.",True,passive,positive
747,202300549,2023,8,I can maintain a healthy balance most of the time and flexibility helps.,True,passive,positive
748,202301289,2023,8,I’m satisfied with my pay and the overall benefits package. Work conditions are good overall and hybrid work is handled pragmatically.,True,passive,positive
749,202301544,2023,7,Recent uncertainty in priorities makes the long-term direction feel less clear. Decision-making can feel top-down and recognition for effort is not always there.,True,passive,negative
750,202301082,2023,8,Career paths are becoming clearer and internal mobility feels realistic. Client exposure and variety of missions are a real strength of consulting here.,True,passive,positive
751,202300235,2023,10,"Supportive leadership and clear feedback make it easy to do great work. Overall, I would recommend Skapa without hesitation.",True,promoter,positive
752,202300609,2023,10,"Onboarding and integration were smooth, and the team culture is welcoming. I feel proud to be part of the company.",True,promoter,positive
753,202300726,2023,7,Sometimes the work feels less meaningful when priorities are driven mainly by utilization.,True,passive,negative
754,202300603,2023,9,Work conditions are good overall and hybrid work is handled pragmatically. Compensation feels competitive for the market and responsibilities. I feel proud to be part of the company.,True,promoter,positive
755,202301697,2023,8,,False,passive,
756,202300616,2023,9,"Supportive leadership and clear feedback make it easy to do great work. I can maintain a healthy balance most of the time and flexibility helps. Overall, I would recommend Skapa without hesitation.",True,promoter,positive
757,202301222,2023,6,Work-life balance could improve; overtime can become the default during delivery. I would like more regular coaching and clearer expectations from leadership.,True,detractor,negative
758,202300003,2023,9,"Onboarding and integration were smooth, and the team culture is welcoming. Overall, I would recommend Skapa without hesitation.",True,promoter,positive
759,202300025,2023,7,,False,passive,
760,202300498,2023,8,Skapa remains attractive with interesting missions and a solid reputation. I appreciate the trust and autonomy; the management style feels genuinely empowering.,True,passive,positive
761,202301698,2023,8,Cross-team collaboration is improving and it’s easier to work transversally.,True,passive,positive
762,202301825,2023,8,There is a genuine commitment to responsible consulting and a respectful culture. I’m satisfied with my pay and the overall benefits package.,True,passive,positive
763,202300566,2023,9,"Career paths are becoming clearer and internal mobility feels realistic. Overall, I would recommend Skapa without hesitation.",True,promoter,positive
764,202301454,2023,10,"Onboarding and integration were smooth, and the team culture is welcoming. I feel proud to be part of the company.",True,promoter,positive
765,202300708,2023,9,"The company feels stable and well-positioned in the market, with strong client demand. Career paths are becoming clearer and internal mobility feels realistic. Overall, I would recommend Skapa without hesitation.",True,promoter,positive
766,202301516,2023,8,Digital tools and processes are improving and make delivery more efficient.,True,passive,positive
767,202300692,2023,6,I would like more regular coaching and clearer expectations from leadership.,True,detractor,negative
768,202300239,2023,8,Work conditions are good overall and hybrid work is handled pragmatically. Client exposure and variety of missions are a real strength of consulting here.,True,passive,positive
769,202300688,2023,8,"Onboarding and integration were smooth, and the team culture is welcoming. Career paths are becoming clearer and internal mobility feels realistic.",True,passive,positive
770,202301254,2023,9,"I appreciate the trust and autonomy; the management style feels genuinely empowering. I see real chances to progress based on merit and impact. Overall, I would recommend Skapa without hesitation.",True,promoter,positive
771,202301693,2023,8,Career paths are becoming clearer and internal mobility feels realistic.,True,passive,to be determined
772,202301352,2023,7,Pay progression feels slow compared with responsibilities and performance expectations. Team spirit is strong and the atmosphere is friendly and supportive.,True,passive,to be determined
773,202301625,2023,10,"Supportive leadership and clear feedback make it easy to do great work. Compensation feels competitive for the market and responsibilities. Overall, I would recommend Skapa without hesitation.",True,promoter,positive
774,202301811,2023,8,Work conditions are good overall and hybrid work is handled pragmatically.,True,passive,positive
775,202301863,2023,6,The values are stated clearly but not always reflected in day-to-day decisions. Sustained pressure can lead to fatigue and I’ve seen early signs of burnout risk.,True,detractor,negative
776,202300256,2023,9,"Cross-team collaboration is improving and it’s easier to work transversally. Overall, I would recommend Skapa without hesitation.",True,promoter,positive
777,202300884,2023,7,,False,passive,
778,202301640,2023,8,Compensation feels competitive for the market and responsibilities. I can maintain a healthy balance most of the time and flexibility helps.,True,passive,positive
779,202300061,2023,8,The work feels meaningful because projects have clear impact for clients and society. I’m satisfied with my pay and the overall benefits package.,True,passive,positive
780,202301028,2023,8,"Learning opportunities and projects help me build strong consulting skills. I feel aligned with the values, especially inclusion, sustainability and fairness.",True,passive,positive
781,202300294,2023,7,Sustained pressure can lead to fatigue and I’ve seen early signs of burnout risk. Team spirit is strong and the atmosphere is friendly and supportive.,True,passive,to be determined
782,202300917,2023,9,"I’m satisfied with my pay and the overall benefits package. Digital tools and processes are improving and make delivery more efficient. Overall, I would recommend Skapa without hesitation.",True,promoter,positive
783,202301042,2023,7,The employer brand could be stronger to attract and retain top talent.,True,passive,to be determined
784,202301522,2023,7,Decision-making can feel top-down and recognition for effort is not always there.,True,passive,negative
785,202300108,2023,7,I would like more regular coaching and clearer expectations from leadership.,True,passive,negative
786,202301879,2023,8,I’m satisfied with my pay and the overall benefits package. I can maintain a healthy balance most of the time and flexibility helps.,True,passive,positive
787,202300978,2023,9,"I’m satisfied with my pay and the overall benefits package. Learning opportunities and projects help me build strong consulting skills. Overall, I would recommend Skapa without hesitation.",True,promoter,positive
788,202300328,2023,7,Training is available but time to actually use it is limited during peak delivery. Some tools and processes are slow and create friction in day-to-day delivery.,True,passive,negative
789,202301704,2023,6,Pay progression feels slow compared with responsibilities and performance expectations.,True,detractor,negative
790,202300997,2023,7,Sustained pressure can lead to fatigue and I’ve seen early signs of burnout risk.,True,passive,negative
791,202301731,2023,7,Decision-making can feel top-down and recognition for effort is not always there.,True,passive,negative
792,202301744,2023,7,,False,passive,
793,202301409,2023,8,I appreciate the trust and autonomy; the management style feels genuinely empowering.,True,passive,positive
794,202301715,2023,8,"Skapa remains attractive with interesting missions and a solid reputation. Tools and logistics support delivery well, and the hybrid setup works smoothly.",True,passive,positive
795,202300346,2023,8,,False,passive,
796,202300380,2023,9,,False,promoter,
797,202300398,2023,9,"Work conditions are good overall and hybrid work is handled pragmatically. Onboarding and integration were smooth, and the team culture is welcoming. Overall, I would recommend Skapa without hesitation.",True,promoter,positive
798,202300687,2023,9,I’m satisfied with my pay and the overall benefits package. I feel proud to be part of the company.,True,promoter,positive
799,202300649,2023,8,Supportive leadership and clear feedback make it easy to do great work. I’m satisfied with my pay and the overall benefits package.,True,passive,positive
800,202301558,2023,9,"Compensation feels competitive for the market and responsibilities. I see real chances to progress based on merit and impact. Overall, I would recommend Skapa without hesitation.",True,promoter,positive
801,202300348,2023,7,Pay progression feels slow compared with responsibilities and performance expectations. I would like more visibility from leadership and less pressure driven by short-term targets.,True,passive,negative
802,202300453,2023,6,Pay progression feels slow compared with responsibilities and performance expectations.,True,detractor,negative
803,202301578,2023,7,Internal collaboration can feel siloed and handoffs between teams are not always smooth. Some tools and processes are slow and create friction in day-to-day delivery.,True,passive,negative
804,202300050,2023,9,I appreciate the trust and autonomy; the management style feels genuinely empowering. I feel proud to be part of the company.,True,promoter,positive
805,202300661,2023,7,Work-life balance could improve; overtime can become the default during delivery. Sometimes the work feels less meaningful when priorities are driven mainly by utilization.,True,passive,to be determined
806,202301479,2023,8,I’m satisfied with my pay and the overall benefits package.,True,passive,positive
807,202301143,2023,7,,False,passive,
808,202301773,2023,6,Workload peaks can be intense and staffing feels tight on some projects. I would like more regular coaching and clearer expectations from leadership.,True,detractor,negative
809,202301235,2023,9,"I appreciate the trust and autonomy; the management style feels genuinely empowering. Overall, I would recommend Skapa without hesitation.",True,promoter,positive
810,202301830,2023,7,I worry about competitiveness and the pace of adapting to market changes.,True,passive,negative
811,202301446,2023,7,Bench periods and project allocation could be handled more consistently.,True,passive,negative
812,202301132,2023,8,Team spirit is strong and the atmosphere is friendly and supportive. Career paths are becoming clearer and internal mobility feels realistic.,True,passive,positive
813,202300035,2023,8,I can maintain a healthy balance most of the time and flexibility helps.,True,passive,positive
814,202300939,2023,7,Decision-making can feel top-down and recognition for effort is not always there.,True,passive,negative
815,202300349,2023,6,Work-life balance could improve; overtime can become the default during delivery. Sustained pressure can lead to fatigue and I’ve seen early signs of burnout risk.,True,detractor,negative
816,202300565,2023,8,"Learning opportunities and projects help me build strong consulting skills. Recognition and coaching are consistent, which helps me grow and perform.",True,passive,positive
817,202301776,2023,5,The employer brand could be stronger to attract and retain top talent.,True,detractor,negative
818,202300451,2023,6,Bench periods and project allocation could be handled more consistently. Sustained pressure can lead to fatigue and I’ve seen early signs of burnout risk.,True,detractor,negative
819,202301422,2023,7,"Onboarding and integration were smooth, and the team culture is welcoming. I would like more structured development and transparency on growth opportunities.",True,passive,to be determined
820,202301674,2023,9,Team spirit is strong and the atmosphere is friendly and supportive. I feel proud to be part of the company.,True,promoter,positive
821,202300007,2023,8,I can maintain a healthy balance most of the time and flexibility helps. Supportive leadership and clear feedback make it easy to do great work.,True,passive,positive
822,202300515,2023,9,"Tools and logistics support delivery well, and the hybrid setup works smoothly. Team spirit is strong and the atmosphere is friendly and supportive. Overall, I would recommend Skapa without hesitation.",True,promoter,positive
823,202301538,2023,8,I appreciate the trust and autonomy; the management style feels genuinely empowering.,True,passive,positive
824,202301013,2023,7,Pay progression feels slow compared with responsibilities and performance expectations.,True,passive,negative
825,202301356,2023,9,I’m satisfied with my pay and the overall benefits package. I feel proud to be part of the company.,True,promoter,positive
826,202301705,2023,7,,False,passive,
827,202300217,2023,9,"I see real chances to progress based on merit and impact. I’m satisfied with my pay and the overall benefits package. Overall, I would recommend Skapa without hesitation.",True,promoter,positive
828,202301766,2023,7,Bench periods and project allocation could be handled more consistently. The employer brand could be stronger to attract and retain top talent.,True,passive,to be determined
829,202300063,2023,8,Team spirit is strong and the atmosphere is friendly and supportive. Supportive leadership and clear feedback make it easy to do great work.,True,passive,positive
830,202301478,2023,8,Skapa remains attractive with interesting missions and a solid reputation. Compensation feels competitive for the market and responsibilities.,True,passive,positive
831,202301287,2023,8,"There is a genuine commitment to responsible consulting and a respectful culture. Recognition and coaching are consistent, which helps me grow and perform.",True,passive,positive
832,202300657,2023,10,Team spirit is strong and the atmosphere is friendly and supportive. Digital tools and processes are improving and make delivery more efficient. I feel proud to be part of the company.,True,promoter,positive
833,202300155,2023,7,Recent uncertainty in priorities makes the long-term direction feel less clear. Decision-making can feel top-down and recognition for effort is not always there.,True,passive,negative
834,202300914,2023,3,I would like more structured development and transparency on growth opportunities. Team cohesion varies by project and it can feel isolating when switching assignments. It would help to see concrete actions and follow-up.,True,detractor,negative
835,202300361,2023,7,Compensation has not kept pace with inflation and market benchmarks.,True,passive,negative
836,202301597,2023,7,Workload peaks can be intense and staffing feels tight on some projects. Management practices feel inconsistent and feedback is often too late to be useful.,True,passive,negative
837,202300670,2023,9,,False,promoter,
838,202301754,2023,7,"Career progression can feel unclear, especially around the criteria for promotion. The values are stated clearly but not always reflected in day-to-day decisions.",True,passive,negative
839,202301874,2023,9,,False,promoter,
840,202301245,2023,9,I’m satisfied with my pay and the overall benefits package. I feel proud to be part of the company.,True,promoter,positive
841,202300095,2023,8,,False,passive,
842,202300739,2023,8,I see real chances to progress based on merit and impact.,True,passive,positive
843,202300537,2023,10,"Client exposure and variety of missions are a real strength of consulting here. Overall, I would recommend Skapa without hesitation.",True,promoter,positive
844,202300145,2023,7,Decision-making can feel top-down and recognition for effort is not always there. I worry about competitiveness and the pace of adapting to market changes.,True,passive,negative
845,202300329,2023,9,I’m satisfied with my pay and the overall benefits package. Skapa remains attractive with interesting missions and a solid reputation. I feel proud to be part of the company.,True,promoter,positive
846,202301135,2023,10,"Recognition and coaching are consistent, which helps me grow and perform. I feel proud to be part of the company.",True,promoter,positive
847,202300679,2023,8,I’m satisfied with my pay and the overall benefits package. Innovation and a forward-looking strategy make the business feel resilient.,True,passive,positive
848,202300188,2023,8,"Onboarding and integration were smooth, and the team culture is welcoming. Innovation and a forward-looking strategy make the business feel resilient.",True,passive,positive
849,202301537,2023,8,,False,passive,
850,202301461,2023,9,Supportive leadership and clear feedback make it easy to do great work. Compensation feels competitive for the market and responsibilities. I feel proud to be part of the company.,True,promoter,positive
851,202301244,2023,9,"I feel aligned with the values, especially inclusion, sustainability and fairness. I feel proud to be part of the company.",True,promoter,positive
852,202300316,2023,8,Innovation and a forward-looking strategy make the business feel resilient.,True,passive,positive
853,202300331,2023,9,Compensation feels competitive for the market and responsibilities. I feel proud to be part of the company.,True,promoter,positive
854,202300497,2023,6,Recent uncertainty in priorities makes the long-term direction feel less clear.,True,detractor,negative
855,202301455,2023,7,Decision-making can feel top-down and recognition for effort is not always there.,True,passive,negative
856,202300311,2023,8,I can maintain a healthy balance most of the time and flexibility helps.,True,passive,positive
857,202301559,2023,8,,False,passive,
858,202300709,2023,9,Compensation feels competitive for the market and responsibilities. I feel proud to be part of the company.,True,promoter,positive
859,202301300,2023,9,"Compensation feels competitive for the market and responsibilities. Overall, I would recommend Skapa without hesitation.",True,promoter,positive
860,202301100,2023,8,,False,passive,
861,202301102,2023,7,Management practices feel inconsistent and feedback is often too late to be useful.,True,passive,negative
862,202300072,2023,7,"Onboarding and integration were smooth, and the team culture is welcoming. Sustained pressure can lead to fatigue and I’ve seen early signs of burnout risk.",True,passive,negative
863,202301540,2023,8,Innovation and a forward-looking strategy make the business feel resilient.,True,passive,positive
864,202300910,2023,9,"Skapa remains attractive with interesting missions and a solid reputation. I’m satisfied with my pay and the overall benefits package. Overall, I would recommend Skapa without hesitation.",True,promoter,positive
865,202301274,2023,8,The work feels meaningful because projects have clear impact for clients and society.,True,passive,positive
866,202301299,2023,8,Skapa remains attractive with interesting missions and a solid reputation. Career paths are becoming clearer and internal mobility feels realistic.,True,passive,positive
867,202301746,2023,10,"Compensation feels competitive for the market and responsibilities. Overall, I would recommend Skapa without hesitation.",True,promoter,positive
868,202300531,2023,8,I appreciate the trust and autonomy; the management style feels genuinely empowering.,True,passive,positive
869,202300775,2023,7,,False,passive,
870,202301085,2023,7,Management practices feel inconsistent and feedback is often too late to be useful. Bench periods and project allocation could be handled more consistently.,True,passive,negative
871,202300858,2023,8,I appreciate the trust and autonomy; the management style feels genuinely empowering. Compensation feels competitive for the market and responsibilities.,True,passive,positive
872,202300990,2023,7,Compensation has not kept pace with inflation and market benchmarks. The values are stated clearly but not always reflected in day-to-day decisions.,True,passive,negative
873,202301611,2023,8,Career paths are becoming clearer and internal mobility feels realistic. Compensation feels competitive for the market and responsibilities.,True,passive,positive
874,202300069,2023,7,Workload peaks can be intense and staffing feels tight on some projects. Training is available but time to actually use it is limited during peak delivery.,True,passive,negative
875,202300867,2023,9,I appreciate the trust and autonomy; the management style feels genuinely empowering. I feel proud to be part of the company.,True,promoter,positive
876,202300996,2023,10,"I see real chances to progress based on merit and impact. Overall, I would recommend Skapa without hesitation.",True,promoter,positive
877,202300363,2023,7,I would like more regular coaching and clearer expectations from leadership.,True,passive,negative
878,202300676,2023,7,I worry about competitiveness and the pace of adapting to market changes.,True,passive,negative
879,202300893,2023,10,"Supportive leadership and clear feedback make it easy to do great work. Skapa remains attractive with interesting missions and a solid reputation. Overall, I would recommend Skapa without hesitation.",True,promoter,positive
880,202301550,2023,6,,False,detractor,
881,202300099,2023,6,Pay progression feels slow compared with responsibilities and performance expectations.,True,detractor,negative
882,202300029,2023,6,Management practices feel inconsistent and feedback is often too late to be useful. Team cohesion varies by project and it can feel isolating when switching assignments.,True,detractor,negative
883,202301161,2023,7,Management practices feel inconsistent and feedback is often too late to be useful.,True,passive,negative
884,202301339,2023,8,,False,passive,
885,202301405,2023,7,Work-life balance could improve; overtime can become the default during delivery. Sustained pressure can lead to fatigue and I’ve seen early signs of burnout risk.,True,passive,negative
886,202301878,2023,8,,False,passive,
887,202301543,2023,8,Digital tools and processes are improving and make delivery more efficient.,True,passive,positive
888,202300338,2023,6,Pay progression feels slow compared with responsibilities and performance expectations.,True,detractor,negative
889,202301829,2023,7,,False,passive,
890,202301464,2023,10,"Skapa remains attractive with interesting missions and a solid reputation. Overall, I would recommend Skapa without hesitation.",True,promoter,positive
891,202301582,2023,10,Team spirit is strong and the atmosphere is friendly and supportive. Work conditions are good overall and hybrid work is handled pragmatically. I feel proud to be part of the company.,True,promoter,positive
892,202300143,2023,9,"I feel aligned with the values, especially inclusion, sustainability and fairness. Recognition and coaching are consistent, which helps me grow and perform. Overall, I would recommend Skapa without hesitation.",True,promoter,positive
893,202301695,2023,6,,False,detractor,
894,202300076,2023,8,Supportive leadership and clear feedback make it easy to do great work.,True,passive,positive
895,202300268,2023,9,,False,promoter,
896,202301324,2023,5,Compensation has not kept pace with inflation and market benchmarks.,True,detractor,negative
897,202301525,2023,10,Compensation feels competitive for the market and responsibilities. I appreciate the trust and autonomy; the management style feels genuinely empowering. I feel proud to be part of the company.,True,promoter,positive
898,202301111,2023,9,,False,promoter,
899,202300133,2023,10,I appreciate the increased transparency from leadership on decisions and direction. I feel proud to be part of the company.,True,promoter,positive
900,202300763,2023,10,"Onboarding and integration were smooth, and the team culture is welcoming. I see real chances to progress based on merit and impact. I feel proud to be part of the company.",True,promoter,positive
901,202300806,2023,8,"Tools and logistics support delivery well, and the hybrid setup works smoothly.",True,passive,positive
902,202301044,2023,6,Decision-making can feel top-down and recognition for effort is not always there.,True,detractor,negative
903,202301821,2023,9,"Recognition and coaching are consistent, which helps me grow and perform. Skapa remains attractive with interesting missions and a solid reputation. I feel proud to be part of the company.",True,promoter,positive
904,202301282,2023,8,Work conditions are good overall and hybrid work is handled pragmatically.,True,passive,positive
905,202301272,2023,8,There is a genuine commitment to responsible consulting and a respectful culture. I can maintain a healthy balance most of the time and flexibility helps.,True,passive,positive
906,202300814,2023,7,Decision-making can feel top-down and recognition for effort is not always there.,True,passive,negative
907,202301271,2023,7,,False,passive,
908,202300158,2023,7,Workload peaks can be intense and staffing feels tight on some projects.,True,passive,negative
909,202300921,2023,6,Pay progression feels slow compared with responsibilities and performance expectations. The employer brand could be stronger to attract and retain top talent.,True,detractor,negative
910,202301465,2023,7,"Career progression can feel unclear, especially around the criteria for promotion.",True,passive,negative
911,202301329,2023,8,,False,passive,
912,202300906,2023,6,Team cohesion varies by project and it can feel isolating when switching assignments.,True,detractor,negative
913,202301869,2023,7,"Onboarding and integration were smooth, and the team culture is welcoming. Sustained pressure can lead to fatigue and I’ve seen early signs of burnout risk.",True,passive,negative
914,202301591,2023,7,,False,passive,
915,202300857,2023,10,"Recognition and coaching are consistent, which helps me grow and perform. Overall, I would recommend Skapa without hesitation.",True,promoter,positive
916,202300578,2023,6,I worry about competitiveness and the pace of adapting to market changes.,True,detractor,negative
917,202301231,2023,8,Innovation and a forward-looking strategy make the business feel resilient. The work feels meaningful because projects have clear impact for clients and society.,True,passive,positive
918,202301726,2023,8,Innovation and a forward-looking strategy make the business feel resilient.,True,passive,positive
919,202301520,2023,7,Pay progression feels slow compared with responsibilities and performance expectations. Recent uncertainty in priorities makes the long-term direction feel less clear.,True,passive,negative
920,202300878,2023,9,Work conditions are good overall and hybrid work is handled pragmatically. I feel proud to be part of the company.,True,promoter,positive
921,202300592,2023,8,"Onboarding and integration were smooth, and the team culture is welcoming.",True,passive,positive
922,202300550,2023,6,I would like more structured development and transparency on growth opportunities.,True,detractor,negative
923,202301576,2023,9,I appreciate the increased transparency from leadership on decisions and direction. I feel proud to be part of the company.,True,promoter,positive
924,202300475,2023,7,I would like more regular coaching and clearer expectations from leadership.,True,passive,negative
925,202300462,2023,8,Team spirit is strong and the atmosphere is friendly and supportive.,True,passive,positive
926,202300664,2023,5,Internal collaboration can feel siloed and handoffs between teams are not always smooth. I would like more regular coaching and clearer expectations from leadership.,True,detractor,negative
927,202300795,2023,9,"Onboarding and integration were smooth, and the team culture is welcoming. Compensation feels competitive for the market and responsibilities. I feel proud to be part of the company.",True,promoter,positive
928,202300369,2023,10,"The company feels stable and well-positioned in the market, with strong client demand. Recognition and coaching are consistent, which helps me grow and perform. I feel proud to be part of the company.",True,promoter,positive
929,202300617,2023,8,Innovation and a forward-looking strategy make the business feel resilient.,True,passive,positive
930,202301237,2023,10,"Onboarding and integration were smooth, and the team culture is welcoming. Overall, I would recommend Skapa without hesitation.",True,promoter,positive
931,202301494,2023,7,,False,passive,
932,202301723,2023,10,Innovation and a forward-looking strategy make the business feel resilient. I feel proud to be part of the company.,True,promoter,positive
933,202301008,2023,8,,False,passive,
934,202300125,2023,6,,False,detractor,
935,202300284,2023,7,,False,passive,
936,202301716,2023,8,"I’m satisfied with my pay and the overall benefits package. Recognition and coaching are consistent, which helps me grow and perform.",True,passive,positive
937,202300221,2023,8,"Recognition and coaching are consistent, which helps me grow and perform.",True,passive,positive
938,202300630,2023,8,Digital tools and processes are improving and make delivery more efficient.,True,passive,positive
939,202301217,2023,10,I’m satisfied with my pay and the overall benefits package. I feel proud to be part of the company.,True,promoter,positive
940,202301797,2023,7,Internal collaboration can feel siloed and handoffs between teams are not always smooth.,True,passive,negative
941,202300260,2023,9,Team spirit is strong and the atmosphere is friendly and supportive. I feel proud to be part of the company.,True,promoter,positive
942,202301157,2023,10,"Onboarding and integration were smooth, and the team culture is welcoming. Overall, I would recommend Skapa without hesitation.",True,promoter,positive
943,202300691,2023,6,,False,detractor,
944,202301675,2023,7,I would like more regular coaching and clearer expectations from leadership.,True,passive,negative
945,202301124,2023,8,Supportive leadership and clear feedback make it easy to do great work.,True,passive,positive
946,202300658,2023,8,,False,passive,
947,202300798,2023,8,Team spirit is strong and the atmosphere is friendly and supportive. Compensation feels competitive for the market and responsibilities.,True,passive,positive
948,202301747,2023,7,"I would like to see stronger action on inclusion and equity, not just messaging. Team spirit is strong and the atmosphere is friendly and supportive.",True,passive,to be determined
949,202300604,2023,9,"Skapa remains attractive with interesting missions and a solid reputation. I’m satisfied with my pay and the overall benefits package. Overall, I would recommend Skapa without hesitation.",True,promoter,positive
950,202300580,2023,7,,False,passive,
951,202301480,2023,8,"Onboarding and integration were smooth, and the team culture is welcoming.",True,passive,positive
952,202301872,2023,7,Team spirit is strong and the atmosphere is friendly and supportive.,True,passive,positive
953,202300354,2023,7,,False,passive,
954,202300777,2023,8,I appreciate the increased transparency from leadership on decisions and direction. Compensation feels competitive for the market and responsibilities.,True,passive,positive
955,202300154,2023,9,"Compensation feels competitive for the market and responsibilities. Overall, I would recommend Skapa without hesitation.",True,promoter,positive
956,202300887,2023,6,I worry about competitiveness and the pace of adapting to market changes.,True,detractor,negative
957,202300043,2023,10,"Innovation and a forward-looking strategy make the business feel resilient. Overall, I would recommend Skapa without hesitation.",True,promoter,positive
958,202301360,2023,9,"Compensation feels competitive for the market and responsibilities. Skapa remains attractive with interesting missions and a solid reputation. Overall, I would recommend Skapa without hesitation.",True,promoter,positive
959,202301046,2023,8,"The company feels stable and well-positioned in the market, with strong client demand.",True,passive,positive
960,202301637,2023,9,I appreciate the increased transparency from leadership on decisions and direction. I feel proud to be part of the company.,True,promoter,positive
961,202301712,2023,7,Decision-making can feel top-down and recognition for effort is not always there. Compensation has not kept pace with inflation and market benchmarks.,True,passive,negative
962,202301853,2023,8,,False,passive,
963,202301365,2023,8,"Recognition and coaching are consistent, which helps me grow and perform.",True,passive,positive
964,202300019,2023,9,"I’m satisfied with my pay and the overall benefits package. Onboarding and integration were smooth, and the team culture is welcoming. Overall, I would recommend Skapa without hesitation.",True,promoter,positive
965,202301505,2023,7,I would like more structured development and transparency on growth opportunities.,True,passive,to be determined
966,202301865,2023,8,Career paths are becoming clearer and internal mobility feels realistic. I’m satisfied with my pay and the overall benefits package.,True,passive,positive
967,202301333,2023,7,Compensation has not kept pace with inflation and market benchmarks. I would like more regular coaching and clearer expectations from leadership.,True,passive,negative
968,202301561,2023,7,The employer brand could be stronger to attract and retain top talent. The values are stated clearly but not always reflected in day-to-day decisions.,True,passive,to be determined
969,202301252,2023,5,Sometimes the work feels less meaningful when priorities are driven mainly by utilization.,True,detractor,negative
970,202300473,2023,10,"Recognition and coaching are consistent, which helps me grow and perform. I feel proud to be part of the company.",True,promoter,positive
971,202301053,2023,9,I appreciate the trust and autonomy; the management style feels genuinely empowering. I’m satisfied with my pay and the overall benefits package. I feel proud to be part of the company.,True,promoter,positive
972,202300264,2023,7,,False,passive,
973,202301487,2023,8,Team spirit is strong and the atmosphere is friendly and supportive.,True,passive,positive
974,202300479,2023,10,Career paths are becoming clearer and internal mobility feels realistic. I feel proud to be part of the company.,True,promoter,positive
975,202301368,2023,7,,False,passive,
976,202301669,2023,10,"The company feels stable and well-positioned in the market, with strong client demand. I feel proud to be part of the company.",True,promoter,positive
977,202300674,2023,8,"The company feels stable and well-positioned in the market, with strong client demand.",True,passive,positive
978,202300339,2023,10,"The company feels stable and well-positioned in the market, with strong client demand. The work feels meaningful because projects have clear impact for clients and society. I feel proud to be part of the company.",True,promoter,positive
979,202301583,2023,7,Compensation has not kept pace with inflation and market benchmarks.,True,passive,negative
980,202300016,2023,8,Innovation and a forward-looking strategy make the business feel resilient.,True,passive,positive
981,202301732,2023,9,"I feel aligned with the values, especially inclusion, sustainability and fairness. I feel proud to be part of the company.",True,promoter,positive
982,202301448,2023,8,,False,passive,
983,202300227,2023,9,"I feel aligned with the values, especially inclusion, sustainability and fairness. I appreciate the trust and autonomy; the management style feels genuinely empowering. I feel proud to be part of the company.",True,promoter,positive
984,202300729,2023,8,"Innovation and a forward-looking strategy make the business feel resilient. Recognition and coaching are consistent, which helps me grow and perform.",True,passive,positive
985,202301673,2023,9,Career paths are becoming clearer and internal mobility feels realistic. I feel proud to be part of the company.,True,promoter,positive
986,202300882,2023,9,"Supportive leadership and clear feedback make it easy to do great work. Overall, I would recommend Skapa without hesitation.",True,promoter,positive
987,202300618,2023,8,I appreciate the trust and autonomy; the management style feels genuinely empowering. The work feels meaningful because projects have clear impact for clients and society.,True,passive,positive
988,202300081,2023,10,"Learning opportunities and projects help me build strong consulting skills. I appreciate the increased transparency from leadership on decisions and direction. Overall, I would recommend Skapa without hesitation.",True,promoter,positive
989,202301394,2023,7,I would like more structured development and transparency on growth opportunities. Compensation has not kept pace with inflation and market benchmarks.,True,passive,to be determined
990,202300551,2023,7,"Career progression can feel unclear, especially around the criteria for promotion. The employer brand could be stronger to attract and retain top talent.",True,passive,to be determined
991,202301536,2023,7,,False,passive,
992,202300073,2023,9,"Supportive leadership and clear feedback make it easy to do great work. Onboarding and integration were smooth, and the team culture is welcoming. I feel proud to be part of the company.",True,promoter,positive
993,202300159,2023,6,Sustained pressure can lead to fatigue and I’ve seen early signs of burnout risk.,True,detractor,negative
994,202300266,2023,6,Decision-making can feel top-down and recognition for effort is not always there. Workload peaks can be intense and staffing feels tight on some projects.,True,detractor,negative
995,202300517,2023,6,Decision-making can feel top-down and recognition for effort is not always there.,True,detractor,negative
996,202300275,2023,7,,False,passive,
997,202300751,2023,9,"I’m satisfied with my pay and the overall benefits package. Overall, I would recommend Skapa without hesitation.",True,promoter,positive
998,202301639,2023,6,"Internal collaboration can feel siloed and handoffs between teams are not always smooth. Career progression can feel unclear, especially around the criteria for promotion.",True,detractor,negative
999,202300382,2023,9,"Work conditions are good overall and hybrid work is handled pragmatically. Recognition and coaching are consistent, which helps me grow and perform. I feel proud to be part of the company.",True,promoter,positive
1000,202300605,2023,8,,False,passive,
1001,202300830,2023,9,"Skapa remains attractive with interesting missions and a solid reputation. Overall, I would recommend Skapa without hesitation.",True,promoter,positive
1002,202301340,2023,5,The employer brand could be stronger to attract and retain top talent. Team cohesion varies by project and it can feel isolating when switching assignments.,True,detractor,negative
1003,202301354,2023,8,,False,passive,
1004,202300922,2023,8,I see real chances to progress based on merit and impact. Supportive leadership and clear feedback make it easy to do great work.,True,passive,positive
1005,202301260,2023,10,I appreciate the trust and autonomy; the management style feels genuinely empowering. I feel proud to be part of the company.,True,promoter,positive
1006,202300402,2023,8,"Recognition and coaching are consistent, which helps me grow and perform. The work feels meaningful because projects have clear impact for clients and society.",True,passive,positive
1007,202301256,2023,6,,False,detractor,
1008,202300861,2023,9,"Work conditions are good overall and hybrid work is handled pragmatically. I appreciate the trust and autonomy; the management style feels genuinely empowering. Overall, I would recommend Skapa without hesitation.",True,promoter,positive
1009,202301626,2023,8,The work feels meaningful because projects have clear impact for clients and society. I see real chances to progress based on merit and impact.,True,passive,positive
1010,202300068,2023,6,Sometimes the work feels less meaningful when priorities are driven mainly by utilization. Recent uncertainty in priorities makes the long-term direction feel less clear.,True,detractor,negative
1011,202301679,2023,7,I would like more structured development and transparency on growth opportunities.,True,passive,to be determined
1012,202300041,2023,8,,False,passive,
1013,202301210,2023,6,Management practices feel inconsistent and feedback is often too late to be useful. Compensation has not kept pace with inflation and market benchmarks.,True,detractor,negative
1014,202301390,2023,8,,False,passive,
1015,202300859,2023,8,"Tools and logistics support delivery well, and the hybrid setup works smoothly. Recognition and coaching are consistent, which helps me grow and perform.",True,passive,positive
1016,202300779,2023,8,Skapa remains attractive with interesting missions and a solid reputation.,True,passive,positive
1017,202300021,2023,8,I’m satisfied with my pay and the overall benefits package.,True,passive,positive
1018,202300209,2023,9,"Team spirit is strong and the atmosphere is friendly and supportive. Overall, I would recommend Skapa without hesitation.",True,promoter,positive
1019,202301842,2023,9,I appreciate the increased transparency from leadership on decisions and direction. I feel proud to be part of the company.,True,promoter,positive
1020,202300862,2023,8,Skapa remains attractive with interesting missions and a solid reputation.,True,passive,positive
1021,202300358,2023,9,"Recognition and coaching are consistent, which helps me grow and perform. Skapa remains attractive with interesting missions and a solid reputation. I feel proud to be part of the company.",True,promoter,positive
1022,202301805,2023,7,Internal collaboration can feel siloed and handoffs between teams are not always smooth.,True,passive,negative
1023,202300386,2023,9,,False,promoter,
1024,202301098,2023,8,,False,passive,
1025,202300493,2023,6,Decision-making can feel top-down and recognition for effort is not always there.,True,detractor,negative
1026,202300762,2023,8,"Supportive leadership and clear feedback make it easy to do great work. Tools and logistics support delivery well, and the hybrid setup works smoothly.",True,passive,positive
1027,202300849,2023,9,"Tools and logistics support delivery well, and the hybrid setup works smoothly. Overall, I would recommend Skapa without hesitation.",True,promoter,positive
1028,202300465,2023,6,Pay progression feels slow compared with responsibilities and performance expectations.,True,detractor,negative
1029,202300079,2023,8,Compensation feels competitive for the market and responsibilities.,True,passive,positive
1030,202301349,2023,7,Management practices feel inconsistent and feedback is often too late to be useful. The employer brand could be stronger to attract and retain top talent.,True,passive,to be determined
1031,202300948,2023,7,I would like more regular coaching and clearer expectations from leadership.,True,passive,negative
1032,202301529,2023,10,Digital tools and processes are improving and make delivery more efficient. I feel proud to be part of the company.,True,promoter,positive
1033,202301599,2023,7,,False,passive,
1034,202300562,2023,9,"I appreciate the trust and autonomy; the management style feels genuinely empowering. Work conditions are good overall and hybrid work is handled pragmatically. Overall, I would recommend Skapa without hesitation.",True,promoter,positive
1035,202300152,2023,9,Learning opportunities and projects help me build strong consulting skills. I feel proud to be part of the company.,True,promoter,positive
1036,202301837,2023,6,"The employer brand could be stronger to attract and retain top talent. Career progression can feel unclear, especially around the criteria for promotion.",True,detractor,negative
1037,202301785,2023,10,"Supportive leadership and clear feedback make it easy to do great work. The company feels stable and well-positioned in the market, with strong client demand. Overall, I would recommend Skapa without hesitation.",True,promoter,positive
1038,202300619,2023,7,I would like more structured development and transparency on growth opportunities.,True,passive,to be determined
1039,202300981,2023,8,Compensation feels competitive for the market and responsibilities. Cross-team collaboration is improving and it’s easier to work transversally.,True,passive,positive
1040,202301709,2023,9,"I see real chances to progress based on merit and impact. Overall, I would recommend Skapa without hesitation.",True,promoter,positive
1041,202300563,2023,7,,False,passive,
1042,202300222,2023,8,,False,passive,
1043,202301018,2023,9,"Recognition and coaching are consistent, which helps me grow and perform. I can maintain a healthy balance most of the time and flexibility helps. I feel proud to be part of the company.",True,promoter,positive
1044,202300087,2023,7,"I would like to see stronger action on inclusion and equity, not just messaging.",True,passive,to be determined
1045,202301677,2023,8,Innovation and a forward-looking strategy make the business feel resilient.,True,passive,positive
1046,202300666,2023,7,Sustained pressure can lead to fatigue and I’ve seen early signs of burnout risk. Management practices feel inconsistent and feedback is often too late to be useful.,True,passive,negative
1047,202300281,2023,6,The values are stated clearly but not always reflected in day-to-day decisions. Decision-making can feel top-down and recognition for effort is not always there.,True,detractor,negative
1048,202300377,2023,7,Sustained pressure can lead to fatigue and I’ve seen early signs of burnout risk. Management practices feel inconsistent and feedback is often too late to be useful.,True,passive,negative
1049,202301614,2023,7,"Career progression can feel unclear, especially around the criteria for promotion.",True,passive,negative
1050,202300067,2023,7,,False,passive,
1051,202300293,2023,6,Management practices feel inconsistent and feedback is often too late to be useful.,True,detractor,negative
1052,202301359,2023,8,Innovation and a forward-looking strategy make the business feel resilient.,True,passive,positive
1053,202300306,2023,8,,False,passive,
1054,202301022,2023,9,,False,promoter,
1055,202300522,2023,6,Sustained pressure can lead to fatigue and I’ve seen early signs of burnout risk.,True,detractor,negative
1056,202300367,2023,8,"Onboarding and integration were smooth, and the team culture is welcoming.",True,passive,positive
1057,202300113,2023,8,,False,passive,
1058,202300648,2023,9,,False,promoter,
1059,202300705,2023,6,"I worry about competitiveness and the pace of adapting to market changes. I would like to see stronger action on inclusion and equity, not just messaging.",True,detractor,negative
1060,202300742,2023,8,Compensation feels competitive for the market and responsibilities.,True,passive,positive
1061,202301492,2023,8,"The company feels stable and well-positioned in the market, with strong client demand.",True,passive,positive
1062,202301593,2023,7,,False,passive,
1063,202300706,2023,8,,False,passive,
1064,202301026,2023,9,"Compensation feels competitive for the market and responsibilities. Overall, I would recommend Skapa without hesitation.",True,promoter,positive
1065,202300059,2023,9,There is a genuine commitment to responsible consulting and a respectful culture. I feel proud to be part of the company.,True,promoter,positive
1066,202300955,2023,9,"Onboarding and integration were smooth, and the team culture is welcoming. Overall, I would recommend Skapa without hesitation.",True,promoter,positive
1067,202301703,2023,8,Innovation and a forward-looking strategy make the business feel resilient.,True,passive,positive
1068,202300146,2023,8,I’m satisfied with my pay and the overall benefits package.,True,passive,positive
1069,202300792,2023,7,I would like more structured development and transparency on growth opportunities. Bench periods and project allocation could be handled more consistently.,True,passive,to be determined
1070,202301148,2023,8,"Skapa remains attractive with interesting missions and a solid reputation. Recognition and coaching are consistent, which helps me grow and perform.",True,passive,positive
1071,202300745,2023,9,I’m satisfied with my pay and the overall benefits package. I appreciate the trust and autonomy; the management style feels genuinely empowering. I feel proud to be part of the company.,True,promoter,positive
1072,202301212,2023,8,I can maintain a healthy balance most of the time and flexibility helps. Career paths are becoming clearer and internal mobility feels realistic.,True,passive,positive
1073,202300545,2023,8,Career paths are becoming clearer and internal mobility feels realistic.,True,passive,to be determined
1074,202301572,2023,10,"Team spirit is strong and the atmosphere is friendly and supportive. Supportive leadership and clear feedback make it easy to do great work. Overall, I would recommend Skapa without hesitation.",True,promoter,positive
1075,202300261,2023,7,I would like more visibility from leadership and less pressure driven by short-term targets. I would like more regular coaching and clearer expectations from leadership.,True,passive,negative
1076,202300934,2023,7,The values are stated clearly but not always reflected in day-to-day decisions. Workload peaks can be intense and staffing feels tight on some projects.,True,passive,negative
1077,202301868,2023,8,"Tools and logistics support delivery well, and the hybrid setup works smoothly.",True,passive,positive
1078,202301711,2023,7,Bench periods and project allocation could be handled more consistently. Workload peaks can be intense and staffing feels tight on some projects.,True,passive,negative
1079,202301682,2023,9,"I see real chances to progress based on merit and impact. The company feels stable and well-positioned in the market, with strong client demand. I feel proud to be part of the company.",True,promoter,positive
1080,202300001,2023,10,I appreciate the trust and autonomy; the management style feels genuinely empowering. I feel proud to be part of the company.,True,promoter,positive
1081,202301531,2023,9,"Client exposure and variety of missions are a real strength of consulting here. Recognition and coaching are consistent, which helps me grow and perform. Overall, I would recommend Skapa without hesitation.",True,promoter,positive
1082,202300163,2023,9,"Team spirit is strong and the atmosphere is friendly and supportive. Skapa remains attractive with interesting missions and a solid reputation. Overall, I would recommend Skapa without hesitation.",True,promoter,positive
1083,202301855,2023,8,Work conditions are good overall and hybrid work is handled pragmatically. Skapa remains attractive with interesting missions and a solid reputation.,True,passive,positive
1084,202301778,2023,8,I see real chances to progress based on merit and impact.,True,passive,positive
1085,202301656,2023,7,Management practices feel inconsistent and feedback is often too late to be useful.,True,passive,negative
1086,202301186,2023,8,,False,passive,
1087,202300184,2023,7,Pay progression feels slow compared with responsibilities and performance expectations.,True,passive,negative
1088,202300586,2023,6,I would like more visibility from leadership and less pressure driven by short-term targets. Compensation has not kept pace with inflation and market benchmarks.,True,detractor,negative
1089,202301739,2023,7,Recent uncertainty in priorities makes the long-term direction feel less clear.,True,passive,negative
1090,202301524,2023,7,Team spirit is strong and the atmosphere is friendly and supportive. Compensation has not kept pace with inflation and market benchmarks.,True,passive,to be determined
1091,202300245,2023,8,"Recognition and coaching are consistent, which helps me grow and perform. The strategy is clearer and leadership communicates priorities more consistently.",True,passive,positive
1092,202301414,2023,7,Team spirit is strong and the atmosphere is friendly and supportive.,True,passive,positive
1093,202301447,2023,7,I would like more regular coaching and clearer expectations from leadership.,True,passive,negative
1094,202300809,2023,8,Work conditions are good overall and hybrid work is handled pragmatically. Supportive leadership and clear feedback make it easy to do great work.,True,passive,positive
1095,202301155,2023,6,I would like more regular coaching and clearer expectations from leadership.,True,detractor,negative
1096,202300988,2023,7,Pay progression feels slow compared with responsibilities and performance expectations. Training is available but time to actually use it is limited during peak delivery.,True,passive,negative
1097,202300427,2023,7,Team spirit is strong and the atmosphere is friendly and supportive.,True,passive,positive
1098,202300168,2023,6,Management practices feel inconsistent and feedback is often too late to be useful.,True,detractor,negative
1099,202300211,2023,6,Management practices feel inconsistent and feedback is often too late to be useful. Recent uncertainty in priorities makes the long-term direction feel less clear.,True,detractor,negative
1100,202301379,2023,9,"Compensation feels competitive for the market and responsibilities. Overall, I would recommend Skapa without hesitation.",True,promoter,positive
1101,202301793,2023,8,"I feel aligned with the values, especially inclusion, sustainability and fairness. I see real chances to progress based on merit and impact.",True,passive,positive
1102,202300991,2023,8,,False,passive,
1103,202300931,2023,8,,False,passive,
1104,202300869,2023,7,Decision-making can feel top-down and recognition for effort is not always there.,True,passive,negative
1105,202300552,2023,6,,False,detractor,
1106,202301099,2023,8,Compensation feels competitive for the market and responsibilities.,True,passive,positive
1107,202300400,2023,9,"The company feels stable and well-positioned in the market, with strong client demand. The strategy is clearer and leadership communicates priorities more consistently. I feel proud to be part of the company.",True,promoter,positive
1108,202300469,2023,10,"Onboarding and integration were smooth, and the team culture is welcoming. Overall, I would recommend Skapa without hesitation.",True,promoter,positive
1109,202301588,2023,7,Decision-making can feel top-down and recognition for effort is not always there.,True,passive,negative
1110,202301049,2023,9,"Innovation and a forward-looking strategy make the business feel resilient. Compensation feels competitive for the market and responsibilities. Overall, I would recommend Skapa without hesitation.",True,promoter,positive
1111,202300821,2023,10,,False,promoter,
1112,202300406,2023,10,"I appreciate the trust and autonomy; the management style feels genuinely empowering. Overall, I would recommend Skapa without hesitation.",True,promoter,positive
1113,202301048,2023,8,,False,passive,
1114,202300263,2023,10,"Onboarding and integration were smooth, and the team culture is welcoming. I feel proud to be part of the company.",True,promoter,positive
1115,202301251,2023,8,Team spirit is strong and the atmosphere is friendly and supportive.,True,passive,positive
1116,202300110,2023,9,"I can maintain a healthy balance most of the time and flexibility helps. Tools and logistics support delivery well, and the hybrid setup works smoothly. I feel proud to be part of the company.",True,promoter,positive
1117,202301056,2023,7,Recent uncertainty in priorities makes the long-term direction feel less clear. I would like more regular coaching and clearer expectations from leadership.,True,passive,negative
1118,202301230,2023,7,Compensation has not kept pace with inflation and market benchmarks.,True,passive,negative
1119,202300628,2023,7,,False,passive,
1120,202300364,2023,6,Sustained pressure can lead to fatigue and I’ve seen early signs of burnout risk.,True,detractor,negative
1121,202301622,2023,10,"Recognition and coaching are consistent, which helps me grow and perform. Overall, I would recommend Skapa without hesitation.",True,promoter,positive
1122,202300417,2023,6,Management practices feel inconsistent and feedback is often too late to be useful. Compensation has not kept pace with inflation and market benchmarks.,True,detractor,negative
1123,202301223,2023,8,Supportive leadership and clear feedback make it easy to do great work.,True,passive,positive
1124,202300810,2023,6,"Career progression can feel unclear, especially around the criteria for promotion.",True,detractor,negative
1125,202301232,2023,9,"I appreciate the trust and autonomy; the management style feels genuinely empowering. Compensation feels competitive for the market and responsibilities. Overall, I would recommend Skapa without hesitation.",True,promoter,positive
1126,202300614,2023,7,I would like more regular coaching and clearer expectations from leadership.,True,passive,negative
1127,202300950,2023,7,Sustained pressure can lead to fatigue and I’ve seen early signs of burnout risk.,True,passive,negative
1128,202300757,2023,8,"Tools and logistics support delivery well, and the hybrid setup works smoothly.",True,passive,positive
1129,202301700,2023,5,Decision-making can feel top-down and recognition for effort is not always there. Workload peaks can be intense and staffing feels tight on some projects.,True,detractor,negative
1130,202301181,2023,8,I’m satisfied with my pay and the overall benefits package.,True,passive,positive
1131,202300046,2023,10,,False,promoter,
1132,202300040,2023,10,Supportive leadership and clear feedback make it easy to do great work. I feel proud to be part of the company.,True,promoter,positive
1133,202301462,2023,7,Pay progression feels slow compared with responsibilities and performance expectations.,True,passive,negative
1134,202300937,2023,8,"Tools and logistics support delivery well, and the hybrid setup works smoothly.",True,passive,positive
1135,202301650,2023,10,,False,promoter,
1136,202301607,2023,5,Recent uncertainty in priorities makes the long-term direction feel less clear. Workload peaks can be intense and staffing feels tight on some projects.,True,detractor,negative
1137,202301140,2023,10,Learning opportunities and projects help me build strong consulting skills. I feel proud to be part of the company.,True,promoter,positive
1138,202301133,2023,9,The work feels meaningful because projects have clear impact for clients and society. Learning opportunities and projects help me build strong consulting skills. I feel proud to be part of the company.,True,promoter,positive
1139,202300207,2023,7,Team spirit is strong and the atmosphere is friendly and supportive. Compensation has not kept pace with inflation and market benchmarks.,True,passive,to be determined
1140,202301803,2023,10,Career paths are becoming clearer and internal mobility feels realistic. I feel proud to be part of the company.,True,promoter,positive
1141,202301501,2023,8,Digital tools and processes are improving and make delivery more efficient.,True,passive,positive
1142,202300681,2023,6,Recent uncertainty in priorities makes the long-term direction feel less clear.,True,detractor,negative
1143,202300446,2023,8,,False,passive,
1144,202300572,2023,6,,False,detractor,
1145,202301486,2023,9,"I appreciate the trust and autonomy; the management style feels genuinely empowering. Innovation and a forward-looking strategy make the business feel resilient. Overall, I would recommend Skapa without hesitation.",True,promoter,positive
1146,202301833,2023,9,"I appreciate the trust and autonomy; the management style feels genuinely empowering. Overall, I would recommend Skapa without hesitation.",True,promoter,positive
1147,202300120,2023,7,Decision-making can feel top-down and recognition for effort is not always there.,True,passive,negative
1148,202301585,2023,8,Skapa remains attractive with interesting missions and a solid reputation. I appreciate the trust and autonomy; the management style feels genuinely empowering.,True,passive,positive
1149,202300034,2023,7,I worry about competitiveness and the pace of adapting to market changes.,True,passive,negative
1150,202300879,2023,8,Innovation and a forward-looking strategy make the business feel resilient.,True,passive,positive
1151,202300899,2023,7,Management practices feel inconsistent and feedback is often too late to be useful.,True,passive,negative
1152,202300434,2023,8,"The company feels stable and well-positioned in the market, with strong client demand. Client exposure and variety of missions are a real strength of consulting here.",True,passive,positive
1153,202301802,2023,8,Team spirit is strong and the atmosphere is friendly and supportive. I see real chances to progress based on merit and impact.,True,passive,positive
1154,202301090,2023,10,,False,promoter,
1155,202301889,2023,6,Strategic priorities shift often and it can be hard to understand the direction.,True,detractor,negative
1156,202301745,2023,7,I would like more structured development and transparency on growth opportunities.,True,passive,to be determined
1157,202301835,2023,9,I see real chances to progress based on merit and impact. I feel proud to be part of the company.,True,promoter,positive
1158,202301113,2023,8,The work feels meaningful because projects have clear impact for clients and society.,True,passive,positive
1159,202301087,2023,8,I’m satisfied with my pay and the overall benefits package.,True,passive,positive
1160,202300220,2023,9,Team spirit is strong and the atmosphere is friendly and supportive. I feel proud to be part of the company.,True,promoter,positive
1161,202301351,2023,7,Sustained pressure can lead to fatigue and I’ve seen early signs of burnout risk. Decision-making can feel top-down and recognition for effort is not always there.,True,passive,negative
1162,202301634,2023,8,Career paths are becoming clearer and internal mobility feels realistic. Client exposure and variety of missions are a real strength of consulting here.,True,passive,positive
1163,202300647,2023,9,"Skapa remains attractive with interesting missions and a solid reputation. Overall, I would recommend Skapa without hesitation.",True,promoter,positive
1164,202300905,2023,7,Sometimes the work feels less meaningful when priorities are driven mainly by utilization. The employer brand could be stronger to attract and retain top talent.,True,passive,to be determined
1165,202301782,2023,8,Supportive leadership and clear feedback make it easy to do great work. Learning opportunities and projects help me build strong consulting skills.,True,passive,positive
1166,202301714,2023,4,"Career progression can feel unclear, especially around the criteria for promotion. Management practices feel inconsistent and feedback is often too late to be useful. Addressing this would make a big difference for engagement.",True,detractor,negative
1167,202300288,2023,8,,False,passive,
1168,202300727,2023,10,,False,promoter,
1169,202301059,2023,9,Innovation and a forward-looking strategy make the business feel resilient. I feel proud to be part of the company.,True,promoter,positive
1170,202301002,2023,6,I would like more regular coaching and clearer expectations from leadership.,True,detractor,negative
1171,202301273,2023,7,Training is available but time to actually use it is limited during peak delivery.,True,passive,negative
1172,202300958,2023,8,Work conditions are good overall and hybrid work is handled pragmatically.,True,passive,positive
1173,202300179,2023,8,"Recognition and coaching are consistent, which helps me grow and perform.",True,passive,positive
1174,202300627,2023,8,I appreciate the trust and autonomy; the management style feels genuinely empowering. I can maintain a healthy balance most of the time and flexibility helps.,True,passive,positive
1175,202300721,2023,8,I see real chances to progress based on merit and impact.,True,passive,positive
1176,202300767,2023,8,Skapa remains attractive with interesting missions and a solid reputation.,True,passive,positive
1177,202300845,2023,9,"Innovation and a forward-looking strategy make the business feel resilient. Overall, I would recommend Skapa without hesitation.",True,promoter,positive
1178,202301202,2023,9,"I can maintain a healthy balance most of the time and flexibility helps. Overall, I would recommend Skapa without hesitation.",True,promoter,positive
1179,202300813,2023,8,I can maintain a healthy balance most of the time and flexibility helps.,True,passive,positive
1180,202300781,2023,9,Skapa remains attractive with interesting missions and a solid reputation. Supportive leadership and clear feedback make it easy to do great work. I feel proud to be part of the company.,True,promoter,positive
1181,202301659,2023,5,I would like more structured development and transparency on growth opportunities. Pay progression feels slow compared with responsibilities and performance expectations.,True,detractor,negative
1182,202300778,2023,8,Client exposure and variety of missions are a real strength of consulting here.,True,passive,positive
1183,202301519,2023,7,The values are stated clearly but not always reflected in day-to-day decisions. The employer brand could be stronger to attract and retain top talent.,True,passive,to be determined
1184,202300505,2023,10,"The company feels stable and well-positioned in the market, with strong client demand. Overall, I would recommend Skapa without hesitation.",True,promoter,positive
1185,202300994,2023,8,Innovation and a forward-looking strategy make the business feel resilient.,True,passive,positive
1186,202300620,2023,7,Management practices feel inconsistent and feedback is often too late to be useful. Strategic priorities shift often and it can be hard to understand the direction.,True,passive,negative
1187,202301178,2023,8,"Onboarding and integration were smooth, and the team culture is welcoming.",True,passive,positive
1188,202300089,2023,10,"Cross-team collaboration is improving and it’s easier to work transversally. Overall, I would recommend Skapa without hesitation.",True,promoter,positive
1189,202300286,2023,10,Innovation and a forward-looking strategy make the business feel resilient. I feel proud to be part of the company.,True,promoter,positive
1190,202301154,2023,7,I would like more regular coaching and clearer expectations from leadership. Sustained pressure can lead to fatigue and I’ve seen early signs of burnout risk.,True,passive,negative
1191,202300037,2023,10,I’m satisfied with my pay and the overall benefits package. I feel proud to be part of the company.,True,promoter,positive
1192,202300165,2023,10,Career paths are becoming clearer and internal mobility feels realistic. I feel proud to be part of the company.,True,promoter,positive
1193,202300746,2023,8,I can maintain a healthy balance most of the time and flexibility helps.,True,passive,positive
1194,202301096,2023,7,The employer brand could be stronger to attract and retain top talent.,True,passive,to be determined
1195,202300643,2023,7,I would like more structured development and transparency on growth opportunities. Decision-making can feel top-down and recognition for effort is not always there.,True,passive,to be determined
1196,202300467,2023,10,"Tools and logistics support delivery well, and the hybrid setup works smoothly. I feel proud to be part of the company.",True,promoter,positive
1197,202300760,2023,8,Team spirit is strong and the atmosphere is friendly and supportive.,True,passive,positive
1198,202300998,2023,6,Pay progression feels slow compared with responsibilities and performance expectations.,True,detractor,negative
1199,202300213,2023,9,"Recognition and coaching are consistent, which helps me grow and perform. Overall, I would recommend Skapa without hesitation.",True,promoter,positive
1200,202301466,2023,7,Decision-making can feel top-down and recognition for effort is not always there.,True,passive,negative
1201,202301850,2023,7,Pay progression feels slow compared with responsibilities and performance expectations. Training is available but time to actually use it is limited during peak delivery.,True,passive,negative
1202,202300965,2023,9,"Team spirit is strong and the atmosphere is friendly and supportive. Innovation and a forward-looking strategy make the business feel resilient. Overall, I would recommend Skapa without hesitation.",True,promoter,positive
1203,202300392,2023,7,I worry about competitiveness and the pace of adapting to market changes. Team spirit is strong and the atmosphere is friendly and supportive.,True,passive,to be determined
1204,202301144,2023,7,Strategic priorities shift often and it can be hard to understand the direction. Workload peaks can be intense and staffing feels tight on some projects.,True,passive,negative
1205,202300088,2023,8,Innovation and a forward-looking strategy make the business feel resilient. Supportive leadership and clear feedback make it easy to do great work.,True,passive,positive
1206,202301187,2023,10,Cross-team collaboration is improving and it’s easier to work transversally. I see real chances to progress based on merit and impact. I feel proud to be part of the company.,True,promoter,positive
1207,202301295,2023,6,,False,detractor,
1208,202301770,2023,9,"I’m satisfied with my pay and the overall benefits package. Overall, I would recommend Skapa without hesitation.",True,promoter,positive
1209,202300114,2023,7,Pay progression feels slow compared with responsibilities and performance expectations. I would like more structured development and transparency on growth opportunities.,True,passive,to be determined
1210,202300714,2023,7,I would like more regular coaching and clearer expectations from leadership. The values are stated clearly but not always reflected in day-to-day decisions.,True,passive,negative
1211,202301286,2023,9,I appreciate the trust and autonomy; the management style feels genuinely empowering. I feel proud to be part of the company.,True,promoter,positive
1212,202300533,2023,7,,False,passive,
1213,202300976,2023,7,Bench periods and project allocation could be handled more consistently. Decision-making can feel top-down and recognition for effort is not always there.,True,passive,negative
1214,202300476,2023,7,Sometimes the work feels less meaningful when priorities are driven mainly by utilization.,True,passive,negative
1215,202301738,2023,9,"Cross-team collaboration is improving and it’s easier to work transversally. Overall, I would recommend Skapa without hesitation.",True,promoter,positive
1216,202300818,2023,10,I can maintain a healthy balance most of the time and flexibility helps. I feel proud to be part of the company.,True,promoter,positive
1217,202300737,2023,8,Compensation feels competitive for the market and responsibilities.,True,passive,positive
1218,202300242,2023,9,,False,promoter,
1219,202300135,2023,7,The values are stated clearly but not always reflected in day-to-day decisions.,True,passive,negative
1220,202301748,2023,7,,False,passive,
1221,202301083,2023,6,I would like more regular coaching and clearer expectations from leadership.,True,detractor,negative
1222,202300528,2023,9,"Onboarding and integration were smooth, and the team culture is welcoming. I can maintain a healthy balance most of the time and flexibility helps. Overall, I would recommend Skapa without hesitation.",True,promoter,positive
1223,202300901,2023,6,Sometimes the work feels less meaningful when priorities are driven mainly by utilization. Compensation has not kept pace with inflation and market benchmarks.,True,detractor,negative
1224,202301227,2023,9,"Onboarding and integration were smooth, and the team culture is welcoming. Overall, I would recommend Skapa without hesitation.",True,promoter,positive
1225,202301474,2023,10,"I can maintain a healthy balance most of the time and flexibility helps. Overall, I would recommend Skapa without hesitation.",True,promoter,positive
1226,202300403,2023,6,,False,detractor,
1227,202301887,2023,9,I’m satisfied with my pay and the overall benefits package. I feel proud to be part of the company.,True,promoter,positive
1228,202300430,2023,9,,False,promoter,
1229,202301426,2023,10,,False,promoter,
1230,202301128,2023,9,"Skapa remains attractive with interesting missions and a solid reputation. Overall, I would recommend Skapa without hesitation.",True,promoter,positive
1231,202300694,2023,7,Training is available but time to actually use it is limited during peak delivery.,True,passive,negative
1232,202301580,2023,8,Work conditions are good overall and hybrid work is handled pragmatically.,True,passive,positive
1233,202300105,2023,8,There is a genuine commitment to responsible consulting and a respectful culture.,True,passive,positive
1234,202301078,2023,9,"Recognition and coaching are consistent, which helps me grow and perform. Overall, I would recommend Skapa without hesitation.",True,promoter,positive
1235,202301401,2023,10,"Recognition and coaching are consistent, which helps me grow and perform. Compensation feels competitive for the market and responsibilities. I feel proud to be part of the company.",True,promoter,positive
1236,202300671,2023,8,Learning opportunities and projects help me build strong consulting skills.,True,passive,positive
1237,202300856,2023,8,,False,passive,
1238,202301041,2023,10,I can maintain a healthy balance most of the time and flexibility helps. I feel proud to be part of the company.,True,promoter,positive
1239,202301437,2023,9,"I appreciate the trust and autonomy; the management style feels genuinely empowering. Team spirit is strong and the atmosphere is friendly and supportive. Overall, I would recommend Skapa without hesitation.",True,promoter,positive
1240,202300352,2023,7,Pay progression feels slow compared with responsibilities and performance expectations.,True,passive,negative
1241,202301652,2023,8,"The company feels stable and well-positioned in the market, with strong client demand.",True,passive,positive
1242,202301707,2023,7,Decision-making can feel top-down and recognition for effort is not always there.,True,passive,negative
1243,202300028,2023,7,Internal collaboration can feel siloed and handoffs between teams are not always smooth. Pay progression feels slow compared with responsibilities and performance expectations.,True,passive,negative
1244,202300835,2023,7,I would like more regular coaching and clearer expectations from leadership. Pay progression feels slow compared with responsibilities and performance expectations.,True,passive,negative
1245,202300480,2023,6,Compensation has not kept pace with inflation and market benchmarks. Work-life balance could improve; overtime can become the default during delivery.,True,detractor,negative
1246,202300702,2023,7,Compensation has not kept pace with inflation and market benchmarks. I would like more regular coaching and clearer expectations from leadership.,True,passive,negative
1247,202300789,2023,4,The employer brand could be stronger to attract and retain top talent. It would help to see concrete actions and follow-up.,True,detractor,negative
1248,202300912,2023,7,,False,passive,
1249,202301752,2023,9,"Skapa remains attractive with interesting missions and a solid reputation. I appreciate the trust and autonomy; the management style feels genuinely empowering. Overall, I would recommend Skapa without hesitation.",True,promoter,positive
1250,202300161,2023,8,,False,passive,
1251,202300935,2023,6,Compensation has not kept pace with inflation and market benchmarks. Work-life balance could improve; overtime can become the default during delivery.,True,detractor,negative
1252,202301780,2023,10,"I see real chances to progress based on merit and impact. I feel aligned with the values, especially inclusion, sustainability and fairness. I feel proud to be part of the company.",True,promoter,positive
1253,202300852,2023,8,Skapa remains attractive with interesting missions and a solid reputation.,True,passive,positive
1254,202300325,2023,9,,False,promoter,
1255,202300223,2023,7,Bench periods and project allocation could be handled more consistently. Sustained pressure can lead to fatigue and I’ve seen early signs of burnout risk.,True,passive,negative
1256,202301799,2023,7,,False,passive,
1257,202300793,2023,8,I’m satisfied with my pay and the overall benefits package.,True,passive,positive
1258,202300638,2023,7,Decision-making can feel top-down and recognition for effort is not always there.,True,passive,negative
1259,202300587,2023,8,I can maintain a healthy balance most of the time and flexibility helps. Compensation feels competitive for the market and responsibilities.,True,passive,positive
1260,202300253,2023,7,,False,passive,
1261,202301029,2023,5,Compensation has not kept pace with inflation and market benchmarks.,True,detractor,negative
1262,202301852,2023,7,Training is available but time to actually use it is limited during peak delivery. Sustained pressure can lead to fatigue and I’ve seen early signs of burnout risk.,True,passive,negative
1263,202301560,2023,8,"Tools and logistics support delivery well, and the hybrid setup works smoothly. Career paths are becoming clearer and internal mobility feels realistic.",True,passive,positive
1264,202300237,2023,10,The work feels meaningful because projects have clear impact for clients and society. Innovation and a forward-looking strategy make the business feel resilient. I feel proud to be part of the company.,True,promoter,positive
1265,202300192,2023,9,"The company feels stable and well-positioned in the market, with strong client demand. I feel proud to be part of the company.",True,promoter,positive
1266,202301320,2023,6,The employer brand could be stronger to attract and retain top talent. I would like more visibility from leadership and less pressure driven by short-term targets.,True,detractor,negative
1267,202300613,2023,8,"Tools and logistics support delivery well, and the hybrid setup works smoothly. Learning opportunities and projects help me build strong consulting skills.",True,passive,positive
1268,202301263,2023,8,,False,passive,
1269,202300871,2023,5,Sustained pressure can lead to fatigue and I’ve seen early signs of burnout risk.,True,detractor,negative
1270,202300518,2023,9,Supportive leadership and clear feedback make it easy to do great work. I feel proud to be part of the company.,True,promoter,positive
1271,202300433,2023,8,The strategy is clearer and leadership communicates priorities more consistently. There is a genuine commitment to responsible consulting and a respectful culture.,True,passive,positive
1272,202301857,2023,8,I see real chances to progress based on merit and impact.,True,passive,positive
1273,202300532,2023,8,The work feels meaningful because projects have clear impact for clients and society.,True,passive,positive
1274,202301203,2023,10,Compensation feels competitive for the market and responsibilities. The work feels meaningful because projects have clear impact for clients and society. I feel proud to be part of the company.,True,promoter,positive
1275,202300049,2023,8,"Tools and logistics support delivery well, and the hybrid setup works smoothly.",True,passive,positive
1276,202301809,2023,9,Compensation feels competitive for the market and responsibilities. I feel proud to be part of the company.,True,promoter,positive
1277,202301308,2023,9,"I see real chances to progress based on merit and impact. Compensation feels competitive for the market and responsibilities. Overall, I would recommend Skapa without hesitation.",True,promoter,positive
1278,202300546,2023,8,Supportive leadership and clear feedback make it easy to do great work. Learning opportunities and projects help me build strong consulting skills.,True,passive,positive
1279,202300394,2023,10,"Team spirit is strong and the atmosphere is friendly and supportive. Overall, I would recommend Skapa without hesitation.",True,promoter,positive
1280,202301808,2023,8,,False,passive,
1281,202300478,2023,9,Skapa remains attractive with interesting missions and a solid reputation. Learning opportunities and projects help me build strong consulting skills. I feel proud to be part of the company.,True,promoter,positive
1282,202300677,2023,7,"Sustained pressure can lead to fatigue and I’ve seen early signs of burnout risk. Career progression can feel unclear, especially around the criteria for promotion.",True,passive,negative
1283,202301713,2023,8,Innovation and a forward-looking strategy make the business feel resilient.,True,passive,positive
1284,202300425,2023,7,Team spirit is strong and the atmosphere is friendly and supportive.,True,passive,positive
1285,202301557,2023,9,"Tools and logistics support delivery well, and the hybrid setup works smoothly. Recognition and coaching are consistent, which helps me grow and perform. I feel proud to be part of the company.",True,promoter,positive
1286,202300378,2023,9,Client exposure and variety of missions are a real strength of consulting here. Learning opportunities and projects help me build strong consulting skills. I feel proud to be part of the company.,True,promoter,positive
1287,202300959,2023,6,,False,detractor,
1288,202300588,2023,8,"Onboarding and integration were smooth, and the team culture is welcoming.",True,passive,positive
1289,202301630,2023,7,I would like more regular coaching and clearer expectations from leadership.,True,passive,negative
1290,202300769,2023,8,Compensation feels competitive for the market and responsibilities. Client exposure and variety of missions are a real strength of consulting here.,True,passive,positive
1291,202300621,2023,9,I appreciate the trust and autonomy; the management style feels genuinely empowering. Innovation and a forward-looking strategy make the business feel resilient. I feel proud to be part of the company.,True,promoter,positive
1292,202300611,2023,8,"The company feels stable and well-positioned in the market, with strong client demand.",True,passive,positive
1293,202301541,2023,5,Sometimes the work feels less meaningful when priorities are driven mainly by utilization. Compensation has not kept pace with inflation and market benchmarks.,True,detractor,negative
1294,202300949,2023,8,Compensation feels competitive for the market and responsibilities.,True,passive,positive
1295,202301430,2023,7,,False,passive,
1296,202301160,2023,7,Management practices feel inconsistent and feedback is often too late to be useful. Compensation has not kept pace with inflation and market benchmarks.,True,passive,negative
1297,202300641,2023,6,The employer brand could be stronger to attract and retain top talent.,True,detractor,negative
1298,202300625,2023,10,"I feel aligned with the values, especially inclusion, sustainability and fairness. I see real chances to progress based on merit and impact. Overall, I would recommend Skapa without hesitation.",True,promoter,positive
1299,202301490,2023,9,Team spirit is strong and the atmosphere is friendly and supportive. I feel proud to be part of the company.,True,promoter,positive
1300,202300840,2023,9,"Cross-team collaboration is improving and it’s easier to work transversally. Overall, I would recommend Skapa without hesitation.",True,promoter,positive
1301,202301084,2023,9,"Tools and logistics support delivery well, and the hybrid setup works smoothly. I feel proud to be part of the company.",True,promoter,positive
1302,202300142,2023,7,Work-life balance could improve; overtime can become the default during delivery. Pay progression feels slow compared with responsibilities and performance expectations.,True,passive,negative
1303,202301864,2023,8,Learning opportunities and projects help me build strong consulting skills. The work feels meaningful because projects have clear impact for clients and society.,True,passive,positive
1304,202300330,2023,8,I’m satisfied with my pay and the overall benefits package.,True,passive,positive
1305,202300350,2023,8,Supportive leadership and clear feedback make it easy to do great work. Compensation feels competitive for the market and responsibilities.,True,passive,positive
1306,202300461,2023,8,"Recognition and coaching are consistent, which helps me grow and perform. I see real chances to progress based on merit and impact.",True,passive,positive
1307,202301034,2023,8,Compensation feels competitive for the market and responsibilities. Supportive leadership and clear feedback make it easy to do great work.,True,passive,positive
1308,202300418,2023,8,"Tools and logistics support delivery well, and the hybrid setup works smoothly. Client exposure and variety of missions are a real strength of consulting here.",True,passive,positive
1309,202301126,2023,7,Decision-making can feel top-down and recognition for effort is not always there. Workload peaks can be intense and staffing feels tight on some projects.,True,passive,negative
1310,202301003,2023,8,Innovation and a forward-looking strategy make the business feel resilient. I appreciate the trust and autonomy; the management style feels genuinely empowering.,True,passive,positive
1311,202301173,2023,8,Supportive leadership and clear feedback make it easy to do great work. Skapa remains attractive with interesting missions and a solid reputation.,True,passive,positive
1312,202300920,2023,8,Digital tools and processes are improving and make delivery more efficient.,True,passive,positive
1313,202301685,2023,7,I would like more regular coaching and clearer expectations from leadership.,True,passive,negative
1314,202300728,2023,9,"Team spirit is strong and the atmosphere is friendly and supportive. Client exposure and variety of missions are a real strength of consulting here. Overall, I would recommend Skapa without hesitation.",True,promoter,positive
1315,202301191,2023,8,Work conditions are good overall and hybrid work is handled pragmatically. Compensation feels competitive for the market and responsibilities.,True,passive,positive
1316,202300355,2023,7,"Career progression can feel unclear, especially around the criteria for promotion.",True,passive,negative
1317,202300246,2023,8,"Onboarding and integration were smooth, and the team culture is welcoming.",True,passive,positive
1318,202300092,2023,9,"Supportive leadership and clear feedback make it easy to do great work. Client exposure and variety of missions are a real strength of consulting here. Overall, I would recommend Skapa without hesitation.",True,promoter,positive
1319,202300055,2023,8,Career paths are becoming clearer and internal mobility feels realistic.,True,passive,to be determined
1320,202300758,2023,5,Decision-making can feel top-down and recognition for effort is not always there. Some tools and processes are slow and create friction in day-to-day delivery.,True,detractor,negative
1321,202301045,2023,9,"Compensation feels competitive for the market and responsibilities. Career paths are becoming clearer and internal mobility feels realistic. Overall, I would recommend Skapa without hesitation.",True,promoter,positive
1322,202301079,2023,8,I’m satisfied with my pay and the overall benefits package. I appreciate the increased transparency from leadership on decisions and direction.,True,passive,positive
1323,202300101,2023,6,"I would like more structured development and transparency on growth opportunities. I would like to see stronger action on inclusion and equity, not just messaging.",True,detractor,negative
1324,202300735,2023,7,I would like more regular coaching and clearer expectations from leadership.,True,passive,negative
1325,202301791,2023,6,Compensation has not kept pace with inflation and market benchmarks.,True,detractor,negative
1326,202301125,2023,9,"The company feels stable and well-positioned in the market, with strong client demand. I feel proud to be part of the company.",True,promoter,positive
1327,202300124,2023,8,There is a genuine commitment to responsible consulting and a respectful culture.,True,passive,positive
1328,202300320,2023,8,I’m satisfied with my pay and the overall benefits package. Team spirit is strong and the atmosphere is friendly and supportive.,True,passive,positive
1329,202300489,2023,9,"Onboarding and integration were smooth, and the team culture is welcoming. Overall, I would recommend Skapa without hesitation.",True,promoter,positive
1330,202301847,2023,8,I appreciate the trust and autonomy; the management style feels genuinely empowering. Compensation feels competitive for the market and responsibilities.,True,passive,positive
1331,202300782,2023,8,"Tools and logistics support delivery well, and the hybrid setup works smoothly.",True,passive,positive
1332,202301861,2023,8,I can maintain a healthy balance most of the time and flexibility helps. Skapa remains attractive with interesting missions and a solid reputation.,True,passive,positive
1333,202300335,2023,7,Decision-making can feel top-down and recognition for effort is not always there. Work-life balance could improve; overtime can become the default during delivery.,True,passive,negative
1334,202301092,2023,8,Client exposure and variety of missions are a real strength of consulting here. I can maintain a healthy balance most of the time and flexibility helps.,True,passive,positive
1335,202301432,2023,7,,False,passive,
1336,202301643,2023,8,Supportive leadership and clear feedback make it easy to do great work.,True,passive,positive
1337,202301792,2023,8,Work conditions are good overall and hybrid work is handled pragmatically.,True,passive,positive
1338,202301629,2023,10,"Client exposure and variety of missions are a real strength of consulting here. Overall, I would recommend Skapa without hesitation.",True,promoter,positive
1339,202301587,2023,6,"Career progression can feel unclear, especially around the criteria for promotion. I would like more regular coaching and clearer expectations from leadership.",True,detractor,negative
1340,202301807,2023,6,I would like more structured development and transparency on growth opportunities. Sustained pressure can lead to fatigue and I’ve seen early signs of burnout risk.,True,detractor,negative
1341,202300591,2023,6,Compensation has not kept pace with inflation and market benchmarks.,True,detractor,negative
1342,202300490,2023,3,"I would like to see stronger action on inclusion and equity, not just messaging. It would help to see concrete actions and follow-up.",True,detractor,negative
1343,202300439,2023,6,The employer brand could be stronger to attract and retain top talent. Sustained pressure can lead to fatigue and I’ve seen early signs of burnout risk.,True,detractor,negative
1344,202301606,2023,9,I appreciate the increased transparency from leadership on decisions and direction. Career paths are becoming clearer and internal mobility feels realistic. I feel proud to be part of the company.,True,promoter,positive
1345,202301112,2023,7,Decision-making can feel top-down and recognition for effort is not always there.,True,passive,negative
1346,202300030,2023,8,"Tools and logistics support delivery well, and the hybrid setup works smoothly.",True,passive,positive
1347,202301896,2023,8,Learning opportunities and projects help me build strong consulting skills.,True,passive,positive
1348,202301539,2023,8,Skapa remains attractive with interesting missions and a solid reputation.,True,passive,positive
1349,202300100,2023,10,"Work conditions are good overall and hybrid work is handled pragmatically. Overall, I would recommend Skapa without hesitation.",True,promoter,positive
1350,202300166,2023,8,,False,passive,
1351,202300157,2023,8,Innovation and a forward-looking strategy make the business feel resilient.,True,passive,positive
1352,202301243,2023,9,"Supportive leadership and clear feedback make it easy to do great work. Overall, I would recommend Skapa without hesitation.",True,promoter,positive
1353,202301219,2023,7,"Pay progression feels slow compared with responsibilities and performance expectations. Onboarding and integration were smooth, and the team culture is welcoming.",True,passive,negative
1354,202301014,2023,8,,False,passive,
1355,202300780,2023,7,Recent uncertainty in priorities makes the long-term direction feel less clear. Bench periods and project allocation could be handled more consistently.,True,passive,negative
1356,202300139,2023,9,"Innovation and a forward-looking strategy make the business feel resilient. Client exposure and variety of missions are a real strength of consulting here. Overall, I would recommend Skapa without hesitation.",True,promoter,positive
1357,202301221,2023,9,"Tools and logistics support delivery well, and the hybrid setup works smoothly. Career paths are becoming clearer and internal mobility feels realistic. I feel proud to be part of the company.",True,promoter,positive
1358,202300815,2023,7,I worry about competitiveness and the pace of adapting to market changes. Team spirit is strong and the atmosphere is friendly and supportive.,True,passive,to be determined
1359,202301876,2023,7,Team spirit is strong and the atmosphere is friendly and supportive.,True,passive,positive
1360,202301796,2023,10,"Work conditions are good overall and hybrid work is handled pragmatically. Career paths are becoming clearer and internal mobility feels realistic. Overall, I would recommend Skapa without hesitation.",True,promoter,positive
1361,202301457,2023,9,Digital tools and processes are improving and make delivery more efficient. I see real chances to progress based on merit and impact. I feel proud to be part of the company.,True,promoter,positive
1362,202300600,2023,8,Career paths are becoming clearer and internal mobility feels realistic.,True,passive,to be determined
1363,202301417,2023,7,"Career progression can feel unclear, especially around the criteria for promotion. Sustained pressure can lead to fatigue and I’ve seen early signs of burnout risk.",True,passive,negative
1364,202301586,2023,6,Team cohesion varies by project and it can feel isolating when switching assignments.,True,detractor,negative
1365,202300173,2023,9,"Onboarding and integration were smooth, and the team culture is welcoming. Overall, I would recommend Skapa without hesitation.",True,promoter,positive
1366,202300890,2023,10,"Team spirit is strong and the atmosphere is friendly and supportive. Compensation feels competitive for the market and responsibilities. Overall, I would recommend Skapa without hesitation.",True,promoter,positive
1367,202301658,2023,8,Supportive leadership and clear feedback make it easy to do great work.,True,passive,positive
1368,202300606,2023,7,"Decision-making can feel top-down and recognition for effort is not always there. Onboarding and integration were smooth, and the team culture is welcoming.",True,passive,negative
1369,202402029,2024,9,"Onboarding and integration were smooth, and the team culture is welcoming. I feel proud to be part of the company.",True,promoter,positive
1370,202401478,2024,7,,False,passive,
1371,202401730,2024,5,The employer brand could be stronger to attract and retain top talent.,True,detractor,negative
1372,202400947,2024,8,Compensation feels competitive for the market and responsibilities.,True,passive,positive
1373,202400337,2024,8,I’m satisfied with my pay and the overall benefits package.,True,passive,positive
1374,202400752,2024,9,Team spirit is strong and the atmosphere is friendly and supportive. I appreciate the trust and autonomy; the management style feels genuinely empowering. I feel proud to be part of the company.,True,promoter,positive
1375,202400522,2024,8,I see real chances to progress based on merit and impact. Compensation feels competitive for the market and responsibilities.,True,passive,positive
1376,202400195,2024,10,"Compensation feels competitive for the market and responsibilities. Recognition and coaching are consistent, which helps me grow and perform. I feel proud to be part of the company.",True,promoter,positive
1377,202401352,2024,6,Recent uncertainty in priorities makes the long-term direction feel less clear. Workload peaks can be intense and staffing feels tight on some projects.,True,detractor,negative
1378,202401877,2024,9,"I appreciate the trust and autonomy; the management style feels genuinely empowering. I can maintain a healthy balance most of the time and flexibility helps. Overall, I would recommend Skapa without hesitation.",True,promoter,positive
1379,202400630,2024,9,"Recognition and coaching are consistent, which helps me grow and perform. I feel aligned with the values, especially inclusion, sustainability and fairness. I feel proud to be part of the company.",True,promoter,positive
1380,202401915,2024,9,"Skapa remains attractive with interesting missions and a solid reputation. Recognition and coaching are consistent, which helps me grow and perform. Overall, I would recommend Skapa without hesitation.",True,promoter,positive
1381,202400561,2024,9,,False,promoter,
1382,202401603,2024,7,"Career progression can feel unclear, especially around the criteria for promotion.",True,passive,negative
1383,202401377,2024,8,Learning opportunities and projects help me build strong consulting skills.,True,passive,positive
1384,202400011,2024,6,Recent uncertainty in priorities makes the long-term direction feel less clear. Decision-making can feel top-down and recognition for effort is not always there.,True,detractor,negative
1385,202401672,2024,6,"Recent uncertainty in priorities makes the long-term direction feel less clear. I would like to see stronger action on inclusion and equity, not just messaging.",True,detractor,negative
1386,202400579,2024,9,Skapa remains attractive with interesting missions and a solid reputation. I feel proud to be part of the company.,True,promoter,positive
1387,202401043,2024,5,I worry about competitiveness and the pace of adapting to market changes.,True,detractor,negative
1388,202401213,2024,9,"Supportive leadership and clear feedback make it easy to do great work. I feel aligned with the values, especially inclusion, sustainability and fairness. Overall, I would recommend Skapa without hesitation.",True,promoter,positive
1389,202401106,2024,8,Compensation feels competitive for the market and responsibilities.,True,passive,positive
1390,202401497,2024,8,Compensation feels competitive for the market and responsibilities. I see real chances to progress based on merit and impact.,True,passive,positive
1391,202400147,2024,8,Skapa remains attractive with interesting missions and a solid reputation. I’m satisfied with my pay and the overall benefits package.,True,passive,positive
1392,202400005,2024,8,"Learning opportunities and projects help me build strong consulting skills. The company feels stable and well-positioned in the market, with strong client demand.",True,passive,positive
1393,202400359,2024,7,The employer brand could be stronger to attract and retain top talent.,True,passive,to be determined
1394,202401124,2024,7,,False,passive,
1395,202401054,2024,6,I would like more regular coaching and clearer expectations from leadership.,True,detractor,negative
1396,202400177,2024,9,"Tools and logistics support delivery well, and the hybrid setup works smoothly. The strategy is clearer and leadership communicates priorities more consistently. Overall, I would recommend Skapa without hesitation.",True,promoter,positive
1397,202400446,2024,9,"Career paths are becoming clearer and internal mobility feels realistic. Supportive leadership and clear feedback make it easy to do great work. Overall, I would recommend Skapa without hesitation.",True,promoter,positive
1398,202401882,2024,8,"Tools and logistics support delivery well, and the hybrid setup works smoothly.",True,passive,positive
1399,202401790,2024,8,The work feels meaningful because projects have clear impact for clients and society.,True,passive,positive
1400,202401256,2024,8,,False,passive,
1401,202400133,2024,6,Bench periods and project allocation could be handled more consistently. The employer brand could be stronger to attract and retain top talent.,True,detractor,negative
1402,202400897,2024,6,,False,detractor,
1403,202401094,2024,6,Compensation has not kept pace with inflation and market benchmarks.,True,detractor,negative
1404,202400165,2024,8,Skapa remains attractive with interesting missions and a solid reputation.,True,passive,positive
1405,202400987,2024,10,"Work conditions are good overall and hybrid work is handled pragmatically. Overall, I would recommend Skapa without hesitation.",True,promoter,positive
1406,202401522,2024,9,"Supportive leadership and clear feedback make it easy to do great work. Overall, I would recommend Skapa without hesitation.",True,promoter,positive
1407,202400127,2024,7,Team spirit is strong and the atmosphere is friendly and supportive. Bench periods and project allocation could be handled more consistently.,True,passive,to be determined
1408,202400208,2024,7,Pay progression feels slow compared with responsibilities and performance expectations.,True,passive,negative
1409,202400152,2024,8,"I’m satisfied with my pay and the overall benefits package. I feel aligned with the values, especially inclusion, sustainability and fairness.",True,passive,positive
1410,202400516,2024,8,Innovation and a forward-looking strategy make the business feel resilient.,True,passive,positive
1411,202400206,2024,10,"Recognition and coaching are consistent, which helps me grow and perform. I feel proud to be part of the company.",True,promoter,positive
1412,202400894,2024,7,Compensation has not kept pace with inflation and market benchmarks.,True,passive,negative
1413,202400297,2024,7,I would like more visibility from leadership and less pressure driven by short-term targets.,True,passive,negative
1414,202401966,2024,9,Innovation and a forward-looking strategy make the business feel resilient. I feel proud to be part of the company.,True,promoter,positive
1415,202400760,2024,7,"Onboarding and integration were smooth, and the team culture is welcoming.",True,passive,positive
1416,202401387,2024,8,Supportive leadership and clear feedback make it easy to do great work. I see real chances to progress based on merit and impact.,True,passive,positive
1417,202400202,2024,8,Supportive leadership and clear feedback make it easy to do great work.,True,passive,positive
1418,202400411,2024,8,There is a genuine commitment to responsible consulting and a respectful culture. I can maintain a healthy balance most of the time and flexibility helps.,True,passive,positive
1419,202401784,2024,7,I would like more regular coaching and clearer expectations from leadership.,True,passive,negative
1420,202401076,2024,9,Client exposure and variety of missions are a real strength of consulting here. Team spirit is strong and the atmosphere is friendly and supportive. I feel proud to be part of the company.,True,promoter,positive
1421,202400067,2024,7,Internal collaboration can feel siloed and handoffs between teams are not always smooth. I would like more regular coaching and clearer expectations from leadership.,True,passive,negative
1422,202401208,2024,8,The strategy is clearer and leadership communicates priorities more consistently.,True,passive,to be determined
1423,202400632,2024,8,The work feels meaningful because projects have clear impact for clients and society.,True,passive,positive
1424,202400585,2024,6,Sustained pressure can lead to fatigue and I’ve seen early signs of burnout risk.,True,detractor,negative
1425,202401998,2024,10,"Team spirit is strong and the atmosphere is friendly and supportive. Learning opportunities and projects help me build strong consulting skills. Overall, I would recommend Skapa without hesitation.",True,promoter,positive
1426,202400285,2024,4,The employer brand could be stronger to attract and retain top talent. It would help to see concrete actions and follow-up.,True,detractor,negative
1427,202400204,2024,9,Supportive leadership and clear feedback make it easy to do great work. I feel proud to be part of the company.,True,promoter,positive
1428,202400824,2024,8,Supportive leadership and clear feedback make it easy to do great work.,True,passive,positive
1429,202400355,2024,9,"I appreciate the trust and autonomy; the management style feels genuinely empowering. Overall, I would recommend Skapa without hesitation.",True,promoter,positive
1430,202400940,2024,8,I appreciate the increased transparency from leadership on decisions and direction.,True,passive,positive
1431,202401226,2024,7,Pay progression feels slow compared with responsibilities and performance expectations.,True,passive,negative
1432,202401589,2024,7,The values are stated clearly but not always reflected in day-to-day decisions.,True,passive,negative
1433,202401157,2024,6,Some tools and processes are slow and create friction in day-to-day delivery. Bench periods and project allocation could be handled more consistently.,True,detractor,negative
1434,202400201,2024,8,I’m satisfied with my pay and the overall benefits package.,True,passive,positive
1435,202401038,2024,8,,False,passive,
1436,202400919,2024,7,,False,passive,
1437,202400955,2024,8,Supportive leadership and clear feedback make it easy to do great work.,True,passive,positive
1438,202401444,2024,8,Digital tools and processes are improving and make delivery more efficient.,True,passive,positive
1439,202400693,2024,8,Supportive leadership and clear feedback make it easy to do great work.,True,passive,positive
1440,202400039,2024,9,"Career paths are becoming clearer and internal mobility feels realistic. Overall, I would recommend Skapa without hesitation.",True,promoter,positive
1441,202400877,2024,8,I’m satisfied with my pay and the overall benefits package. Innovation and a forward-looking strategy make the business feel resilient.,True,passive,positive
1442,202400302,2024,9,Supportive leadership and clear feedback make it easy to do great work. I see real chances to progress based on merit and impact. I feel proud to be part of the company.,True,promoter,positive
1443,202400180,2024,8,Supportive leadership and clear feedback make it easy to do great work.,True,passive,positive
1444,202401804,2024,9,,False,promoter,
1445,202401406,2024,10,"There is a genuine commitment to responsible consulting and a respectful culture. I can maintain a healthy balance most of the time and flexibility helps. Overall, I would recommend Skapa without hesitation.",True,promoter,positive
1446,202400672,2024,7,,False,passive,
1447,202401738,2024,9,"I’m satisfied with my pay and the overall benefits package. Overall, I would recommend Skapa without hesitation.",True,promoter,positive
1448,202401725,2024,8,Team spirit is strong and the atmosphere is friendly and supportive. The work feels meaningful because projects have clear impact for clients and society.,True,passive,positive
1449,202401164,2024,9,"Work conditions are good overall and hybrid work is handled pragmatically. Cross-team collaboration is improving and it’s easier to work transversally. Overall, I would recommend Skapa without hesitation.",True,promoter,positive
1450,202400413,2024,7,,False,passive,
1451,202401858,2024,7,Decision-making can feel top-down and recognition for effort is not always there. Pay progression feels slow compared with responsibilities and performance expectations.,True,passive,negative
1452,202400470,2024,9,"The company feels stable and well-positioned in the market, with strong client demand. Overall, I would recommend Skapa without hesitation.",True,promoter,positive
1453,202401204,2024,7,Team spirit is strong and the atmosphere is friendly and supportive. I would like more regular coaching and clearer expectations from leadership.,True,passive,to be determined
1454,202400995,2024,8,Career paths are becoming clearer and internal mobility feels realistic.,True,passive,to be determined
1455,202400468,2024,9,"I appreciate the increased transparency from leadership on decisions and direction. Learning opportunities and projects help me build strong consulting skills. Overall, I would recommend Skapa without hesitation.",True,promoter,positive
1456,202400945,2024,8,,False,passive,
1457,202401354,2024,9,"The company feels stable and well-positioned in the market, with strong client demand. Supportive leadership and clear feedback make it easy to do great work. Overall, I would recommend Skapa without hesitation.",True,promoter,positive
1458,202401143,2024,9,"The company feels stable and well-positioned in the market, with strong client demand. Overall, I would recommend Skapa without hesitation.",True,promoter,positive
1459,202400227,2024,8,Compensation feels competitive for the market and responsibilities.,True,passive,positive
1460,202401752,2024,9,"Tools and logistics support delivery well, and the hybrid setup works smoothly. The company feels stable and well-positioned in the market, with strong client demand. Overall, I would recommend Skapa without hesitation.",True,promoter,positive
1461,202400419,2024,6,Management practices feel inconsistent and feedback is often too late to be useful.,True,detractor,negative
1462,202400366,2024,9,"The company feels stable and well-positioned in the market, with strong client demand. Recognition and coaching are consistent, which helps me grow and perform. I feel proud to be part of the company.",True,promoter,positive
1463,202401663,2024,8,"Recognition and coaching are consistent, which helps me grow and perform. The company feels stable and well-positioned in the market, with strong client demand.",True,passive,positive
1464,202400871,2024,9,"Compensation feels competitive for the market and responsibilities. Overall, I would recommend Skapa without hesitation.",True,promoter,positive
1465,202401122,2024,8,I’m satisfied with my pay and the overall benefits package.,True,passive,positive
1466,202400959,2024,9,"I appreciate the increased transparency from leadership on decisions and direction. Overall, I would recommend Skapa without hesitation.",True,promoter,positive
1467,202400848,2024,8,I appreciate the increased transparency from leadership on decisions and direction. I’m satisfied with my pay and the overall benefits package.,True,passive,positive
1468,202401733,2024,9,"I can maintain a healthy balance most of the time and flexibility helps. Supportive leadership and clear feedback make it easy to do great work. Overall, I would recommend Skapa without hesitation.",True,promoter,positive
1469,202400922,2024,8,Client exposure and variety of missions are a real strength of consulting here.,True,passive,positive
1470,202400520,2024,7,Recent uncertainty in priorities makes the long-term direction feel less clear.,True,passive,negative
1471,202400840,2024,8,"Recognition and coaching are consistent, which helps me grow and perform.",True,passive,positive
1472,202400344,2024,9,"Digital tools and processes are improving and make delivery more efficient. Overall, I would recommend Skapa without hesitation.",True,promoter,positive
1473,202400590,2024,8,Career paths are becoming clearer and internal mobility feels realistic.,True,passive,to be determined
1474,202400199,2024,7,,False,passive,
1475,202401086,2024,8,Supportive leadership and clear feedback make it easy to do great work. The strategy is clearer and leadership communicates priorities more consistently.,True,passive,positive
1476,202401989,2024,8,"Onboarding and integration were smooth, and the team culture is welcoming.",True,passive,positive
1477,202401261,2024,9,Career paths are becoming clearer and internal mobility feels realistic. I feel proud to be part of the company.,True,promoter,positive
1478,202401985,2024,9,"Team spirit is strong and the atmosphere is friendly and supportive. Career paths are becoming clearer and internal mobility feels realistic. Overall, I would recommend Skapa without hesitation.",True,promoter,positive
1479,202401757,2024,8,"The company feels stable and well-positioned in the market, with strong client demand.",True,passive,positive
1480,202400719,2024,8,Supportive leadership and clear feedback make it easy to do great work.,True,passive,positive
1481,202400794,2024,8,Learning opportunities and projects help me build strong consulting skills. I appreciate the trust and autonomy; the management style feels genuinely empowering.,True,passive,positive
1482,202400414,2024,7,Compensation has not kept pace with inflation and market benchmarks.,True,passive,negative
1483,202400484,2024,7,Decision-making can feel top-down and recognition for effort is not always there. Pay progression feels slow compared with responsibilities and performance expectations.,True,passive,negative
1484,202401450,2024,9,Supportive leadership and clear feedback make it easy to do great work. I see real chances to progress based on merit and impact. I feel proud to be part of the company.,True,promoter,positive
1485,202400174,2024,7,Compensation has not kept pace with inflation and market benchmarks.,True,passive,negative
1486,202400768,2024,10,"Skapa remains attractive with interesting missions and a solid reputation. Overall, I would recommend Skapa without hesitation.",True,promoter,positive
1487,202401927,2024,9,"Team spirit is strong and the atmosphere is friendly and supportive. Supportive leadership and clear feedback make it easy to do great work. Overall, I would recommend Skapa without hesitation.",True,promoter,positive
1488,202401022,2024,9,"I’m satisfied with my pay and the overall benefits package. I can maintain a healthy balance most of the time and flexibility helps. Overall, I would recommend Skapa without hesitation.",True,promoter,positive
1489,202400357,2024,10,"I’m satisfied with my pay and the overall benefits package. Overall, I would recommend Skapa without hesitation.",True,promoter,positive
1490,202401907,2024,9,"Learning opportunities and projects help me build strong consulting skills. The company feels stable and well-positioned in the market, with strong client demand. Overall, I would recommend Skapa without hesitation.",True,promoter,positive
1491,202401355,2024,7,Sustained pressure can lead to fatigue and I’ve seen early signs of burnout risk.,True,passive,negative
1492,202401383,2024,7,Management practices feel inconsistent and feedback is often too late to be useful.,True,passive,negative
1493,202400512,2024,8,I appreciate the trust and autonomy; the management style feels genuinely empowering.,True,passive,positive
1494,202401791,2024,9,"Onboarding and integration were smooth, and the team culture is welcoming. Overall, I would recommend Skapa without hesitation.",True,promoter,positive
1495,202400155,2024,8,Innovation and a forward-looking strategy make the business feel resilient. Cross-team collaboration is improving and it’s easier to work transversally.,True,passive,positive
1496,202400373,2024,7,Bench periods and project allocation could be handled more consistently.,True,passive,negative
1497,202400964,2024,5,Team cohesion varies by project and it can feel isolating when switching assignments.,True,detractor,negative
1498,202400838,2024,6,Team cohesion varies by project and it can feel isolating when switching assignments.,True,detractor,negative
1499,202401351,2024,6,"Work-life balance could improve; overtime can become the default during delivery. Career progression can feel unclear, especially around the criteria for promotion.",True,detractor,negative
1500,202400191,2024,9,I’m satisfied with my pay and the overall benefits package. I feel proud to be part of the company.,True,promoter,positive
1501,202400744,2024,6,Bench periods and project allocation could be handled more consistently.,True,detractor,negative
1502,202401358,2024,10,"I appreciate the trust and autonomy; the management style feels genuinely empowering. Overall, I would recommend Skapa without hesitation.",True,promoter,positive
1503,202401082,2024,6,,False,detractor,
1504,202402017,2024,7,Team spirit is strong and the atmosphere is friendly and supportive.,True,passive,positive
1505,202401605,2024,6,,False,detractor,
1506,202401743,2024,8,,False,passive,
1507,202400077,2024,7,Management practices feel inconsistent and feedback is often too late to be useful.,True,passive,negative
1508,202401765,2024,6,Recent uncertainty in priorities makes the long-term direction feel less clear. Bench periods and project allocation could be handled more consistently.,True,detractor,negative
1509,202400309,2024,8,I can maintain a healthy balance most of the time and flexibility helps.,True,passive,positive
1510,202400436,2024,7,Sometimes the work feels less meaningful when priorities are driven mainly by utilization.,True,passive,negative
1511,202400571,2024,8,,False,passive,
1512,202400482,2024,10,"I appreciate the trust and autonomy; the management style feels genuinely empowering. Onboarding and integration were smooth, and the team culture is welcoming. I feel proud to be part of the company.",True,promoter,positive
1513,202400130,2024,9,"I can maintain a healthy balance most of the time and flexibility helps. Overall, I would recommend Skapa without hesitation.",True,promoter,positive
1514,202400656,2024,7,Recent uncertainty in priorities makes the long-term direction feel less clear.,True,passive,negative
1515,202400573,2024,6,Team cohesion varies by project and it can feel isolating when switching assignments.,True,detractor,negative
1516,202400712,2024,8,I’m satisfied with my pay and the overall benefits package. Client exposure and variety of missions are a real strength of consulting here.,True,passive,positive
1517,202400788,2024,8,Supportive leadership and clear feedback make it easy to do great work.,True,passive,positive
1518,202400692,2024,10,"I’m satisfied with my pay and the overall benefits package. Overall, I would recommend Skapa without hesitation.",True,promoter,positive
1519,202401583,2024,8,I can maintain a healthy balance most of the time and flexibility helps. I appreciate the trust and autonomy; the management style feels genuinely empowering.,True,passive,positive
1520,202400936,2024,8,There is a genuine commitment to responsible consulting and a respectful culture. I’m satisfied with my pay and the overall benefits package.,True,passive,positive
1521,202401997,2024,7,Pay progression feels slow compared with responsibilities and performance expectations.,True,passive,negative
1522,202400644,2024,8,Skapa remains attractive with interesting missions and a solid reputation.,True,passive,positive
1523,202400761,2024,9,"Onboarding and integration were smooth, and the team culture is welcoming. I feel proud to be part of the company.",True,promoter,positive
1524,202401540,2024,7,Some tools and processes are slow and create friction in day-to-day delivery. Team spirit is strong and the atmosphere is friendly and supportive.,True,passive,to be determined
1525,202401337,2024,8,Digital tools and processes are improving and make delivery more efficient. I’m satisfied with my pay and the overall benefits package.,True,passive,positive
1526,202400830,2024,9,,False,promoter,
1527,202400346,2024,9,Learning opportunities and projects help me build strong consulting skills. I feel proud to be part of the company.,True,promoter,positive
1528,202401975,2024,7,"Onboarding and integration were smooth, and the team culture is welcoming.",True,passive,positive
1529,202400397,2024,7,,False,passive,
1530,202400879,2024,7,I would like more structured development and transparency on growth opportunities. Compensation has not kept pace with inflation and market benchmarks.,True,passive,to be determined
1531,202401205,2024,9,"Onboarding and integration were smooth, and the team culture is welcoming. Overall, I would recommend Skapa without hesitation.",True,promoter,positive
1532,202400259,2024,7,Pay progression feels slow compared with responsibilities and performance expectations. I would like more regular coaching and clearer expectations from leadership.,True,passive,negative
1533,202401375,2024,8,The work feels meaningful because projects have clear impact for clients and society.,True,passive,positive
1534,202400341,2024,9,,False,promoter,
1535,202401913,2024,8,"I see real chances to progress based on merit and impact. The company feels stable and well-positioned in the market, with strong client demand.",True,passive,positive
1536,202400451,2024,8,"The company feels stable and well-positioned in the market, with strong client demand.",True,passive,positive
1537,202401283,2024,8,Cross-team collaboration is improving and it’s easier to work transversally. Supportive leadership and clear feedback make it easy to do great work.,True,passive,positive
1538,202400915,2024,8,Career paths are becoming clearer and internal mobility feels realistic.,True,passive,to be determined
1539,202401669,2024,9,Work conditions are good overall and hybrid work is handled pragmatically. Skapa remains attractive with interesting missions and a solid reputation. I feel proud to be part of the company.,True,promoter,positive
1540,202400029,2024,8,Career paths are becoming clearer and internal mobility feels realistic. Team spirit is strong and the atmosphere is friendly and supportive.,True,passive,positive
1541,202401491,2024,9,Career paths are becoming clearer and internal mobility feels realistic. There is a genuine commitment to responsible consulting and a respectful culture. I feel proud to be part of the company.,True,promoter,positive
1542,202400383,2024,7,"Career progression can feel unclear, especially around the criteria for promotion.",True,passive,negative
1543,202401754,2024,8,Learning opportunities and projects help me build strong consulting skills.,True,passive,positive
1544,202401490,2024,8,,False,passive,
1545,202400247,2024,7,Training is available but time to actually use it is limited during peak delivery. I worry about competitiveness and the pace of adapting to market changes.,True,passive,negative
1546,202400291,2024,8,"Recognition and coaching are consistent, which helps me grow and perform. I’m satisfied with my pay and the overall benefits package.",True,passive,positive
1547,202400376,2024,10,,False,promoter,
1548,202400967,2024,7,Sometimes the work feels less meaningful when priorities are driven mainly by utilization.,True,passive,negative
1549,202401868,2024,7,Compensation has not kept pace with inflation and market benchmarks. Team spirit is strong and the atmosphere is friendly and supportive.,True,passive,to be determined
1550,202400477,2024,8,"The company feels stable and well-positioned in the market, with strong client demand.",True,passive,positive
1551,202401518,2024,9,"Compensation feels competitive for the market and responsibilities. The company feels stable and well-positioned in the market, with strong client demand. Overall, I would recommend Skapa without hesitation.",True,promoter,positive
1552,202402012,2024,8,Skapa remains attractive with interesting missions and a solid reputation.,True,passive,positive
1553,202401929,2024,10,Team spirit is strong and the atmosphere is friendly and supportive. Innovation and a forward-looking strategy make the business feel resilient. I feel proud to be part of the company.,True,promoter,positive
1554,202401185,2024,8,"Tools and logistics support delivery well, and the hybrid setup works smoothly. The company feels stable and well-positioned in the market, with strong client demand.",True,passive,positive
1555,202400684,2024,10,"I feel aligned with the values, especially inclusion, sustainability and fairness. Team spirit is strong and the atmosphere is friendly and supportive. I feel proud to be part of the company.",True,promoter,positive
1556,202401830,2024,6,,False,detractor,
1557,202401646,2024,8,"Recognition and coaching are consistent, which helps me grow and perform. The company feels stable and well-positioned in the market, with strong client demand.",True,passive,positive
1558,202400550,2024,6,Compensation has not kept pace with inflation and market benchmarks.,True,detractor,negative
1559,202400975,2024,8,"The company feels stable and well-positioned in the market, with strong client demand.",True,passive,positive
1560,202400557,2024,6,Decision-making can feel top-down and recognition for effort is not always there. Compensation has not kept pace with inflation and market benchmarks.,True,detractor,negative
1561,202400776,2024,7,"Career progression can feel unclear, especially around the criteria for promotion.",True,passive,negative
1562,202400334,2024,9,"Work conditions are good overall and hybrid work is handled pragmatically. Overall, I would recommend Skapa without hesitation.",True,promoter,positive
1563,202400252,2024,8,Supportive leadership and clear feedback make it easy to do great work. I’m satisfied with my pay and the overall benefits package.,True,passive,positive
1564,202401510,2024,9,,False,promoter,
1565,202400417,2024,5,Compensation has not kept pace with inflation and market benchmarks. Management practices feel inconsistent and feedback is often too late to be useful.,True,detractor,negative
1566,202401826,2024,6,Decision-making can feel top-down and recognition for effort is not always there.,True,detractor,negative
1567,202400759,2024,8,,False,passive,
1568,202401759,2024,10,Work conditions are good overall and hybrid work is handled pragmatically. I’m satisfied with my pay and the overall benefits package. I feel proud to be part of the company.,True,promoter,positive
1569,202400774,2024,7,Some tools and processes are slow and create friction in day-to-day delivery.,True,passive,negative
1570,202401594,2024,9,Innovation and a forward-looking strategy make the business feel resilient. I feel proud to be part of the company.,True,promoter,positive
1571,202400881,2024,8,,False,passive,
1572,202401316,2024,9,"Skapa remains attractive with interesting missions and a solid reputation. Overall, I would recommend Skapa without hesitation.",True,promoter,positive
1573,202400216,2024,7,"Onboarding and integration were smooth, and the team culture is welcoming.",True,passive,positive
1574,202400004,2024,8,"I feel aligned with the values, especially inclusion, sustainability and fairness.",True,passive,positive
1575,202401573,2024,10,"Supportive leadership and clear feedback make it easy to do great work. Overall, I would recommend Skapa without hesitation.",True,promoter,positive
1576,202400979,2024,9,"I see real chances to progress based on merit and impact. Overall, I would recommend Skapa without hesitation.",True,promoter,positive
1577,202401537,2024,9,"Recognition and coaching are consistent, which helps me grow and perform. Overall, I would recommend Skapa without hesitation.",True,promoter,positive
1578,202400942,2024,7,,False,passive,
1579,202400093,2024,5,Compensation has not kept pace with inflation and market benchmarks.,True,detractor,negative
1580,202400403,2024,7,Team spirit is strong and the atmosphere is friendly and supportive.,True,passive,positive
1581,202401089,2024,6,"I would like to see stronger action on inclusion and equity, not just messaging.",True,detractor,negative
1582,202401135,2024,8,I appreciate the trust and autonomy; the management style feels genuinely empowering.,True,passive,positive
1583,202401774,2024,8,,False,passive,
1584,202400276,2024,10,Client exposure and variety of missions are a real strength of consulting here. I feel proud to be part of the company.,True,promoter,positive
1585,202401045,2024,8,"I’m satisfied with my pay and the overall benefits package. Recognition and coaching are consistent, which helps me grow and perform.",True,passive,positive
1586,202401527,2024,8,"Compensation feels competitive for the market and responsibilities. Onboarding and integration were smooth, and the team culture is welcoming.",True,passive,positive
1587,202400542,2024,7,,False,passive,
1588,202401015,2024,9,"The company feels stable and well-positioned in the market, with strong client demand. I feel proud to be part of the company.",True,promoter,positive
1589,202400808,2024,6,Management practices feel inconsistent and feedback is often too late to be useful.,True,detractor,negative
1590,202401018,2024,8,"Recognition and coaching are consistent, which helps me grow and perform.",True,passive,positive
1591,202401781,2024,9,,False,promoter,
1592,202401088,2024,7,Training is available but time to actually use it is limited during peak delivery. I worry about competitiveness and the pace of adapting to market changes.,True,passive,negative
1593,202401091,2024,8,"I see real chances to progress based on merit and impact. The company feels stable and well-positioned in the market, with strong client demand.",True,passive,positive
1594,202401480,2024,9,"Skapa remains attractive with interesting missions and a solid reputation. Overall, I would recommend Skapa without hesitation.",True,promoter,positive
1595,202401544,2024,8,The strategy is clearer and leadership communicates priorities more consistently.,True,passive,to be determined
1596,202400266,2024,6,"I would like to see stronger action on inclusion and equity, not just messaging.",True,detractor,negative
1597,202400709,2024,6,Management practices feel inconsistent and feedback is often too late to be useful.,True,detractor,negative
1598,202401296,2024,5,Recent uncertainty in priorities makes the long-term direction feel less clear. I would like more structured development and transparency on growth opportunities.,True,detractor,negative
1599,202401301,2024,5,I would like more regular coaching and clearer expectations from leadership.,True,detractor,negative
1600,202401111,2024,10,"The company feels stable and well-positioned in the market, with strong client demand. I can maintain a healthy balance most of the time and flexibility helps. I feel proud to be part of the company.",True,promoter,positive
1601,202400828,2024,7,,False,passive,
1602,202400085,2024,7,"I would like to see stronger action on inclusion and equity, not just messaging.",True,passive,to be determined
1603,202401626,2024,7,Work-life balance could improve; overtime can become the default during delivery.,True,passive,negative
1604,202400559,2024,8,I appreciate the trust and autonomy; the management style feels genuinely empowering. Compensation feels competitive for the market and responsibilities.,True,passive,positive
1605,202401954,2024,8,Supportive leadership and clear feedback make it easy to do great work. Learning opportunities and projects help me build strong consulting skills.,True,passive,positive
1606,202400312,2024,6,Pay progression feels slow compared with responsibilities and performance expectations. Bench periods and project allocation could be handled more consistently.,True,detractor,negative
1607,202401203,2024,8,Cross-team collaboration is improving and it’s easier to work transversally. I can maintain a healthy balance most of the time and flexibility helps.,True,passive,positive
1608,202401955,2024,8,Team spirit is strong and the atmosphere is friendly and supportive.,True,passive,positive
1609,202401138,2024,6,Compensation has not kept pace with inflation and market benchmarks.,True,detractor,negative
1610,202401562,2024,9,"Onboarding and integration were smooth, and the team culture is welcoming. I feel proud to be part of the company.",True,promoter,positive
1611,202401552,2024,9,"Cross-team collaboration is improving and it’s easier to work transversally. Overall, I would recommend Skapa without hesitation.",True,promoter,positive
1612,202401714,2024,6,The employer brand could be stronger to attract and retain top talent. Some tools and processes are slow and create friction in day-to-day delivery.,True,detractor,negative
1613,202400265,2024,9,"Digital tools and processes are improving and make delivery more efficient. The company feels stable and well-positioned in the market, with strong client demand. Overall, I would recommend Skapa without hesitation.",True,promoter,positive
1614,202401395,2024,5,The values are stated clearly but not always reflected in day-to-day decisions.,True,detractor,negative
1615,202400333,2024,10,"I appreciate the trust and autonomy; the management style feels genuinely empowering. Overall, I would recommend Skapa without hesitation.",True,promoter,positive
1616,202400642,2024,8,I see real chances to progress based on merit and impact. Supportive leadership and clear feedback make it easy to do great work.,True,passive,positive
1617,202400192,2024,8,Team spirit is strong and the atmosphere is friendly and supportive.,True,passive,positive
1618,202401241,2024,10,"Compensation feels competitive for the market and responsibilities. Learning opportunities and projects help me build strong consulting skills. Overall, I would recommend Skapa without hesitation.",True,promoter,positive
1619,202400101,2024,8,"Recognition and coaching are consistent, which helps me grow and perform.",True,passive,positive
1620,202400603,2024,9,"Recognition and coaching are consistent, which helps me grow and perform. Overall, I would recommend Skapa without hesitation.",True,promoter,positive
1621,202401231,2024,9,"Innovation and a forward-looking strategy make the business feel resilient. Learning opportunities and projects help me build strong consulting skills. Overall, I would recommend Skapa without hesitation.",True,promoter,positive
1622,202401436,2024,6,Sustained pressure can lead to fatigue and I’ve seen early signs of burnout risk.,True,detractor,negative
1623,202401409,2024,9,Learning opportunities and projects help me build strong consulting skills. Compensation feels competitive for the market and responsibilities. I feel proud to be part of the company.,True,promoter,positive
1624,202400818,2024,8,,False,passive,
1625,202400678,2024,9,Supportive leadership and clear feedback make it easy to do great work. I feel proud to be part of the company.,True,promoter,positive
1626,202401391,2024,7,The employer brand could be stronger to attract and retain top talent. Training is available but time to actually use it is limited during peak delivery.,True,passive,negative
1627,202401084,2024,9,"Recognition and coaching are consistent, which helps me grow and perform. Overall, I would recommend Skapa without hesitation.",True,promoter,positive
1628,202401262,2024,7,Some tools and processes are slow and create friction in day-to-day delivery.,True,passive,negative
1629,202401734,2024,10,I’m satisfied with my pay and the overall benefits package. I feel proud to be part of the company.,True,promoter,positive
1630,202401200,2024,9,"Supportive leadership and clear feedback make it easy to do great work. I feel aligned with the values, especially inclusion, sustainability and fairness. I feel proud to be part of the company.",True,promoter,positive
1631,202400046,2024,9,"Skapa remains attractive with interesting missions and a solid reputation. Overall, I would recommend Skapa without hesitation.",True,promoter,positive
1632,202400061,2024,8,Innovation and a forward-looking strategy make the business feel resilient.,True,passive,positive
1633,202400583,2024,7,"Career progression can feel unclear, especially around the criteria for promotion. I worry about competitiveness and the pace of adapting to market changes.",True,passive,negative
1634,202400032,2024,7,Some tools and processes are slow and create friction in day-to-day delivery.,True,passive,negative
1635,202401340,2024,5,,False,detractor,
1636,202400286,2024,8,Skapa remains attractive with interesting missions and a solid reputation.,True,passive,positive
1637,202400726,2024,9,,False,promoter,
1638,202400658,2024,8,Innovation and a forward-looking strategy make the business feel resilient.,True,passive,positive
1639,202401991,2024,9,"Team spirit is strong and the atmosphere is friendly and supportive. I appreciate the trust and autonomy; the management style feels genuinely empowering. Overall, I would recommend Skapa without hesitation.",True,promoter,positive
1640,202401782,2024,8,"Career paths are becoming clearer and internal mobility feels realistic. Recognition and coaching are consistent, which helps me grow and perform.",True,passive,positive
1641,202401453,2024,6,Training is available but time to actually use it is limited during peak delivery.,True,detractor,negative
1642,202400454,2024,7,Team spirit is strong and the atmosphere is friendly and supportive. I would like more regular coaching and clearer expectations from leadership.,True,passive,to be determined
1643,202401311,2024,8,Digital tools and processes are improving and make delivery more efficient. Innovation and a forward-looking strategy make the business feel resilient.,True,passive,positive
1644,202401977,2024,9,"Team spirit is strong and the atmosphere is friendly and supportive. Overall, I would recommend Skapa without hesitation.",True,promoter,positive
1645,202401785,2024,8,"I feel aligned with the values, especially inclusion, sustainability and fairness.",True,passive,positive
1646,202401609,2024,8,Compensation feels competitive for the market and responsibilities.,True,passive,positive
1647,202400643,2024,9,I see real chances to progress based on merit and impact. Innovation and a forward-looking strategy make the business feel resilient. I feel proud to be part of the company.,True,promoter,positive
1648,202400822,2024,7,,False,passive,
1649,202400765,2024,7,,False,passive,
1650,202400010,2024,8,I’m satisfied with my pay and the overall benefits package.,True,passive,positive
1651,202400264,2024,10,Compensation feels competitive for the market and responsibilities. I feel proud to be part of the company.,True,promoter,positive
1652,202401620,2024,8,,False,passive,
1653,202401990,2024,6,Team cohesion varies by project and it can feel isolating when switching assignments. Work-life balance could improve; overtime can become the default during delivery.,True,detractor,negative
1654,202400249,2024,7,Recent uncertainty in priorities makes the long-term direction feel less clear.,True,passive,negative
1655,202401687,2024,10,"I appreciate the trust and autonomy; the management style feels genuinely empowering. Overall, I would recommend Skapa without hesitation.",True,promoter,positive
1656,202401012,2024,9,"Digital tools and processes are improving and make delivery more efficient. Overall, I would recommend Skapa without hesitation.",True,promoter,positive
1657,202401924,2024,7,Compensation has not kept pace with inflation and market benchmarks.,True,passive,negative
1658,202401987,2024,8,Team spirit is strong and the atmosphere is friendly and supportive. I can maintain a healthy balance most of the time and flexibility helps.,True,passive,positive
1659,202401081,2024,8,I see real chances to progress based on merit and impact.,True,passive,positive
1660,202401795,2024,9,,False,promoter,
1661,202401169,2024,8,,False,passive,
1662,202400730,2024,9,"Client exposure and variety of missions are a real strength of consulting here. Supportive leadership and clear feedback make it easy to do great work. Overall, I would recommend Skapa without hesitation.",True,promoter,positive
1663,202400835,2024,7,,False,passive,
1664,202400823,2024,8,I can maintain a healthy balance most of the time and flexibility helps.,True,passive,positive
1665,202401442,2024,7,Work-life balance could improve; overtime can become the default during delivery.,True,passive,negative
1666,202400961,2024,8,Digital tools and processes are improving and make delivery more efficient. Learning opportunities and projects help me build strong consulting skills.,True,passive,positive
1667,202400293,2024,8,,False,passive,
1668,202401288,2024,7,Compensation has not kept pace with inflation and market benchmarks.,True,passive,negative
1669,202400715,2024,9,Skapa remains attractive with interesting missions and a solid reputation. I feel proud to be part of the company.,True,promoter,positive
1670,202401286,2024,6,,False,detractor,
1671,202401704,2024,8,Career paths are becoming clearer and internal mobility feels realistic.,True,passive,to be determined
1672,202400258,2024,8,I’m satisfied with my pay and the overall benefits package.,True,passive,positive
1673,202401716,2024,8,"The company feels stable and well-positioned in the market, with strong client demand. Supportive leadership and clear feedback make it easy to do great work.",True,passive,positive
1674,202402010,2024,10,"Onboarding and integration were smooth, and the team culture is welcoming. I feel proud to be part of the company.",True,promoter,positive
1675,202400207,2024,7,Sustained pressure can lead to fatigue and I’ve seen early signs of burnout risk. Management practices feel inconsistent and feedback is often too late to be useful.,True,passive,negative
1676,202400707,2024,8,"Career paths are becoming clearer and internal mobility feels realistic. The company feels stable and well-positioned in the market, with strong client demand.",True,passive,positive
1677,202401097,2024,7,"I would like to see stronger action on inclusion and equity, not just messaging. Some tools and processes are slow and create friction in day-to-day delivery.",True,passive,to be determined
1678,202400675,2024,8,I’m satisfied with my pay and the overall benefits package.,True,passive,positive
1679,202401103,2024,7,,False,passive,
1680,202400802,2024,6,Training is available but time to actually use it is limited during peak delivery.,True,detractor,negative
1681,202400786,2024,8,I’m satisfied with my pay and the overall benefits package. Digital tools and processes are improving and make delivery more efficient.,True,passive,positive
1682,202401276,2024,8,Career paths are becoming clearer and internal mobility feels realistic.,True,passive,to be determined
1683,202401217,2024,8,Innovation and a forward-looking strategy make the business feel resilient. I appreciate the trust and autonomy; the management style feels genuinely empowering.,True,passive,positive
1684,202401847,2024,8,Compensation feels competitive for the market and responsibilities.,True,passive,positive
1685,202400633,2024,8,,False,passive,
1686,202401308,2024,8,,False,passive,
1687,202400930,2024,8,"I appreciate the trust and autonomy; the management style feels genuinely empowering. Onboarding and integration were smooth, and the team culture is welcoming.",True,passive,positive
1688,202401726,2024,8,I appreciate the increased transparency from leadership on decisions and direction. Skapa remains attractive with interesting missions and a solid reputation.,True,passive,positive
1689,202401212,2024,9,"Innovation and a forward-looking strategy make the business feel resilient. Recognition and coaching are consistent, which helps me grow and perform. Overall, I would recommend Skapa without hesitation.",True,promoter,positive
1690,202400034,2024,6,Training is available but time to actually use it is limited during peak delivery.,True,detractor,negative
1691,202400742,2024,8,Learning opportunities and projects help me build strong consulting skills. I can maintain a healthy balance most of the time and flexibility helps.,True,passive,positive
1692,202401812,2024,8,,False,passive,
1693,202400683,2024,10,"Tools and logistics support delivery well, and the hybrid setup works smoothly. Compensation feels competitive for the market and responsibilities. I feel proud to be part of the company.",True,promoter,positive
1694,202400277,2024,8,"Digital tools and processes are improving and make delivery more efficient. Tools and logistics support delivery well, and the hybrid setup works smoothly.",True,passive,positive
1695,202401972,2024,8,Team spirit is strong and the atmosphere is friendly and supportive.,True,passive,positive
1696,202400053,2024,7,Bench periods and project allocation could be handled more consistently.,True,passive,negative
1697,202401191,2024,9,"Work conditions are good overall and hybrid work is handled pragmatically. I see real chances to progress based on merit and impact. Overall, I would recommend Skapa without hesitation.",True,promoter,positive
1698,202401439,2024,7,Sustained pressure can lead to fatigue and I’ve seen early signs of burnout risk. I worry about competitiveness and the pace of adapting to market changes.,True,passive,negative
1699,202401487,2024,10,"Onboarding and integration were smooth, and the team culture is welcoming. I feel proud to be part of the company.",True,promoter,positive
1700,202400396,2024,8,,False,passive,
1701,202400178,2024,7,I worry about competitiveness and the pace of adapting to market changes. Sometimes the work feels less meaningful when priorities are driven mainly by utilization.,True,passive,negative
1702,202401722,2024,10,"Supportive leadership and clear feedback make it easy to do great work. The company feels stable and well-positioned in the market, with strong client demand. I feel proud to be part of the company.",True,promoter,positive
1703,202400268,2024,9,,False,promoter,
1704,202401398,2024,8,I appreciate the trust and autonomy; the management style feels genuinely empowering.,True,passive,positive
1705,202401670,2024,6,I would like more regular coaching and clearer expectations from leadership. Workload peaks can be intense and staffing feels tight on some projects.,True,detractor,negative
1706,202401870,2024,7,,False,passive,
1707,202400239,2024,10,Skapa remains attractive with interesting missions and a solid reputation. I’m satisfied with my pay and the overall benefits package. I feel proud to be part of the company.,True,promoter,positive
1708,202401295,2024,8,There is a genuine commitment to responsible consulting and a respectful culture. Career paths are becoming clearer and internal mobility feels realistic.,True,passive,positive
1709,202400449,2024,9,"Career paths are becoming clearer and internal mobility feels realistic. Compensation feels competitive for the market and responsibilities. Overall, I would recommend Skapa without hesitation.",True,promoter,positive
1710,202401550,2024,7,The employer brand could be stronger to attract and retain top talent.,True,passive,to be determined
1711,202400137,2024,8,"Tools and logistics support delivery well, and the hybrid setup works smoothly.",True,passive,positive
1712,202401866,2024,7,Team spirit is strong and the atmosphere is friendly and supportive.,True,passive,positive
1713,202400134,2024,8,Skapa remains attractive with interesting missions and a solid reputation.,True,passive,positive
1714,202400462,2024,7,Sustained pressure can lead to fatigue and I’ve seen early signs of burnout risk.,True,passive,negative
1715,202400232,2024,7,,False,passive,
1716,202400082,2024,7,Internal collaboration can feel siloed and handoffs between teams are not always smooth.,True,passive,negative
1717,202400425,2024,9,I’m satisfied with my pay and the overall benefits package. I appreciate the increased transparency from leadership on decisions and direction. I feel proud to be part of the company.,True,promoter,positive
1718,202401120,2024,8,"The company feels stable and well-positioned in the market, with strong client demand.",True,passive,positive
1719,202401965,2024,10,I see real chances to progress based on merit and impact. I feel proud to be part of the company.,True,promoter,positive
1720,202400737,2024,7,"Career progression can feel unclear, especially around the criteria for promotion. Sometimes the work feels less meaningful when priorities are driven mainly by utilization.",True,passive,negative
1721,202402000,2024,8,"Onboarding and integration were smooth, and the team culture is welcoming.",True,passive,positive
1722,202401773,2024,8,Supportive leadership and clear feedback make it easy to do great work.,True,passive,positive
1723,202401119,2024,9,"Team spirit is strong and the atmosphere is friendly and supportive. I’m satisfied with my pay and the overall benefits package. Overall, I would recommend Skapa without hesitation.",True,promoter,positive
1724,202401986,2024,10,"Team spirit is strong and the atmosphere is friendly and supportive. I appreciate the increased transparency from leadership on decisions and direction. Overall, I would recommend Skapa without hesitation.",True,promoter,positive
1725,202401214,2024,8,There is a genuine commitment to responsible consulting and a respectful culture.,True,passive,positive
1726,202401988,2024,7,"Management practices feel inconsistent and feedback is often too late to be useful. Onboarding and integration were smooth, and the team culture is welcoming.",True,passive,to be determined
1727,202400499,2024,7,The employer brand could be stronger to attract and retain top talent.,True,passive,to be determined
1728,202401363,2024,7,The employer brand could be stronger to attract and retain top talent. Management practices feel inconsistent and feedback is often too late to be useful.,True,passive,to be determined
1729,202401820,2024,6,"Career progression can feel unclear, especially around the criteria for promotion.",True,detractor,negative
1730,202401343,2024,7,Management practices feel inconsistent and feedback is often too late to be useful.,True,passive,negative
1731,202401794,2024,6,Team cohesion varies by project and it can feel isolating when switching assignments.,True,detractor,negative
1732,202401482,2024,8,I can maintain a healthy balance most of the time and flexibility helps.,True,passive,positive
1733,202401636,2024,8,I appreciate the trust and autonomy; the management style feels genuinely empowering. Skapa remains attractive with interesting missions and a solid reputation.,True,passive,positive
1734,202401069,2024,9,"Recognition and coaching are consistent, which helps me grow and perform. The strategy is clearer and leadership communicates priorities more consistently. Overall, I would recommend Skapa without hesitation.",True,promoter,positive
1735,202400892,2024,7,I worry about competitiveness and the pace of adapting to market changes.,True,passive,negative
1736,202400509,2024,9,Compensation feels competitive for the market and responsibilities. I feel proud to be part of the company.,True,promoter,positive
1737,202400899,2024,6,,False,detractor,
1738,202401131,2024,9,,False,promoter,
1739,202401330,2024,8,,False,passive,
1740,202401932,2024,8,"I appreciate the trust and autonomy; the management style feels genuinely empowering. The company feels stable and well-positioned in the market, with strong client demand.",True,passive,positive
1741,202401720,2024,8,I appreciate the increased transparency from leadership on decisions and direction.,True,passive,positive
1742,202400791,2024,7,,False,passive,
1743,202400664,2024,6,Recent uncertainty in priorities makes the long-term direction feel less clear.,True,detractor,negative
1744,202401403,2024,10,I appreciate the trust and autonomy; the management style feels genuinely empowering. I feel proud to be part of the company.,True,promoter,positive
1745,202401102,2024,8,"Recognition and coaching are consistent, which helps me grow and perform.",True,passive,positive
1746,202401452,2024,8,Supportive leadership and clear feedback make it easy to do great work.,True,passive,positive
1747,202400696,2024,8,"Recognition and coaching are consistent, which helps me grow and perform.",True,passive,positive
1748,202400923,2024,9,,False,promoter,
1749,202401660,2024,10,"I’m satisfied with my pay and the overall benefits package. Overall, I would recommend Skapa without hesitation.",True,promoter,positive
1750,202401799,2024,6,"Career progression can feel unclear, especially around the criteria for promotion.",True,detractor,negative
1751,202401278,2024,8,Work conditions are good overall and hybrid work is handled pragmatically.,True,passive,positive
1752,202401961,2024,7,"Onboarding and integration were smooth, and the team culture is welcoming.",True,passive,positive
1753,202401323,2024,8,"Tools and logistics support delivery well, and the hybrid setup works smoothly.",True,passive,positive
1754,202400993,2024,8,Skapa remains attractive with interesting missions and a solid reputation.,True,passive,positive
1755,202401639,2024,9,"Compensation feels competitive for the market and responsibilities. Overall, I would recommend Skapa without hesitation.",True,promoter,positive
1756,202401011,2024,6,,False,detractor,
1757,202401304,2024,7,,False,passive,
1758,202400992,2024,8,There is a genuine commitment to responsible consulting and a respectful culture.,True,passive,positive
1759,202401828,2024,8,I appreciate the trust and autonomy; the management style feels genuinely empowering. I can maintain a healthy balance most of the time and flexibility helps.,True,passive,positive
1760,202400606,2024,8,I appreciate the trust and autonomy; the management style feels genuinely empowering.,True,passive,positive
1761,202401694,2024,7,,False,passive,
1762,202401953,2024,8,Team spirit is strong and the atmosphere is friendly and supportive.,True,passive,positive
1763,202400068,2024,10,Innovation and a forward-looking strategy make the business feel resilient. I appreciate the increased transparency from leadership on decisions and direction. I feel proud to be part of the company.,True,promoter,positive
1764,202400169,2024,7,,False,passive,
1765,202401611,2024,9,,False,promoter,
1766,202400042,2024,10,I see real chances to progress based on merit and impact. I feel proud to be part of the company.,True,promoter,positive
1767,202401416,2024,9,,False,promoter,
1768,202402025,2024,8,Team spirit is strong and the atmosphere is friendly and supportive.,True,passive,positive
1769,202401162,2024,8,Work conditions are good overall and hybrid work is handled pragmatically. Supportive leadership and clear feedback make it easy to do great work.,True,passive,positive
1770,202400593,2024,8,I see real chances to progress based on merit and impact.,True,passive,positive
1771,202401371,2024,8,"I feel aligned with the values, especially inclusion, sustainability and fairness.",True,passive,positive
1772,202400904,2024,9,"Client exposure and variety of missions are a real strength of consulting here. Digital tools and processes are improving and make delivery more efficient. Overall, I would recommend Skapa without hesitation.",True,promoter,positive
1773,202401805,2024,7,"Career progression can feel unclear, especially around the criteria for promotion.",True,passive,negative
1774,202400304,2024,9,Cross-team collaboration is improving and it’s easier to work transversally. The work feels meaningful because projects have clear impact for clients and society. I feel proud to be part of the company.,True,promoter,positive
1775,202401199,2024,8,Learning opportunities and projects help me build strong consulting skills.,True,passive,positive
1776,202401999,2024,9,Supportive leadership and clear feedback make it easy to do great work. I feel proud to be part of the company.,True,promoter,positive
1777,202400820,2024,5,Decision-making can feel top-down and recognition for effort is not always there.,True,detractor,negative
1778,202401235,2024,9,"Recognition and coaching are consistent, which helps me grow and perform. I can maintain a healthy balance most of the time and flexibility helps. I feel proud to be part of the company.",True,promoter,positive
1779,202400141,2024,8,Career paths are becoming clearer and internal mobility feels realistic.,True,passive,to be determined
1780,202401046,2024,9,"Innovation and a forward-looking strategy make the business feel resilient. Learning opportunities and projects help me build strong consulting skills. Overall, I would recommend Skapa without hesitation.",True,promoter,positive
1781,202400870,2024,6,Workload peaks can be intense and staffing feels tight on some projects.,True,detractor,negative
1782,202400287,2024,9,"The work feels meaningful because projects have clear impact for clients and society. Overall, I would recommend Skapa without hesitation.",True,promoter,positive
1783,202401950,2024,9,"Onboarding and integration were smooth, and the team culture is welcoming. Team spirit is strong and the atmosphere is friendly and supportive. I feel proud to be part of the company.",True,promoter,positive
1784,202401587,2024,9,"The company feels stable and well-positioned in the market, with strong client demand. I feel proud to be part of the company.",True,promoter,positive
1785,202401622,2024,7,Strategic priorities shift often and it can be hard to understand the direction.,True,passive,negative
1786,202400819,2024,9,"I feel aligned with the values, especially inclusion, sustainability and fairness. Recognition and coaching are consistent, which helps me grow and perform. Overall, I would recommend Skapa without hesitation.",True,promoter,positive
1787,202401095,2024,10,Skapa remains attractive with interesting missions and a solid reputation. I feel proud to be part of the company.,True,promoter,positive
1788,202401123,2024,10,Supportive leadership and clear feedback make it easy to do great work. I can maintain a healthy balance most of the time and flexibility helps. I feel proud to be part of the company.,True,promoter,positive
1789,202401130,2024,5,I would like more structured development and transparency on growth opportunities. Strategic priorities shift often and it can be hard to understand the direction.,True,detractor,negative
1790,202401148,2024,9,Innovation and a forward-looking strategy make the business feel resilient. I feel proud to be part of the company.,True,promoter,positive
1791,202400844,2024,7,Recent uncertainty in priorities makes the long-term direction feel less clear. Sometimes the work feels less meaningful when priorities are driven mainly by utilization.,True,passive,negative
1792,202401058,2024,7,Some tools and processes are slow and create friction in day-to-day delivery.,True,passive,negative
1793,202400731,2024,8,Skapa remains attractive with interesting missions and a solid reputation.,True,passive,positive
1794,202400099,2024,8,I’m satisfied with my pay and the overall benefits package.,True,passive,positive
1795,202400100,2024,10,I appreciate the trust and autonomy; the management style feels genuinely empowering. I feel proud to be part of the company.,True,promoter,positive
1796,202400342,2024,10,"I see real chances to progress based on merit and impact. I’m satisfied with my pay and the overall benefits package. Overall, I would recommend Skapa without hesitation.",True,promoter,positive
1797,202401334,2024,8,,False,passive,
1798,202401789,2024,6,Management practices feel inconsistent and feedback is often too late to be useful.,True,detractor,negative
1799,202400850,2024,7,,False,passive,
1800,202400244,2024,9,,False,promoter,
1801,202400639,2024,7,"I would like to see stronger action on inclusion and equity, not just messaging. Decision-making can feel top-down and recognition for effort is not always there.",True,passive,to be determined
1802,202401974,2024,9,"Onboarding and integration were smooth, and the team culture is welcoming. Overall, I would recommend Skapa without hesitation.",True,promoter,positive
1803,202401446,2024,9,,False,promoter,
1804,202400018,2024,10,Compensation feels competitive for the market and responsibilities. Client exposure and variety of missions are a real strength of consulting here. I feel proud to be part of the company.,True,promoter,positive
1805,202400654,2024,8,Skapa remains attractive with interesting missions and a solid reputation. I see real chances to progress based on merit and impact.,True,passive,positive
1806,202401180,2024,8,"Recognition and coaching are consistent, which helps me grow and perform. Innovation and a forward-looking strategy make the business feel resilient.",True,passive,positive
1807,202400525,2024,6,Team cohesion varies by project and it can feel isolating when switching assignments.,True,detractor,negative
1808,202400546,2024,10,"Onboarding and integration were smooth, and the team culture is welcoming. I feel aligned with the values, especially inclusion, sustainability and fairness. Overall, I would recommend Skapa without hesitation.",True,promoter,positive
1809,202401242,2024,7,Compensation has not kept pace with inflation and market benchmarks.,True,passive,negative
1810,202401684,2024,7,"Career progression can feel unclear, especially around the criteria for promotion.",True,passive,negative
1811,202400158,2024,7,Compensation has not kept pace with inflation and market benchmarks.,True,passive,negative
1812,202400660,2024,9,,False,promoter,
1813,202401390,2024,6,I would like more structured development and transparency on growth opportunities. Sustained pressure can lead to fatigue and I’ve seen early signs of burnout risk.,True,detractor,negative
1814,202400440,2024,9,"The work feels meaningful because projects have clear impact for clients and society. Skapa remains attractive with interesting missions and a solid reputation. Overall, I would recommend Skapa without hesitation.",True,promoter,positive
1815,202400160,2024,9,Innovation and a forward-looking strategy make the business feel resilient. I feel proud to be part of the company.,True,promoter,positive
1816,202400662,2024,10,I can maintain a healthy balance most of the time and flexibility helps. I feel proud to be part of the company.,True,promoter,positive
1817,202400365,2024,6,Sustained pressure can lead to fatigue and I’ve seen early signs of burnout risk. I worry about competitiveness and the pace of adapting to market changes.,True,detractor,negative
1818,202401253,2024,6,Management practices feel inconsistent and feedback is often too late to be useful.,True,detractor,negative
1819,202401449,2024,9,"Learning opportunities and projects help me build strong consulting skills. I’m satisfied with my pay and the overall benefits package. Overall, I would recommend Skapa without hesitation.",True,promoter,positive
1820,202401133,2024,6,Management practices feel inconsistent and feedback is often too late to be useful.,True,detractor,negative
1821,202400782,2024,8,I can maintain a healthy balance most of the time and flexibility helps.,True,passive,positive
1822,202401313,2024,7,"I worry about competitiveness and the pace of adapting to market changes. I would like to see stronger action on inclusion and equity, not just messaging.",True,passive,negative
1823,202401541,2024,8,I appreciate the trust and autonomy; the management style feels genuinely empowering.,True,passive,positive
1824,202400215,2024,7,Training is available but time to actually use it is limited during peak delivery.,True,passive,negative
1825,202400617,2024,9,I see real chances to progress based on merit and impact. I feel proud to be part of the company.,True,promoter,positive
1826,202400732,2024,7,Workload peaks can be intense and staffing feels tight on some projects.,True,passive,negative
1827,202400600,2024,7,Sustained pressure can lead to fatigue and I’ve seen early signs of burnout risk.,True,passive,negative
1828,202401466,2024,6,,False,detractor,
1829,202402022,2024,9,"The company feels stable and well-positioned in the market, with strong client demand. I feel proud to be part of the company.",True,promoter,positive
1830,202400362,2024,10,Client exposure and variety of missions are a real strength of consulting here. I feel proud to be part of the company.,True,promoter,positive
1831,202401934,2024,8,Learning opportunities and projects help me build strong consulting skills.,True,passive,positive
1832,202400856,2024,7,Training is available but time to actually use it is limited during peak delivery. Sustained pressure can lead to fatigue and I’ve seen early signs of burnout risk.,True,passive,negative
1833,202400902,2024,10,Career paths are becoming clearer and internal mobility feels realistic. I feel proud to be part of the company.,True,promoter,positive
1834,202400578,2024,9,"I feel aligned with the values, especially inclusion, sustainability and fairness. Compensation feels competitive for the market and responsibilities. Overall, I would recommend Skapa without hesitation.",True,promoter,positive
1835,202401344,2024,9,Work conditions are good overall and hybrid work is handled pragmatically. I feel proud to be part of the company.,True,promoter,positive
1836,202400496,2024,9,Innovation and a forward-looking strategy make the business feel resilient. I feel proud to be part of the company.,True,promoter,positive
1837,202401192,2024,8,Skapa remains attractive with interesting missions and a solid reputation.,True,passive,positive
1838,202400033,2024,8,Supportive leadership and clear feedback make it easy to do great work.,True,passive,positive
1839,202400289,2024,8,I’m satisfied with my pay and the overall benefits package.,True,passive,positive
1840,202400473,2024,8,Work conditions are good overall and hybrid work is handled pragmatically. Innovation and a forward-looking strategy make the business feel resilient.,True,passive,positive
1841,202400970,2024,10,"I’m satisfied with my pay and the overall benefits package. Overall, I would recommend Skapa without hesitation.",True,promoter,positive
1842,202401964,2024,7,,False,passive,
1843,202401041,2024,8,"Innovation and a forward-looking strategy make the business feel resilient. Recognition and coaching are consistent, which helps me grow and perform.",True,passive,positive
1844,202401424,2024,9,"Learning opportunities and projects help me build strong consulting skills. Overall, I would recommend Skapa without hesitation.",True,promoter,positive
1845,202400526,2024,8,Innovation and a forward-looking strategy make the business feel resilient. I appreciate the trust and autonomy; the management style feels genuinely empowering.,True,passive,positive
1846,202401470,2024,8,Supportive leadership and clear feedback make it easy to do great work.,True,passive,positive
1847,202401909,2024,9,"Onboarding and integration were smooth, and the team culture is welcoming. Overall, I would recommend Skapa without hesitation.",True,promoter,positive
1848,202400006,2024,6,Pay progression feels slow compared with responsibilities and performance expectations. Training is available but time to actually use it is limited during peak delivery.,True,detractor,negative
1849,202400694,2024,7,I would like more regular coaching and clearer expectations from leadership. I worry about competitiveness and the pace of adapting to market changes.,True,passive,negative
1850,202401228,2024,8,Skapa remains attractive with interesting missions and a solid reputation. Supportive leadership and clear feedback make it easy to do great work.,True,passive,positive
1851,202400747,2024,9,"Supportive leadership and clear feedback make it easy to do great work. The work feels meaningful because projects have clear impact for clients and society. Overall, I would recommend Skapa without hesitation.",True,promoter,positive
1852,202401553,2024,10,I appreciate the increased transparency from leadership on decisions and direction. I feel proud to be part of the company.,True,promoter,positive
1853,202400887,2024,8,I see real chances to progress based on merit and impact.,True,passive,positive
1854,202400505,2024,7,Compensation has not kept pace with inflation and market benchmarks.,True,passive,negative
1855,202400064,2024,7,Decision-making can feel top-down and recognition for effort is not always there.,True,passive,negative
1856,202400853,2024,6,Management practices feel inconsistent and feedback is often too late to be useful.,True,detractor,negative
1857,202400336,2024,7,"Career progression can feel unclear, especially around the criteria for promotion. Management practices feel inconsistent and feedback is often too late to be useful.",True,passive,negative
1858,202400575,2024,9,,False,promoter,
1859,202401287,2024,9,"The company feels stable and well-positioned in the market, with strong client demand. I feel proud to be part of the company.",True,promoter,positive
1860,202400648,2024,9,"The strategy is clearer and leadership communicates priorities more consistently. Overall, I would recommend Skapa without hesitation.",True,promoter,positive
1861,202402019,2024,7,Team spirit is strong and the atmosphere is friendly and supportive.,True,passive,positive
1862,202400769,2024,9,Digital tools and processes are improving and make delivery more efficient. I feel proud to be part of the company.,True,promoter,positive
1863,202400763,2024,8,"The company feels stable and well-positioned in the market, with strong client demand.",True,passive,positive
1864,202401925,2024,8,"Team spirit is strong and the atmosphere is friendly and supportive. Onboarding and integration were smooth, and the team culture is welcoming.",True,passive,positive
1865,202401900,2024,7,I would like more structured development and transparency on growth opportunities.,True,passive,to be determined
1866,202402028,2024,7,,False,passive,
1867,202400360,2024,10,"I appreciate the increased transparency from leadership on decisions and direction. Overall, I would recommend Skapa without hesitation.",True,promoter,positive
1868,202401163,2024,7,Management practices feel inconsistent and feedback is often too late to be useful. I would like more structured development and transparency on growth opportunities.,True,passive,to be determined
1869,202400913,2024,9,,False,promoter,
1870,202400086,2024,8,The work feels meaningful because projects have clear impact for clients and society. Skapa remains attractive with interesting missions and a solid reputation.,True,passive,positive
1871,202401701,2024,8,,False,passive,
1872,202400796,2024,6,I worry about competitiveness and the pace of adapting to market changes.,True,detractor,negative
1873,202401434,2024,6,Sustained pressure can lead to fatigue and I’ve seen early signs of burnout risk. I would like more structured development and transparency on growth opportunities.,True,detractor,negative
1874,202401031,2024,8,"Onboarding and integration were smooth, and the team culture is welcoming. The work feels meaningful because projects have clear impact for clients and society.",True,passive,positive
1875,202401457,2024,8,"I feel aligned with the values, especially inclusion, sustainability and fairness.",True,passive,positive
1876,202401405,2024,7,Decision-making can feel top-down and recognition for effort is not always there. I worry about competitiveness and the pace of adapting to market changes.,True,passive,negative
1877,202401188,2024,8,Compensation feels competitive for the market and responsibilities.,True,passive,positive
1878,202400490,2024,6,,False,detractor,
1879,202401322,2024,7,"I would like more regular coaching and clearer expectations from leadership. Career progression can feel unclear, especially around the criteria for promotion.",True,passive,negative
1880,202400238,2024,8,,False,passive,
1881,202401860,2024,6,Team cohesion varies by project and it can feel isolating when switching assignments.,True,detractor,negative
1882,202401680,2024,8,"I feel aligned with the values, especially inclusion, sustainability and fairness.",True,passive,positive
1883,202400045,2024,7,,False,passive,
1884,202401946,2024,6,Team cohesion varies by project and it can feel isolating when switching assignments. Recent uncertainty in priorities makes the long-term direction feel less clear.,True,detractor,negative
1885,202401570,2024,9,"Work conditions are good overall and hybrid work is handled pragmatically. Overall, I would recommend Skapa without hesitation.",True,promoter,positive
1886,202401797,2024,7,Internal collaboration can feel siloed and handoffs between teams are not always smooth.,True,passive,negative
1887,202400416,2024,9,"Skapa remains attractive with interesting missions and a solid reputation. I’m satisfied with my pay and the overall benefits package. Overall, I would recommend Skapa without hesitation.",True,promoter,positive
1888,202401417,2024,7,"Internal collaboration can feel siloed and handoffs between teams are not always smooth. Career progression can feel unclear, especially around the criteria for promotion.",True,passive,negative
1889,202400243,2024,7,,False,passive,
1890,202400941,2024,10,"Learning opportunities and projects help me build strong consulting skills. I’m satisfied with my pay and the overall benefits package. Overall, I would recommend Skapa without hesitation.",True,promoter,positive
1891,202401565,2024,8,"Tools and logistics support delivery well, and the hybrid setup works smoothly.",True,passive,positive
1892,202401198,2024,6,,False,detractor,
1893,202401454,2024,9,Career paths are becoming clearer and internal mobility feels realistic. I feel proud to be part of the company.,True,promoter,positive
1894,202400867,2024,8,Supportive leadership and clear feedback make it easy to do great work.,True,passive,positive
1895,202400560,2024,6,"I would like to see stronger action on inclusion and equity, not just messaging. Compensation has not kept pace with inflation and market benchmarks.",True,detractor,negative
1896,202400122,2024,7,Training is available but time to actually use it is limited during peak delivery. I would like more regular coaching and clearer expectations from leadership.,True,passive,negative
1897,202400230,2024,7,,False,passive,
1898,202401418,2024,8,Career paths are becoming clearer and internal mobility feels realistic.,True,passive,to be determined
1899,202400814,2024,6,Bench periods and project allocation could be handled more consistently.,True,detractor,negative
1900,202401445,2024,7,Pay progression feels slow compared with responsibilities and performance expectations. Work-life balance could improve; overtime can become the default during delivery.,True,passive,negative
1901,202401575,2024,8,Learning opportunities and projects help me build strong consulting skills. I can maintain a healthy balance most of the time and flexibility helps.,True,passive,positive
1902,202401335,2024,7,,False,passive,
1903,202401886,2024,6,I worry about competitiveness and the pace of adapting to market changes.,True,detractor,negative
1904,202400106,2024,8,,False,passive,
1905,202401664,2024,7,Team spirit is strong and the atmosphere is friendly and supportive.,True,passive,positive
1906,202400878,2024,8,Digital tools and processes are improving and make delivery more efficient. Supportive leadership and clear feedback make it easy to do great work.,True,passive,positive
1907,202401239,2024,8,Supportive leadership and clear feedback make it easy to do great work.,True,passive,positive
1908,202401118,2024,7,Compensation has not kept pace with inflation and market benchmarks. Workload peaks can be intense and staffing feels tight on some projects.,True,passive,negative
1909,202400689,2024,7,,False,passive,
1910,202401356,2024,9,I appreciate the increased transparency from leadership on decisions and direction. Learning opportunities and projects help me build strong consulting skills. I feel proud to be part of the company.,True,promoter,positive
1911,202401393,2024,7,,False,passive,
1912,202400171,2024,8,I can maintain a healthy balance most of the time and flexibility helps.,True,passive,positive
1913,202400273,2024,8,Supportive leadership and clear feedback make it easy to do great work.,True,passive,positive
1914,202400139,2024,8,I appreciate the increased transparency from leadership on decisions and direction. Cross-team collaboration is improving and it’s easier to work transversally.,True,passive,positive
1915,202401194,2024,8,"Career paths are becoming clearer and internal mobility feels realistic. Recognition and coaching are consistent, which helps me grow and perform.",True,passive,positive
1916,202401559,2024,9,"Career paths are becoming clearer and internal mobility feels realistic. Overall, I would recommend Skapa without hesitation.",True,promoter,positive
1917,202400358,2024,9,"I see real chances to progress based on merit and impact. Recognition and coaching are consistent, which helps me grow and perform. Overall, I would recommend Skapa without hesitation.",True,promoter,positive
1918,202400466,2024,9,"Compensation feels competitive for the market and responsibilities. Skapa remains attractive with interesting missions and a solid reputation. Overall, I would recommend Skapa without hesitation.",True,promoter,positive
1919,202401679,2024,10,"Career paths are becoming clearer and internal mobility feels realistic. Overall, I would recommend Skapa without hesitation.",True,promoter,positive
1920,202401702,2024,10,"There is a genuine commitment to responsible consulting and a respectful culture. Overall, I would recommend Skapa without hesitation.",True,promoter,positive
1921,202401070,2024,8,Compensation feels competitive for the market and responsibilities. Work conditions are good overall and hybrid work is handled pragmatically.,True,passive,positive
1922,202401098,2024,6,,False,detractor,
1923,202400652,2024,7,Sometimes the work feels less meaningful when priorities are driven mainly by utilization. The employer brand could be stronger to attract and retain top talent.,True,passive,to be determined
1924,202401903,2024,6,Team cohesion varies by project and it can feel isolating when switching assignments.,True,detractor,negative
1925,202400563,2024,7,Decision-making can feel top-down and recognition for effort is not always there.,True,passive,negative
1926,202401952,2024,8,,False,passive,
1927,202401422,2024,9,"Supportive leadership and clear feedback make it easy to do great work. The company feels stable and well-positioned in the market, with strong client demand. I feel proud to be part of the company.",True,promoter,positive
1928,202401182,2024,8,I appreciate the increased transparency from leadership on decisions and direction. I’m satisfied with my pay and the overall benefits package.,True,passive,positive
1929,202401922,2024,10,"Onboarding and integration were smooth, and the team culture is welcoming. I feel proud to be part of the company.",True,promoter,positive
1930,202401175,2024,8,Innovation and a forward-looking strategy make the business feel resilient.,True,passive,positive
1931,202400489,2024,7,"I would like to see stronger action on inclusion and equity, not just messaging.",True,passive,to be determined
1932,202401347,2024,9,"Career paths are becoming clearer and internal mobility feels realistic. I’m satisfied with my pay and the overall benefits package. Overall, I would recommend Skapa without hesitation.",True,promoter,positive
1933,202400713,2024,7,Compensation has not kept pace with inflation and market benchmarks.,True,passive,negative
1934,202400704,2024,8,The work feels meaningful because projects have clear impact for clients and society. Learning opportunities and projects help me build strong consulting skills.,True,passive,positive
1935,202400096,2024,7,I worry about competitiveness and the pace of adapting to market changes. Work-life balance could improve; overtime can become the default during delivery.,True,passive,negative
1936,202401561,2024,6,Sometimes the work feels less meaningful when priorities are driven mainly by utilization.,True,detractor,negative
1937,202400699,2024,7,Strategic priorities shift often and it can be hard to understand the direction. Sustained pressure can lead to fatigue and I’ve seen early signs of burnout risk.,True,passive,negative
1938,202400779,2024,7,Pay progression feels slow compared with responsibilities and performance expectations.,True,passive,negative
1939,202400910,2024,9,"Learning opportunities and projects help me build strong consulting skills. Tools and logistics support delivery well, and the hybrid setup works smoothly. I feel proud to be part of the company.",True,promoter,positive
1940,202401599,2024,7,,False,passive,
1941,202401917,2024,9,"I can maintain a healthy balance most of the time and flexibility helps. Overall, I would recommend Skapa without hesitation.",True,promoter,positive
1942,202400519,2024,8,Innovation and a forward-looking strategy make the business feel resilient.,True,passive,positive
1943,202400549,2024,8,"Onboarding and integration were smooth, and the team culture is welcoming.",True,passive,positive
1944,202401247,2024,8,,False,passive,
1945,202400380,2024,8,The work feels meaningful because projects have clear impact for clients and society. Supportive leadership and clear feedback make it easy to do great work.,True,passive,positive
1946,202400821,2024,6,I would like more structured development and transparency on growth opportunities. Pay progression feels slow compared with responsibilities and performance expectations.,True,detractor,negative
1947,202400316,2024,9,"Skapa remains attractive with interesting missions and a solid reputation. I see real chances to progress based on merit and impact. Overall, I would recommend Skapa without hesitation.",True,promoter,positive
1948,202400274,2024,8,Learning opportunities and projects help me build strong consulting skills.,True,passive,positive
1949,202400176,2024,10,"Team spirit is strong and the atmosphere is friendly and supportive. Overall, I would recommend Skapa without hesitation.",True,promoter,positive
1950,202401359,2024,10,"Tools and logistics support delivery well, and the hybrid setup works smoothly. I feel proud to be part of the company.",True,promoter,positive
1951,202400858,2024,7,,False,passive,
1952,202401529,2024,7,,False,passive,
1953,202400793,2024,9,I appreciate the trust and autonomy; the management style feels genuinely empowering. Client exposure and variety of missions are a real strength of consulting here. I feel proud to be part of the company.,True,promoter,positive
1954,202400083,2024,8,Supportive leadership and clear feedback make it easy to do great work. Career paths are becoming clearer and internal mobility feels realistic.,True,passive,positive
1955,202400533,2024,8,,False,passive,
1956,202401092,2024,6,"Career progression can feel unclear, especially around the criteria for promotion. Decision-making can feel top-down and recognition for effort is not always there.",True,detractor,negative
1957,202400453,2024,10,"Tools and logistics support delivery well, and the hybrid setup works smoothly. Overall, I would recommend Skapa without hesitation.",True,promoter,positive
1958,202400580,2024,8,The work feels meaningful because projects have clear impact for clients and society.,True,passive,positive
1959,202401543,2024,6,Team cohesion varies by project and it can feel isolating when switching assignments.,True,detractor,negative
1960,202401051,2024,10,"Career paths are becoming clearer and internal mobility feels realistic. Overall, I would recommend Skapa without hesitation.",True,promoter,positive
1961,202400905,2024,8,I’m satisfied with my pay and the overall benefits package.,True,passive,positive
1962,202400736,2024,10,"There is a genuine commitment to responsible consulting and a respectful culture. Overall, I would recommend Skapa without hesitation.",True,promoter,positive
1963,202400401,2024,8,There is a genuine commitment to responsible consulting and a respectful culture.,True,passive,positive
1964,202400872,2024,6,I worry about competitiveness and the pace of adapting to market changes.,True,detractor,negative
1965,202400226,2024,6,Compensation has not kept pace with inflation and market benchmarks.,True,detractor,negative
1966,202401003,2024,6,,False,detractor,
1967,202401512,2024,9,"I’m satisfied with my pay and the overall benefits package. Innovation and a forward-looking strategy make the business feel resilient. Overall, I would recommend Skapa without hesitation.",True,promoter,positive
1968,202400229,2024,10,,False,promoter,
1969,202401384,2024,10,There is a genuine commitment to responsible consulting and a respectful culture. Compensation feels competitive for the market and responsibilities. I feel proud to be part of the company.,True,promoter,positive
1970,202402001,2024,10,"Onboarding and integration were smooth, and the team culture is welcoming. Overall, I would recommend Skapa without hesitation.",True,promoter,positive
1971,202401503,2024,9,I see real chances to progress based on merit and impact. Supportive leadership and clear feedback make it easy to do great work. I feel proud to be part of the company.,True,promoter,positive
1972,202401009,2024,9,"I appreciate the increased transparency from leadership on decisions and direction. Client exposure and variety of missions are a real strength of consulting here. Overall, I would recommend Skapa without hesitation.",True,promoter,positive
1973,202400725,2024,9,Supportive leadership and clear feedback make it easy to do great work. Innovation and a forward-looking strategy make the business feel resilient. I feel proud to be part of the company.,True,promoter,positive
1974,202400544,2024,8,Innovation and a forward-looking strategy make the business feel resilient. Team spirit is strong and the atmosphere is friendly and supportive.,True,passive,positive
1975,202401136,2024,9,,False,promoter,
1976,202401360,2024,8,"I see real chances to progress based on merit and impact. Tools and logistics support delivery well, and the hybrid setup works smoothly.",True,passive,positive
1977,202401938,2024,7,Pay progression feels slow compared with responsibilities and performance expectations.,True,passive,negative
1978,202401336,2024,8,I’m satisfied with my pay and the overall benefits package.,True,passive,positive
1979,202401723,2024,10,"I appreciate the trust and autonomy; the management style feels genuinely empowering. Career paths are becoming clearer and internal mobility feels realistic. Overall, I would recommend Skapa without hesitation.",True,promoter,positive
1980,202400025,2024,8,,False,passive,
1981,202400109,2024,10,Supportive leadership and clear feedback make it easy to do great work. I feel proud to be part of the company.,True,promoter,positive
1982,202400047,2024,7,,False,passive,
1983,202400792,2024,6,The employer brand could be stronger to attract and retain top talent.,True,detractor,negative
1984,202401832,2024,8,The work feels meaningful because projects have clear impact for clients and society.,True,passive,positive
1985,202400724,2024,9,I’m satisfied with my pay and the overall benefits package. I feel proud to be part of the company.,True,promoter,positive
1986,202401291,2024,10,"The company feels stable and well-positioned in the market, with strong client demand. Work conditions are good overall and hybrid work is handled pragmatically. I feel proud to be part of the company.",True,promoter,positive
1987,202401052,2024,9,Supportive leadership and clear feedback make it easy to do great work. I feel proud to be part of the company.,True,promoter,positive
1988,202401564,2024,9,"Recognition and coaching are consistent, which helps me grow and perform. Learning opportunities and projects help me build strong consulting skills. Overall, I would recommend Skapa without hesitation.",True,promoter,positive
1989,202401607,2024,7,,False,passive,
1990,202400723,2024,8,"Recognition and coaching are consistent, which helps me grow and perform. Compensation feels competitive for the market and responsibilities.",True,passive,positive
1991,202400228,2024,7,,False,passive,
1992,202400695,2024,8,,False,passive,
1993,202400387,2024,6,Training is available but time to actually use it is limited during peak delivery. Workload peaks can be intense and staffing feels tight on some projects.,True,detractor,negative
1994,202401115,2024,6,Team cohesion varies by project and it can feel isolating when switching assignments.,True,detractor,negative
1995,202400849,2024,6,Decision-making can feel top-down and recognition for effort is not always there.,True,detractor,negative
1996,202400463,2024,7,Training is available but time to actually use it is limited during peak delivery.,True,passive,negative
1997,202401928,2024,5,Team cohesion varies by project and it can feel isolating when switching assignments.,True,detractor,negative
1998,202400472,2024,8,,False,passive,
1999,202401083,2024,8,,False,passive,
2000,202401299,2024,8,I appreciate the trust and autonomy; the management style feels genuinely empowering.,True,passive,positive
2001,202401711,2024,8,"The company feels stable and well-positioned in the market, with strong client demand.",True,passive,positive
2002,202401073,2024,10,,False,promoter,
2003,202401314,2024,8,"Innovation and a forward-looking strategy make the business feel resilient. I feel aligned with the values, especially inclusion, sustainability and fairness.",True,passive,positive
2004,202400257,2024,7,"Onboarding and integration were smooth, and the team culture is welcoming.",True,passive,positive
2005,202401378,2024,7,,False,passive,
2006,202400494,2024,8,I see real chances to progress based on merit and impact.,True,passive,positive
2007,202400151,2024,9,"Supportive leadership and clear feedback make it easy to do great work. The company feels stable and well-positioned in the market, with strong client demand. I feel proud to be part of the company.",True,promoter,positive
2008,202400298,2024,8,"The company feels stable and well-positioned in the market, with strong client demand.",True,passive,positive
2009,202400465,2024,8,,False,passive,
2010,202400438,2024,9,Client exposure and variety of missions are a real strength of consulting here. I feel proud to be part of the company.,True,promoter,positive
2011,202400279,2024,9,"Skapa remains attractive with interesting missions and a solid reputation. Onboarding and integration were smooth, and the team culture is welcoming. I feel proud to be part of the company.",True,promoter,positive
2012,202401040,2024,8,Skapa remains attractive with interesting missions and a solid reputation. The work feels meaningful because projects have clear impact for clients and society.,True,passive,positive
2013,202400008,2024,9,Innovation and a forward-looking strategy make the business feel resilient. I feel proud to be part of the company.,True,promoter,positive
2014,202400213,2024,7,,False,passive,
2015,202400874,2024,9,I appreciate the trust and autonomy; the management style feels genuinely empowering. Work conditions are good overall and hybrid work is handled pragmatically. I feel proud to be part of the company.,True,promoter,positive
2016,202401916,2024,7,Work-life balance could improve; overtime can become the default during delivery.,True,passive,negative
2017,202401333,2024,7,I would like more structured development and transparency on growth opportunities. Decision-making can feel top-down and recognition for effort is not always there.,True,passive,to be determined
2018,202400611,2024,7,Training is available but time to actually use it is limited during peak delivery. Recent uncertainty in priorities makes the long-term direction feel less clear.,True,passive,negative
2019,202401048,2024,6,Bench periods and project allocation could be handled more consistently. Training is available but time to actually use it is limited during peak delivery.,True,detractor,negative
2020,202401057,2024,10,"I feel aligned with the values, especially inclusion, sustainability and fairness. Overall, I would recommend Skapa without hesitation.",True,promoter,positive
2021,202401100,2024,6,Management practices feel inconsistent and feedback is often too late to be useful. I worry about competitiveness and the pace of adapting to market changes.,True,detractor,negative
2022,202401766,2024,7,I worry about competitiveness and the pace of adapting to market changes. Management practices feel inconsistent and feedback is often too late to be useful.,True,passive,negative
2023,202401227,2024,7,,False,passive,
2024,202400031,2024,10,"The company feels stable and well-positioned in the market, with strong client demand. I’m satisfied with my pay and the overall benefits package. I feel proud to be part of the company.",True,promoter,positive
2025,202400317,2024,9,"I can maintain a healthy balance most of the time and flexibility helps. Overall, I would recommend Skapa without hesitation.",True,promoter,positive
2026,202401560,2024,10,Supportive leadership and clear feedback make it easy to do great work. Compensation feels competitive for the market and responsibilities. I feel proud to be part of the company.,True,promoter,positive
2027,202400568,2024,6,I would like more regular coaching and clearer expectations from leadership. Team cohesion varies by project and it can feel isolating when switching assignments.,True,detractor,negative
2028,202401596,2024,9,I see real chances to progress based on merit and impact. Supportive leadership and clear feedback make it easy to do great work. I feel proud to be part of the company.,True,promoter,positive
2029,202400996,2024,8,I can maintain a healthy balance most of the time and flexibility helps.,True,passive,positive
2030,202400854,2024,10,"Career paths are becoming clearer and internal mobility feels realistic. Overall, I would recommend Skapa without hesitation.",True,promoter,positive
2031,202401062,2024,8,I’m satisfied with my pay and the overall benefits package. Career paths are becoming clearer and internal mobility feels realistic.,True,passive,positive
2032,202400538,2024,8,The work feels meaningful because projects have clear impact for clients and society. I appreciate the increased transparency from leadership on decisions and direction.,True,passive,positive
2033,202400705,2024,7,"Pay progression feels slow compared with responsibilities and performance expectations. Onboarding and integration were smooth, and the team culture is welcoming.",True,passive,negative
2034,202400498,2024,8,I see real chances to progress based on merit and impact. Compensation feels competitive for the market and responsibilities.,True,passive,positive
2035,202400431,2024,9,"Compensation feels competitive for the market and responsibilities. I appreciate the increased transparency from leadership on decisions and direction. Overall, I would recommend Skapa without hesitation.",True,promoter,positive
2036,202401128,2024,8,Compensation feels competitive for the market and responsibilities.,True,passive,positive
2037,202400092,2024,9,,False,promoter,
2038,202400916,2024,9,Skapa remains attractive with interesting missions and a solid reputation. Career paths are becoming clearer and internal mobility feels realistic. I feel proud to be part of the company.,True,promoter,positive
2039,202401250,2024,8,I can maintain a healthy balance most of the time and flexibility helps. The strategy is clearer and leadership communicates priorities more consistently.,True,passive,positive
2040,202400329,2024,9,The strategy is clearer and leadership communicates priorities more consistently. I feel proud to be part of the company.,True,promoter,positive
2041,202400370,2024,8,I see real chances to progress based on merit and impact.,True,passive,positive
2042,202400551,2024,7,"The employer brand could be stronger to attract and retain top talent. Onboarding and integration were smooth, and the team culture is welcoming.",True,passive,to be determined
2043,202400103,2024,9,"Learning opportunities and projects help me build strong consulting skills. I’m satisfied with my pay and the overall benefits package. Overall, I would recommend Skapa without hesitation.",True,promoter,positive
2044,202401727,2024,7,,False,passive,
2045,202401075,2024,9,The work feels meaningful because projects have clear impact for clients and society. I feel proud to be part of the company.,True,promoter,positive
2046,202400944,2024,10,"Skapa remains attractive with interesting missions and a solid reputation. Overall, I would recommend Skapa without hesitation.",True,promoter,positive
2047,202400581,2024,9,"I can maintain a healthy balance most of the time and flexibility helps. Innovation and a forward-looking strategy make the business feel resilient. Overall, I would recommend Skapa without hesitation.",True,promoter,positive
2048,202400110,2024,9,,False,promoter,
2049,202401894,2024,10,"Team spirit is strong and the atmosphere is friendly and supportive. Overall, I would recommend Skapa without hesitation.",True,promoter,positive
2050,202401196,2024,9,Supportive leadership and clear feedback make it easy to do great work. I feel proud to be part of the company.,True,promoter,positive
2051,202401489,2024,8,,False,passive,
2052,202402018,2024,10,"Team spirit is strong and the atmosphere is friendly and supportive. Overall, I would recommend Skapa without hesitation.",True,promoter,positive
2053,202401505,2024,8,Compensation feels competitive for the market and responsibilities.,True,passive,positive
2054,202401572,2024,7,I would like more structured development and transparency on growth opportunities. Sustained pressure can lead to fatigue and I’ve seen early signs of burnout risk.,True,passive,negative
2055,202401328,2024,8,Learning opportunities and projects help me build strong consulting skills.,True,passive,positive
2056,202401800,2024,7,,False,passive,
2057,202401292,2024,8,Client exposure and variety of missions are a real strength of consulting here.,True,passive,positive
2058,202401506,2024,8,Supportive leadership and clear feedback make it easy to do great work.,True,passive,positive
2059,202400203,2024,7,Pay progression feels slow compared with responsibilities and performance expectations.,True,passive,negative
2060,202401382,2024,7,,False,passive,
2061,202401690,2024,7,I worry about competitiveness and the pace of adapting to market changes.,True,passive,negative
2062,202400511,2024,10,"I’m satisfied with my pay and the overall benefits package. The company feels stable and well-positioned in the market, with strong client demand. I feel proud to be part of the company.",True,promoter,positive
2063,202401366,2024,8,I appreciate the trust and autonomy; the management style feels genuinely empowering.,True,passive,positive
2064,202400161,2024,7,Pay progression feels slow compared with responsibilities and performance expectations.,True,passive,negative
2065,202400500,2024,10,"Recognition and coaching are consistent, which helps me grow and perform. Overall, I would recommend Skapa without hesitation.",True,promoter,positive
2066,202401856,2024,7,Strategic priorities shift often and it can be hard to understand the direction.,True,passive,negative
2067,202401294,2024,8,"The company feels stable and well-positioned in the market, with strong client demand. Career paths are becoming clearer and internal mobility feels realistic.",True,passive,positive
2068,202400497,2024,8,Skapa remains attractive with interesting missions and a solid reputation.,True,passive,positive
2069,202401696,2024,9,I can maintain a healthy balance most of the time and flexibility helps. I feel proud to be part of the company.,True,promoter,positive
2070,202400294,2024,8,Innovation and a forward-looking strategy make the business feel resilient.,True,passive,positive
2071,202400331,2024,10,"Work conditions are good overall and hybrid work is handled pragmatically. I appreciate the increased transparency from leadership on decisions and direction. Overall, I would recommend Skapa without hesitation.",True,promoter,positive
2072,202400319,2024,9,Cross-team collaboration is improving and it’s easier to work transversally. I feel proud to be part of the company.,True,promoter,positive
2073,202400210,2024,7,Sometimes the work feels less meaningful when priorities are driven mainly by utilization. Management practices feel inconsistent and feedback is often too late to be useful.,True,passive,to be determined
2074,202401749,2024,7,Pay progression feels slow compared with responsibilities and performance expectations. I would like more regular coaching and clearer expectations from leadership.,True,passive,negative
2075,202401121,2024,6,,False,detractor,
2076,202400895,2024,8,Compensation feels competitive for the market and responsibilities.,True,passive,positive
2077,202401933,2024,9,Team spirit is strong and the atmosphere is friendly and supportive. I feel proud to be part of the company.,True,promoter,positive
2078,202401957,2024,9,"Team spirit is strong and the atmosphere is friendly and supportive. Recognition and coaching are consistent, which helps me grow and perform. Overall, I would recommend Skapa without hesitation.",True,promoter,positive
2079,202401177,2024,9,"Compensation feels competitive for the market and responsibilities. Overall, I would recommend Skapa without hesitation.",True,promoter,positive
2080,202400058,2024,9,"I’m satisfied with my pay and the overall benefits package. Overall, I would recommend Skapa without hesitation.",True,promoter,positive
2081,202400156,2024,8,There is a genuine commitment to responsible consulting and a respectful culture. Team spirit is strong and the atmosphere is friendly and supportive.,True,passive,positive
2082,202400592,2024,8,Learning opportunities and projects help me build strong consulting skills. I can maintain a healthy balance most of the time and flexibility helps.,True,passive,positive
2083,202401538,2024,9,Skapa remains attractive with interesting missions and a solid reputation. I feel proud to be part of the company.,True,promoter,positive
2084,202401386,2024,10,"Compensation feels competitive for the market and responsibilities. Overall, I would recommend Skapa without hesitation.",True,promoter,positive
2085,202401025,2024,9,There is a genuine commitment to responsible consulting and a respectful culture. I feel proud to be part of the company.,True,promoter,positive
2086,202400361,2024,8,"The company feels stable and well-positioned in the market, with strong client demand.",True,passive,positive
2087,202401367,2024,8,"Supportive leadership and clear feedback make it easy to do great work. Tools and logistics support delivery well, and the hybrid setup works smoothly.",True,passive,positive
2088,202401760,2024,7,,False,passive,
2089,202400211,2024,7,"Recent uncertainty in priorities makes the long-term direction feel less clear. I would like to see stronger action on inclusion and equity, not just messaging.",True,passive,negative
2090,202401526,2024,8,"Tools and logistics support delivery well, and the hybrid setup works smoothly.",True,passive,positive
2091,202401339,2024,7,I worry about competitiveness and the pace of adapting to market changes.,True,passive,negative
2092,202401176,2024,7,"The employer brand could be stronger to attract and retain top talent. Onboarding and integration were smooth, and the team culture is welcoming.",True,passive,to be determined
2093,202401189,2024,8,Cross-team collaboration is improving and it’s easier to work transversally.,True,passive,positive
2094,202401186,2024,9,"The company feels stable and well-positioned in the market, with strong client demand. Overall, I would recommend Skapa without hesitation.",True,promoter,positive
2095,202401839,2024,6,Sometimes the work feels less meaningful when priorities are driven mainly by utilization. I would like more structured development and transparency on growth opportunities.,True,detractor,negative
2096,202401569,2024,6,Training is available but time to actually use it is limited during peak delivery.,True,detractor,negative
2097,202401699,2024,7,Management practices feel inconsistent and feedback is often too late to be useful.,True,passive,negative
2098,202401440,2024,6,The employer brand could be stronger to attract and retain top talent.,True,detractor,negative
2099,202400510,2024,8,Career paths are becoming clearer and internal mobility feels realistic.,True,passive,to be determined
2100,202400954,2024,6,Sometimes the work feels less meaningful when priorities are driven mainly by utilization. Strategic priorities shift often and it can be hard to understand the direction.,True,detractor,negative
2101,202401237,2024,9,Client exposure and variety of missions are a real strength of consulting here. I feel proud to be part of the company.,True,promoter,positive
2102,202401803,2024,10,"There is a genuine commitment to responsible consulting and a respectful culture. Work conditions are good overall and hybrid work is handled pragmatically. Overall, I would recommend Skapa without hesitation.",True,promoter,positive
2103,202401507,2024,8,I see real chances to progress based on merit and impact. Supportive leadership and clear feedback make it easy to do great work.,True,passive,positive
2104,202401224,2024,9,"Supportive leadership and clear feedback make it easy to do great work. Overall, I would recommend Skapa without hesitation.",True,promoter,positive
2105,202401376,2024,9,,False,promoter,
2106,202401837,2024,9,"I can maintain a healthy balance most of the time and flexibility helps. Supportive leadership and clear feedback make it easy to do great work. Overall, I would recommend Skapa without hesitation.",True,promoter,positive
2107,202401617,2024,6,I would like more structured development and transparency on growth opportunities.,True,detractor,negative
2108,202400968,2024,8,I’m satisfied with my pay and the overall benefits package.,True,passive,positive
2109,202401756,2024,7,The values are stated clearly but not always reflected in day-to-day decisions.,True,passive,negative
2110,202401047,2024,6,Strategic priorities shift often and it can be hard to understand the direction.,True,detractor,negative
2111,202401060,2024,9,"Innovation and a forward-looking strategy make the business feel resilient. Overall, I would recommend Skapa without hesitation.",True,promoter,positive
2112,202401305,2024,9,,False,promoter,
2113,202400079,2024,6,Team cohesion varies by project and it can feel isolating when switching assignments.,True,detractor,negative
2114,202401732,2024,8,Digital tools and processes are improving and make delivery more efficient. I see real chances to progress based on merit and impact.,True,passive,positive
2115,202401108,2024,8,Innovation and a forward-looking strategy make the business feel resilient. I’m satisfied with my pay and the overall benefits package.,True,passive,positive
2116,202400088,2024,10,Learning opportunities and projects help me build strong consulting skills. I feel proud to be part of the company.,True,promoter,positive
2117,202401983,2024,10,"Compensation feels competitive for the market and responsibilities. Overall, I would recommend Skapa without hesitation.",True,promoter,positive
2118,202400972,2024,7,I would like more structured development and transparency on growth opportunities. Work-life balance could improve; overtime can become the default during delivery.,True,passive,to be determined
2119,202400565,2024,8,I’m satisfied with my pay and the overall benefits package.,True,passive,positive
2120,202401793,2024,5,"Career progression can feel unclear, especially around the criteria for promotion.",True,detractor,negative
2121,202401078,2024,7,Team spirit is strong and the atmosphere is friendly and supportive. Management practices feel inconsistent and feedback is often too late to be useful.,True,passive,to be determined
2122,202400240,2024,8,There is a genuine commitment to responsible consulting and a respectful culture.,True,passive,positive
2123,202401674,2024,8,"Recognition and coaching are consistent, which helps me grow and perform. Tools and logistics support delivery well, and the hybrid setup works smoothly.",True,passive,positive
2124,202400483,2024,6,Recent uncertainty in priorities makes the long-term direction feel less clear. I would like more regular coaching and clearer expectations from leadership.,True,detractor,negative
2125,202400935,2024,7,Sometimes the work feels less meaningful when priorities are driven mainly by utilization.,True,passive,negative
2126,202401641,2024,8,"Recognition and coaching are consistent, which helps me grow and perform. Compensation feels competitive for the market and responsibilities.",True,passive,positive
2127,202400748,2024,8,"The company feels stable and well-positioned in the market, with strong client demand. Supportive leadership and clear feedback make it easy to do great work.",True,passive,positive
2128,202401519,2024,8,I appreciate the increased transparency from leadership on decisions and direction.,True,passive,positive
2129,202401255,2024,9,Innovation and a forward-looking strategy make the business feel resilient. I feel proud to be part of the company.,True,promoter,positive
2130,202401792,2024,10,"I see real chances to progress based on merit and impact. I feel aligned with the values, especially inclusion, sustainability and fairness. Overall, I would recommend Skapa without hesitation.",True,promoter,positive
2131,202400543,2024,6,Sometimes the work feels less meaningful when priorities are driven mainly by utilization.,True,detractor,negative
2132,202400338,2024,8,Team spirit is strong and the atmosphere is friendly and supportive.,True,passive,positive
2133,202401852,2024,7,Management practices feel inconsistent and feedback is often too late to be useful.,True,passive,negative
2134,202401026,2024,10,Compensation feels competitive for the market and responsibilities. Learning opportunities and projects help me build strong consulting skills. I feel proud to be part of the company.,True,promoter,positive
2135,202400841,2024,9,"The company feels stable and well-positioned in the market, with strong client demand. Digital tools and processes are improving and make delivery more efficient. I feel proud to be part of the company.",True,promoter,positive
2136,202400638,2024,6,Work-life balance could improve; overtime can become the default during delivery.,True,detractor,negative
2137,202401872,2024,8,Learning opportunities and projects help me build strong consulting skills. Compensation feels competitive for the market and responsibilities.,True,passive,positive
2138,202400017,2024,9,"Supportive leadership and clear feedback make it easy to do great work. There is a genuine commitment to responsible consulting and a respectful culture. Overall, I would recommend Skapa without hesitation.",True,promoter,positive
2139,202401090,2024,7,Strategic priorities shift often and it can be hard to understand the direction. The values are stated clearly but not always reflected in day-to-day decisions.,True,passive,negative
2140,202401581,2024,10,"Client exposure and variety of missions are a real strength of consulting here. I can maintain a healthy balance most of the time and flexibility helps. Overall, I would recommend Skapa without hesitation.",True,promoter,positive
2141,202400062,2024,7,Decision-making can feel top-down and recognition for effort is not always there.,True,passive,negative
2142,202400951,2024,8,"Compensation feels competitive for the market and responsibilities. Tools and logistics support delivery well, and the hybrid setup works smoothly.",True,passive,positive
2143,202401891,2024,8,Career paths are becoming clearer and internal mobility feels realistic.,True,passive,to be determined
2144,202400108,2024,6,"I worry about competitiveness and the pace of adapting to market changes. Career progression can feel unclear, especially around the criteria for promotion.",True,detractor,negative
2145,202401273,2024,8,Cross-team collaboration is improving and it’s easier to work transversally.,True,passive,positive
2146,202400367,2024,7,Strategic priorities shift often and it can be hard to understand the direction.,True,passive,negative
2147,202401004,2024,9,"Innovation and a forward-looking strategy make the business feel resilient. Overall, I would recommend Skapa without hesitation.",True,promoter,positive
2148,202400969,2024,8,Compensation feels competitive for the market and responsibilities.,True,passive,positive
2149,202400547,2024,8,,False,passive,
2150,202401813,2024,7,"Compensation has not kept pace with inflation and market benchmarks. Career progression can feel unclear, especially around the criteria for promotion.",True,passive,negative
2151,202401963,2024,8,"Onboarding and integration were smooth, and the team culture is welcoming. Client exposure and variety of missions are a real strength of consulting here.",True,passive,positive
2152,202400467,2024,8,I’m satisfied with my pay and the overall benefits package.,True,passive,positive
2153,202400595,2024,7,"Onboarding and integration were smooth, and the team culture is welcoming.",True,passive,positive
2154,202400667,2024,10,Digital tools and processes are improving and make delivery more efficient. I’m satisfied with my pay and the overall benefits package. I feel proud to be part of the company.,True,promoter,positive
2155,202400142,2024,8,I appreciate the trust and autonomy; the management style feels genuinely empowering.,True,passive,positive
2156,202401534,2024,8,Learning opportunities and projects help me build strong consulting skills. I appreciate the trust and autonomy; the management style feels genuinely empowering.,True,passive,positive
2157,202400301,2024,8,"Career paths are becoming clearer and internal mobility feels realistic. Onboarding and integration were smooth, and the team culture is welcoming.",True,passive,positive
2158,202400939,2024,9,"Onboarding and integration were smooth, and the team culture is welcoming. The work feels meaningful because projects have clear impact for clients and society. I feel proud to be part of the company.",True,promoter,positive
2159,202401197,2024,9,,False,promoter,
2160,202400221,2024,6,,False,detractor,
2161,202401407,2024,9,Work conditions are good overall and hybrid work is handled pragmatically. I feel proud to be part of the company.,True,promoter,positive
2162,202400739,2024,9,"Compensation feels competitive for the market and responsibilities. The company feels stable and well-positioned in the market, with strong client demand. I feel proud to be part of the company.",True,promoter,positive
2163,202401631,2024,7,,False,passive,
2164,202401546,2024,8,"The company feels stable and well-positioned in the market, with strong client demand.",True,passive,positive
2165,202402007,2024,9,I see real chances to progress based on merit and impact. Team spirit is strong and the atmosphere is friendly and supportive. I feel proud to be part of the company.,True,promoter,positive
2166,202400306,2024,7,Sustained pressure can lead to fatigue and I’ve seen early signs of burnout risk. Compensation has not kept pace with inflation and market benchmarks.,True,passive,negative
2167,202401878,2024,9,Team spirit is strong and the atmosphere is friendly and supportive. I’m satisfied with my pay and the overall benefits package. I feel proud to be part of the company.,True,promoter,positive
2168,202400231,2024,7,Compensation has not kept pace with inflation and market benchmarks. I would like more regular coaching and clearer expectations from leadership.,True,passive,negative
2169,202400398,2024,7,,False,passive,
2170,202401297,2024,7,,False,passive,
2171,202401536,2024,9,"The company feels stable and well-positioned in the market, with strong client demand. Overall, I would recommend Skapa without hesitation.",True,promoter,positive
2172,202400777,2024,7,The employer brand could be stronger to attract and retain top talent.,True,passive,to be determined
2173,202400753,2024,8,Compensation feels competitive for the market and responsibilities.,True,passive,positive
2174,202400622,2024,10,I’m satisfied with my pay and the overall benefits package. I feel proud to be part of the company.,True,promoter,positive
2175,202401634,2024,9,"Recognition and coaching are consistent, which helps me grow and perform. Overall, I would recommend Skapa without hesitation.",True,promoter,positive
2176,202401993,2024,7,"Onboarding and integration were smooth, and the team culture is welcoming. I would like more regular coaching and clearer expectations from leadership.",True,passive,to be determined
2177,202400469,2024,8,The work feels meaningful because projects have clear impact for clients and society. I’m satisfied with my pay and the overall benefits package.,True,passive,positive
2178,202400194,2024,8,Client exposure and variety of missions are a real strength of consulting here. Innovation and a forward-looking strategy make the business feel resilient.,True,passive,positive
2179,202400441,2024,9,Learning opportunities and projects help me build strong consulting skills. I feel proud to be part of the company.,True,promoter,positive
2180,202400076,2024,8,Cross-team collaboration is improving and it’s easier to work transversally. Career paths are becoming clearer and internal mobility feels realistic.,True,passive,positive
2181,202401429,2024,8,Compensation feels competitive for the market and responsibilities.,True,passive,positive
2182,202400120,2024,9,,False,promoter,
2183,202400314,2024,6,,False,detractor,
2184,202400615,2024,9,,False,promoter,
2185,202401744,2024,7,Work-life balance could improve; overtime can become the default during delivery. Sometimes the work feels less meaningful when priorities are driven mainly by utilization.,True,passive,to be determined
2186,202402011,2024,8,"Onboarding and integration were smooth, and the team culture is welcoming.",True,passive,positive
2187,202400423,2024,9,"Client exposure and variety of missions are a real strength of consulting here. Onboarding and integration were smooth, and the team culture is welcoming. I feel proud to be part of the company.",True,promoter,positive
2188,202402020,2024,8,Career paths are becoming clearer and internal mobility feels realistic.,True,passive,to be determined
2189,202400408,2024,7,I worry about competitiveness and the pace of adapting to market changes. Sometimes the work feels less meaningful when priorities are driven mainly by utilization.,True,passive,negative
2190,202400090,2024,9,Work conditions are good overall and hybrid work is handled pragmatically. I feel proud to be part of the company.,True,promoter,positive
2191,202400129,2024,9,"Recognition and coaching are consistent, which helps me grow and perform. I can maintain a healthy balance most of the time and flexibility helps. I feel proud to be part of the company.",True,promoter,positive
2192,202401710,2024,9,"Innovation and a forward-looking strategy make the business feel resilient. Overall, I would recommend Skapa without hesitation.",True,promoter,positive
2193,202401132,2024,9,"Learning opportunities and projects help me build strong consulting skills. Onboarding and integration were smooth, and the team culture is welcoming. I feel proud to be part of the company.",True,promoter,positive
2194,202401615,2024,6,Compensation has not kept pace with inflation and market benchmarks.,True,detractor,negative
2195,202402015,2024,10,"Onboarding and integration were smooth, and the team culture is welcoming. Overall, I would recommend Skapa without hesitation.",True,promoter,positive
2196,202400237,2024,8,Digital tools and processes are improving and make delivery more efficient.,True,passive,positive
2197,202401897,2024,6,I worry about competitiveness and the pace of adapting to market changes. Sustained pressure can lead to fatigue and I’ve seen early signs of burnout risk.,True,detractor,negative
2198,202401104,2024,7,,False,passive,
2199,202400920,2024,8,I’m satisfied with my pay and the overall benefits package.,True,passive,positive
2200,202401557,2024,6,Strategic priorities shift often and it can be hard to understand the direction.,True,detractor,negative
2201,202401857,2024,7,,False,passive,
2202,202401155,2024,7,,False,passive,
2203,202401032,2024,8,Career paths are becoming clearer and internal mobility feels realistic.,True,passive,to be determined
2204,202401166,2024,8,I’m satisfied with my pay and the overall benefits package.,True,passive,positive
2205,202400757,2024,8,I appreciate the trust and autonomy; the management style feels genuinely empowering.,True,passive,positive
2206,202401002,2024,6,The values are stated clearly but not always reflected in day-to-day decisions. Pay progression feels slow compared with responsibilities and performance expectations.,True,detractor,negative
2207,202400588,2024,7,,False,passive,
2208,202401689,2024,8,Skapa remains attractive with interesting missions and a solid reputation. Work conditions are good overall and hybrid work is handled pragmatically.,True,passive,positive
2209,202400971,2024,7,,False,passive,
2210,202400098,2024,7,,False,passive,
2211,202400957,2024,8,Career paths are becoming clearer and internal mobility feels realistic.,True,passive,to be determined
2212,202401380,2024,9,I’m satisfied with my pay and the overall benefits package. Career paths are becoming clearer and internal mobility feels realistic. I feel proud to be part of the company.,True,promoter,positive
2213,202401920,2024,9,"Onboarding and integration were smooth, and the team culture is welcoming. Client exposure and variety of missions are a real strength of consulting here. Overall, I would recommend Skapa without hesitation.",True,promoter,positive
2214,202401984,2024,6,Pay progression feels slow compared with responsibilities and performance expectations.,True,detractor,negative
2215,202401101,2024,7,Compensation has not kept pace with inflation and market benchmarks. Team spirit is strong and the atmosphere is friendly and supportive.,True,passive,to be determined
2216,202400145,2024,6,,False,detractor,
2217,202402005,2024,8,,False,passive,
2218,202400063,2024,8,Skapa remains attractive with interesting missions and a solid reputation.,True,passive,positive
2219,202400504,2024,6,"I would like more regular coaching and clearer expectations from leadership. Career progression can feel unclear, especially around the criteria for promotion.",True,detractor,negative
2220,202400741,2024,6,The employer brand could be stronger to attract and retain top talent.,True,detractor,negative
2221,202400876,2024,8,,False,passive,
2222,202400798,2024,6,I worry about competitiveness and the pace of adapting to market changes. Management practices feel inconsistent and feedback is often too late to be useful.,True,detractor,negative
2223,202401523,2024,10,"I can maintain a healthy balance most of the time and flexibility helps. Skapa remains attractive with interesting missions and a solid reputation. Overall, I would recommend Skapa without hesitation.",True,promoter,positive
2224,202401216,2024,9,"Recognition and coaching are consistent, which helps me grow and perform. There is a genuine commitment to responsible consulting and a respectful culture. I feel proud to be part of the company.",True,promoter,positive
2225,202400529,2024,8,"Onboarding and integration were smooth, and the team culture is welcoming. The company feels stable and well-positioned in the market, with strong client demand.",True,passive,positive
2226,202401500,2024,8,I appreciate the trust and autonomy; the management style feels genuinely empowering.,True,passive,positive
2227,202400807,2024,10,,False,promoter,
2228,202402023,2024,9,"Onboarding and integration were smooth, and the team culture is welcoming. I feel proud to be part of the company.",True,promoter,positive
2229,202400885,2024,9,"Career paths are becoming clearer and internal mobility feels realistic. Recognition and coaching are consistent, which helps me grow and perform. I feel proud to be part of the company.",True,promoter,positive
2230,202401808,2024,6,I would like more structured development and transparency on growth opportunities.,True,detractor,negative
2231,202400443,2024,8,"Tools and logistics support delivery well, and the hybrid setup works smoothly.",True,passive,positive
2232,202400859,2024,7,Compensation has not kept pace with inflation and market benchmarks. Internal collaboration can feel siloed and handoffs between teams are not always smooth.,True,passive,negative
2233,202401520,2024,10,Skapa remains attractive with interesting missions and a solid reputation. Supportive leadership and clear feedback make it easy to do great work. I feel proud to be part of the company.,True,promoter,positive
2234,202400069,2024,8,I see real chances to progress based on merit and impact.,True,passive,positive
2235,202401731,2024,7,"Career progression can feel unclear, especially around the criteria for promotion.",True,passive,negative
2236,202400710,2024,7,Some tools and processes are slow and create friction in day-to-day delivery.,True,passive,negative
2237,202401461,2024,8,Learning opportunities and projects help me build strong consulting skills. Supportive leadership and clear feedback make it easy to do great work.,True,passive,positive
2238,202400114,2024,8,There is a genuine commitment to responsible consulting and a respectful culture. Innovation and a forward-looking strategy make the business feel resilient.,True,passive,positive
2239,202401525,2024,8,I appreciate the increased transparency from leadership on decisions and direction.,True,passive,positive
2240,202402002,2024,8,"Recognition and coaching are consistent, which helps me grow and perform.",True,passive,positive
2241,202401458,2024,9,Compensation feels competitive for the market and responsibilities. I feel proud to be part of the company.,True,promoter,positive
2242,202400205,2024,8,I’m satisfied with my pay and the overall benefits package. Client exposure and variety of missions are a real strength of consulting here.,True,passive,positive
2243,202401019,2024,8,"Compensation feels competitive for the market and responsibilities. Recognition and coaching are consistent, which helps me grow and perform.",True,passive,positive
2244,202400200,2024,9,Skapa remains attractive with interesting missions and a solid reputation. I feel proud to be part of the company.,True,promoter,positive
2245,202401930,2024,8,"Tools and logistics support delivery well, and the hybrid setup works smoothly. I’m satisfied with my pay and the overall benefits package.",True,passive,positive
2246,202400839,2024,9,Skapa remains attractive with interesting missions and a solid reputation. I feel proud to be part of the company.,True,promoter,positive
2247,202400043,2024,8,"Onboarding and integration were smooth, and the team culture is welcoming. I can maintain a healthy balance most of the time and flexibility helps.",True,passive,positive
2248,202401770,2024,9,"Skapa remains attractive with interesting missions and a solid reputation. Tools and logistics support delivery well, and the hybrid setup works smoothly. Overall, I would recommend Skapa without hesitation.",True,promoter,positive
2249,202400340,2024,7,Recent uncertainty in priorities makes the long-term direction feel less clear. Bench periods and project allocation could be handled more consistently.,True,passive,negative
2250,202400775,2024,9,"I appreciate the trust and autonomy; the management style feels genuinely empowering. Overall, I would recommend Skapa without hesitation.",True,promoter,positive
2251,202401513,2024,6,"Career progression can feel unclear, especially around the criteria for promotion.",True,detractor,negative
2252,202401698,2024,10,"Innovation and a forward-looking strategy make the business feel resilient. Learning opportunities and projects help me build strong consulting skills. Overall, I would recommend Skapa without hesitation.",True,promoter,positive
2253,202401693,2024,6,"I would like to see stronger action on inclusion and equity, not just messaging.",True,detractor,negative
2254,202400931,2024,9,Career paths are becoming clearer and internal mobility feels realistic. I feel proud to be part of the company.,True,promoter,positive
2255,202401281,2024,8,"The company feels stable and well-positioned in the market, with strong client demand.",True,passive,positive
2256,202400574,2024,10,I appreciate the increased transparency from leadership on decisions and direction. Cross-team collaboration is improving and it’s easier to work transversally. I feel proud to be part of the company.,True,promoter,positive
2257,202401874,2024,8,I can maintain a healthy balance most of the time and flexibility helps.,True,passive,positive
2258,202400255,2024,6,Sustained pressure can lead to fatigue and I’ve seen early signs of burnout risk. Sometimes the work feels less meaningful when priorities are driven mainly by utilization.,True,detractor,negative
2259,202401215,2024,8,Compensation feels competitive for the market and responsibilities.,True,passive,positive
2260,202401753,2024,9,Client exposure and variety of missions are a real strength of consulting here. Team spirit is strong and the atmosphere is friendly and supportive. I feel proud to be part of the company.,True,promoter,positive
2261,202401845,2024,10,"Client exposure and variety of missions are a real strength of consulting here. I’m satisfied with my pay and the overall benefits package. Overall, I would recommend Skapa without hesitation.",True,promoter,positive
2262,202400625,2024,8,I appreciate the increased transparency from leadership on decisions and direction.,True,passive,positive
2263,202400655,2024,8,"Recognition and coaching are consistent, which helps me grow and perform.",True,passive,positive
2264,202400952,2024,8,Learning opportunities and projects help me build strong consulting skills.,True,passive,positive
2265,202400395,2024,7,"I would like to see stronger action on inclusion and equity, not just messaging. Management practices feel inconsistent and feedback is often too late to be useful.",True,passive,to be determined
2266,202400569,2024,9,"Team spirit is strong and the atmosphere is friendly and supportive. Overall, I would recommend Skapa without hesitation.",True,promoter,positive
2267,202401362,2024,7,I would like more structured development and transparency on growth opportunities.,True,passive,to be determined
2268,202401844,2024,9,Career paths are becoming clearer and internal mobility feels realistic. I can maintain a healthy balance most of the time and flexibility helps. I feel proud to be part of the company.,True,promoter,positive
2269,202400988,2024,6,Management practices feel inconsistent and feedback is often too late to be useful. Sometimes the work feels less meaningful when priorities are driven mainly by utilization.,True,detractor,negative
2270,202400113,2024,10,Compensation feels competitive for the market and responsibilities. I feel proud to be part of the company.,True,promoter,positive
2271,202400676,2024,8,I see real chances to progress based on merit and impact.,True,passive,positive
2272,202400073,2024,10,I appreciate the trust and autonomy; the management style feels genuinely empowering. Compensation feels competitive for the market and responsibilities. I feel proud to be part of the company.,True,promoter,positive
2273,202400167,2024,5,Recent uncertainty in priorities makes the long-term direction feel less clear.,True,detractor,negative
2274,202401402,2024,8,"Recognition and coaching are consistent, which helps me grow and perform.",True,passive,positive
2275,202402006,2024,7,I worry about competitiveness and the pace of adapting to market changes. Management practices feel inconsistent and feedback is often too late to be useful.,True,passive,negative
2276,202400339,2024,10,"Career paths are becoming clearer and internal mobility feels realistic. Overall, I would recommend Skapa without hesitation.",True,promoter,positive
2277,202400594,2024,9,"I feel aligned with the values, especially inclusion, sustainability and fairness. Overall, I would recommend Skapa without hesitation.",True,promoter,positive
2278,202401268,2024,8,"Recognition and coaching are consistent, which helps me grow and perform. Work conditions are good overall and hybrid work is handled pragmatically.",True,passive,positive
2279,202400599,2024,7,Management practices feel inconsistent and feedback is often too late to be useful.,True,passive,negative
2280,202400352,2024,6,,False,detractor,
2281,202401962,2024,9,,False,promoter,
2282,202401218,2024,9,Work conditions are good overall and hybrid work is handled pragmatically. Career paths are becoming clearer and internal mobility feels realistic. I feel proud to be part of the company.,True,promoter,positive
2283,202401579,2024,8,"The company feels stable and well-positioned in the market, with strong client demand.",True,passive,positive
2284,202400456,2024,8,,False,passive,
2285,202400299,2024,4,Team cohesion varies by project and it can feel isolating when switching assignments. It would help to see concrete actions and follow-up.,True,detractor,negative
2286,202401036,2024,8,Career paths are becoming clearer and internal mobility feels realistic.,True,passive,to be determined
2287,202401338,2024,7,I worry about competitiveness and the pace of adapting to market changes.,True,passive,negative
2288,202400055,2024,9,"Onboarding and integration were smooth, and the team culture is welcoming. I feel proud to be part of the company.",True,promoter,positive
2289,202400002,2024,8,"Onboarding and integration were smooth, and the team culture is welcoming.",True,passive,positive
2290,202400270,2024,8,Compensation feels competitive for the market and responsibilities. Supportive leadership and clear feedback make it easy to do great work.,True,passive,positive
2291,202401033,2024,10,"Recognition and coaching are consistent, which helps me grow and perform. I’m satisfied with my pay and the overall benefits package. I feel proud to be part of the company.",True,promoter,positive
2292,202401034,2024,9,"I see real chances to progress based on merit and impact. Overall, I would recommend Skapa without hesitation.",True,promoter,positive
2293,202400609,2024,8,,False,passive,
2294,202401840,2024,9,"The work feels meaningful because projects have clear impact for clients and society. Overall, I would recommend Skapa without hesitation.",True,promoter,positive
2295,202401814,2024,7,,False,passive,
2296,202400153,2024,8,The strategy is clearer and leadership communicates priorities more consistently.,True,passive,to be determined
2297,202400703,2024,8,Team spirit is strong and the atmosphere is friendly and supportive. Career paths are becoming clearer and internal mobility feels realistic.,True,passive,positive
2298,202400430,2024,7,Some tools and processes are slow and create friction in day-to-day delivery.,True,passive,negative
2299,202401834,2024,9,"Compensation feels competitive for the market and responsibilities. Overall, I would recommend Skapa without hesitation.",True,promoter,positive
2300,202400983,2024,10,I’m satisfied with my pay and the overall benefits package. I appreciate the trust and autonomy; the management style feels genuinely empowering. I feel proud to be part of the company.,True,promoter,positive
2301,202400687,2024,7,Training is available but time to actually use it is limited during peak delivery.,True,passive,negative
2302,202401647,2024,8,,False,passive,
2303,202400926,2024,8,"Recognition and coaching are consistent, which helps me grow and perform. Compensation feels competitive for the market and responsibilities.",True,passive,positive
2304,202401846,2024,8,I can maintain a healthy balance most of the time and flexibility helps. I appreciate the trust and autonomy; the management style feels genuinely empowering.,True,passive,positive
2305,202401096,2024,5,Pay progression feels slow compared with responsibilities and performance expectations.,True,detractor,negative
2306,202401206,2024,8,I can maintain a healthy balance most of the time and flexibility helps. I’m satisfied with my pay and the overall benefits package.,True,passive,positive
2307,202401319,2024,8,I can maintain a healthy balance most of the time and flexibility helps. Skapa remains attractive with interesting missions and a solid reputation.,True,passive,positive
2308,202400880,2024,8,"Tools and logistics support delivery well, and the hybrid setup works smoothly. I appreciate the trust and autonomy; the management style feels genuinely empowering.",True,passive,positive
2309,202401816,2024,7,I worry about competitiveness and the pace of adapting to market changes. Management practices feel inconsistent and feedback is often too late to be useful.,True,passive,negative
2310,202401643,2024,6,Training is available but time to actually use it is limited during peak delivery. Pay progression feels slow compared with responsibilities and performance expectations.,True,detractor,negative
2311,202401718,2024,10,"The company feels stable and well-positioned in the market, with strong client demand. Recognition and coaching are consistent, which helps me grow and perform. I feel proud to be part of the company.",True,promoter,positive
2312,202400921,2024,6,Strategic priorities shift often and it can be hard to understand the direction.,True,detractor,negative
2313,202400956,2024,9,I’m satisfied with my pay and the overall benefits package. Client exposure and variety of missions are a real strength of consulting here. I feel proud to be part of the company.,True,promoter,positive
2314,202400307,2024,7,The values are stated clearly but not always reflected in day-to-day decisions.,True,passive,negative
2315,202400154,2024,8,"Tools and logistics support delivery well, and the hybrid setup works smoothly.",True,passive,positive
2316,202401077,2024,10,"Digital tools and processes are improving and make delivery more efficient. Tools and logistics support delivery well, and the hybrid setup works smoothly. I feel proud to be part of the company.",True,promoter,positive
2317,202401220,2024,6,Pay progression feels slow compared with responsibilities and performance expectations.,True,detractor,negative
2318,202400389,2024,5,Bench periods and project allocation could be handled more consistently.,True,detractor,negative
2319,202401462,2024,9,Supportive leadership and clear feedback make it easy to do great work. I feel proud to be part of the company.,True,promoter,positive
2320,202400924,2024,8,Work conditions are good overall and hybrid work is handled pragmatically. I appreciate the increased transparency from leadership on decisions and direction.,True,passive,positive
2321,202400447,2024,10,I see real chances to progress based on merit and impact. Innovation and a forward-looking strategy make the business feel resilient. I feel proud to be part of the company.,True,promoter,positive
2322,202400918,2024,8,"Recognition and coaching are consistent, which helps me grow and perform.",True,passive,positive
2323,202400138,2024,8,Team spirit is strong and the atmosphere is friendly and supportive.,True,passive,positive
2324,202401673,2024,9,"Compensation feels competitive for the market and responsibilities. Recognition and coaching are consistent, which helps me grow and perform. Overall, I would recommend Skapa without hesitation.",True,promoter,positive
2325,202401936,2024,9,"Onboarding and integration were smooth, and the team culture is welcoming. I feel proud to be part of the company.",True,promoter,positive
2326,202400036,2024,6,I would like more visibility from leadership and less pressure driven by short-term targets. Compensation has not kept pace with inflation and market benchmarks.,True,detractor,negative
2327,202401515,2024,6,Pay progression feels slow compared with responsibilities and performance expectations.,True,detractor,negative
2328,202400003,2024,10,Innovation and a forward-looking strategy make the business feel resilient. I feel proud to be part of the company.,True,promoter,positive
2329,202401161,2024,6,The employer brand could be stronger to attract and retain top talent. Strategic priorities shift often and it can be hard to understand the direction.,True,detractor,negative
2330,202400886,2024,7,I would like more structured development and transparency on growth opportunities.,True,passive,to be determined
2331,202400688,2024,9,Skapa remains attractive with interesting missions and a solid reputation. I feel proud to be part of the company.,True,promoter,positive
2332,202400372,2024,10,I’m satisfied with my pay and the overall benefits package. Team spirit is strong and the atmosphere is friendly and supportive. I feel proud to be part of the company.,True,promoter,positive
2333,202401709,2024,7,,False,passive,
2334,202401835,2024,5,"Career progression can feel unclear, especially around the criteria for promotion.",True,detractor,negative
2335,202401265,2024,9,I’m satisfied with my pay and the overall benefits package. I see real chances to progress based on merit and impact. I feel proud to be part of the company.,True,promoter,positive
2336,202401179,2024,10,,False,promoter,
2337,202401460,2024,8,,False,passive,
2338,202400486,2024,10,"I appreciate the increased transparency from leadership on decisions and direction. Overall, I would recommend Skapa without hesitation.",True,promoter,positive
2339,202400720,2024,9,"Work conditions are good overall and hybrid work is handled pragmatically. Supportive leadership and clear feedback make it easy to do great work. Overall, I would recommend Skapa without hesitation.",True,promoter,positive
2340,202401139,2024,7,Compensation has not kept pace with inflation and market benchmarks.,True,passive,negative
2341,202400217,2024,8,"The company feels stable and well-positioned in the market, with strong client demand. Team spirit is strong and the atmosphere is friendly and supportive.",True,passive,positive
2342,202401309,2024,5,Pay progression feels slow compared with responsibilities and performance expectations.,True,detractor,negative
2343,202401064,2024,6,,False,detractor,
2344,202400491,2024,6,Sustained pressure can lead to fatigue and I’ve seen early signs of burnout risk. The employer brand could be stronger to attract and retain top talent.,True,detractor,negative
2345,202401050,2024,7,,False,passive,
2346,202401385,2024,9,"Supportive leadership and clear feedback make it easy to do great work. Overall, I would recommend Skapa without hesitation.",True,promoter,positive
2347,202401010,2024,8,The work feels meaningful because projects have clear impact for clients and society. Work conditions are good overall and hybrid work is handled pragmatically.,True,passive,positive
2348,202400320,2024,8,"Onboarding and integration were smooth, and the team culture is welcoming.",True,passive,positive
2349,202400770,2024,9,"Cross-team collaboration is improving and it’s easier to work transversally. Overall, I would recommend Skapa without hesitation.",True,promoter,positive
2350,202400111,2024,9,"The company feels stable and well-positioned in the market, with strong client demand. I can maintain a healthy balance most of the time and flexibility helps. Overall, I would recommend Skapa without hesitation.",True,promoter,positive
2351,202401107,2024,8,Compensation feels competitive for the market and responsibilities.,True,passive,positive
2352,202401883,2024,9,Client exposure and variety of missions are a real strength of consulting here. I feel proud to be part of the company.,True,promoter,positive
2353,202400985,2024,10,"Client exposure and variety of missions are a real strength of consulting here. Overall, I would recommend Skapa without hesitation.",True,promoter,positive
2354,202401869,2024,7,Compensation has not kept pace with inflation and market benchmarks. The employer brand could be stronger to attract and retain top talent.,True,passive,to be determined
2355,202401298,2024,7,Compensation has not kept pace with inflation and market benchmarks.,True,passive,negative
2356,202400066,2024,9,"Onboarding and integration were smooth, and the team culture is welcoming. I feel proud to be part of the company.",True,promoter,positive
2357,202400149,2024,10,"Compensation feels competitive for the market and responsibilities. Work conditions are good overall and hybrid work is handled pragmatically. Overall, I would recommend Skapa without hesitation.",True,promoter,positive
2358,202400421,2024,8,"I appreciate the trust and autonomy; the management style feels genuinely empowering. Onboarding and integration were smooth, and the team culture is welcoming.",True,passive,positive
2359,202400014,2024,8,I can maintain a healthy balance most of the time and flexibility helps. I see real chances to progress based on merit and impact.,True,passive,positive
2360,202401269,2024,8,I appreciate the trust and autonomy; the management style feels genuinely empowering.,True,passive,positive
2361,202400702,2024,10,"I can maintain a healthy balance most of the time and flexibility helps. Overall, I would recommend Skapa without hesitation.",True,promoter,positive
2362,202400597,2024,10,"Work conditions are good overall and hybrid work is handled pragmatically. I appreciate the trust and autonomy; the management style feels genuinely empowering. Overall, I would recommend Skapa without hesitation.",True,promoter,positive
2363,202401498,2024,8,"I feel aligned with the values, especially inclusion, sustainability and fairness. I can maintain a healthy balance most of the time and flexibility helps.",True,passive,positive
2364,202401134,2024,8,I see real chances to progress based on merit and impact. Team spirit is strong and the atmosphere is friendly and supportive.,True,passive,positive
2365,202400637,2024,8,,False,passive,
2366,202401472,2024,8,Compensation feels competitive for the market and responsibilities. Work conditions are good overall and hybrid work is handled pragmatically.,True,passive,positive
2367,202400875,2024,7,I worry about competitiveness and the pace of adapting to market changes. Bench periods and project allocation could be handled more consistently.,True,passive,negative
2368,202400485,2024,9,"I’m satisfied with my pay and the overall benefits package. Digital tools and processes are improving and make delivery more efficient. Overall, I would recommend Skapa without hesitation.",True,promoter,positive
2369,202401625,2024,10,I appreciate the trust and autonomy; the management style feels genuinely empowering. Compensation feels competitive for the market and responsibilities. I feel proud to be part of the company.,True,promoter,positive
2370,202400596,2024,8,,False,passive,
2371,202401178,2024,7,I worry about competitiveness and the pace of adapting to market changes. Some tools and processes are slow and create friction in day-to-day delivery.,True,passive,negative
2372,202401809,2024,7,"Recent uncertainty in priorities makes the long-term direction feel less clear. Onboarding and integration were smooth, and the team culture is welcoming.",True,passive,negative
2373,202401068,2024,6,Sometimes the work feels less meaningful when priorities are driven mainly by utilization.,True,detractor,negative
2374,202401392,2024,9,"I appreciate the trust and autonomy; the management style feels genuinely empowering. Overall, I would recommend Skapa without hesitation.",True,promoter,positive
2375,202401980,2024,7,,False,passive,
2376,202400846,2024,7,Compensation has not kept pace with inflation and market benchmarks. Decision-making can feel top-down and recognition for effort is not always there.,True,passive,negative
2377,202400965,2024,8,Skapa remains attractive with interesting missions and a solid reputation.,True,passive,positive
2378,202401400,2024,9,"I’m satisfied with my pay and the overall benefits package. Career paths are becoming clearer and internal mobility feels realistic. Overall, I would recommend Skapa without hesitation.",True,promoter,positive
2379,202400020,2024,7,Management practices feel inconsistent and feedback is often too late to be useful.,True,passive,negative
2380,202400181,2024,8,Digital tools and processes are improving and make delivery more efficient.,True,passive,positive
2381,202401761,2024,10,"The company feels stable and well-positioned in the market, with strong client demand. Overall, I would recommend Skapa without hesitation.",True,promoter,positive
2382,202400997,2024,9,"Skapa remains attractive with interesting missions and a solid reputation. Overall, I would recommend Skapa without hesitation.",True,promoter,positive
2383,202400665,2024,6,Compensation has not kept pace with inflation and market benchmarks. Work-life balance could improve; overtime can become the default during delivery.,True,detractor,negative
2384,202401772,2024,7,,False,passive,
2385,202401887,2024,8,Career paths are becoming clearer and internal mobility feels realistic. Work conditions are good overall and hybrid work is handled pragmatically.,True,passive,positive
2386,202400196,2024,8,"Onboarding and integration were smooth, and the team culture is welcoming. Digital tools and processes are improving and make delivery more efficient.",True,passive,positive
2387,202402014,2024,8,"Tools and logistics support delivery well, and the hybrid setup works smoothly.",True,passive,positive
2388,202401223,2024,8,Client exposure and variety of missions are a real strength of consulting here. I can maintain a healthy balance most of the time and flexibility helps.,True,passive,positive
2389,202400349,2024,10,"Career paths are becoming clearer and internal mobility feels realistic. I appreciate the trust and autonomy; the management style feels genuinely empowering. Overall, I would recommend Skapa without hesitation.",True,promoter,positive
2390,202400657,2024,9,Team spirit is strong and the atmosphere is friendly and supportive. I feel proud to be part of the company.,True,promoter,positive
2391,202400650,2024,7,Work-life balance could improve; overtime can become the default during delivery.,True,passive,negative
2392,202400278,2024,7,,False,passive,
2393,202400708,2024,9,,False,promoter,
2394,202401973,2024,9,"Team spirit is strong and the atmosphere is friendly and supportive. I feel aligned with the values, especially inclusion, sustainability and fairness. I feel proud to be part of the company.",True,promoter,positive
2395,202400234,2024,7,,False,passive,
2396,202400626,2024,10,"Onboarding and integration were smooth, and the team culture is welcoming. Overall, I would recommend Skapa without hesitation.",True,promoter,positive
2397,202400415,2024,9,Team spirit is strong and the atmosphere is friendly and supportive. I feel proud to be part of the company.,True,promoter,positive
2398,202401342,2024,9,"Learning opportunities and projects help me build strong consulting skills. I appreciate the trust and autonomy; the management style feels genuinely empowering. Overall, I would recommend Skapa without hesitation.",True,promoter,positive
2399,202400224,2024,9,,False,promoter,
2400,202400327,2024,8,The work feels meaningful because projects have clear impact for clients and society.,True,passive,positive
2401,202400816,2024,7,Compensation has not kept pace with inflation and market benchmarks.,True,passive,negative
2402,202401021,2024,9,Supportive leadership and clear feedback make it easy to do great work. Client exposure and variety of missions are a real strength of consulting here. I feel proud to be part of the company.,True,promoter,positive
2403,202401901,2024,8,Team spirit is strong and the atmosphere is friendly and supportive. Supportive leadership and clear feedback make it easy to do great work.,True,passive,positive
2404,202400773,2024,7,Decision-making can feel top-down and recognition for effort is not always there.,True,passive,negative
2405,202401819,2024,8,Client exposure and variety of missions are a real strength of consulting here. I can maintain a healthy balance most of the time and flexibility helps.,True,passive,positive
2406,202401306,2024,7,,False,passive,
2407,202401448,2024,7,The employer brand could be stronger to attract and retain top talent.,True,passive,to be determined
2408,202400746,2024,6,,False,detractor,
2409,202401558,2024,7,Team spirit is strong and the atmosphere is friendly and supportive.,True,passive,positive
2410,202400313,2024,10,"There is a genuine commitment to responsible consulting and a respectful culture. Overall, I would recommend Skapa without hesitation.",True,promoter,positive
2411,202401016,2024,7,Some tools and processes are slow and create friction in day-to-day delivery. Bench periods and project allocation could be handled more consistently.,True,passive,negative
2412,202401908,2024,10,"Onboarding and integration were smooth, and the team culture is welcoming. Overall, I would recommend Skapa without hesitation.",True,promoter,positive
2413,202401087,2024,7,,False,passive,
2414,202400801,2024,9,"Compensation feels competitive for the market and responsibilities. Overall, I would recommend Skapa without hesitation.",True,promoter,positive
2415,202402016,2024,8,"Onboarding and integration were smooth, and the team culture is welcoming.",True,passive,positive
2416,202400932,2024,8,"Client exposure and variety of missions are a real strength of consulting here. Onboarding and integration were smooth, and the team culture is welcoming.",True,passive,positive
2417,202401745,2024,7,Sometimes the work feels less meaningful when priorities are driven mainly by utilization.,True,passive,negative
2418,202401597,2024,9,"Skapa remains attractive with interesting missions and a solid reputation. I appreciate the trust and autonomy; the management style feels genuinely empowering. Overall, I would recommend Skapa without hesitation.",True,promoter,positive
2419,202400356,2024,8,,False,passive,
2420,202400179,2024,10,"Work conditions are good overall and hybrid work is handled pragmatically. Overall, I would recommend Skapa without hesitation.",True,promoter,positive
2421,202401285,2024,8,Career paths are becoming clearer and internal mobility feels realistic. I can maintain a healthy balance most of the time and flexibility helps.,True,passive,positive
2422,202401665,2024,10,"I can maintain a healthy balance most of the time and flexibility helps. Overall, I would recommend Skapa without hesitation.",True,promoter,positive
2423,202400105,2024,8,"Recognition and coaching are consistent, which helps me grow and perform. Learning opportunities and projects help me build strong consulting skills.",True,passive,positive
2424,202401411,2024,7,Team spirit is strong and the atmosphere is friendly and supportive. Pay progression feels slow compared with responsibilities and performance expectations.,True,passive,to be determined
2425,202401321,2024,9,"Tools and logistics support delivery well, and the hybrid setup works smoothly. Compensation feels competitive for the market and responsibilities. I feel proud to be part of the company.",True,promoter,positive
2426,202400714,2024,7,I would like more regular coaching and clearer expectations from leadership. The employer brand could be stronger to attract and retain top talent.,True,passive,to be determined
2427,202401260,2024,9,"I see real chances to progress based on merit and impact. Overall, I would recommend Skapa without hesitation.",True,promoter,positive
2428,202401272,2024,7,Compensation has not kept pace with inflation and market benchmarks.,True,passive,negative
2429,202400826,2024,8,Learning opportunities and projects help me build strong consulting skills.,True,passive,positive
2430,202401655,2024,8,"The company feels stable and well-positioned in the market, with strong client demand. I can maintain a healthy balance most of the time and flexibility helps.",True,passive,positive
2431,202400572,2024,7,Training is available but time to actually use it is limited during peak delivery.,True,passive,negative
2432,202400521,2024,5,Bench periods and project allocation could be handled more consistently.,True,detractor,negative
2433,202401807,2024,8,,False,passive,
2434,202400984,2024,7,The employer brand could be stronger to attract and retain top talent.,True,passive,to be determined
2435,202400007,2024,8,"Onboarding and integration were smooth, and the team culture is welcoming.",True,passive,positive
2436,202400536,2024,7,"Career progression can feel unclear, especially around the criteria for promotion. Team spirit is strong and the atmosphere is friendly and supportive.",True,passive,to be determined
2437,202400787,2024,7,I worry about competitiveness and the pace of adapting to market changes. Workload peaks can be intense and staffing feels tight on some projects.,True,passive,negative
2438,202400495,2024,8,I can maintain a healthy balance most of the time and flexibility helps.,True,passive,positive
2439,202400428,2024,8,"The company feels stable and well-positioned in the market, with strong client demand. I’m satisfied with my pay and the overall benefits package.",True,passive,positive
2440,202400223,2024,8,Compensation feels competitive for the market and responsibilities.,True,passive,positive
2441,202401056,2024,8,"The company feels stable and well-positioned in the market, with strong client demand.",True,passive,positive
2442,202401459,2024,6,Recent uncertainty in priorities makes the long-term direction feel less clear.,True,detractor,negative
2443,202401706,2024,10,"Career paths are becoming clearer and internal mobility feels realistic. Supportive leadership and clear feedback make it easy to do great work. Overall, I would recommend Skapa without hesitation.",True,promoter,positive
2444,202400461,2024,10,"The strategy is clearer and leadership communicates priorities more consistently. Overall, I would recommend Skapa without hesitation.",True,promoter,positive
2445,202400272,2024,9,There is a genuine commitment to responsible consulting and a respectful culture. I can maintain a healthy balance most of the time and flexibility helps. I feel proud to be part of the company.,True,promoter,positive
2446,202400197,2024,7,Workload peaks can be intense and staffing feels tight on some projects. The employer brand could be stronger to attract and retain top talent.,True,passive,to be determined
2447,202400187,2024,8,Skapa remains attractive with interesting missions and a solid reputation. Cross-team collaboration is improving and it’s easier to work transversally.,True,passive,positive
2448,202401721,2024,7,,False,passive,
2449,202400437,2024,10,"Skapa remains attractive with interesting missions and a solid reputation. Overall, I would recommend Skapa without hesitation.",True,promoter,positive
2450,202400541,2024,10,"I can maintain a healthy balance most of the time and flexibility helps. Cross-team collaboration is improving and it’s easier to work transversally. Overall, I would recommend Skapa without hesitation.",True,promoter,positive
2451,202400012,2024,8,I can maintain a healthy balance most of the time and flexibility helps. The work feels meaningful because projects have clear impact for clients and society.,True,passive,positive
2452,202401586,2024,8,,False,passive,
2453,202400148,2024,9,"Skapa remains attractive with interesting missions and a solid reputation. I see real chances to progress based on merit and impact. Overall, I would recommend Skapa without hesitation.",True,promoter,positive
2454,202401703,2024,8,Learning opportunities and projects help me build strong consulting skills.,True,passive,positive
2455,202401020,2024,9,"Recognition and coaching are consistent, which helps me grow and perform. I feel proud to be part of the company.",True,promoter,positive
2456,202401263,2024,8,"The company feels stable and well-positioned in the market, with strong client demand. There is a genuine commitment to responsible consulting and a respectful culture.",True,passive,positive
2457,202401361,2024,7,Work-life balance could improve; overtime can become the default during delivery. Decision-making can feel top-down and recognition for effort is not always there.,True,passive,negative
2458,202401258,2024,8,"Recognition and coaching are consistent, which helps me grow and perform. I’m satisfied with my pay and the overall benefits package.",True,passive,positive
2459,202401935,2024,7,,False,passive,
2460,202400973,2024,7,I would like more structured development and transparency on growth opportunities. Team spirit is strong and the atmosphere is friendly and supportive.,True,passive,to be determined
2461,202401357,2024,7,Sustained pressure can lead to fatigue and I’ve seen early signs of burnout risk.,True,passive,negative
2462,202401863,2024,10,"I appreciate the trust and autonomy; the management style feels genuinely empowering. Innovation and a forward-looking strategy make the business feel resilient. Overall, I would recommend Skapa without hesitation.",True,promoter,positive
2463,202400378,2024,9,I can maintain a healthy balance most of the time and flexibility helps. I feel proud to be part of the company.,True,promoter,positive
2464,202400627,2024,9,"Tools and logistics support delivery well, and the hybrid setup works smoothly. I feel proud to be part of the company.",True,promoter,positive
2465,202400756,2024,9,"Onboarding and integration were smooth, and the team culture is welcoming. Overall, I would recommend Skapa without hesitation.",True,promoter,positive
2466,202400691,2024,7,,False,passive,
2467,202401885,2024,10,"Client exposure and variety of missions are a real strength of consulting here. Overall, I would recommend Skapa without hesitation.",True,promoter,positive
2468,202401508,2024,8,Compensation feels competitive for the market and responsibilities.,True,passive,positive
2469,202401591,2024,6,Team cohesion varies by project and it can feel isolating when switching assignments. Internal collaboration can feel siloed and handoffs between teams are not always smooth.,True,detractor,negative
2470,202401981,2024,7,I worry about competitiveness and the pace of adapting to market changes. Sustained pressure can lead to fatigue and I’ve seen early signs of burnout risk.,True,passive,negative
2471,202400136,2024,10,"Innovation and a forward-looking strategy make the business feel resilient. Overall, I would recommend Skapa without hesitation.",True,promoter,positive
2472,202400553,2024,5,"Career progression can feel unclear, especially around the criteria for promotion.",True,detractor,negative
2473,202400772,2024,10,Supportive leadership and clear feedback make it easy to do great work. I feel proud to be part of the company.,True,promoter,positive
2474,202400706,2024,10,"I’m satisfied with my pay and the overall benefits package. Overall, I would recommend Skapa without hesitation.",True,promoter,positive
2475,202402004,2024,10,"Team spirit is strong and the atmosphere is friendly and supportive. Skapa remains attractive with interesting missions and a solid reputation. Overall, I would recommend Skapa without hesitation.",True,promoter,positive
2476,202401747,2024,7,,False,passive,
2477,202400432,2024,9,Skapa remains attractive with interesting missions and a solid reputation. I feel proud to be part of the company.,True,promoter,positive
2478,202401494,2024,8,"Recognition and coaching are consistent, which helps me grow and perform. Tools and logistics support delivery well, and the hybrid setup works smoothly.",True,passive,positive
2479,202400903,2024,10,"Tools and logistics support delivery well, and the hybrid setup works smoothly. Career paths are becoming clearer and internal mobility feels realistic. Overall, I would recommend Skapa without hesitation.",True,promoter,positive
2480,202400949,2024,10,"I appreciate the trust and autonomy; the management style feels genuinely empowering. Onboarding and integration were smooth, and the team culture is welcoming. I feel proud to be part of the company.",True,promoter,positive
2481,202401408,2024,8,"The company feels stable and well-positioned in the market, with strong client demand.",True,passive,positive
2482,202401014,2024,6,Decision-making can feel top-down and recognition for effort is not always there.,True,detractor,negative
2483,202401441,2024,7,,False,passive,
2484,202401144,2024,7,,False,passive,
2485,202401750,2024,8,The work feels meaningful because projects have clear impact for clients and society.,True,passive,positive
2486,202400540,2024,10,"Skapa remains attractive with interesting missions and a solid reputation. Overall, I would recommend Skapa without hesitation.",True,promoter,positive
2487,202400817,2024,8,Work conditions are good overall and hybrid work is handled pragmatically. The strategy is clearer and leadership communicates priorities more consistently.,True,passive,positive
2488,202400911,2024,7,Pay progression feels slow compared with responsibilities and performance expectations.,True,passive,negative
2489,202401861,2024,6,,False,detractor,
2490,202400185,2024,10,"The company feels stable and well-positioned in the market, with strong client demand. I feel proud to be part of the company.",True,promoter,positive
2491,202401968,2024,10,"I see real chances to progress based on merit and impact. Overall, I would recommend Skapa without hesitation.",True,promoter,positive
2492,202401114,2024,7,Work-life balance could improve; overtime can become the default during delivery.,True,passive,negative
2493,202400026,2024,9,"The company feels stable and well-positioned in the market, with strong client demand. I feel proud to be part of the company.",True,promoter,positive
2494,202401865,2024,7,Sustained pressure can lead to fatigue and I’ve seen early signs of burnout risk. Bench periods and project allocation could be handled more consistently.,True,passive,negative
2495,202400646,2024,8,Cross-team collaboration is improving and it’s easier to work transversally.,True,passive,positive
2496,202401771,2024,8,Client exposure and variety of missions are a real strength of consulting here. Work conditions are good overall and hybrid work is handled pragmatically.,True,passive,positive
2497,202401225,2024,8,Learning opportunities and projects help me build strong consulting skills.,True,passive,positive
2498,202400755,2024,6,I would like more structured development and transparency on growth opportunities.,True,detractor,negative
2499,202400545,2024,10,I’m satisfied with my pay and the overall benefits package. I feel proud to be part of the company.,True,promoter,positive
2500,202401267,2024,8,Work conditions are good overall and hybrid work is handled pragmatically.,True,passive,positive
2501,202400966,2024,10,,False,promoter,
2502,202400476,2024,8,"The company feels stable and well-positioned in the market, with strong client demand.",True,passive,positive
2503,202400901,2024,8,"Innovation and a forward-looking strategy make the business feel resilient. Onboarding and integration were smooth, and the team culture is welcoming.",True,passive,positive
2504,202401001,2024,6,Recent uncertainty in priorities makes the long-term direction feel less clear.,True,detractor,negative
2505,202400439,2024,8,I’m satisfied with my pay and the overall benefits package. Innovation and a forward-looking strategy make the business feel resilient.,True,passive,positive
2506,202401648,2024,9,"Tools and logistics support delivery well, and the hybrid setup works smoothly. I feel proud to be part of the company.",True,promoter,positive
2507,202401318,2024,10,"I’m satisfied with my pay and the overall benefits package. Overall, I would recommend Skapa without hesitation.",True,promoter,positive
2508,202401637,2024,6,Bench periods and project allocation could be handled more consistently.,True,detractor,negative
2509,202400019,2024,9,"Skapa remains attractive with interesting missions and a solid reputation. The strategy is clearer and leadership communicates priorities more consistently. Overall, I would recommend Skapa without hesitation.",True,promoter,positive
2510,202401345,2024,9,Supportive leadership and clear feedback make it easy to do great work. I’m satisfied with my pay and the overall benefits package. I feel proud to be part of the company.,True,promoter,positive
2511,202401769,2024,7,"I worry about competitiveness and the pace of adapting to market changes. Career progression can feel unclear, especially around the criteria for promotion.",True,passive,negative
2512,202401370,2024,10,I can maintain a healthy balance most of the time and flexibility helps. Digital tools and processes are improving and make delivery more efficient. I feel proud to be part of the company.,True,promoter,positive
2513,202401836,2024,6,,False,detractor,
2514,202400275,2024,10,Supportive leadership and clear feedback make it easy to do great work. I feel proud to be part of the company.,True,promoter,positive
2515,202400908,2024,7,Pay progression feels slow compared with responsibilities and performance expectations.,True,passive,negative
2516,202400780,2024,7,,False,passive,
2517,202401465,2024,10,"I appreciate the trust and autonomy; the management style feels genuinely empowering. Digital tools and processes are improving and make delivery more efficient. Overall, I would recommend Skapa without hesitation.",True,promoter,positive
2518,202401762,2024,8,,False,passive,
2519,202400116,2024,8,Compensation feels competitive for the market and responsibilities. Skapa remains attractive with interesting missions and a solid reputation.,True,passive,positive
2520,202400071,2024,8,Innovation and a forward-looking strategy make the business feel resilient.,True,passive,positive
2521,202400363,2024,8,There is a genuine commitment to responsible consulting and a respectful culture.,True,passive,positive
2522,202401783,2024,7,Sustained pressure can lead to fatigue and I’ve seen early signs of burnout risk. Team spirit is strong and the atmosphere is friendly and supportive.,True,passive,to be determined
2523,202400189,2024,6,Work-life balance could improve; overtime can become the default during delivery.,True,detractor,negative
2524,202401588,2024,6,The employer brand could be stronger to attract and retain top talent. Compensation has not kept pace with inflation and market benchmarks.,True,detractor,negative
2525,202401649,2024,9,I appreciate the trust and autonomy; the management style feels genuinely empowering. Team spirit is strong and the atmosphere is friendly and supportive. I feel proud to be part of the company.,True,promoter,positive
2526,202400698,2024,7,,False,passive,
2527,202400659,2024,9,Supportive leadership and clear feedback make it easy to do great work. I feel proud to be part of the company.,True,promoter,positive
2528,202400124,2024,10,"Onboarding and integration were smooth, and the team culture is welcoming. Overall, I would recommend Skapa without hesitation.",True,promoter,positive
2529,202401818,2024,8,,False,passive,
2530,202401746,2024,7,Some tools and processes are slow and create friction in day-to-day delivery. I worry about competitiveness and the pace of adapting to market changes.,True,passive,negative
2531,202400943,2024,8,,False,passive,
2532,202400591,2024,7,,False,passive,
2533,202401644,2024,8,Team spirit is strong and the atmosphere is friendly and supportive. Client exposure and variety of missions are a real strength of consulting here.,True,passive,positive
2534,202401469,2024,9,I can maintain a healthy balance most of the time and flexibility helps. Cross-team collaboration is improving and it’s easier to work transversally. I feel proud to be part of the company.,True,promoter,positive
2535,202400404,2024,6,Sustained pressure can lead to fatigue and I’ve seen early signs of burnout risk. Training is available but time to actually use it is limited during peak delivery.,True,detractor,negative
2536,202401584,2024,8,I’m satisfied with my pay and the overall benefits package.,True,passive,positive
2537,202400612,2024,9,,False,promoter,
2538,202401266,2024,7,Work-life balance could improve; overtime can become the default during delivery.,True,passive,negative
2539,202401582,2024,7,,False,passive,
2540,202401873,2024,6,Work-life balance could improve; overtime can become the default during delivery. Management practices feel inconsistent and feedback is often too late to be useful.,True,detractor,negative
2541,202400663,2024,9,"Work conditions are good overall and hybrid work is handled pragmatically. Recognition and coaching are consistent, which helps me grow and perform. Overall, I would recommend Skapa without hesitation.",True,promoter,positive
2542,202401042,2024,9,"Career paths are becoming clearer and internal mobility feels realistic. Overall, I would recommend Skapa without hesitation.",True,promoter,positive
2543,202401517,2024,9,"Client exposure and variety of missions are a real strength of consulting here. Digital tools and processes are improving and make delivery more efficient. Overall, I would recommend Skapa without hesitation.",True,promoter,positive
2544,202401326,2024,9,"Career paths are becoming clearer and internal mobility feels realistic. Recognition and coaching are consistent, which helps me grow and perform. I feel proud to be part of the company.",True,promoter,positive
2545,202400631,2024,9,"I’m satisfied with my pay and the overall benefits package. Overall, I would recommend Skapa without hesitation.",True,promoter,positive
2546,202402027,2024,8,Team spirit is strong and the atmosphere is friendly and supportive.,True,passive,positive
2547,202401574,2024,8,Career paths are becoming clearer and internal mobility feels realistic. Innovation and a forward-looking strategy make the business feel resilient.,True,passive,positive
2548,202400406,2024,9,"Learning opportunities and projects help me build strong consulting skills. I can maintain a healthy balance most of the time and flexibility helps. Overall, I would recommend Skapa without hesitation.",True,promoter,positive
2549,202401243,2024,9,"I’m satisfied with my pay and the overall benefits package. I feel aligned with the values, especially inclusion, sustainability and fairness. Overall, I would recommend Skapa without hesitation.",True,promoter,positive
2550,202400636,2024,8,Skapa remains attractive with interesting missions and a solid reputation. Career paths are becoming clearer and internal mobility feels realistic.,True,passive,positive
2551,202400649,2024,6,Team cohesion varies by project and it can feel isolating when switching assignments.,True,detractor,negative
2552,202400288,2024,7,Work-life balance could improve; overtime can become the default during delivery. Compensation has not kept pace with inflation and market benchmarks.,True,passive,negative
2553,202401904,2024,8,"I see real chances to progress based on merit and impact. The company feels stable and well-positioned in the market, with strong client demand.",True,passive,positive
2554,202401277,2024,9,,False,promoter,
2555,202400412,2024,7,Compensation has not kept pace with inflation and market benchmarks.,True,passive,negative
2556,202400078,2024,7,Bench periods and project allocation could be handled more consistently.,True,passive,negative
2557,202400813,2024,8,"Learning opportunities and projects help me build strong consulting skills. Onboarding and integration were smooth, and the team culture is welcoming.",True,passive,positive
2558,202401244,2024,8,,False,passive,
2559,202401656,2024,7,Recent uncertainty in priorities makes the long-term direction feel less clear.,True,passive,negative
2560,202401535,2024,7,Pay progression feels slow compared with responsibilities and performance expectations. Sustained pressure can lead to fatigue and I’ve seen early signs of burnout risk.,True,passive,negative
2561,202401942,2024,8,"Recognition and coaching are consistent, which helps me grow and perform.",True,passive,positive
2562,202400803,2024,8,Learning opportunities and projects help me build strong consulting skills. I appreciate the increased transparency from leadership on decisions and direction.,True,passive,positive
2563,202401801,2024,8,I can maintain a healthy balance most of the time and flexibility helps. Team spirit is strong and the atmosphere is friendly and supportive.,True,passive,positive
2564,202401585,2024,6,The employer brand could be stronger to attract and retain top talent.,True,detractor,negative
2565,202401433,2024,8,I’m satisfied with my pay and the overall benefits package. Skapa remains attractive with interesting missions and a solid reputation.,True,passive,positive
2566,202400455,2024,9,I’m satisfied with my pay and the overall benefits package. I feel proud to be part of the company.,True,promoter,positive
2567,202401875,2024,9,The work feels meaningful because projects have clear impact for clients and society. I feel proud to be part of the company.,True,promoter,positive
2568,202401598,2024,7,The values are stated clearly but not always reflected in day-to-day decisions.,True,passive,negative
2569,202400060,2024,8,Career paths are becoming clearer and internal mobility feels realistic. I appreciate the trust and autonomy; the management style feels genuinely empowering.,True,passive,positive
2570,202401841,2024,6,Management practices feel inconsistent and feedback is often too late to be useful. Pay progression feels slow compared with responsibilities and performance expectations.,True,detractor,negative
2571,202400986,2024,9,"Team spirit is strong and the atmosphere is friendly and supportive. Overall, I would recommend Skapa without hesitation.",True,promoter,positive
2572,202401307,2024,7,Internal collaboration can feel siloed and handoffs between teams are not always smooth.,True,passive,negative
2573,202401682,2024,8,Compensation feels competitive for the market and responsibilities. I appreciate the trust and autonomy; the management style feels genuinely empowering.,True,passive,positive
2574,202401707,2024,7,Some tools and processes are slow and create friction in day-to-day delivery. I worry about competitiveness and the pace of adapting to market changes.,True,passive,negative
2575,202401312,2024,8,I appreciate the trust and autonomy; the management style feels genuinely empowering.,True,passive,positive
2576,202401645,2024,8,The strategy is clearer and leadership communicates priorities more consistently. The work feels meaningful because projects have clear impact for clients and society.,True,passive,positive
2577,202401233,2024,9,"There is a genuine commitment to responsible consulting and a respectful culture. The work feels meaningful because projects have clear impact for clients and society. Overall, I would recommend Skapa without hesitation.",True,promoter,positive
2578,202401815,2024,7,Compensation has not kept pace with inflation and market benchmarks.,True,passive,negative
2579,202400503,2024,7,I would like more regular coaching and clearer expectations from leadership.,True,passive,negative
2580,202401978,2024,9,"The work feels meaningful because projects have clear impact for clients and society. Overall, I would recommend Skapa without hesitation.",True,promoter,positive
2581,202400960,2024,9,I can maintain a healthy balance most of the time and flexibility helps. I feel proud to be part of the company.,True,promoter,positive
2582,202402003,2024,10,"Onboarding and integration were smooth, and the team culture is welcoming. I appreciate the trust and autonomy; the management style feels genuinely empowering. I feel proud to be part of the company.",True,promoter,positive
2583,202401251,2024,9,,False,promoter,
2584,202400927,2024,4,I worry about competitiveness and the pace of adapting to market changes. It would help to see concrete actions and follow-up.,True,detractor,negative
2585,202400493,2024,9,The strategy is clearer and leadership communicates priorities more consistently. I feel proud to be part of the company.,True,promoter,positive
2586,202400673,2024,7,Management practices feel inconsistent and feedback is often too late to be useful. Pay progression feels slow compared with responsibilities and performance expectations.,True,passive,negative
2587,202400318,2024,10,"The company feels stable and well-positioned in the market, with strong client demand. I appreciate the trust and autonomy; the management style feels genuinely empowering. I feel proud to be part of the company.",True,promoter,positive
2588,202400225,2024,8,"Recognition and coaching are consistent, which helps me grow and perform.",True,passive,positive
2589,202400250,2024,9,"Supportive leadership and clear feedback make it easy to do great work. Overall, I would recommend Skapa without hesitation.",True,promoter,positive
2590,202400051,2024,10,"Onboarding and integration were smooth, and the team culture is welcoming. I feel proud to be part of the company.",True,promoter,positive
2591,202400471,2024,9,"There is a genuine commitment to responsible consulting and a respectful culture. Overall, I would recommend Skapa without hesitation.",True,promoter,positive
2592,202400488,2024,8,,False,passive,
2593,202400722,2024,8,I appreciate the trust and autonomy; the management style feels genuinely empowering. Compensation feels competitive for the market and responsibilities.,True,passive,positive
2594,202400518,2024,5,Team cohesion varies by project and it can feel isolating when switching assignments. Sustained pressure can lead to fatigue and I’ve seen early signs of burnout risk.,True,detractor,negative
2595,202401502,2024,9,Work conditions are good overall and hybrid work is handled pragmatically. I feel proud to be part of the company.,True,promoter,positive
2596,202400256,2024,8,,False,passive,
2597,202401848,2024,9,"Skapa remains attractive with interesting missions and a solid reputation. Overall, I would recommend Skapa without hesitation.",True,promoter,positive
2598,202400242,2024,5,I would like more structured development and transparency on growth opportunities.,True,detractor,negative
2599,202400620,2024,9,,False,promoter,
2600,202400974,2024,7,Bench periods and project allocation could be handled more consistently.,True,passive,negative
2601,202400685,2024,9,"Recognition and coaching are consistent, which helps me grow and perform. The company feels stable and well-positioned in the market, with strong client demand. I feel proud to be part of the company.",True,promoter,positive
2602,202401893,2024,8,The strategy is clearer and leadership communicates priorities more consistently.,True,passive,to be determined
2603,202401471,2024,8,"I can maintain a healthy balance most of the time and flexibility helps. Tools and logistics support delivery well, and the hybrid setup works smoothly.",True,passive,positive
2604,202401758,2024,9,Learning opportunities and projects help me build strong consulting skills. I feel proud to be part of the company.,True,promoter,positive
2605,202400697,2024,9,"I feel aligned with the values, especially inclusion, sustainability and fairness. Overall, I would recommend Skapa without hesitation.",True,promoter,positive
2606,202400184,2024,6,Training is available but time to actually use it is limited during peak delivery.,True,detractor,negative
2607,202401479,2024,6,,False,detractor,
2608,202400745,2024,6,Sustained pressure can lead to fatigue and I’ve seen early signs of burnout risk.,True,detractor,negative
2609,202401146,2024,8,I see real chances to progress based on merit and impact.,True,passive,positive
2610,202400050,2024,8,Supportive leadership and clear feedback make it easy to do great work.,True,passive,positive
2611,202401149,2024,8,I see real chances to progress based on merit and impact.,True,passive,positive
2612,202400738,2024,9,"I appreciate the trust and autonomy; the management style feels genuinely empowering. Innovation and a forward-looking strategy make the business feel resilient. Overall, I would recommend Skapa without hesitation.",True,promoter,positive
2613,202401428,2024,9,Supportive leadership and clear feedback make it easy to do great work. I feel proud to be part of the company.,True,promoter,positive
2614,202400347,2024,6,I worry about competitiveness and the pace of adapting to market changes.,True,detractor,negative
2615,202400554,2024,7,Bench periods and project allocation could be handled more consistently.,True,passive,negative
2616,202400144,2024,9,Team spirit is strong and the atmosphere is friendly and supportive. Client exposure and variety of missions are a real strength of consulting here. I feel proud to be part of the company.,True,promoter,positive
2617,202401484,2024,8,"Recognition and coaching are consistent, which helps me grow and perform.",True,passive,positive
2618,202401473,2024,8,"Onboarding and integration were smooth, and the team culture is welcoming. Recognition and coaching are consistent, which helps me grow and perform.",True,passive,positive
2619,202400701,2024,9,"Compensation feels competitive for the market and responsibilities. Work conditions are good overall and hybrid work is handled pragmatically. Overall, I would recommend Skapa without hesitation.",True,promoter,positive
2620,202400072,2024,7,Pay progression feels slow compared with responsibilities and performance expectations.,True,passive,negative
2621,202400587,2024,7,Team spirit is strong and the atmosphere is friendly and supportive. Workload peaks can be intense and staffing feels tight on some projects.,True,passive,to be determined
2622,202401397,2024,8,Career paths are becoming clearer and internal mobility feels realistic.,True,passive,to be determined
2623,202400582,2024,9,Supportive leadership and clear feedback make it easy to do great work. Innovation and a forward-looking strategy make the business feel resilient. I feel proud to be part of the company.,True,promoter,positive
2624,202400048,2024,7,Pay progression feels slow compared with responsibilities and performance expectations.,True,passive,negative
2625,202400479,2024,8,Skapa remains attractive with interesting missions and a solid reputation.,True,passive,positive
2626,202400767,2024,8,Supportive leadership and clear feedback make it easy to do great work.,True,passive,positive
2627,202400790,2024,10,"I appreciate the trust and autonomy; the management style feels genuinely empowering. Innovation and a forward-looking strategy make the business feel resilient. Overall, I would recommend Skapa without hesitation.",True,promoter,positive
2628,202401943,2024,10,"Onboarding and integration were smooth, and the team culture is welcoming. Overall, I would recommend Skapa without hesitation.",True,promoter,positive
2629,202401923,2024,8,"Onboarding and integration were smooth, and the team culture is welcoming.",True,passive,positive
2630,202400262,2024,8,,False,passive,
2631,202400855,2024,10,"I can maintain a healthy balance most of the time and flexibility helps. Overall, I would recommend Skapa without hesitation.",True,promoter,positive
2632,202400806,2024,5,Compensation has not kept pace with inflation and market benchmarks.,True,detractor,negative
2633,202401289,2024,7,Team spirit is strong and the atmosphere is friendly and supportive.,True,passive,positive
2634,202400873,2024,10,I’m satisfied with my pay and the overall benefits package. Learning opportunities and projects help me build strong consulting skills. I feel proud to be part of the company.,True,promoter,positive
2635,202400394,2024,10,Innovation and a forward-looking strategy make the business feel resilient. I feel proud to be part of the company.,True,promoter,positive
2636,202400598,2024,9,"Recognition and coaching are consistent, which helps me grow and perform. I feel proud to be part of the company.",True,promoter,positive
2637,202400584,2024,7,,False,passive,
2638,202402008,2024,7,Training is available but time to actually use it is limited during peak delivery. Pay progression feels slow compared with responsibilities and performance expectations.,True,passive,negative
2639,202401331,2024,8,Innovation and a forward-looking strategy make the business feel resilient.,True,passive,positive
2640,202401067,2024,6,I worry about competitiveness and the pace of adapting to market changes. Team cohesion varies by project and it can feel isolating when switching assignments.,True,detractor,negative
2641,202401960,2024,9,"Team spirit is strong and the atmosphere is friendly and supportive. Compensation feels competitive for the market and responsibilities. Overall, I would recommend Skapa without hesitation.",True,promoter,positive
2642,202400827,2024,8,"Onboarding and integration were smooth, and the team culture is welcoming. I’m satisfied with my pay and the overall benefits package.",True,passive,positive
2643,202400121,2024,8,There is a genuine commitment to responsible consulting and a respectful culture.,True,passive,positive
2644,202401763,2024,8,I appreciate the trust and autonomy; the management style feels genuinely empowering.,True,passive,positive
2645,202400762,2024,9,,False,promoter,
2646,202401414,2024,8,"Onboarding and integration were smooth, and the team culture is welcoming.",True,passive,positive
2647,202401822,2024,6,,False,detractor,
2648,202400193,2024,10,Supportive leadership and clear feedback make it easy to do great work. I feel proud to be part of the company.,True,promoter,positive
2649,202400641,2024,9,Career paths are becoming clearer and internal mobility feels realistic. The work feels meaningful because projects have clear impact for clients and society. I feel proud to be part of the company.,True,promoter,positive
2650,202400728,2024,9,Skapa remains attractive with interesting missions and a solid reputation. I feel proud to be part of the company.,True,promoter,positive
2651,202400912,2024,7,Sustained pressure can lead to fatigue and I’ve seen early signs of burnout risk.,True,passive,negative
2652,202401430,2024,7,I would like more regular coaching and clearer expectations from leadership.,True,passive,negative
2653,202400718,2024,9,"Recognition and coaching are consistent, which helps me grow and perform. I feel proud to be part of the company.",True,promoter,positive
2654,202401802,2024,4,Decision-making can feel top-down and recognition for effort is not always there. It would help to see concrete actions and follow-up.,True,detractor,negative
2655,202400531,2024,7,"Bench periods and project allocation could be handled more consistently. Onboarding and integration were smooth, and the team culture is welcoming.",True,passive,negative
2656,202400172,2024,7,Management practices feel inconsistent and feedback is often too late to be useful.,True,passive,negative
2657,202400435,2024,7,,False,passive,
2658,202401167,2024,7,The values are stated clearly but not always reflected in day-to-day decisions. Management practices feel inconsistent and feedback is often too late to be useful.,True,passive,to be determined
2659,202400679,2024,9,"I see real chances to progress based on merit and impact. Overall, I would recommend Skapa without hesitation.",True,promoter,positive
2660,202401539,2024,5,Decision-making can feel top-down and recognition for effort is not always there.,True,detractor,negative
2661,202401549,2024,5,I would like more regular coaching and clearer expectations from leadership. Work-life balance could improve; overtime can become the default during delivery.,True,detractor,negative
2662,202400564,2024,5,"I would like to see stronger action on inclusion and equity, not just messaging. Management practices feel inconsistent and feedback is often too late to be useful.",True,detractor,negative
2663,202400789,2024,6,,False,detractor,
2664,202400353,2024,7,Decision-making can feel top-down and recognition for effort is not always there. Pay progression feels slow compared with responsibilities and performance expectations.,True,passive,negative
2665,202401657,2024,7,Workload peaks can be intense and staffing feels tight on some projects. Sustained pressure can lead to fatigue and I’ve seen early signs of burnout risk.,True,passive,negative
2666,202401786,2024,9,Skapa remains attractive with interesting missions and a solid reputation. I appreciate the trust and autonomy; the management style feels genuinely empowering. I feel proud to be part of the company.,True,promoter,positive
2667,202401851,2024,9,"I appreciate the trust and autonomy; the management style feels genuinely empowering. The company feels stable and well-positioned in the market, with strong client demand. Overall, I would recommend Skapa without hesitation.",True,promoter,positive
2668,202400778,2024,10,Learning opportunities and projects help me build strong consulting skills. I feel proud to be part of the company.,True,promoter,positive
2669,202400095,2024,9,"Recognition and coaching are consistent, which helps me grow and perform. Overall, I would recommend Skapa without hesitation.",True,promoter,positive
2670,202400898,2024,9,"Career paths are becoming clearer and internal mobility feels realistic. Client exposure and variety of missions are a real strength of consulting here. Overall, I would recommend Skapa without hesitation.",True,promoter,positive
2671,202401947,2024,6,"Career progression can feel unclear, especially around the criteria for promotion. Some tools and processes are slow and create friction in day-to-day delivery.",True,detractor,negative
2672,202401683,2024,9,"I see real chances to progress based on merit and impact. Overall, I would recommend Skapa without hesitation.",True,promoter,positive
2673,202400054,2024,7,,False,passive,
2674,202400900,2024,9,"Career paths are becoming clearer and internal mobility feels realistic. Overall, I would recommend Skapa without hesitation.",True,promoter,positive
2675,202400891,2024,8,Compensation feels competitive for the market and responsibilities. Career paths are becoming clearer and internal mobility feels realistic.,True,passive,positive
2676,202400452,2024,10,Skapa remains attractive with interesting missions and a solid reputation. The work feels meaningful because projects have clear impact for clients and society. I feel proud to be part of the company.,True,promoter,positive
2677,202401692,2024,7,,False,passive,
2678,202400950,2024,7,,False,passive,
2679,202400015,2024,10,Work conditions are good overall and hybrid work is handled pragmatically. I feel proud to be part of the company.,True,promoter,positive
2680,202401447,2024,8,"Tools and logistics support delivery well, and the hybrid setup works smoothly. Recognition and coaching are consistent, which helps me grow and perform.",True,passive,positive
2681,202401918,2024,10,"Onboarding and integration were smooth, and the team culture is welcoming. Digital tools and processes are improving and make delivery more efficient. I feel proud to be part of the company.",True,promoter,positive
2682,202401516,2024,8,I appreciate the trust and autonomy; the management style feels genuinely empowering.,True,passive,positive
2683,202401666,2024,9,,False,promoter,
2684,202401374,2024,9,"I feel aligned with the values, especially inclusion, sustainability and fairness. Overall, I would recommend Skapa without hesitation.",True,promoter,positive
2685,202400044,2024,8,Learning opportunities and projects help me build strong consulting skills.,True,passive,positive
2686,202400295,2024,7,Work-life balance could improve; overtime can become the default during delivery.,True,passive,negative
2687,202401678,2024,8,"Onboarding and integration were smooth, and the team culture is welcoming.",True,passive,positive
2688,202400311,2024,6,"I would like to see stronger action on inclusion and equity, not just messaging.",True,detractor,negative
2689,202400861,2024,8,Supportive leadership and clear feedback make it easy to do great work.,True,passive,positive
2690,202401368,2024,7,Workload peaks can be intense and staffing feels tight on some projects. The employer brand could be stronger to attract and retain top talent.,True,passive,to be determined
2691,202401880,2024,8,"I feel aligned with the values, especially inclusion, sustainability and fairness.",True,passive,positive
2692,202400424,2024,9,"Learning opportunities and projects help me build strong consulting skills. Overall, I would recommend Skapa without hesitation.",True,promoter,positive
2693,202400506,2024,7,Bench periods and project allocation could be handled more consistently.,True,passive,negative
2694,202400566,2024,8,Compensation feels competitive for the market and responsibilities.,True,passive,positive
2695,202400962,2024,6,I would like more visibility from leadership and less pressure driven by short-term targets. Compensation has not kept pace with inflation and market benchmarks.,True,detractor,negative
2696,202401113,2024,7,"Onboarding and integration were smooth, and the team culture is welcoming. Some tools and processes are slow and create friction in day-to-day delivery.",True,passive,to be determined
2697,202400515,2024,6,I would like more visibility from leadership and less pressure driven by short-term targets.,True,detractor,negative
2698,202401172,2024,6,Strategic priorities shift often and it can be hard to understand the direction. Recent uncertainty in priorities makes the long-term direction feel less clear.,True,detractor,negative
2699,202400863,2024,7,,False,passive,
2700,202401413,2024,7,"Onboarding and integration were smooth, and the team culture is welcoming.",True,passive,positive
2701,202400369,2024,7,,False,passive,
2702,202401910,2024,7,Team spirit is strong and the atmosphere is friendly and supportive.,True,passive,positive
2703,202401027,2024,6,Work-life balance could improve; overtime can become the default during delivery. I worry about competitiveness and the pace of adapting to market changes.,True,detractor,negative
2704,202401481,2024,8,Innovation and a forward-looking strategy make the business feel resilient.,True,passive,positive
2705,202400882,2024,7,I would like more structured development and transparency on growth opportunities.,True,passive,to be determined
2706,202400269,2024,8,I appreciate the trust and autonomy; the management style feels genuinely empowering.,True,passive,positive
2707,202401919,2024,8,Team spirit is strong and the atmosphere is friendly and supportive. Innovation and a forward-looking strategy make the business feel resilient.,True,passive,positive
2708,202401085,2024,7,Compensation has not kept pace with inflation and market benchmarks.,True,passive,negative
2709,202400118,2024,6,Team cohesion varies by project and it can feel isolating when switching assignments.,True,detractor,negative
2710,202401895,2024,9,The work feels meaningful because projects have clear impact for clients and society. Compensation feels competitive for the market and responsibilities. I feel proud to be part of the company.,True,promoter,positive
2711,202400296,2024,7,,False,passive,
2712,202401257,2024,8,"The company feels stable and well-positioned in the market, with strong client demand. Recognition and coaching are consistent, which helps me grow and perform.",True,passive,positive
2713,202401379,2024,8,,False,passive,
2714,202401234,2024,8,"The company feels stable and well-positioned in the market, with strong client demand.",True,passive,positive
2715,202401168,2024,8,"Tools and logistics support delivery well, and the hybrid setup works smoothly.",True,passive,positive
2716,202401547,2024,8,Learning opportunities and projects help me build strong consulting skills.,True,passive,positive
2717,202401190,2024,7,,False,passive,
2718,202401695,2024,8,Compensation feels competitive for the market and responsibilities. I appreciate the trust and autonomy; the management style feels genuinely empowering.,True,passive,positive
2719,202400852,2024,8,,False,passive,
2720,202401282,2024,7,,False,passive,
2721,202400628,2024,9,The work feels meaningful because projects have clear impact for clients and society. I feel proud to be part of the company.,True,promoter,positive
2722,202400928,2024,7,"The employer brand could be stronger to attract and retain top talent. Career progression can feel unclear, especially around the criteria for promotion.",True,passive,to be determined
2723,202401432,2024,9,,False,promoter,
2724,202400478,2024,7,,False,passive,
2725,202400434,2024,5,I worry about competitiveness and the pace of adapting to market changes. Bench periods and project allocation could be handled more consistently.,True,detractor,negative
2726,202400764,2024,10,"Innovation and a forward-looking strategy make the business feel resilient. Overall, I would recommend Skapa without hesitation.",True,promoter,positive
2727,202402030,2024,6,Bench periods and project allocation could be handled more consistently.,True,detractor,negative
2728,202401717,2024,6,The employer brand could be stronger to attract and retain top talent. Workload peaks can be intense and staffing feels tight on some projects.,True,detractor,negative
2729,202400354,2024,10,"I’m satisfied with my pay and the overall benefits package. Overall, I would recommend Skapa without hesitation.",True,promoter,positive
2730,202401129,2024,5,Sometimes the work feels less meaningful when priorities are driven mainly by utilization.,True,detractor,negative
2731,202401610,2024,9,Career paths are becoming clearer and internal mobility feels realistic. I’m satisfied with my pay and the overall benefits package. I feel proud to be part of the company.,True,promoter,positive
2732,202400117,2024,9,"I see real chances to progress based on merit and impact. I appreciate the increased transparency from leadership on decisions and direction. Overall, I would recommend Skapa without hesitation.",True,promoter,positive
2733,202401662,2024,8,I can maintain a healthy balance most of the time and flexibility helps.,True,passive,positive
2734,202400524,2024,8,The work feels meaningful because projects have clear impact for clients and society.,True,passive,positive
2735,202401831,2024,8,"Recognition and coaching are consistent, which helps me grow and perform.",True,passive,positive
2736,202401029,2024,9,"I see real chances to progress based on merit and impact. Overall, I would recommend Skapa without hesitation.",True,promoter,positive
2737,202401201,2024,7,,False,passive,
2738,202400248,2024,8,"Onboarding and integration were smooth, and the team culture is welcoming.",True,passive,positive
2739,202400422,2024,8,Supportive leadership and clear feedback make it easy to do great work.,True,passive,positive
2740,202400749,2024,9,I can maintain a healthy balance most of the time and flexibility helps. I feel proud to be part of the company.,True,promoter,positive
2741,202401252,2024,7,The employer brand could be stronger to attract and retain top talent.,True,passive,to be determined
2742,202401995,2024,9,"Onboarding and integration were smooth, and the team culture is welcoming. I feel proud to be part of the company.",True,promoter,positive
2743,202401290,2024,6,,False,detractor,
2744,202401685,2024,8,I see real chances to progress based on merit and impact. Skapa remains attractive with interesting missions and a solid reputation.,True,passive,positive
2745,202400586,2024,9,,False,promoter,
2746,202400978,2024,8,Client exposure and variety of missions are a real strength of consulting here.,True,passive,positive
2747,202401976,2024,8,Team spirit is strong and the atmosphere is friendly and supportive. Compensation feels competitive for the market and responsibilities.,True,passive,positive
2748,202400271,2024,7,Compensation has not kept pace with inflation and market benchmarks. Bench periods and project allocation could be handled more consistently.,True,passive,negative
2749,202400070,2024,6,Sometimes the work feels less meaningful when priorities are driven mainly by utilization.,True,detractor,negative
2750,202400570,2024,7,Decision-making can feel top-down and recognition for effort is not always there.,True,passive,negative
2751,202400125,2024,9,Skapa remains attractive with interesting missions and a solid reputation. Team spirit is strong and the atmosphere is friendly and supportive. I feel proud to be part of the company.,True,promoter,positive
2752,202400552,2024,8,,False,passive,
2753,202401350,2024,8,Team spirit is strong and the atmosphere is friendly and supportive.,True,passive,positive
2754,202400607,2024,7,I worry about competitiveness and the pace of adapting to market changes.,True,passive,negative
2755,202400450,2024,6,Work-life balance could improve; overtime can become the default during delivery.,True,detractor,negative
2756,202400104,2024,10,I appreciate the trust and autonomy; the management style feels genuinely empowering. Team spirit is strong and the atmosphere is friendly and supportive. I feel proud to be part of the company.,True,promoter,positive
2757,202401151,2024,6,Sometimes the work feels less meaningful when priorities are driven mainly by utilization.,True,detractor,negative
2758,202401000,2024,10,Digital tools and processes are improving and make delivery more efficient. I feel proud to be part of the company.,True,promoter,positive
2759,202400716,2024,7,"Onboarding and integration were smooth, and the team culture is welcoming.",True,passive,positive
2760,202400619,2024,7,I would like more structured development and transparency on growth opportunities.,True,passive,to be determined
2761,202400842,2024,9,"Skapa remains attractive with interesting missions and a solid reputation. Overall, I would recommend Skapa without hesitation.",True,promoter,positive
2762,202401329,2024,8,,False,passive,
2763,202401303,2024,7,,False,passive,
2764,202400364,2024,9,"The company feels stable and well-positioned in the market, with strong client demand. I feel proud to be part of the company.",True,promoter,positive
2765,202401542,2024,6,Team cohesion varies by project and it can feel isolating when switching assignments.,True,detractor,negative
2766,202400379,2024,9,Innovation and a forward-looking strategy make the business feel resilient. I can maintain a healthy balance most of the time and flexibility helps. I feel proud to be part of the company.,True,promoter,positive
2767,202400135,2024,4,Compensation has not kept pace with inflation and market benchmarks. Sustained pressure can lead to fatigue and I’ve seen early signs of burnout risk. It would help to see concrete actions and follow-up.,True,detractor,negative
2768,202401778,2024,8,"Tools and logistics support delivery well, and the hybrid setup works smoothly.",True,passive,positive
2769,202401264,2024,7,,False,passive,
2770,202400300,2024,7,Pay progression feels slow compared with responsibilities and performance expectations.,True,passive,negative
2771,202401713,2024,10,Client exposure and variety of missions are a real strength of consulting here. I feel proud to be part of the company.,True,promoter,positive
2772,202400589,2024,6,Decision-making can feel top-down and recognition for effort is not always there. I would like more visibility from leadership and less pressure driven by short-term targets.,True,detractor,negative
2773,202401488,2024,9,I appreciate the trust and autonomy; the management style feels genuinely empowering. Compensation feels competitive for the market and responsibilities. I feel proud to be part of the company.,True,promoter,positive
2774,202400326,2024,6,"I would like to see stronger action on inclusion and equity, not just messaging. I would like more regular coaching and clearer expectations from leadership.",True,detractor,negative
2775,202401871,2024,7,Compensation has not kept pace with inflation and market benchmarks. Sustained pressure can lead to fatigue and I’ve seen early signs of burnout risk.,True,passive,negative
2776,202401381,2024,8,I can maintain a healthy balance most of the time and flexibility helps.,True,passive,positive
2777,202401063,2024,7,Training is available but time to actually use it is limited during peak delivery. Pay progression feels slow compared with responsibilities and performance expectations.,True,passive,negative
2778,202400081,2024,9,,False,promoter,
2779,202400812,2024,6,Sustained pressure can lead to fatigue and I’ve seen early signs of burnout risk.,True,detractor,negative
2780,202400616,2024,8,Team spirit is strong and the atmosphere is friendly and supportive. Innovation and a forward-looking strategy make the business feel resilient.,True,passive,positive
2781,202400890,2024,9,"I feel aligned with the values, especially inclusion, sustainability and fairness. Overall, I would recommend Skapa without hesitation.",True,promoter,positive
2782,202400065,2024,5,,False,detractor,
2783,202401577,2024,6,Compensation has not kept pace with inflation and market benchmarks.,True,detractor,negative
2784,202401776,2024,6,Recent uncertainty in priorities makes the long-term direction feel less clear.,True,detractor,negative
2785,202400487,2024,8,I see real chances to progress based on merit and impact.,True,passive,positive
2786,202401154,2024,8,I’m satisfied with my pay and the overall benefits package.,True,passive,positive
2787,202400834,2024,7,,False,passive,
2788,202400480,2024,6,Sometimes the work feels less meaningful when priorities are driven mainly by utilization.,True,detractor,negative
2789,202401850,2024,9,"I see real chances to progress based on merit and impact. Work conditions are good overall and hybrid work is handled pragmatically. Overall, I would recommend Skapa without hesitation.",True,promoter,positive
2790,202400884,2024,9,"Tools and logistics support delivery well, and the hybrid setup works smoothly. Overall, I would recommend Skapa without hesitation.",True,promoter,positive
2791,202400513,2024,7,Pay progression feels slow compared with responsibilities and performance expectations.,True,passive,negative
2792,202401483,2024,7,Decision-making can feel top-down and recognition for effort is not always there.,True,passive,negative
2793,202401412,2024,9,"Recognition and coaching are consistent, which helps me grow and perform. The company feels stable and well-positioned in the market, with strong client demand. Overall, I would recommend Skapa without hesitation.",True,promoter,positive
2794,202401688,2024,9,"Compensation feels competitive for the market and responsibilities. Skapa remains attractive with interesting missions and a solid reputation. Overall, I would recommend Skapa without hesitation.",True,promoter,positive
2795,202401755,2024,5,Internal collaboration can feel siloed and handoffs between teams are not always smooth. I would like more regular coaching and clearer expectations from leadership.,True,detractor,negative
2796,202400994,2024,9,"Tools and logistics support delivery well, and the hybrid setup works smoothly. Team spirit is strong and the atmosphere is friendly and supportive. I feel proud to be part of the company.",True,promoter,positive
2797,202401937,2024,8,Supportive leadership and clear feedback make it easy to do great work.,True,passive,positive
2798,202401608,2024,7,The employer brand could be stronger to attract and retain top talent.,True,passive,to be determined
2799,202400527,2024,9,"I’m satisfied with my pay and the overall benefits package. Tools and logistics support delivery well, and the hybrid setup works smoothly. Overall, I would recommend Skapa without hesitation.",True,promoter,positive
2800,202400087,2024,6,Team cohesion varies by project and it can feel isolating when switching assignments.,True,detractor,negative
2801,202400647,2024,8,,False,passive,
2802,202401931,2024,7,Team spirit is strong and the atmosphere is friendly and supportive. Workload peaks can be intense and staffing feels tight on some projects.,True,passive,to be determined
2803,202401399,2024,7,Strategic priorities shift often and it can be hard to understand the direction.,True,passive,negative
2804,202401578,2024,8,Work conditions are good overall and hybrid work is handled pragmatically.,True,passive,positive
2805,202400836,2024,9,I see real chances to progress based on merit and impact. I feel proud to be part of the company.,True,promoter,positive
2806,202401463,2024,5,"Internal collaboration can feel siloed and handoffs between teams are not always smooth. Career progression can feel unclear, especially around the criteria for promotion.",True,detractor,negative
2807,202400976,2024,9,"The company feels stable and well-positioned in the market, with strong client demand. I appreciate the increased transparency from leadership on decisions and direction. I feel proud to be part of the company.",True,promoter,positive
2808,202400640,2024,7,I worry about competitiveness and the pace of adapting to market changes.,True,passive,negative
2809,202400677,2024,9,"Compensation feels competitive for the market and responsibilities. The work feels meaningful because projects have clear impact for clients and society. Overall, I would recommend Skapa without hesitation.",True,promoter,positive
2810,202400869,2024,6,Training is available but time to actually use it is limited during peak delivery.,True,detractor,negative
2811,202401341,2024,8,I see real chances to progress based on merit and impact. Supportive leadership and clear feedback make it easy to do great work.,True,passive,positive
2812,202401230,2024,9,"I’m satisfied with my pay and the overall benefits package. Recognition and coaching are consistent, which helps me grow and perform. I feel proud to be part of the company.",True,promoter,positive
2813,202400175,2024,7,,False,passive,
2814,202401827,2024,8,Career paths are becoming clearer and internal mobility feels realistic.,True,passive,to be determined
2815,202401099,2024,8,Innovation and a forward-looking strategy make the business feel resilient. Learning opportunities and projects help me build strong consulting skills.,True,passive,positive
2816,202401211,2024,8,Work conditions are good overall and hybrid work is handled pragmatically.,True,passive,positive
2817,202401576,2024,9,"Compensation feels competitive for the market and responsibilities. Overall, I would recommend Skapa without hesitation.",True,promoter,positive
2818,202401270,2024,8,"Tools and logistics support delivery well, and the hybrid setup works smoothly.",True,passive,positive
2819,202401476,2024,9,"The company feels stable and well-positioned in the market, with strong client demand. Compensation feels competitive for the market and responsibilities. Overall, I would recommend Skapa without hesitation.",True,promoter,positive
2820,202401742,2024,6,Compensation has not kept pace with inflation and market benchmarks. I would like more visibility from leadership and less pressure driven by short-term targets.,True,detractor,negative
2821,202401349,2024,6,"Career progression can feel unclear, especially around the criteria for promotion. I would like more regular coaching and clearer expectations from leadership.",True,detractor,negative
2822,202400102,2024,7,,False,passive,
2823,202401905,2024,10,There is a genuine commitment to responsible consulting and a respectful culture. I feel proud to be part of the company.,True,promoter,positive
2824,202401159,2024,8,I appreciate the trust and autonomy; the management style feels genuinely empowering.,True,passive,positive
2825,202401959,2024,10,Team spirit is strong and the atmosphere is friendly and supportive. I can maintain a healthy balance most of the time and flexibility helps. I feel proud to be part of the company.,True,promoter,positive
2826,202401531,2024,8,,False,passive,
2827,202400740,2024,7,Work-life balance could improve; overtime can become the default during delivery.,True,passive,negative
2828,202400392,2024,7,Compensation has not kept pace with inflation and market benchmarks. Internal collaboration can feel siloed and handoffs between teams are not always smooth.,True,passive,negative
2829,202401415,2024,9,Learning opportunities and projects help me build strong consulting skills. I feel proud to be part of the company.,True,promoter,positive
2830,202400645,2024,6,,False,detractor,
2831,202400621,2024,6,The employer brand could be stronger to attract and retain top talent. Decision-making can feel top-down and recognition for effort is not always there.,True,detractor,negative
2832,202500170,2025,7,"Pay progression feels slow compared with responsibilities and performance expectations. Career progression can feel unclear, especially around the criteria for promotion.",True,passive,negative
2833,202501721,2025,9,"Team spirit is strong and the atmosphere is friendly and supportive. Tools and logistics support delivery well, and the hybrid setup works smoothly. I feel proud to be part of the company.",True,promoter,positive
2834,202501950,2025,10,"Learning opportunities and projects help me build strong consulting skills. Skapa remains attractive with interesting missions and a solid reputation. Overall, I would recommend Skapa without hesitation.",True,promoter,positive
2835,202500079,2025,6,Training is available but time to actually use it is limited during peak delivery.,True,detractor,negative
2836,202501819,2025,8,Compensation feels competitive for the market and responsibilities. Learning opportunities and projects help me build strong consulting skills.,True,passive,positive
2837,202500825,2025,8,"Onboarding and integration were smooth, and the team culture is welcoming.",True,passive,positive
2838,202501238,2025,8,Client exposure and variety of missions are a real strength of consulting here.,True,passive,positive
2839,202500293,2025,8,Innovation and a forward-looking strategy make the business feel resilient. Team spirit is strong and the atmosphere is friendly and supportive.,True,passive,positive
2840,202500760,2025,6,Pay progression feels slow compared with responsibilities and performance expectations. Sustained pressure can lead to fatigue and I’ve seen early signs of burnout risk.,True,detractor,negative
2841,202500051,2025,7,,False,passive,
2842,202500460,2025,8,Innovation and a forward-looking strategy make the business feel resilient. The work feels meaningful because projects have clear impact for clients and society.,True,passive,positive
2843,202501727,2025,7,Bench periods and project allocation could be handled more consistently.,True,passive,negative
2844,202501111,2025,8,The work feels meaningful because projects have clear impact for clients and society.,True,passive,positive
2845,202501996,2025,9,There is a genuine commitment to responsible consulting and a respectful culture. I feel proud to be part of the company.,True,promoter,positive
2846,202501195,2025,6,Pay progression feels slow compared with responsibilities and performance expectations. Team cohesion varies by project and it can feel isolating when switching assignments.,True,detractor,negative
2847,202501875,2025,7,Recent uncertainty in priorities makes the long-term direction feel less clear.,True,passive,negative
2848,202501270,2025,8,I appreciate the trust and autonomy; the management style feels genuinely empowering. Learning opportunities and projects help me build strong consulting skills.,True,passive,positive
2849,202502032,2025,10,"The company feels stable and well-positioned in the market, with strong client demand. Overall, I would recommend Skapa without hesitation.",True,promoter,positive
2850,202500531,2025,7,,False,passive,
2851,202501578,2025,7,Management practices feel inconsistent and feedback is often too late to be useful. Recent uncertainty in priorities makes the long-term direction feel less clear.,True,passive,negative
2852,202500991,2025,6,"Here in our Malmö office, Management practices feel inconsistent and feedback is often too late to be useful. Team cohesion varies by project and it can feel isolating when switching assignments.",True,detractor,negative
2853,202500799,2025,8,Learning opportunities and projects help me build strong consulting skills.,True,passive,positive
2854,202500249,2025,8,Team spirit is strong and the atmosphere is friendly and supportive.,True,passive,positive
2855,202500046,2025,10,Supportive leadership and clear feedback make it easy to do great work. The strategy is clearer and leadership communicates priorities more consistently. I feel proud to be part of the company.,True,promoter,positive
2856,202500039,2025,6,,False,detractor,
2857,202500677,2025,6,I would like more regular coaching and clearer expectations from leadership.,True,detractor,negative
2858,202500667,2025,7,"I would like to see stronger action on inclusion and equity, not just messaging. I would like more regular coaching and clearer expectations from leadership.",True,passive,to be determined
2859,202501697,2025,7,,False,passive,
2860,202500463,2025,8,"I feel aligned with the values, especially inclusion, sustainability and fairness.",True,passive,positive
2861,202500398,2025,9,Compensation feels competitive for the market and responsibilities. I feel proud to be part of the company.,True,promoter,positive
2862,202501397,2025,6,Decision-making can feel top-down and recognition for effort is not always there. Pay progression feels slow compared with responsibilities and performance expectations.,True,detractor,negative
2863,202500100,2025,8,I appreciate the trust and autonomy; the management style feels genuinely empowering. There is a genuine commitment to responsible consulting and a respectful culture.,True,passive,positive
2864,202500554,2025,7,,False,passive,
2865,202501346,2025,7,,False,passive,
2866,202500898,2025,7,"Sustained pressure can lead to fatigue and I’ve seen early signs of burnout risk. Career progression can feel unclear, especially around the criteria for promotion.",True,passive,negative
2867,202501922,2025,10,Learning opportunities and projects help me build strong consulting skills. I feel proud to be part of the company.,True,promoter,positive
2868,202500837,2025,10,Team spirit is strong and the atmosphere is friendly and supportive. I feel proud to be part of the company.,True,promoter,positive
2869,202501105,2025,8,,False,passive,
2870,202501047,2025,6,"Here in our Gothenburg office, Workload peaks can be intense and staffing feels tight on some projects.",True,detractor,negative
2871,202501712,2025,7,Recent uncertainty in priorities makes the long-term direction feel less clear.,True,passive,negative
2872,202501253,2025,7,The employer brand could be stronger to attract and retain top talent. Pay progression feels slow compared with responsibilities and performance expectations.,True,passive,to be determined
2873,202501541,2025,6,Pay progression feels slow compared with responsibilities and performance expectations.,True,detractor,negative
2874,202501506,2025,9,"Here in our Valencia office, Recognition and coaching are consistent, which helps me grow and perform. The company feels stable and well-positioned in the market, with strong client demand. I feel proud to be part of the company.",True,promoter,positive
2875,202501681,2025,5,Training is available but time to actually use it is limited during peak delivery.,True,detractor,negative
2876,202501561,2025,10,"I can maintain a healthy balance most of the time and flexibility helps. Recognition and coaching are consistent, which helps me grow and perform. Overall, I would recommend Skapa without hesitation.",True,promoter,positive
2877,202500520,2025,7,Bench periods and project allocation could be handled more consistently. Training is available but time to actually use it is limited during peak delivery.,True,passive,negative
2878,202500741,2025,7,,False,passive,
2879,202501308,2025,6,Some tools and processes are slow and create friction in day-to-day delivery.,True,detractor,negative
2880,202500229,2025,9,"I’m satisfied with my pay and the overall benefits package. Supportive leadership and clear feedback make it easy to do great work. Overall, I would recommend Skapa without hesitation.",True,promoter,positive
2881,202501756,2025,10,"Career paths are becoming clearer and internal mobility feels realistic. Overall, I would recommend Skapa without hesitation.",True,promoter,positive
2882,202501998,2025,9,Career paths are becoming clearer and internal mobility feels realistic. Supportive leadership and clear feedback make it easy to do great work. I feel proud to be part of the company.,True,promoter,positive
2883,202501325,2025,9,"I can maintain a healthy balance most of the time and flexibility helps. Overall, I would recommend Skapa without hesitation.",True,promoter,positive
2884,202500841,2025,7,,False,passive,
2885,202501104,2025,8,Skapa remains attractive with interesting missions and a solid reputation. I can maintain a healthy balance most of the time and flexibility helps.,True,passive,positive
2886,202500472,2025,7,,False,passive,
2887,202501542,2025,8,"Digital tools and processes are improving and make delivery more efficient. Tools and logistics support delivery well, and the hybrid setup works smoothly.",True,passive,positive
2888,202501724,2025,9,Supportive leadership and clear feedback make it easy to do great work. I feel proud to be part of the company.,True,promoter,positive
2889,202501081,2025,8,Client exposure and variety of missions are a real strength of consulting here.,True,passive,positive
2890,202500710,2025,9,Career paths are becoming clearer and internal mobility feels realistic. I feel proud to be part of the company.,True,promoter,positive
2891,202500597,2025,9,Career paths are becoming clearer and internal mobility feels realistic. There is a genuine commitment to responsible consulting and a respectful culture. I feel proud to be part of the company.,True,promoter,positive
2892,202501480,2025,7,I would like more regular coaching and clearer expectations from leadership. Work-life balance could improve; overtime can become the default during delivery.,True,passive,to be determined
2893,202500583,2025,8,I see real chances to progress based on merit and impact. I’m satisfied with my pay and the overall benefits package.,True,passive,positive
2894,202500728,2025,10,,False,promoter,
2895,202501571,2025,8,I see real chances to progress based on merit and impact. I’m satisfied with my pay and the overall benefits package.,True,passive,positive
2896,202501360,2025,10,"I feel aligned with the values, especially inclusion, sustainability and fairness. Overall, I would recommend Skapa without hesitation.",True,promoter,positive
2897,202500397,2025,7,"Onboarding and integration were smooth, and the team culture is welcoming. Compensation has not kept pace with inflation and market benchmarks.",True,passive,negative
2898,202500704,2025,10,I’m satisfied with my pay and the overall benefits package. I see real chances to progress based on merit and impact. I feel proud to be part of the company.,True,promoter,positive
2899,202501839,2025,9,,False,promoter,
2900,202501689,2025,9,"I appreciate the trust and autonomy; the management style feels genuinely empowering. There is a genuine commitment to responsible consulting and a respectful culture. Overall, I would recommend Skapa without hesitation.",True,promoter,positive
2901,202500312,2025,9,"I appreciate the increased transparency from leadership on decisions and direction. Overall, I would recommend Skapa without hesitation.",True,promoter,positive
2902,202501481,2025,9,Career paths are becoming clearer and internal mobility feels realistic. Innovation and a forward-looking strategy make the business feel resilient. I feel proud to be part of the company.,True,promoter,positive
2903,202500269,2025,7,I worry about competitiveness and the pace of adapting to market changes. Training is available but time to actually use it is limited during peak delivery.,True,passive,negative
2904,202501230,2025,9,"Skapa remains attractive with interesting missions and a solid reputation. Team spirit is strong and the atmosphere is friendly and supportive. Overall, I would recommend Skapa without hesitation.",True,promoter,positive
2905,202501177,2025,5,,False,detractor,
2906,202501532,2025,9,"Skapa remains attractive with interesting missions and a solid reputation. Work conditions are good overall and hybrid work is handled pragmatically. Overall, I would recommend Skapa without hesitation.",True,promoter,positive
2907,202501720,2025,10,"I appreciate the trust and autonomy; the management style feels genuinely empowering. Compensation feels competitive for the market and responsibilities. Overall, I would recommend Skapa without hesitation.",True,promoter,positive
2908,202501444,2025,10,"Recognition and coaching are consistent, which helps me grow and perform. The company feels stable and well-positioned in the market, with strong client demand. I feel proud to be part of the company.",True,promoter,positive
2909,202501549,2025,9,"Skapa remains attractive with interesting missions and a solid reputation. Overall, I would recommend Skapa without hesitation.",True,promoter,positive
2910,202501933,2025,10,"Compensation feels competitive for the market and responsibilities. The work feels meaningful because projects have clear impact for clients and society. Overall, I would recommend Skapa without hesitation.",True,promoter,positive
2911,202501574,2025,9,Supportive leadership and clear feedback make it easy to do great work. I feel proud to be part of the company.,True,promoter,positive
2912,202500134,2025,8,Compensation feels competitive for the market and responsibilities.,True,passive,positive
2913,202500868,2025,9,"Learning opportunities and projects help me build strong consulting skills. Recognition and coaching are consistent, which helps me grow and perform. Overall, I would recommend Skapa without hesitation.",True,promoter,positive
2914,202501000,2025,7,,False,passive,
2915,202501306,2025,9,Supportive leadership and clear feedback make it easy to do great work. Skapa remains attractive with interesting missions and a solid reputation. I feel proud to be part of the company.,True,promoter,positive
2916,202500939,2025,8,Skapa remains attractive with interesting missions and a solid reputation. Cross-team collaboration is improving and it’s easier to work transversally.,True,passive,positive
2917,202500005,2025,10,I appreciate the increased transparency from leadership on decisions and direction. Digital tools and processes are improving and make delivery more efficient. I feel proud to be part of the company.,True,promoter,positive
2918,202502039,2025,10,"Team spirit is strong and the atmosphere is friendly and supportive. Overall, I would recommend Skapa without hesitation.",True,promoter,positive
2919,202501102,2025,7,,False,passive,
2920,202500856,2025,9,"I see real chances to progress based on merit and impact. Compensation feels competitive for the market and responsibilities. Overall, I would recommend Skapa without hesitation.",True,promoter,positive
2921,202500600,2025,8,Work conditions are good overall and hybrid work is handled pragmatically. I appreciate the increased transparency from leadership on decisions and direction.,True,passive,positive
2922,202500996,2025,6,Management practices feel inconsistent and feedback is often too late to be useful.,True,detractor,negative
2923,202501172,2025,8,I’m satisfied with my pay and the overall benefits package. Innovation and a forward-looking strategy make the business feel resilient.,True,passive,positive
2924,202500673,2025,6,"Management practices feel inconsistent and feedback is often too late to be useful. Career progression can feel unclear, especially around the criteria for promotion.",True,detractor,negative
2925,202501266,2025,9,"Recognition and coaching are consistent, which helps me grow and perform. Onboarding and integration were smooth, and the team culture is welcoming. I feel proud to be part of the company.",True,promoter,positive
2926,202500692,2025,9,Client exposure and variety of missions are a real strength of consulting here. I feel proud to be part of the company.,True,promoter,positive
2927,202501789,2025,10,"Supportive leadership and clear feedback make it easy to do great work. Overall, I would recommend Skapa without hesitation.",True,promoter,positive
2928,202500919,2025,7,Management practices feel inconsistent and feedback is often too late to be useful. The values are stated clearly but not always reflected in day-to-day decisions.,True,passive,negative
2929,202501566,2025,8,,False,passive,
2930,202501175,2025,9,"I can maintain a healthy balance most of the time and flexibility helps. Career paths are becoming clearer and internal mobility feels realistic. Overall, I would recommend Skapa without hesitation.",True,promoter,positive
2931,202501239,2025,7,,False,passive,
2932,202501321,2025,8,The strategy is clearer and leadership communicates priorities more consistently.,True,passive,to be determined
2933,202500755,2025,9,Career paths are becoming clearer and internal mobility feels realistic. I feel proud to be part of the company.,True,promoter,positive
2934,202500688,2025,9,Work conditions are good overall and hybrid work is handled pragmatically. I feel proud to be part of the company.,True,promoter,positive
2935,202500602,2025,8,Compensation feels competitive for the market and responsibilities.,True,passive,positive
2936,202501006,2025,8,Career paths are becoming clearer and internal mobility feels realistic.,True,passive,to be determined
2937,202501377,2025,8,Cross-team collaboration is improving and it’s easier to work transversally. The work feels meaningful because projects have clear impact for clients and society.,True,passive,positive
2938,202500831,2025,8,I’m satisfied with my pay and the overall benefits package.,True,passive,positive
2939,202501559,2025,9,I appreciate the increased transparency from leadership on decisions and direction. I feel proud to be part of the company.,True,promoter,positive
2940,202500244,2025,7,Sustained pressure can lead to fatigue and I’ve seen early signs of burnout risk. Team spirit is strong and the atmosphere is friendly and supportive.,True,passive,to be determined
2941,202500612,2025,9,Supportive leadership and clear feedback make it easy to do great work. I see real chances to progress based on merit and impact. I feel proud to be part of the company.,True,promoter,positive
2942,202501558,2025,6,Decision-making can feel top-down and recognition for effort is not always there. Bench periods and project allocation could be handled more consistently.,True,detractor,negative
2943,202501812,2025,9,"Onboarding and integration were smooth, and the team culture is welcoming. I feel proud to be part of the company.",True,promoter,positive
2944,202500759,2025,10,"Onboarding and integration were smooth, and the team culture is welcoming. Innovation and a forward-looking strategy make the business feel resilient. I feel proud to be part of the company.",True,promoter,positive
2945,202500962,2025,8,,False,passive,
2946,202500428,2025,10,"Innovation and a forward-looking strategy make the business feel resilient. Supportive leadership and clear feedback make it easy to do great work. Overall, I would recommend Skapa without hesitation.",True,promoter,positive
2947,202500609,2025,7,Management practices feel inconsistent and feedback is often too late to be useful. Recent uncertainty in priorities makes the long-term direction feel less clear.,True,passive,negative
2948,202500016,2025,8,Skapa remains attractive with interesting missions and a solid reputation. Cross-team collaboration is improving and it’s easier to work transversally.,True,passive,positive
2949,202500137,2025,7,,False,passive,
2950,202501946,2025,6,Training is available but time to actually use it is limited during peak delivery. Pay progression feels slow compared with responsibilities and performance expectations.,True,detractor,negative
2951,202502022,2025,7,The employer brand could be stronger to attract and retain top talent.,True,passive,to be determined
2952,202502058,2025,9,"Onboarding and integration were smooth, and the team culture is welcoming. Overall, I would recommend Skapa without hesitation.",True,promoter,positive
2953,202500906,2025,9,"Client exposure and variety of missions are a real strength of consulting here. I appreciate the increased transparency from leadership on decisions and direction. Overall, I would recommend Skapa without hesitation.",True,promoter,positive
2954,202501453,2025,8,,False,passive,
2955,202500213,2025,10,"The company feels stable and well-positioned in the market, with strong client demand. Learning opportunities and projects help me build strong consulting skills. I feel proud to be part of the company.",True,promoter,positive
2956,202501980,2025,9,"Onboarding and integration were smooth, and the team culture is welcoming. I feel proud to be part of the company.",True,promoter,positive
2957,202500309,2025,9,"The company feels stable and well-positioned in the market, with strong client demand. Overall, I would recommend Skapa without hesitation.",True,promoter,positive
2958,202501529,2025,7,The employer brand could be stronger to attract and retain top talent.,True,passive,to be determined
2959,202500891,2025,9,"Digital tools and processes are improving and make delivery more efficient. Overall, I would recommend Skapa without hesitation.",True,promoter,positive
2960,202500360,2025,7,I would like more regular coaching and clearer expectations from leadership. Workload peaks can be intense and staffing feels tight on some projects.,True,passive,negative
2961,202500536,2025,8,,False,passive,
2962,202500037,2025,9,Digital tools and processes are improving and make delivery more efficient. I feel proud to be part of the company.,True,promoter,positive
2963,202500144,2025,8,I appreciate the trust and autonomy; the management style feels genuinely empowering. I see real chances to progress based on merit and impact.,True,passive,positive
2964,202500709,2025,9,"Supportive leadership and clear feedback make it easy to do great work. Overall, I would recommend Skapa without hesitation.",True,promoter,positive
2965,202501099,2025,9,"Client exposure and variety of missions are a real strength of consulting here. I appreciate the trust and autonomy; the management style feels genuinely empowering. Overall, I would recommend Skapa without hesitation.",True,promoter,positive
2966,202501748,2025,7,The employer brand could be stronger to attract and retain top talent. Pay progression feels slow compared with responsibilities and performance expectations.,True,passive,to be determined
2967,202500586,2025,6,,False,detractor,
2968,202502025,2025,9,I see real chances to progress based on merit and impact. Supportive leadership and clear feedback make it easy to do great work. I feel proud to be part of the company.,True,promoter,positive
2969,202500102,2025,7,"Career progression can feel unclear, especially around the criteria for promotion.",True,passive,negative
2970,202500607,2025,8,Innovation and a forward-looking strategy make the business feel resilient.,True,passive,positive
2971,202501854,2025,7,,False,passive,
2972,202501579,2025,10,I’m satisfied with my pay and the overall benefits package. Innovation and a forward-looking strategy make the business feel resilient. I feel proud to be part of the company.,True,promoter,positive
2973,202500127,2025,8,The work feels meaningful because projects have clear impact for clients and society.,True,passive,positive
2974,202501178,2025,8,Work conditions are good overall and hybrid work is handled pragmatically.,True,passive,positive
2975,202500765,2025,9,Innovation and a forward-looking strategy make the business feel resilient. I feel proud to be part of the company.,True,promoter,positive
2976,202500385,2025,9,"I appreciate the trust and autonomy; the management style feels genuinely empowering. Overall, I would recommend Skapa without hesitation.",True,promoter,positive
2977,202500965,2025,9,Innovation and a forward-looking strategy make the business feel resilient. Career paths are becoming clearer and internal mobility feels realistic. I feel proud to be part of the company.,True,promoter,positive
2978,202502148,2025,10,I see real chances to progress based on merit and impact. I feel proud to be part of the company.,True,promoter,positive
2979,202500001,2025,9,,False,promoter,
2980,202501804,2025,8,"I can maintain a healthy balance most of the time and flexibility helps. The company feels stable and well-positioned in the market, with strong client demand.",True,passive,positive
2981,202501232,2025,9,"Skapa remains attractive with interesting missions and a solid reputation. Recognition and coaching are consistent, which helps me grow and perform. Overall, I would recommend Skapa without hesitation.",True,promoter,positive
2982,202500950,2025,7,"Sustained pressure can lead to fatigue and I’ve seen early signs of burnout risk. I would like to see stronger action on inclusion and equity, not just messaging.",True,passive,negative
2983,202501305,2025,10,"Supportive leadership and clear feedback make it easy to do great work. Overall, I would recommend Skapa without hesitation.",True,promoter,positive
2984,202500446,2025,7,Compensation has not kept pace with inflation and market benchmarks.,True,passive,negative
2985,202500205,2025,7,Management practices feel inconsistent and feedback is often too late to be useful.,True,passive,negative
2986,202500743,2025,8,Supportive leadership and clear feedback make it easy to do great work.,True,passive,positive
2987,202500937,2025,9,"Tools and logistics support delivery well, and the hybrid setup works smoothly. Overall, I would recommend Skapa without hesitation.",True,promoter,positive
2988,202502005,2025,9,"Career paths are becoming clearer and internal mobility feels realistic. Client exposure and variety of missions are a real strength of consulting here. Overall, I would recommend Skapa without hesitation.",True,promoter,positive
2989,202500268,2025,7,,False,passive,
2990,202500707,2025,9,Skapa remains attractive with interesting missions and a solid reputation. Compensation feels competitive for the market and responsibilities. I feel proud to be part of the company.,True,promoter,positive
2991,202500350,2025,8,Supportive leadership and clear feedback make it easy to do great work.,True,passive,positive
2992,202502003,2025,5,I would like more regular coaching and clearer expectations from leadership.,True,detractor,negative
2993,202501009,2025,5,Compensation has not kept pace with inflation and market benchmarks.,True,detractor,negative
2994,202501813,2025,10,,False,promoter,
2995,202501861,2025,7,,False,passive,
2996,202500665,2025,10,"I appreciate the trust and autonomy; the management style feels genuinely empowering. I’m satisfied with my pay and the overall benefits package. Overall, I would recommend Skapa without hesitation.",True,promoter,positive
2997,202501822,2025,8,There is a genuine commitment to responsible consulting and a respectful culture.,True,passive,positive
2998,202502054,2025,10,Team spirit is strong and the atmosphere is friendly and supportive. I feel proud to be part of the company.,True,promoter,positive
2999,202500899,2025,6,Sustained pressure can lead to fatigue and I’ve seen early signs of burnout risk.,True,detractor,negative
3000,202500282,2025,9,"Recognition and coaching are consistent, which helps me grow and perform. Overall, I would recommend Skapa without hesitation.",True,promoter,positive
3001,202501332,2025,7,I worry about competitiveness and the pace of adapting to market changes.,True,passive,negative
3002,202501249,2025,7,Management practices feel inconsistent and feedback is often too late to be useful.,True,passive,negative
3003,202501436,2025,7,Compensation has not kept pace with inflation and market benchmarks.,True,passive,negative
3004,202500845,2025,9,"I’m satisfied with my pay and the overall benefits package. Overall, I would recommend Skapa without hesitation.",True,promoter,positive
3005,202501903,2025,7,Compensation has not kept pace with inflation and market benchmarks.,True,passive,negative
3006,202502087,2025,7,"Onboarding and integration were smooth, and the team culture is welcoming.",True,passive,positive
3007,202501147,2025,10,,False,promoter,
3008,202502089,2025,5,I worry about competitiveness and the pace of adapting to market changes.,True,detractor,negative
3009,202501596,2025,7,,False,passive,
3010,202500560,2025,8,Skapa remains attractive with interesting missions and a solid reputation.,True,passive,positive
3011,202500800,2025,7,Team spirit is strong and the atmosphere is friendly and supportive.,True,passive,positive
3012,202500174,2025,7,,False,passive,
3013,202501449,2025,6,Sustained pressure can lead to fatigue and I’ve seen early signs of burnout risk. Compensation has not kept pace with inflation and market benchmarks.,True,detractor,negative
3014,202501990,2025,9,Team spirit is strong and the atmosphere is friendly and supportive. I feel proud to be part of the company.,True,promoter,positive
3015,202501895,2025,9,"Learning opportunities and projects help me build strong consulting skills. I’m satisfied with my pay and the overall benefits package. Overall, I would recommend Skapa without hesitation.",True,promoter,positive
3016,202502113,2025,8,"Onboarding and integration were smooth, and the team culture is welcoming.",True,passive,positive
3017,202502013,2025,7,,False,passive,
3018,202500541,2025,8,"Onboarding and integration were smooth, and the team culture is welcoming. I feel aligned with the values, especially inclusion, sustainability and fairness.",True,passive,positive
3019,202502137,2025,9,"Client exposure and variety of missions are a real strength of consulting here. Overall, I would recommend Skapa without hesitation.",True,promoter,positive
3020,202500173,2025,9,"I can maintain a healthy balance most of the time and flexibility helps. Supportive leadership and clear feedback make it easy to do great work. Overall, I would recommend Skapa without hesitation.",True,promoter,positive
3021,202501776,2025,9,"Recognition and coaching are consistent, which helps me grow and perform. Overall, I would recommend Skapa without hesitation.",True,promoter,positive
3022,202501904,2025,9,"Work conditions are good overall and hybrid work is handled pragmatically. Skapa remains attractive with interesting missions and a solid reputation. Overall, I would recommend Skapa without hesitation.",True,promoter,positive
3023,202500013,2025,7,Sometimes the work feels less meaningful when priorities are driven mainly by utilization. Sustained pressure can lead to fatigue and I’ve seen early signs of burnout risk.,True,passive,negative
3024,202501046,2025,10,"I feel aligned with the values, especially inclusion, sustainability and fairness. I feel proud to be part of the company.",True,promoter,positive
3025,202500827,2025,9,"I appreciate the trust and autonomy; the management style feels genuinely empowering. Overall, I would recommend Skapa without hesitation.",True,promoter,positive
3026,202500164,2025,5,Compensation has not kept pace with inflation and market benchmarks.,True,detractor,negative
3027,202501708,2025,10,,False,promoter,
3028,202502029,2025,10,"I appreciate the increased transparency from leadership on decisions and direction. Overall, I would recommend Skapa without hesitation.",True,promoter,positive
3029,202501204,2025,8,,False,passive,
3030,202501293,2025,7,,False,passive,
3031,202501743,2025,7,,False,passive,
3032,202500133,2025,8,,False,passive,
3033,202501093,2025,8,"I can maintain a healthy balance most of the time and flexibility helps. Tools and logistics support delivery well, and the hybrid setup works smoothly.",True,passive,positive
3034,202501118,2025,7,,False,passive,
3035,202500690,2025,10,Work conditions are good overall and hybrid work is handled pragmatically. I feel proud to be part of the company.,True,promoter,positive
3036,202501163,2025,8,"Recognition and coaching are consistent, which helps me grow and perform.",True,passive,positive
3037,202501556,2025,8,Client exposure and variety of missions are a real strength of consulting here.,True,passive,positive
3038,202501205,2025,8,Career paths are becoming clearer and internal mobility feels realistic.,True,passive,to be determined
3039,202501445,2025,7,Training is available but time to actually use it is limited during peak delivery.,True,passive,negative
3040,202501831,2025,8,Supportive leadership and clear feedback make it easy to do great work. Innovation and a forward-looking strategy make the business feel resilient.,True,passive,positive
3041,202501790,2025,9,"Onboarding and integration were smooth, and the team culture is welcoming. I appreciate the trust and autonomy; the management style feels genuinely empowering. Overall, I would recommend Skapa without hesitation.",True,promoter,positive
3042,202501778,2025,10,"Supportive leadership and clear feedback make it easy to do great work. Digital tools and processes are improving and make delivery more efficient. Overall, I would recommend Skapa without hesitation.",True,promoter,positive
3043,202500969,2025,8,Work conditions are good overall and hybrid work is handled pragmatically.,True,passive,positive
3044,202500510,2025,7,,False,passive,
3045,202500807,2025,6,,False,detractor,
3046,202500766,2025,7,"Onboarding and integration were smooth, and the team culture is welcoming.",True,passive,positive
3047,202500920,2025,9,I appreciate the trust and autonomy; the management style feels genuinely empowering. I’m satisfied with my pay and the overall benefits package. I feel proud to be part of the company.,True,promoter,positive
3048,202501866,2025,8,"The company feels stable and well-positioned in the market, with strong client demand. I appreciate the trust and autonomy; the management style feels genuinely empowering.",True,passive,positive
3049,202500934,2025,8,,False,passive,
3050,202500582,2025,9,Skapa remains attractive with interesting missions and a solid reputation. I feel proud to be part of the company.,True,promoter,positive
3051,202501963,2025,9,,False,promoter,
3052,202502051,2025,7,,False,passive,
3053,202501053,2025,10,"I appreciate the increased transparency from leadership on decisions and direction. Onboarding and integration were smooth, and the team culture is welcoming. Overall, I would recommend Skapa without hesitation.",True,promoter,positive
3054,202500552,2025,7,Team spirit is strong and the atmosphere is friendly and supportive. I would like more structured development and transparency on growth opportunities.,True,passive,to be determined
3055,202500548,2025,10,"Learning opportunities and projects help me build strong consulting skills. Overall, I would recommend Skapa without hesitation.",True,promoter,positive
3056,202500890,2025,6,Recent uncertainty in priorities makes the long-term direction feel less clear. Workload peaks can be intense and staffing feels tight on some projects.,True,detractor,negative
3057,202500872,2025,10,The work feels meaningful because projects have clear impact for clients and society. I feel proud to be part of the company.,True,promoter,positive
3058,202501992,2025,7,Pay progression feels slow compared with responsibilities and performance expectations. Bench periods and project allocation could be handled more consistently.,True,passive,negative
3059,202500315,2025,8,,False,passive,
3060,202501098,2025,9,There is a genuine commitment to responsible consulting and a respectful culture. I feel proud to be part of the company.,True,promoter,positive
3061,202501467,2025,7,,False,passive,
3062,202500364,2025,6,"Career progression can feel unclear, especially around the criteria for promotion. I would like more regular coaching and clearer expectations from leadership.",True,detractor,negative
3063,202501554,2025,9,"Compensation feels competitive for the market and responsibilities. I appreciate the trust and autonomy; the management style feels genuinely empowering. Overall, I would recommend Skapa without hesitation.",True,promoter,positive
3064,202500627,2025,9,"The work feels meaningful because projects have clear impact for clients and society. Client exposure and variety of missions are a real strength of consulting here. Overall, I would recommend Skapa without hesitation.",True,promoter,positive
3065,202500332,2025,8,Supportive leadership and clear feedback make it easy to do great work. Work conditions are good overall and hybrid work is handled pragmatically.,True,passive,positive
3066,202500253,2025,8,,False,passive,
3067,202501418,2025,8,I’m satisfied with my pay and the overall benefits package.,True,passive,positive
3068,202501219,2025,7,Some tools and processes are slow and create friction in day-to-day delivery.,True,passive,negative
3069,202502114,2025,8,"Onboarding and integration were smooth, and the team culture is welcoming. Innovation and a forward-looking strategy make the business feel resilient.",True,passive,positive
3070,202500818,2025,9,I appreciate the trust and autonomy; the management style feels genuinely empowering. I feel proud to be part of the company.,True,promoter,positive
3071,202501300,2025,9,"Tools and logistics support delivery well, and the hybrid setup works smoothly. Overall, I would recommend Skapa without hesitation.",True,promoter,positive
3072,202500900,2025,7,Decision-making can feel top-down and recognition for effort is not always there.,True,passive,negative
3073,202501672,2025,9,"I feel aligned with the values, especially inclusion, sustainability and fairness. I feel proud to be part of the company.",True,promoter,positive
3074,202500857,2025,9,"The company feels stable and well-positioned in the market, with strong client demand. I can maintain a healthy balance most of the time and flexibility helps. I feel proud to be part of the company.",True,promoter,positive
3075,202501633,2025,10,Learning opportunities and projects help me build strong consulting skills. I’m satisfied with my pay and the overall benefits package. I feel proud to be part of the company.,True,promoter,positive
3076,202501223,2025,10,"I can maintain a healthy balance most of the time and flexibility helps. Overall, I would recommend Skapa without hesitation.",True,promoter,positive
3077,202502159,2025,10,"Onboarding and integration were smooth, and the team culture is welcoming. I feel proud to be part of the company.",True,promoter,positive
3078,202500287,2025,10,Supportive leadership and clear feedback make it easy to do great work. I feel proud to be part of the company.,True,promoter,positive
3079,202500850,2025,8,Innovation and a forward-looking strategy make the business feel resilient.,True,passive,positive
3080,202501745,2025,9,"Career paths are becoming clearer and internal mobility feels realistic. I feel aligned with the values, especially inclusion, sustainability and fairness. I feel proud to be part of the company.",True,promoter,positive
3081,202500952,2025,8,I appreciate the increased transparency from leadership on decisions and direction. Innovation and a forward-looking strategy make the business feel resilient.,True,passive,positive
3082,202500224,2025,9,,False,promoter,
3083,202501762,2025,10,,False,promoter,
3084,202501750,2025,9,Innovation and a forward-looking strategy make the business feel resilient. I feel proud to be part of the company.,True,promoter,positive
3085,202500060,2025,8,"Tools and logistics support delivery well, and the hybrid setup works smoothly. I appreciate the trust and autonomy; the management style feels genuinely empowering.",True,passive,positive
3086,202500511,2025,7,"Career progression can feel unclear, especially around the criteria for promotion.",True,passive,negative
3087,202500014,2025,9,I’m satisfied with my pay and the overall benefits package. I feel proud to be part of the company.,True,promoter,positive
3088,202500258,2025,6,,False,detractor,
3089,202502119,2025,8,,False,passive,
3090,202501739,2025,7,Bench periods and project allocation could be handled more consistently.,True,passive,negative
3091,202501521,2025,4,Pay progression feels slow compared with responsibilities and performance expectations. It would help to see concrete actions and follow-up.,True,detractor,negative
3092,202500708,2025,8,I appreciate the trust and autonomy; the management style feels genuinely empowering.,True,passive,positive
3093,202501978,2025,8,Work conditions are good overall and hybrid work is handled pragmatically.,True,passive,positive
3094,202502111,2025,9,"Team spirit is strong and the atmosphere is friendly and supportive. Innovation and a forward-looking strategy make the business feel resilient. Overall, I would recommend Skapa without hesitation.",True,promoter,positive
3095,202500588,2025,6,Work-life balance could improve; overtime can become the default during delivery.,True,detractor,negative
3096,202501144,2025,9,I’m satisfied with my pay and the overall benefits package. I feel proud to be part of the company.,True,promoter,positive
3097,202501792,2025,10,"Innovation and a forward-looking strategy make the business feel resilient. Onboarding and integration were smooth, and the team culture is welcoming. Overall, I would recommend Skapa without hesitation.",True,promoter,positive
3098,202501507,2025,7,,False,passive,
3099,202500274,2025,9,"The company feels stable and well-positioned in the market, with strong client demand. Team spirit is strong and the atmosphere is friendly and supportive. I feel proud to be part of the company.",True,promoter,positive
3100,202501523,2025,10,"In our Gothenburg offices, Work conditions are good overall and hybrid work is handled pragmatically. The work feels meaningful because projects have clear impact for clients and society. Overall, I would recommend Skapa without hesitation.",True,promoter,positive
3101,202500230,2025,8,I can maintain a healthy balance most of the time and flexibility helps.,True,passive,positive
3102,202500758,2025,8,Compensation feels competitive for the market and responsibilities. Supportive leadership and clear feedback make it easy to do great work.,True,passive,positive
3103,202500095,2025,6,Sometimes the work feels less meaningful when priorities are driven mainly by utilization.,True,detractor,negative
3104,202500052,2025,9,I can maintain a healthy balance most of the time and flexibility helps. I feel proud to be part of the company.,True,promoter,positive
3105,202502078,2025,9,Skapa remains attractive with interesting missions and a solid reputation. I feel proud to be part of the company.,True,promoter,positive
3106,202500703,2025,9,The work feels meaningful because projects have clear impact for clients and society. I feel proud to be part of the company.,True,promoter,positive
3107,202500853,2025,8,"The company feels stable and well-positioned in the market, with strong client demand.",True,passive,positive
3108,202500047,2025,8,Digital tools and processes are improving and make delivery more efficient. The strategy is clearer and leadership communicates priorities more consistently.,True,passive,positive
3109,202501004,2025,8,,False,passive,
3110,202500634,2025,10,Supportive leadership and clear feedback make it easy to do great work. I feel proud to be part of the company.,True,promoter,positive
3111,202500648,2025,8,"The work feels meaningful because projects have clear impact for clients and society. The company feels stable and well-positioned in the market, with strong client demand.",True,passive,positive
3112,202502105,2025,9,"Team spirit is strong and the atmosphere is friendly and supportive. I can maintain a healthy balance most of the time and flexibility helps. Overall, I would recommend Skapa without hesitation.",True,promoter,positive
3113,202501754,2025,7,Decision-making can feel top-down and recognition for effort is not always there.,True,passive,negative
3114,202501920,2025,9,"Client exposure and variety of missions are a real strength of consulting here. Overall, I would recommend Skapa without hesitation.",True,promoter,positive
3115,202500116,2025,8,,False,passive,
3116,202501722,2025,9,,False,promoter,
3117,202501915,2025,9,,False,promoter,
3118,202500561,2025,9,I can maintain a healthy balance most of the time and flexibility helps. I feel proud to be part of the company.,True,promoter,positive
3119,202500566,2025,8,,False,passive,
3120,202501201,2025,7,,False,passive,
3121,202502156,2025,8,Team spirit is strong and the atmosphere is friendly and supportive. Digital tools and processes are improving and make delivery more efficient.,True,passive,positive
3122,202500018,2025,8,I can maintain a healthy balance most of the time and flexibility helps.,True,passive,positive
3123,202501732,2025,9,I’m satisfied with my pay and the overall benefits package. Digital tools and processes are improving and make delivery more efficient. I feel proud to be part of the company.,True,promoter,positive
3124,202501180,2025,7,Work-life balance could improve; overtime can become the default during delivery. I would like more regular coaching and clearer expectations from leadership.,True,passive,to be determined
3125,202501608,2025,9,Team spirit is strong and the atmosphere is friendly and supportive. I feel proud to be part of the company.,True,promoter,positive
3126,202501447,2025,9,"Recognition and coaching are consistent, which helps me grow and perform. I’m satisfied with my pay and the overall benefits package. I feel proud to be part of the company.",True,promoter,positive
3127,202500497,2025,8,Innovation and a forward-looking strategy make the business feel resilient. I can maintain a healthy balance most of the time and flexibility helps.,True,passive,positive
3128,202500637,2025,8,"The company feels stable and well-positioned in the market, with strong client demand.",True,passive,positive
3129,202501597,2025,7,Sustained pressure can lead to fatigue and I’ve seen early signs of burnout risk.,True,passive,negative
3130,202501020,2025,8,Client exposure and variety of missions are a real strength of consulting here.,True,passive,positive
3131,202500616,2025,8,I appreciate the trust and autonomy; the management style feels genuinely empowering.,True,passive,positive
3132,202501077,2025,8,Team spirit is strong and the atmosphere is friendly and supportive.,True,passive,positive
3133,202501089,2025,7,Sustained pressure can lead to fatigue and I’ve seen early signs of burnout risk.,True,passive,negative
3134,202500767,2025,9,"Onboarding and integration were smooth, and the team culture is welcoming. I feel proud to be part of the company.",True,promoter,positive
3135,202501780,2025,6,,False,detractor,
3136,202501800,2025,8,I can maintain a healthy balance most of the time and flexibility helps.,True,passive,positive
3137,202501278,2025,7,,False,passive,
3138,202500888,2025,7,,False,passive,
3139,202501763,2025,10,Innovation and a forward-looking strategy make the business feel resilient. I feel proud to be part of the company.,True,promoter,positive
3140,202501202,2025,7,Bench periods and project allocation could be handled more consistently.,True,passive,negative
3141,202500413,2025,9,Skapa remains attractive with interesting missions and a solid reputation. I feel proud to be part of the company.,True,promoter,positive
3142,202501243,2025,9,"Work conditions are good overall and hybrid work is handled pragmatically. Overall, I would recommend Skapa without hesitation.",True,promoter,positive
3143,202502112,2025,6,Team cohesion varies by project and it can feel isolating when switching assignments.,True,detractor,negative
3144,202501370,2025,10,Supportive leadership and clear feedback make it easy to do great work. Skapa remains attractive with interesting missions and a solid reputation. I feel proud to be part of the company.,True,promoter,positive
3145,202501821,2025,8,"I appreciate the trust and autonomy; the management style feels genuinely empowering. I feel aligned with the values, especially inclusion, sustainability and fairness.",True,passive,positive
3146,202501620,2025,8,"Recognition and coaching are consistent, which helps me grow and perform. Innovation and a forward-looking strategy make the business feel resilient.",True,passive,positive
3147,202501771,2025,9,"Learning opportunities and projects help me build strong consulting skills. Compensation feels competitive for the market and responsibilities. Overall, I would recommend Skapa without hesitation.",True,promoter,positive
3148,202501403,2025,7,I worry about competitiveness and the pace of adapting to market changes.,True,passive,negative
3149,202500086,2025,8,"Onboarding and integration were smooth, and the team culture is welcoming.",True,passive,positive
3150,202501493,2025,9,"Career paths are becoming clearer and internal mobility feels realistic. I can maintain a healthy balance most of the time and flexibility helps. Overall, I would recommend Skapa without hesitation.",True,promoter,positive
3151,202500066,2025,8,I can maintain a healthy balance most of the time and flexibility helps. Learning opportunities and projects help me build strong consulting skills.,True,passive,positive
3152,202501005,2025,9,Supportive leadership and clear feedback make it easy to do great work. I feel proud to be part of the company.,True,promoter,positive
3153,202500352,2025,8,,False,passive,
3154,202501363,2025,10,"Onboarding and integration were smooth, and the team culture is welcoming. Recognition and coaching are consistent, which helps me grow and perform. Overall, I would recommend Skapa without hesitation.",True,promoter,positive
3155,202501588,2025,7,The employer brand could be stronger to attract and retain top talent. Management practices feel inconsistent and feedback is often too late to be useful.,True,passive,to be determined
3156,202502160,2025,10,"Onboarding and integration were smooth, and the team culture is welcoming. Digital tools and processes are improving and make delivery more efficient. I feel proud to be part of the company.",True,promoter,positive
3157,202501156,2025,7,Sometimes the work feels less meaningful when priorities are driven mainly by utilization.,True,passive,negative
3158,202501937,2025,9,Compensation feels competitive for the market and responsibilities. I appreciate the trust and autonomy; the management style feels genuinely empowering. I feel proud to be part of the company.,True,promoter,positive
3159,202500610,2025,10,"Digital tools and processes are improving and make delivery more efficient. The company feels stable and well-positioned in the market, with strong client demand. I feel proud to be part of the company.",True,promoter,positive
3160,202500011,2025,9,Work conditions are good overall and hybrid work is handled pragmatically. I feel proud to be part of the company.,True,promoter,positive
3161,202501717,2025,8,Work conditions are good overall and hybrid work is handled pragmatically. The work feels meaningful because projects have clear impact for clients and society.,True,passive,positive
3162,202500105,2025,7,,False,passive,
3163,202501114,2025,8,Team spirit is strong and the atmosphere is friendly and supportive.,True,passive,positive
3164,202501943,2025,9,I see real chances to progress based on merit and impact. I feel proud to be part of the company.,True,promoter,positive
3165,202502007,2025,8,I can maintain a healthy balance most of the time and flexibility helps.,True,passive,positive
3166,202501709,2025,6,,False,detractor,
3167,202501094,2025,8,Work conditions are good overall and hybrid work is handled pragmatically. Cross-team collaboration is improving and it’s easier to work transversally.,True,passive,positive
3168,202501247,2025,10,Compensation feels competitive for the market and responsibilities. I can maintain a healthy balance most of the time and flexibility helps. I feel proud to be part of the company.,True,promoter,positive
3169,202501170,2025,9,The work feels meaningful because projects have clear impact for clients and society. Skapa remains attractive with interesting missions and a solid reputation. I feel proud to be part of the company.,True,promoter,positive
3170,202501488,2025,10,,False,promoter,
3171,202500215,2025,7,Training is available but time to actually use it is limited during peak delivery.,True,passive,negative
3172,202500725,2025,9,"The company feels stable and well-positioned in the market, with strong client demand. I feel proud to be part of the company.",True,promoter,positive
3173,202501912,2025,9,,False,promoter,
3174,202500012,2025,7,Decision-making can feel top-down and recognition for effort is not always there. Training is available but time to actually use it is limited during peak delivery.,True,passive,negative
3175,202501788,2025,6,Sometimes the work feels less meaningful when priorities are driven mainly by utilization. I would like more structured development and transparency on growth opportunities.,True,detractor,negative
3176,202500784,2025,8,Learning opportunities and projects help me build strong consulting skills.,True,passive,positive
3177,202500445,2025,9,I’m satisfied with my pay and the overall benefits package. I appreciate the trust and autonomy; the management style feels genuinely empowering. I feel proud to be part of the company.,True,promoter,positive
3178,202501311,2025,8,"Recognition and coaching are consistent, which helps me grow and perform. The work feels meaningful because projects have clear impact for clients and society.",True,passive,positive
3179,202501567,2025,8,Supportive leadership and clear feedback make it easy to do great work. Cross-team collaboration is improving and it’s easier to work transversally.,True,passive,positive
3180,202500411,2025,9,Skapa remains attractive with interesting missions and a solid reputation. I feel proud to be part of the company.,True,promoter,positive
3181,202501328,2025,9,"Innovation and a forward-looking strategy make the business feel resilient. Overall, I would recommend Skapa without hesitation.",True,promoter,positive
3182,202500308,2025,6,,False,detractor,
3183,202502082,2025,9,Team spirit is strong and the atmosphere is friendly and supportive. Compensation feels competitive for the market and responsibilities. I feel proud to be part of the company.,True,promoter,positive
3184,202501562,2025,9,"Recognition and coaching are consistent, which helps me grow and perform. I can maintain a healthy balance most of the time and flexibility helps. Overall, I would recommend Skapa without hesitation.",True,promoter,positive
3185,202500547,2025,8,,False,passive,
3186,202501703,2025,8,Innovation and a forward-looking strategy make the business feel resilient.,True,passive,positive
3187,202501359,2025,10,"Client exposure and variety of missions are a real strength of consulting here. I’m satisfied with my pay and the overall benefits package. Overall, I would recommend Skapa without hesitation.",True,promoter,positive
3188,202501586,2025,10,Digital tools and processes are improving and make delivery more efficient. I feel proud to be part of the company.,True,promoter,positive
3189,202501735,2025,10,"The company feels stable and well-positioned in the market, with strong client demand. I can maintain a healthy balance most of the time and flexibility helps. I feel proud to be part of the company.",True,promoter,positive
3190,202500694,2025,8,I can maintain a healthy balance most of the time and flexibility helps.,True,passive,positive
3191,202500498,2025,9,I appreciate the trust and autonomy; the management style feels genuinely empowering. Client exposure and variety of missions are a real strength of consulting here. I feel proud to be part of the company.,True,promoter,positive
3192,202500744,2025,7,Training is available but time to actually use it is limited during peak delivery.,True,passive,negative
3193,202500892,2025,8,Skapa remains attractive with interesting missions and a solid reputation. The work feels meaningful because projects have clear impact for clients and society.,True,passive,positive
3194,202500357,2025,7,,False,passive,
3195,202501816,2025,10,"I’m satisfied with my pay and the overall benefits package. Overall, I would recommend Skapa without hesitation.",True,promoter,positive
3196,202500085,2025,8,,False,passive,
3197,202500381,2025,10,I appreciate the increased transparency from leadership on decisions and direction. Client exposure and variety of missions are a real strength of consulting here. I feel proud to be part of the company.,True,promoter,positive
3198,202501206,2025,7,Pay progression feels slow compared with responsibilities and performance expectations. Sustained pressure can lead to fatigue and I’ve seen early signs of burnout risk.,True,passive,negative
3199,202500372,2025,8,Supportive leadership and clear feedback make it easy to do great work. I’m satisfied with my pay and the overall benefits package.,True,passive,positive
3200,202501076,2025,7,Some tools and processes are slow and create friction in day-to-day delivery. Pay progression feels slow compared with responsibilities and performance expectations.,True,passive,negative
3201,202500128,2025,10,"Recognition and coaching are consistent, which helps me grow and perform. The company feels stable and well-positioned in the market, with strong client demand. Overall, I would recommend Skapa without hesitation.",True,promoter,positive
3202,202501872,2025,9,"Learning opportunities and projects help me build strong consulting skills. Overall, I would recommend Skapa without hesitation.",True,promoter,positive
3203,202501865,2025,8,Digital tools and processes are improving and make delivery more efficient.,True,passive,positive
3204,202500475,2025,7,"Here in our Bordeaux office, Career progression can feel unclear, especially around the criteria for promotion.",True,passive,negative
3205,202500088,2025,7,Compensation has not kept pace with inflation and market benchmarks.,True,passive,negative
3206,202501355,2025,7,I worry about competitiveness and the pace of adapting to market changes.,True,passive,negative
3207,202502104,2025,8,Team spirit is strong and the atmosphere is friendly and supportive.,True,passive,positive
3208,202501154,2025,7,Management practices feel inconsistent and feedback is often too late to be useful.,True,passive,negative
3209,202500733,2025,8,Compensation feels competitive for the market and responsibilities. Client exposure and variety of missions are a real strength of consulting here.,True,passive,positive
3210,202501335,2025,7,Work-life balance could improve; overtime can become the default during delivery.,True,passive,negative
3211,202500366,2025,9,The work feels meaningful because projects have clear impact for clients and society. I feel proud to be part of the company.,True,promoter,positive
3212,202500363,2025,7,Training is available but time to actually use it is limited during peak delivery.,True,passive,negative
3213,202501166,2025,8,,False,passive,
3214,202501572,2025,6,Recent uncertainty in priorities makes the long-term direction feel less clear.,True,detractor,negative
3215,202501261,2025,9,I see real chances to progress based on merit and impact. Compensation feels competitive for the market and responsibilities. I feel proud to be part of the company.,True,promoter,positive
3216,202501384,2025,10,"The company feels stable and well-positioned in the market, with strong client demand. Overall, I would recommend Skapa without hesitation.",True,promoter,positive
3217,202500967,2025,10,Learning opportunities and projects help me build strong consulting skills. I feel proud to be part of the company.,True,promoter,positive
3218,202500923,2025,7,Management practices feel inconsistent and feedback is often too late to be useful.,True,passive,negative
3219,202500931,2025,8,Compensation feels competitive for the market and responsibilities.,True,passive,positive
3220,202500426,2025,7,Some tools and processes are slow and create friction in day-to-day delivery. Pay progression feels slow compared with responsibilities and performance expectations.,True,passive,negative
3221,202502068,2025,7,Team spirit is strong and the atmosphere is friendly and supportive. Pay progression feels slow compared with responsibilities and performance expectations.,True,passive,to be determined
3222,202501347,2025,6,,False,detractor,
3223,202500848,2025,8,,False,passive,
3224,202501464,2025,10,The work feels meaningful because projects have clear impact for clients and society. I feel proud to be part of the company.,True,promoter,positive
3225,202501847,2025,6,The employer brand could be stronger to attract and retain top talent. Management practices feel inconsistent and feedback is often too late to be useful.,True,detractor,negative
3226,202502110,2025,7,Bench periods and project allocation could be handled more consistently.,True,passive,negative
3227,202501981,2025,10,Innovation and a forward-looking strategy make the business feel resilient. I feel proud to be part of the company.,True,promoter,positive
3228,202500237,2025,9,,False,promoter,
3229,202501974,2025,10,I see real chances to progress based on merit and impact. Work conditions are good overall and hybrid work is handled pragmatically. I feel proud to be part of the company.,True,promoter,positive
3230,202500543,2025,9,Compensation feels competitive for the market and responsibilities. Supportive leadership and clear feedback make it easy to do great work. I feel proud to be part of the company.,True,promoter,positive
3231,202502001,2025,8,I can maintain a healthy balance most of the time and flexibility helps.,True,passive,positive
3232,202501759,2025,7,I would like more structured development and transparency on growth opportunities. I would like more regular coaching and clearer expectations from leadership.,True,passive,to be determined
3233,202500684,2025,7,I would like more structured development and transparency on growth opportunities.,True,passive,to be determined
3234,202501096,2025,7,Sustained pressure can lead to fatigue and I’ve seen early signs of burnout risk. Recent uncertainty in priorities makes the long-term direction feel less clear.,True,passive,negative
3235,202502152,2025,10,"The company feels stable and well-positioned in the market, with strong client demand. I appreciate the increased transparency from leadership on decisions and direction. I feel proud to be part of the company.",True,promoter,positive
3236,202501058,2025,6,I worry about competitiveness and the pace of adapting to market changes.,True,detractor,negative
3237,202502085,2025,10,I’m satisfied with my pay and the overall benefits package. I feel proud to be part of the company.,True,promoter,positive
3238,202501282,2025,9,Client exposure and variety of missions are a real strength of consulting here. I feel proud to be part of the company.,True,promoter,positive
3239,202500662,2025,10,Compensation feels competitive for the market and responsibilities. I see real chances to progress based on merit and impact. I feel proud to be part of the company.,True,promoter,positive
3240,202501256,2025,8,"Supportive leadership and clear feedback make it easy to do great work. Tools and logistics support delivery well, and the hybrid setup works smoothly.",True,passive,positive
3241,202501646,2025,8,"I’m satisfied with my pay and the overall benefits package. The company feels stable and well-positioned in the market, with strong client demand.",True,passive,positive
3242,202500713,2025,8,Learning opportunities and projects help me build strong consulting skills.,True,passive,positive
3243,202501277,2025,6,,False,detractor,
3244,202501729,2025,5,Management practices feel inconsistent and feedback is often too late to be useful. I worry about competitiveness and the pace of adapting to market changes.,True,detractor,negative
3245,202501019,2025,9,"Skapa remains attractive with interesting missions and a solid reputation. Overall, I would recommend Skapa without hesitation.",True,promoter,positive
3246,202501438,2025,8,I’m satisfied with my pay and the overall benefits package. Learning opportunities and projects help me build strong consulting skills.,True,passive,positive
3247,202501585,2025,8,I appreciate the trust and autonomy; the management style feels genuinely empowering.,True,passive,positive
3248,202501404,2025,8,I see real chances to progress based on merit and impact.,True,passive,positive
3249,202502126,2025,8,"Onboarding and integration were smooth, and the team culture is welcoming.",True,passive,positive
3250,202501269,2025,8,Supportive leadership and clear feedback make it easy to do great work.,True,passive,positive
3251,202501189,2025,10,"Client exposure and variety of missions are a real strength of consulting here. Career paths are becoming clearer and internal mobility feels realistic. Overall, I would recommend Skapa without hesitation.",True,promoter,positive
3252,202500495,2025,10,"I see real chances to progress based on merit and impact. I can maintain a healthy balance most of the time and flexibility helps. Overall, I would recommend Skapa without hesitation.",True,promoter,positive
3253,202500742,2025,9,Supportive leadership and clear feedback make it easy to do great work. I feel proud to be part of the company.,True,promoter,positive
3254,202501412,2025,7,Sometimes the work feels less meaningful when priorities are driven mainly by utilization.,True,passive,negative
3255,202500714,2025,7,I would like more regular coaching and clearer expectations from leadership. Training is available but time to actually use it is limited during peak delivery.,True,passive,negative
3256,202500300,2025,9,I’m satisfied with my pay and the overall benefits package. I feel proud to be part of the company.,True,promoter,positive
3257,202501696,2025,9,I appreciate the trust and autonomy; the management style feels genuinely empowering. Team spirit is strong and the atmosphere is friendly and supportive. I feel proud to be part of the company.,True,promoter,positive
3258,202501297,2025,7,The employer brand could be stronger to attract and retain top talent.,True,passive,to be determined
3259,202502080,2025,6,Decision-making can feel top-down and recognition for effort is not always there. I would like more visibility from leadership and less pressure driven by short-term targets.,True,detractor,negative
3260,202500855,2025,7,Work-life balance could improve; overtime can become the default during delivery.,True,passive,negative
3261,202500563,2025,10,"The company feels stable and well-positioned in the market, with strong client demand. I feel proud to be part of the company.",True,promoter,positive
3262,202500002,2025,9,"Onboarding and integration were smooth, and the team culture is welcoming. Overall, I would recommend Skapa without hesitation.",True,promoter,positive
3263,202500641,2025,9,Team spirit is strong and the atmosphere is friendly and supportive. I feel proud to be part of the company.,True,promoter,positive
3264,202500777,2025,8,"Tools and logistics support delivery well, and the hybrid setup works smoothly.",True,passive,positive
3265,202500370,2025,7,Bench periods and project allocation could be handled more consistently. I worry about competitiveness and the pace of adapting to market changes.,True,passive,negative
3266,202500655,2025,7,Team spirit is strong and the atmosphere is friendly and supportive. Pay progression feels slow compared with responsibilities and performance expectations.,True,passive,to be determined
3267,202502075,2025,9,"Onboarding and integration were smooth, and the team culture is welcoming. Overall, I would recommend Skapa without hesitation.",True,promoter,positive
3268,202501647,2025,9,"Client exposure and variety of missions are a real strength of consulting here. Tools and logistics support delivery well, and the hybrid setup works smoothly. I feel proud to be part of the company.",True,promoter,positive
3269,202501548,2025,7,,False,passive,
3270,202500775,2025,9,Learning opportunities and projects help me build strong consulting skills. I feel proud to be part of the company.,True,promoter,positive
3271,202500494,2025,9,"Tools and logistics support delivery well, and the hybrid setup works smoothly. I’m satisfied with my pay and the overall benefits package. Overall, I would recommend Skapa without hesitation.",True,promoter,positive
3272,202500513,2025,7,The values are stated clearly but not always reflected in day-to-day decisions.,True,passive,negative
3273,202501470,2025,5,Compensation has not kept pace with inflation and market benchmarks. I would like more structured development and transparency on growth opportunities.,True,detractor,negative
3274,202500605,2025,7,Training is available but time to actually use it is limited during peak delivery.,True,passive,negative
3275,202500493,2025,9,"I can maintain a healthy balance most of the time and flexibility helps. Learning opportunities and projects help me build strong consulting skills. Overall, I would recommend Skapa without hesitation.",True,promoter,positive
3276,202500356,2025,7,Training is available but time to actually use it is limited during peak delivery.,True,passive,negative
3277,202500027,2025,7,I would like more structured development and transparency on growth opportunities. I would like more visibility from leadership and less pressure driven by short-term targets.,True,passive,to be determined
3278,202502024,2025,10,"Compensation feels competitive for the market and responsibilities. Onboarding and integration were smooth, and the team culture is welcoming. Overall, I would recommend Skapa without hesitation.",True,promoter,positive
3279,202500369,2025,10,"The work feels meaningful because projects have clear impact for clients and society. I see real chances to progress based on merit and impact. Overall, I would recommend Skapa without hesitation.",True,promoter,positive
3280,202501718,2025,10,Supportive leadership and clear feedback make it easy to do great work. I feel proud to be part of the company.,True,promoter,positive
3281,202500290,2025,10,"I feel aligned with the values, especially inclusion, sustainability and fairness. Overall, I would recommend Skapa without hesitation.",True,promoter,positive
3282,202501068,2025,7,,False,passive,
3283,202500442,2025,10,Supportive leadership and clear feedback make it easy to do great work. I feel proud to be part of the company.,True,promoter,positive
3284,202500169,2025,8,Digital tools and processes are improving and make delivery more efficient.,True,passive,positive
3285,202501326,2025,6,Sometimes the work feels less meaningful when priorities are driven mainly by utilization.,True,detractor,negative
3286,202501408,2025,6,Bench periods and project allocation could be handled more consistently. I would like more structured development and transparency on growth opportunities.,True,detractor,negative
3287,202502050,2025,10,"Client exposure and variety of missions are a real strength of consulting here. Skapa remains attractive with interesting missions and a solid reputation. Overall, I would recommend Skapa without hesitation.",True,promoter,positive
3288,202501942,2025,10,Digital tools and processes are improving and make delivery more efficient. I see real chances to progress based on merit and impact. I feel proud to be part of the company.,True,promoter,positive
3289,202501725,2025,10,"I’m satisfied with my pay and the overall benefits package. I can maintain a healthy balance most of the time and flexibility helps. Overall, I would recommend Skapa without hesitation.",True,promoter,positive
3290,202500096,2025,10,,False,promoter,
3291,202501736,2025,8,I’m satisfied with my pay and the overall benefits package.,True,passive,positive
3292,202500471,2025,7,,False,passive,
3293,202501289,2025,7,"Onboarding and integration were smooth, and the team culture is welcoming. Career progression can feel unclear, especially around the criteria for promotion.",True,passive,negative
3294,202502062,2025,8,"Onboarding and integration were smooth, and the team culture is welcoming.",True,passive,positive
3295,202500993,2025,8,I appreciate the trust and autonomy; the management style feels genuinely empowering.,True,passive,positive
3296,202501220,2025,10,I appreciate the trust and autonomy; the management style feels genuinely empowering. I appreciate the increased transparency from leadership on decisions and direction. I feel proud to be part of the company.,True,promoter,positive
3297,202500264,2025,7,Management practices feel inconsistent and feedback is often too late to be useful.,True,passive,negative
3298,202501048,2025,8,Supportive leadership and clear feedback make it easy to do great work. Skapa remains attractive with interesting missions and a solid reputation.,True,passive,positive
3299,202501777,2025,6,Decision-making can feel top-down and recognition for effort is not always there.,True,detractor,negative
3300,202501833,2025,8,"Digital tools and processes are improving and make delivery more efficient. Tools and logistics support delivery well, and the hybrid setup works smoothly.",True,passive,positive
3301,202500063,2025,8,Skapa remains attractive with interesting missions and a solid reputation.,True,passive,positive
3302,202502088,2025,7,,False,passive,
3303,202500860,2025,9,"Work conditions are good overall and hybrid work is handled pragmatically. Overall, I would recommend Skapa without hesitation.",True,promoter,positive
3304,202500347,2025,7,,False,passive,
3305,202501070,2025,9,"Onboarding and integration were smooth, and the team culture is welcoming. I’m satisfied with my pay and the overall benefits package. I feel proud to be part of the company.",True,promoter,positive
3306,202502151,2025,9,"Onboarding and integration were smooth, and the team culture is welcoming. Career paths are becoming clearer and internal mobility feels realistic. Overall, I would recommend Skapa without hesitation.",True,promoter,positive
3307,202500220,2025,8,"From a Barcelona perspective, Compensation feels competitive for the market and responsibilities.",True,passive,positive
3308,202501251,2025,10,"Compensation feels competitive for the market and responsibilities. Overall, I would recommend Skapa without hesitation.",True,promoter,positive
3309,202502093,2025,9,"Onboarding and integration were smooth, and the team culture is welcoming. Overall, I would recommend Skapa without hesitation.",True,promoter,positive
3310,202501592,2025,8,"Tools and logistics support delivery well, and the hybrid setup works smoothly.",True,passive,positive
3311,202500468,2025,7,I would like more structured development and transparency on growth opportunities. I worry about competitiveness and the pace of adapting to market changes.,True,passive,negative
3312,202500477,2025,8,Supportive leadership and clear feedback make it easy to do great work.,True,passive,positive
3313,202501265,2025,9,Digital tools and processes are improving and make delivery more efficient. Team spirit is strong and the atmosphere is friendly and supportive. I feel proud to be part of the company.,True,promoter,positive
3314,202501670,2025,7,"Career progression can feel unclear, especially around the criteria for promotion. Pay progression feels slow compared with responsibilities and performance expectations.",True,passive,negative
3315,202500953,2025,8,Compensation feels competitive for the market and responsibilities.,True,passive,positive
3316,202500292,2025,10,"The company feels stable and well-positioned in the market, with strong client demand. Digital tools and processes are improving and make delivery more efficient. I feel proud to be part of the company.",True,promoter,positive
3317,202501050,2025,10,"Innovation and a forward-looking strategy make the business feel resilient. Overall, I would recommend Skapa without hesitation.",True,promoter,positive
3318,202501407,2025,10,"Compensation feels competitive for the market and responsibilities. Skapa remains attractive with interesting missions and a solid reputation. Overall, I would recommend Skapa without hesitation.",True,promoter,positive
3319,202502122,2025,10,"Learning opportunities and projects help me build strong consulting skills. Overall, I would recommend Skapa without hesitation.",True,promoter,positive
3320,202502074,2025,10,,False,promoter,
3321,202501913,2025,7,"Onboarding and integration were smooth, and the team culture is welcoming. I worry about competitiveness and the pace of adapting to market changes.",True,passive,negative
3322,202500649,2025,8,,False,passive,
3323,202501844,2025,7,Sometimes the work feels less meaningful when priorities are driven mainly by utilization.,True,passive,negative
3324,202500822,2025,10,Career paths are becoming clearer and internal mobility feels realistic. I feel proud to be part of the company.,True,promoter,positive
3325,202501632,2025,9,"I appreciate the trust and autonomy; the management style feels genuinely empowering. Overall, I would recommend Skapa without hesitation.",True,promoter,positive
3326,202500115,2025,9,"Tools and logistics support delivery well, and the hybrid setup works smoothly. Overall, I would recommend Skapa without hesitation.",True,promoter,positive
3327,202500724,2025,8,Career paths are becoming clearer and internal mobility feels realistic.,True,passive,to be determined
3328,202501209,2025,5,Decision-making can feel top-down and recognition for effort is not always there. Compensation has not kept pace with inflation and market benchmarks.,True,detractor,negative
3329,202501695,2025,8,The work feels meaningful because projects have clear impact for clients and society.,True,passive,positive
3330,202500482,2025,10,The work feels meaningful because projects have clear impact for clients and society. Team spirit is strong and the atmosphere is friendly and supportive. I feel proud to be part of the company.,True,promoter,positive
3331,202501500,2025,8,"Recognition and coaching are consistent, which helps me grow and perform.",True,passive,positive
3332,202500975,2025,7,"Career progression can feel unclear, especially around the criteria for promotion.",True,passive,negative
3333,202501564,2025,10,Compensation feels competitive for the market and responsibilities. Team spirit is strong and the atmosphere is friendly and supportive. I feel proud to be part of the company.,True,promoter,positive
3334,202501402,2025,8,"Onboarding and integration were smooth, and the team culture is welcoming. I appreciate the trust and autonomy; the management style feels genuinely empowering.",True,passive,positive
3335,202501941,2025,9,Supportive leadership and clear feedback make it easy to do great work. I feel proud to be part of the company.,True,promoter,positive
3336,202500437,2025,9,"Tools and logistics support delivery well, and the hybrid setup works smoothly. I can maintain a healthy balance most of the time and flexibility helps. Overall, I would recommend Skapa without hesitation.",True,promoter,positive
3337,202500788,2025,8,I appreciate the trust and autonomy; the management style feels genuinely empowering.,True,passive,positive
3338,202501489,2025,9,"Skapa remains attractive with interesting missions and a solid reputation. Overall, I would recommend Skapa without hesitation.",True,promoter,positive
3339,202500579,2025,8,Skapa remains attractive with interesting missions and a solid reputation.,True,passive,positive
3340,202500816,2025,7,Decision-making can feel top-down and recognition for effort is not always there. Sustained pressure can lead to fatigue and I’ve seen early signs of burnout risk.,True,passive,negative
3341,202500501,2025,8,The work feels meaningful because projects have clear impact for clients and society. I can maintain a healthy balance most of the time and flexibility helps.,True,passive,positive
3342,202501241,2025,6,I would like more structured development and transparency on growth opportunities. Pay progression feels slow compared with responsibilities and performance expectations.,True,detractor,negative
3343,202500380,2025,8,,False,passive,
3344,202501255,2025,7,Training is available but time to actually use it is limited during peak delivery. Compensation has not kept pace with inflation and market benchmarks.,True,passive,negative
3345,202501575,2025,5,Bench periods and project allocation could be handled more consistently.,True,detractor,negative
3346,202501935,2025,8,"Compensation feels competitive for the market and responsibilities. Tools and logistics support delivery well, and the hybrid setup works smoothly.",True,passive,positive
3347,202501286,2025,10,"Recognition and coaching are consistent, which helps me grow and perform. The company feels stable and well-positioned in the market, with strong client demand. Overall, I would recommend Skapa without hesitation.",True,promoter,positive
3348,202500876,2025,9,I appreciate the trust and autonomy; the management style feels genuinely empowering. I feel proud to be part of the company.,True,promoter,positive
3349,202501097,2025,7,Bench periods and project allocation could be handled more consistently. Compensation has not kept pace with inflation and market benchmarks.,True,passive,negative
3350,202500685,2025,6,Compensation has not kept pace with inflation and market benchmarks. Decision-making can feel top-down and recognition for effort is not always there.,True,detractor,negative
3351,202501770,2025,10,"Career paths are becoming clearer and internal mobility feels realistic. Skapa remains attractive with interesting missions and a solid reputation. Overall, I would recommend Skapa without hesitation.",True,promoter,positive
3352,202500447,2025,8,"Learning opportunities and projects help me build strong consulting skills. I feel aligned with the values, especially inclusion, sustainability and fairness.",True,passive,positive
3353,202501638,2025,8,Skapa remains attractive with interesting missions and a solid reputation.,True,passive,positive
3354,202501250,2025,8,"Innovation and a forward-looking strategy make the business feel resilient. Onboarding and integration were smooth, and the team culture is welcoming.",True,passive,positive
3355,202500302,2025,8,Career paths are becoming clearer and internal mobility feels realistic.,True,passive,to be determined
3356,202500022,2025,7,,False,passive,
3357,202500746,2025,5,Pay progression feels slow compared with responsibilities and performance expectations. Bench periods and project allocation could be handled more consistently.,True,detractor,negative
3358,202500793,2025,7,,False,passive,
3359,202501040,2025,10,"I can maintain a healthy balance most of the time and flexibility helps. Recognition and coaching are consistent, which helps me grow and perform. I feel proud to be part of the company.",True,promoter,positive
3360,202501969,2025,9,"Tools and logistics support delivery well, and the hybrid setup works smoothly. Client exposure and variety of missions are a real strength of consulting here. I feel proud to be part of the company.",True,promoter,positive
3361,202500656,2025,10,,False,promoter,
3362,202501630,2025,6,Recent uncertainty in priorities makes the long-term direction feel less clear.,True,detractor,negative
3363,202500402,2025,8,The work feels meaningful because projects have clear impact for clients and society.,True,passive,positive
3364,202501911,2025,8,The strategy is clearer and leadership communicates priorities more consistently.,True,passive,to be determined
3365,202500160,2025,9,Compensation feels competitive for the market and responsibilities. Supportive leadership and clear feedback make it easy to do great work. I feel proud to be part of the company.,True,promoter,positive
3366,202501296,2025,9,"The company feels stable and well-positioned in the market, with strong client demand. The strategy is clearer and leadership communicates priorities more consistently. I feel proud to be part of the company.",True,promoter,positive
3367,202500362,2025,8,I see real chances to progress based on merit and impact.,True,passive,positive
3368,202501540,2025,8,Skapa remains attractive with interesting missions and a solid reputation.,True,passive,positive
3369,202501611,2025,7,Work-life balance could improve; overtime can become the default during delivery. Decision-making can feel top-down and recognition for effort is not always there.,True,passive,negative
3370,202501757,2025,6,I would like more regular coaching and clearer expectations from leadership. Compensation has not kept pace with inflation and market benchmarks.,True,detractor,negative
3371,202500768,2025,7,Pay progression feels slow compared with responsibilities and performance expectations. Work-life balance could improve; overtime can become the default during delivery.,True,passive,negative
3372,202500122,2025,8,I see real chances to progress based on merit and impact. I’m satisfied with my pay and the overall benefits package.,True,passive,positive
3373,202501380,2025,9,"Recognition and coaching are consistent, which helps me grow and perform. I feel proud to be part of the company.",True,promoter,positive
3374,202501502,2025,8,Career paths are becoming clearer and internal mobility feels realistic. The work feels meaningful because projects have clear impact for clients and society.,True,passive,positive
3375,202500676,2025,9,"Team spirit is strong and the atmosphere is friendly and supportive. Recognition and coaching are consistent, which helps me grow and perform. I feel proud to be part of the company.",True,promoter,positive
3376,202501463,2025,8,"Onboarding and integration were smooth, and the team culture is welcoming.",True,passive,positive
3377,202500108,2025,4,Decision-making can feel top-down and recognition for effort is not always there. Addressing this would make a big difference for engagement.,True,detractor,negative
3378,202500644,2025,9,The work feels meaningful because projects have clear impact for clients and society. Digital tools and processes are improving and make delivery more efficient. I feel proud to be part of the company.,True,promoter,positive
3379,202500865,2025,6,I worry about competitiveness and the pace of adapting to market changes.,True,detractor,negative
3380,202502021,2025,7,Sometimes the work feels less meaningful when priorities are driven mainly by utilization. Bench periods and project allocation could be handled more consistently.,True,passive,negative
3381,202501236,2025,7,,False,passive,
3382,202502047,2025,7,,False,passive,
3383,202502150,2025,10,Learning opportunities and projects help me build strong consulting skills. I feel proud to be part of the company.,True,promoter,positive
3384,202500978,2025,8,I can maintain a healthy balance most of the time and flexibility helps.,True,passive,positive
3385,202501454,2025,10,"Team spirit is strong and the atmosphere is friendly and supportive. Client exposure and variety of missions are a real strength of consulting here. Overall, I would recommend Skapa without hesitation.",True,promoter,positive
3386,202501208,2025,8,I appreciate the increased transparency from leadership on decisions and direction.,True,passive,positive
3387,202502049,2025,7,"Onboarding and integration were smooth, and the team culture is welcoming.",True,passive,positive
3388,202500666,2025,8,"Tools and logistics support delivery well, and the hybrid setup works smoothly. Skapa remains attractive with interesting missions and a solid reputation.",True,passive,positive
3389,202501279,2025,8,Digital tools and processes are improving and make delivery more efficient.,True,passive,positive
3390,202501196,2025,7,,False,passive,
3391,202500698,2025,7,I would like more structured development and transparency on growth opportunities.,True,passive,to be determined
3392,202501848,2025,9,,False,promoter,
3393,202501799,2025,6,The employer brand could be stronger to attract and retain top talent. The values are stated clearly but not always reflected in day-to-day decisions.,True,detractor,negative
3394,202500019,2025,8,I appreciate the trust and autonomy; the management style feels genuinely empowering.,True,passive,positive
3395,202502107,2025,10,"The work feels meaningful because projects have clear impact for clients and society. Compensation feels competitive for the market and responsibilities. Overall, I would recommend Skapa without hesitation.",True,promoter,positive
3396,202500338,2025,6,Team cohesion varies by project and it can feel isolating when switching assignments.,True,detractor,negative
3397,202501845,2025,7,Some tools and processes are slow and create friction in day-to-day delivery. Training is available but time to actually use it is limited during peak delivery.,True,passive,negative
3398,202500194,2025,7,Bench periods and project allocation could be handled more consistently.,True,passive,negative
3399,202500394,2025,7,The values are stated clearly but not always reflected in day-to-day decisions. Management practices feel inconsistent and feedback is often too late to be useful.,True,passive,to be determined
3400,202501127,2025,9,"Skapa remains attractive with interesting missions and a solid reputation. Overall, I would recommend Skapa without hesitation.",True,promoter,positive
3401,202500112,2025,8,I can maintain a healthy balance most of the time and flexibility helps.,True,passive,positive
3402,202500984,2025,9,I appreciate the trust and autonomy; the management style feels genuinely empowering. I feel proud to be part of the company.,True,promoter,positive
3403,202500171,2025,8,,False,passive,
3404,202501533,2025,10,"The work feels meaningful because projects have clear impact for clients and society. Overall, I would recommend Skapa without hesitation.",True,promoter,positive
3405,202500271,2025,8,,False,passive,
3406,202500909,2025,6,Internal collaboration can feel siloed and handoffs between teams are not always smooth.,True,detractor,negative
3407,202500581,2025,10,"Innovation and a forward-looking strategy make the business feel resilient. Overall, I would recommend Skapa without hesitation.",True,promoter,positive
3408,202500020,2025,9,"I appreciate the trust and autonomy; the management style feels genuinely empowering. Overall, I would recommend Skapa without hesitation.",True,promoter,positive
3409,202500843,2025,10,I appreciate the trust and autonomy; the management style feels genuinely empowering. I can maintain a healthy balance most of the time and flexibility helps. I feel proud to be part of the company.,True,promoter,positive
3410,202500958,2025,8,,False,passive,
3411,202500669,2025,8,"I see real chances to progress based on merit and impact. The company feels stable and well-positioned in the market, with strong client demand.",True,passive,positive
3412,202501615,2025,10,"Client exposure and variety of missions are a real strength of consulting here. Overall, I would recommend Skapa without hesitation.",True,promoter,positive
3413,202500129,2025,9,Supportive leadership and clear feedback make it easy to do great work. I feel proud to be part of the company.,True,promoter,positive
3414,202501627,2025,7,Recent uncertainty in priorities makes the long-term direction feel less clear. I would like more structured development and transparency on growth opportunities.,True,passive,to be determined
3415,202500147,2025,8,,False,passive,
3416,202500862,2025,6,Team cohesion varies by project and it can feel isolating when switching assignments. Management practices feel inconsistent and feedback is often too late to be useful.,True,detractor,negative
3417,202500130,2025,9,"I’m satisfied with my pay and the overall benefits package. Recognition and coaching are consistent, which helps me grow and perform. Overall, I would recommend Skapa without hesitation.",True,promoter,positive
3418,202501823,2025,10,"Innovation and a forward-looking strategy make the business feel resilient. I see real chances to progress based on merit and impact. Overall, I would recommend Skapa without hesitation.",True,promoter,positive
3419,202500542,2025,9,"Client exposure and variety of missions are a real strength of consulting here. Recognition and coaching are consistent, which helps me grow and perform. I feel proud to be part of the company.",True,promoter,positive
3420,202501085,2025,10,"The company feels stable and well-positioned in the market, with strong client demand. Overall, I would recommend Skapa without hesitation.",True,promoter,positive
3421,202501968,2025,8,Innovation and a forward-looking strategy make the business feel resilient. I appreciate the trust and autonomy; the management style feels genuinely empowering.,True,passive,positive
3422,202500711,2025,9,"Innovation and a forward-looking strategy make the business feel resilient. I can maintain a healthy balance most of the time and flexibility helps. Overall, I would recommend Skapa without hesitation.",True,promoter,positive
3423,202500373,2025,8,Digital tools and processes are improving and make delivery more efficient.,True,passive,positive
3424,202500033,2025,8,Innovation and a forward-looking strategy make the business feel resilient.,True,passive,positive
3425,202500343,2025,8,,False,passive,
3426,202500603,2025,8,"The company feels stable and well-positioned in the market, with strong client demand. Compensation feels competitive for the market and responsibilities.",True,passive,positive
3427,202501153,2025,9,"Onboarding and integration were smooth, and the team culture is welcoming. The company feels stable and well-positioned in the market, with strong client demand. Overall, I would recommend Skapa without hesitation.",True,promoter,positive
3428,202501179,2025,9,"Compensation feels competitive for the market and responsibilities. Overall, I would recommend Skapa without hesitation.",True,promoter,positive
3429,202500570,2025,7,Pay progression feels slow compared with responsibilities and performance expectations.,True,passive,negative
3430,202501317,2025,9,"I appreciate the increased transparency from leadership on decisions and direction. Overall, I would recommend Skapa without hesitation.",True,promoter,positive
3431,202500956,2025,9,"Team spirit is strong and the atmosphere is friendly and supportive. The work feels meaningful because projects have clear impact for clients and society. Overall, I would recommend Skapa without hesitation.",True,promoter,positive
3432,202501033,2025,8,Work conditions are good overall and hybrid work is handled pragmatically.,True,passive,positive
3433,202501183,2025,10,Skapa remains attractive with interesting missions and a solid reputation. Client exposure and variety of missions are a real strength of consulting here. I feel proud to be part of the company.,True,promoter,positive
3434,202501159,2025,10,Career paths are becoming clearer and internal mobility feels realistic. I feel proud to be part of the company.,True,promoter,positive
3435,202501161,2025,7,The values are stated clearly but not always reflected in day-to-day decisions. Workload peaks can be intense and staffing feels tight on some projects.,True,passive,negative
3436,202501482,2025,10,Work conditions are good overall and hybrid work is handled pragmatically. I feel proud to be part of the company.,True,promoter,positive
3437,202500824,2025,8,I appreciate the trust and autonomy; the management style feels genuinely empowering.,True,passive,positive
3438,202500326,2025,8,I see real chances to progress based on merit and impact.,True,passive,positive
3439,202500674,2025,9,,False,promoter,
3440,202501287,2025,10,"Career paths are becoming clearer and internal mobility feels realistic. I’m satisfied with my pay and the overall benefits package. Overall, I would recommend Skapa without hesitation.",True,promoter,positive
3441,202500464,2025,10,"I see real chances to progress based on merit and impact. Client exposure and variety of missions are a real strength of consulting here. Overall, I would recommend Skapa without hesitation.",True,promoter,positive
3442,202501589,2025,8,"I appreciate the increased transparency from leadership on decisions and direction. The company feels stable and well-positioned in the market, with strong client demand.",True,passive,positive
3443,202501938,2025,8,I’m satisfied with my pay and the overall benefits package. Digital tools and processes are improving and make delivery more efficient.,True,passive,positive
3444,202501113,2025,9,I appreciate the increased transparency from leadership on decisions and direction. I feel proud to be part of the company.,True,promoter,positive
3445,202501471,2025,9,Innovation and a forward-looking strategy make the business feel resilient. Compensation feels competitive for the market and responsibilities. I feel proud to be part of the company.,True,promoter,positive
3446,202500054,2025,8,I’m satisfied with my pay and the overall benefits package.,True,passive,positive
3447,202501906,2025,8,I’m satisfied with my pay and the overall benefits package.,True,passive,positive
3448,202500145,2025,8,I’m satisfied with my pay and the overall benefits package.,True,passive,positive
3449,202500098,2025,8,,False,passive,
3450,202500584,2025,10,Skapa remains attractive with interesting missions and a solid reputation. Work conditions are good overall and hybrid work is handled pragmatically. I feel proud to be part of the company.,True,promoter,positive
3451,202502045,2025,9,I’m satisfied with my pay and the overall benefits package. I feel proud to be part of the company.,True,promoter,positive
3452,202500947,2025,8,"In our Gothenburg offices, Tools and logistics support delivery well, and the hybrid setup works smoothly. Supportive leadership and clear feedback make it easy to do great work.",True,passive,positive
3453,202500979,2025,7,Bench periods and project allocation could be handled more consistently. The employer brand could be stronger to attract and retain top talent.,True,passive,to be determined
3454,202501930,2025,8,"The company feels stable and well-positioned in the market, with strong client demand.",True,passive,positive
3455,202501583,2025,7,"Pay progression feels slow compared with responsibilities and performance expectations. Onboarding and integration were smooth, and the team culture is welcoming.",True,passive,negative
3456,202500907,2025,8,Skapa remains attractive with interesting missions and a solid reputation.,True,passive,positive
3457,202501240,2025,7,,False,passive,
3458,202501828,2025,8,Compensation feels competitive for the market and responsibilities.,True,passive,positive
3459,202500456,2025,10,"Career paths are becoming clearer and internal mobility feels realistic. Overall, I would recommend Skapa without hesitation.",True,promoter,positive
3460,202500466,2025,10,"Tools and logistics support delivery well, and the hybrid setup works smoothly. I feel proud to be part of the company.",True,promoter,positive
3461,202500470,2025,9,I can maintain a healthy balance most of the time and flexibility helps. I feel proud to be part of the company.,True,promoter,positive
3462,202500783,2025,7,The employer brand could be stronger to attract and retain top talent. Workload peaks can be intense and staffing feels tight on some projects.,True,passive,to be determined
3463,202500564,2025,7,Team spirit is strong and the atmosphere is friendly and supportive.,True,passive,positive
3464,202500038,2025,10,"I can maintain a healthy balance most of the time and flexibility helps. Overall, I would recommend Skapa without hesitation.",True,promoter,positive
3465,202501304,2025,8,"The company feels stable and well-positioned in the market, with strong client demand.",True,passive,positive
3466,202500092,2025,8,I’m satisfied with my pay and the overall benefits package. I see real chances to progress based on merit and impact.,True,passive,positive
3467,202500973,2025,7,Decision-making can feel top-down and recognition for effort is not always there.,True,passive,negative
3468,202500960,2025,10,,False,promoter,
3469,202501808,2025,6,The employer brand could be stronger to attract and retain top talent.,True,detractor,negative
3470,202501411,2025,9,"Innovation and a forward-looking strategy make the business feel resilient. Tools and logistics support delivery well, and the hybrid setup works smoothly. Overall, I would recommend Skapa without hesitation.",True,promoter,positive
3471,202501057,2025,8,,False,passive,
3472,202501351,2025,10,I see real chances to progress based on merit and impact. I feel proud to be part of the company.,True,promoter,positive
3473,202500386,2025,10,"The work feels meaningful because projects have clear impact for clients and society. Recognition and coaching are consistent, which helps me grow and perform. Overall, I would recommend Skapa without hesitation.",True,promoter,positive
3474,202502158,2025,8,"Onboarding and integration were smooth, and the team culture is welcoming.",True,passive,positive
3475,202500705,2025,9,"The company feels stable and well-positioned in the market, with strong client demand. Overall, I would recommend Skapa without hesitation.",True,promoter,positive
3476,202500737,2025,6,Pay progression feels slow compared with responsibilities and performance expectations.,True,detractor,negative
3477,202501966,2025,7,Management practices feel inconsistent and feedback is often too late to be useful. Team spirit is strong and the atmosphere is friendly and supportive.,True,passive,to be determined
3478,202501433,2025,10,"Recognition and coaching are consistent, which helps me grow and perform. Overall, I would recommend Skapa without hesitation.",True,promoter,positive
3479,202501358,2025,10,Skapa remains attractive with interesting missions and a solid reputation. I feel proud to be part of the company.,True,promoter,positive
3480,202501082,2025,7,,False,passive,
3481,202500889,2025,10,I see real chances to progress based on merit and impact. Digital tools and processes are improving and make delivery more efficient. I feel proud to be part of the company.,True,promoter,positive
3482,202500697,2025,9,"The company feels stable and well-positioned in the market, with strong client demand. I appreciate the trust and autonomy; the management style feels genuinely empowering. I feel proud to be part of the company.",True,promoter,positive
3483,202501537,2025,7,,False,passive,
3484,202501080,2025,8,"Onboarding and integration were smooth, and the team culture is welcoming.",True,passive,positive
3485,202502097,2025,7,Work-life balance could improve; overtime can become the default during delivery.,True,passive,negative
3486,202500154,2025,7,Workload peaks can be intense and staffing feels tight on some projects. Pay progression feels slow compared with responsibilities and performance expectations.,True,passive,negative
3487,202500995,2025,7,"Onboarding and integration were smooth, and the team culture is welcoming. Bench periods and project allocation could be handled more consistently.",True,passive,negative
3488,202501898,2025,9,I see real chances to progress based on merit and impact. I feel proud to be part of the company.,True,promoter,positive
3489,202501731,2025,8,I appreciate the trust and autonomy; the management style feels genuinely empowering.,True,passive,positive
3490,202500200,2025,7,The employer brand could be stronger to attract and retain top talent. Training is available but time to actually use it is limited during peak delivery.,True,passive,negative
3491,202502052,2025,8,"Onboarding and integration were smooth, and the team culture is welcoming.",True,passive,positive
3492,202501457,2025,10,"I’m satisfied with my pay and the overall benefits package. Overall, I would recommend Skapa without hesitation.",True,promoter,positive
3493,202502121,2025,9,"Onboarding and integration were smooth, and the team culture is welcoming. I can maintain a healthy balance most of the time and flexibility helps. I feel proud to be part of the company.",True,promoter,positive
3494,202500323,2025,10,"I appreciate the trust and autonomy; the management style feels genuinely empowering. Overall, I would recommend Skapa without hesitation.",True,promoter,positive
3495,202501982,2025,7,Decision-making can feel top-down and recognition for effort is not always there.,True,passive,negative
3496,202501603,2025,8,Digital tools and processes are improving and make delivery more efficient.,True,passive,positive
3497,202502131,2025,10,"Team spirit is strong and the atmosphere is friendly and supportive. I can maintain a healthy balance most of the time and flexibility helps. Overall, I would recommend Skapa without hesitation.",True,promoter,positive
3498,202501487,2025,8,I’m satisfied with my pay and the overall benefits package.,True,passive,positive
3499,202501648,2025,8,Skapa remains attractive with interesting missions and a solid reputation. Learning opportunities and projects help me build strong consulting skills.,True,passive,positive
3500,202501694,2025,9,Work conditions are good overall and hybrid work is handled pragmatically. I feel proud to be part of the company.,True,promoter,positive
3501,202501782,2025,7,,False,passive,
3502,202500636,2025,9,Learning opportunities and projects help me build strong consulting skills. I feel proud to be part of the company.,True,promoter,positive
3503,202500576,2025,7,,False,passive,
3504,202500068,2025,8,Client exposure and variety of missions are a real strength of consulting here.,True,passive,positive
3505,202502030,2025,7,,False,passive,
3506,202500606,2025,6,I would like more regular coaching and clearer expectations from leadership. I would like more structured development and transparency on growth opportunities.,True,detractor,negative
3507,202501362,2025,7,Recent uncertainty in priorities makes the long-term direction feel less clear. Sustained pressure can lead to fatigue and I’ve seen early signs of burnout risk.,True,passive,negative
3508,202501878,2025,9,"The company feels stable and well-positioned in the market, with strong client demand. I feel proud to be part of the company.",True,promoter,positive
3509,202501892,2025,8,I appreciate the trust and autonomy; the management style feels genuinely empowering. Team spirit is strong and the atmosphere is friendly and supportive.,True,passive,positive
3510,202501901,2025,9,"Supportive leadership and clear feedback make it easy to do great work. Overall, I would recommend Skapa without hesitation.",True,promoter,positive
3511,202502034,2025,7,Team spirit is strong and the atmosphere is friendly and supportive. Decision-making can feel top-down and recognition for effort is not always there.,True,passive,to be determined
3512,202500280,2025,8,Cross-team collaboration is improving and it’s easier to work transversally.,True,passive,positive
3513,202500896,2025,7,I would like more regular coaching and clearer expectations from leadership.,True,passive,negative
3514,202501056,2025,8,"Tools and logistics support delivery well, and the hybrid setup works smoothly.",True,passive,positive
3515,202500044,2025,7,,False,passive,
3516,202500951,2025,5,Sustained pressure can lead to fatigue and I’ve seen early signs of burnout risk.,True,detractor,negative
3517,202500265,2025,7,,False,passive,
3518,202502040,2025,10,Innovation and a forward-looking strategy make the business feel resilient. I feel proud to be part of the company.,True,promoter,positive
3519,202500972,2025,10,I can maintain a healthy balance most of the time and flexibility helps. Team spirit is strong and the atmosphere is friendly and supportive. I feel proud to be part of the company.,True,promoter,positive
3520,202500599,2025,8,Innovation and a forward-looking strategy make the business feel resilient.,True,passive,positive
3521,202500696,2025,8,"Tools and logistics support delivery well, and the hybrid setup works smoothly. Client exposure and variety of missions are a real strength of consulting here.",True,passive,positive
3522,202500820,2025,8,Compensation feels competitive for the market and responsibilities. Client exposure and variety of missions are a real strength of consulting here.,True,passive,positive
3523,202500938,2025,9,I appreciate the increased transparency from leadership on decisions and direction. Digital tools and processes are improving and make delivery more efficient. I feel proud to be part of the company.,True,promoter,positive
3524,202501837,2025,9,Skapa remains attractive with interesting missions and a solid reputation. I feel proud to be part of the company.,True,promoter,positive
3525,202501211,2025,9,Compensation feels competitive for the market and responsibilities. I feel proud to be part of the company.,True,promoter,positive
3526,202500418,2025,7,I worry about competitiveness and the pace of adapting to market changes. Bench periods and project allocation could be handled more consistently.,True,passive,negative
3527,202501203,2025,9,Learning opportunities and projects help me build strong consulting skills. I feel proud to be part of the company.,True,promoter,positive
3528,202501959,2025,7,Compensation has not kept pace with inflation and market benchmarks.,True,passive,negative
3529,202500289,2025,8,,False,passive,
3530,202501386,2025,10,Career paths are becoming clearer and internal mobility feels realistic. I feel proud to be part of the company.,True,promoter,positive
3531,202500246,2025,9,"The strategy is clearer and leadership communicates priorities more consistently. Overall, I would recommend Skapa without hesitation.",True,promoter,positive
3532,202500163,2025,8,The work feels meaningful because projects have clear impact for clients and society. Supportive leadership and clear feedback make it easy to do great work.,True,passive,positive
3533,202500135,2025,6,Pay progression feels slow compared with responsibilities and performance expectations.,True,detractor,negative
3534,202501934,2025,9,I can maintain a healthy balance most of the time and flexibility helps. Innovation and a forward-looking strategy make the business feel resilient. I feel proud to be part of the company.,True,promoter,positive
3535,202500617,2025,10,"The work feels meaningful because projects have clear impact for clients and society. Compensation feels competitive for the market and responsibilities. Overall, I would recommend Skapa without hesitation.",True,promoter,positive
3536,202501434,2025,8,"Tools and logistics support delivery well, and the hybrid setup works smoothly.",True,passive,positive
3537,202500321,2025,8,"In our Malmö offices, Onboarding and integration were smooth, and the team culture is welcoming.",True,passive,positive
3538,202500248,2025,5,The employer brand could be stronger to attract and retain top talent.,True,detractor,negative
3539,202501419,2025,9,"Compensation feels competitive for the market and responsibilities. Overall, I would recommend Skapa without hesitation.",True,promoter,positive
3540,202501577,2025,10,Skapa remains attractive with interesting missions and a solid reputation. I feel proud to be part of the company.,True,promoter,positive
3541,202500752,2025,8,,False,passive,
3542,202501649,2025,9,Supportive leadership and clear feedback make it easy to do great work. Cross-team collaboration is improving and it’s easier to work transversally. I feel proud to be part of the company.,True,promoter,positive
3543,202501021,2025,7,,False,passive,
3544,202501918,2025,10,"Onboarding and integration were smooth, and the team culture is welcoming. Compensation feels competitive for the market and responsibilities. I feel proud to be part of the company.",True,promoter,positive
3545,202500404,2025,7,,False,passive,
3546,202501593,2025,9,"Learning opportunities and projects help me build strong consulting skills. The work feels meaningful because projects have clear impact for clients and society. Overall, I would recommend Skapa without hesitation.",True,promoter,positive
3547,202500029,2025,7,,False,passive,
3548,202501246,2025,8,Client exposure and variety of missions are a real strength of consulting here.,True,passive,positive
3549,202501773,2025,8,"I can maintain a healthy balance most of the time and flexibility helps. Tools and logistics support delivery well, and the hybrid setup works smoothly.",True,passive,positive
3550,202500700,2025,6,Decision-making can feel top-down and recognition for effort is not always there.,True,detractor,negative
3551,202500483,2025,9,"Client exposure and variety of missions are a real strength of consulting here. Overall, I would recommend Skapa without hesitation.",True,promoter,positive
3552,202501392,2025,10,I can maintain a healthy balance most of the time and flexibility helps. I see real chances to progress based on merit and impact. I feel proud to be part of the company.,True,promoter,positive
3553,202500757,2025,8,I can maintain a healthy balance most of the time and flexibility helps.,True,passive,positive
3554,202500805,2025,9,"Recognition and coaching are consistent, which helps me grow and perform. I feel proud to be part of the company.",True,promoter,positive
3555,202500049,2025,9,"Supportive leadership and clear feedback make it easy to do great work. Onboarding and integration were smooth, and the team culture is welcoming. I feel proud to be part of the company.",True,promoter,positive
3556,202500575,2025,6,Pay progression feels slow compared with responsibilities and performance expectations.,True,detractor,negative
3557,202502046,2025,9,"Onboarding and integration were smooth, and the team culture is welcoming. Overall, I would recommend Skapa without hesitation.",True,promoter,positive
3558,202501248,2025,10,"Recognition and coaching are consistent, which helps me grow and perform. Cross-team collaboration is improving and it’s easier to work transversally. Overall, I would recommend Skapa without hesitation.",True,promoter,positive
3559,202501324,2025,8,I see real chances to progress based on merit and impact.,True,passive,positive
3560,202500209,2025,10,"The company feels stable and well-positioned in the market, with strong client demand. Digital tools and processes are improving and make delivery more efficient. Overall, I would recommend Skapa without hesitation.",True,promoter,positive
3561,202502065,2025,7,I would like more regular coaching and clearer expectations from leadership. Work-life balance could improve; overtime can become the default during delivery.,True,passive,to be determined
3562,202500522,2025,7,,False,passive,
3563,202501101,2025,6,Recent uncertainty in priorities makes the long-term direction feel less clear.,True,detractor,negative
3564,202500734,2025,9,Compensation feels competitive for the market and responsibilities. Work conditions are good overall and hybrid work is handled pragmatically. I feel proud to be part of the company.,True,promoter,positive
3565,202500774,2025,9,Learning opportunities and projects help me build strong consulting skills. I feel proud to be part of the company.,True,promoter,positive
3566,202502004,2025,10,"I’m satisfied with my pay and the overall benefits package. Overall, I would recommend Skapa without hesitation.",True,promoter,positive
3567,202500279,2025,7,Sustained pressure can lead to fatigue and I’ve seen early signs of burnout risk.,True,passive,negative
3568,202501625,2025,9,Supportive leadership and clear feedback make it easy to do great work. Compensation feels competitive for the market and responsibilities. I feel proud to be part of the company.,True,promoter,positive
3569,202502130,2025,9,"Onboarding and integration were smooth, and the team culture is welcoming. I feel proud to be part of the company.",True,promoter,positive
3570,202501394,2025,9,Career paths are becoming clearer and internal mobility feels realistic. I feel proud to be part of the company.,True,promoter,positive
3571,202500227,2025,8,"Onboarding and integration were smooth, and the team culture is welcoming.",True,passive,positive
3572,202502115,2025,8,Supportive leadership and clear feedback make it easy to do great work.,True,passive,positive
3573,202500233,2025,10,"Tools and logistics support delivery well, and the hybrid setup works smoothly. The company feels stable and well-positioned in the market, with strong client demand. Overall, I would recommend Skapa without hesitation.",True,promoter,positive
3574,202501320,2025,7,Sometimes the work feels less meaningful when priorities are driven mainly by utilization.,True,passive,negative
3575,202501234,2025,7,The employer brand could be stronger to attract and retain top talent. Pay progression feels slow compared with responsibilities and performance expectations.,True,passive,to be determined
3576,202501312,2025,7,"Career progression can feel unclear, especially around the criteria for promotion. Bench periods and project allocation could be handled more consistently.",True,passive,negative
3577,202501679,2025,10,"The company feels stable and well-positioned in the market, with strong client demand. I feel proud to be part of the company.",True,promoter,positive
3578,202502096,2025,8,"Onboarding and integration were smooth, and the team culture is welcoming.",True,passive,positive
3579,202502086,2025,7,"Team spirit is strong and the atmosphere is friendly and supportive. Onboarding and integration were smooth, and the team culture is welcoming.",True,passive,positive
3580,202500042,2025,7,Sustained pressure can lead to fatigue and I’ve seen early signs of burnout risk.,True,passive,negative
3581,202501010,2025,9,"The company feels stable and well-positioned in the market, with strong client demand. Overall, I would recommend Skapa without hesitation.",True,promoter,positive
3582,202501233,2025,10,"The company feels stable and well-positioned in the market, with strong client demand. I feel proud to be part of the company.",True,promoter,positive
3583,202500083,2025,8,Team spirit is strong and the atmosphere is friendly and supportive. Compensation feels competitive for the market and responsibilities.,True,passive,positive
3584,202500081,2025,4,Sustained pressure can lead to fatigue and I’ve seen early signs of burnout risk. I would like more structured development and transparency on growth opportunities. Addressing this would make a big difference for engagement.,True,detractor,negative
3585,202501555,2025,7,The values are stated clearly but not always reflected in day-to-day decisions. I would like more structured development and transparency on growth opportunities.,True,passive,to be determined
3586,202500026,2025,7,,False,passive,
3587,202500048,2025,7,,False,passive,
3588,202500908,2025,9,"In our Gothenburg offices, I appreciate the trust and autonomy; the management style feels genuinely empowering. The company feels stable and well-positioned in the market, with strong client demand. I feel proud to be part of the company.",True,promoter,positive
3589,202501441,2025,7,,False,passive,
3590,202501657,2025,6,,False,detractor,
3591,202501288,2025,9,"I appreciate the trust and autonomy; the management style feels genuinely empowering. Overall, I would recommend Skapa without hesitation.",True,promoter,positive
3592,202500298,2025,10,"Compensation feels competitive for the market and responsibilities. Overall, I would recommend Skapa without hesitation.",True,promoter,positive
3593,202501155,2025,8,Skapa remains attractive with interesting missions and a solid reputation.,True,passive,positive
3594,202501885,2025,9,Compensation feels competitive for the market and responsibilities. I feel proud to be part of the company.,True,promoter,positive
3595,202501228,2025,7,Work-life balance could improve; overtime can become the default during delivery.,True,passive,negative
3596,202500572,2025,6,I worry about competitiveness and the pace of adapting to market changes.,True,detractor,negative
3597,202501761,2025,5,Workload peaks can be intense and staffing feels tight on some projects. Internal collaboration can feel siloed and handoffs between teams are not always smooth.,True,detractor,negative
3598,202500506,2025,7,,False,passive,
3599,202500619,2025,10,"I can maintain a healthy balance most of the time and flexibility helps. Overall, I would recommend Skapa without hesitation.",True,promoter,positive
3600,202501494,2025,9,I appreciate the increased transparency from leadership on decisions and direction. Compensation feels competitive for the market and responsibilities. I feel proud to be part of the company.,True,promoter,positive
3601,202501200,2025,8,Supportive leadership and clear feedback make it easy to do great work.,True,passive,positive
3602,202500008,2025,8,I appreciate the trust and autonomy; the management style feels genuinely empowering.,True,passive,positive
3603,202502125,2025,8,Team spirit is strong and the atmosphere is friendly and supportive. There is a genuine commitment to responsible consulting and a respectful culture.,True,passive,positive
3604,202501612,2025,7,Compensation has not kept pace with inflation and market benchmarks.,True,passive,negative
3605,202501121,2025,7,"Decision-making can feel top-down and recognition for effort is not always there. Onboarding and integration were smooth, and the team culture is welcoming.",True,passive,negative
3606,202501356,2025,9,"Learning opportunities and projects help me build strong consulting skills. Overall, I would recommend Skapa without hesitation.",True,promoter,positive
3607,202501503,2025,10,"Supportive leadership and clear feedback make it easy to do great work. Skapa remains attractive with interesting missions and a solid reputation. Overall, I would recommend Skapa without hesitation.",True,promoter,positive
3608,202501416,2025,7,Compensation has not kept pace with inflation and market benchmarks. I worry about competitiveness and the pace of adapting to market changes.,True,passive,negative
3609,202500780,2025,7,,False,passive,
3610,202500948,2025,7,,False,passive,
3611,202501623,2025,7,I would like more regular coaching and clearer expectations from leadership.,True,passive,negative
3612,202501420,2025,6,I would like more regular coaching and clearer expectations from leadership.,True,detractor,negative
3613,202500903,2025,7,,False,passive,
3614,202502144,2025,7,Recent uncertainty in priorities makes the long-term direction feel less clear.,True,passive,negative
3615,202500297,2025,7,I would like more structured development and transparency on growth opportunities. Internal collaboration can feel siloed and handoffs between teams are not always smooth.,True,passive,to be determined
3616,202500328,2025,7,,False,passive,
3617,202500453,2025,6,I worry about competitiveness and the pace of adapting to market changes.,True,detractor,negative
3618,202501122,2025,9,"Supportive leadership and clear feedback make it easy to do great work. Overall, I would recommend Skapa without hesitation.",True,promoter,positive
3619,202501706,2025,8,I can maintain a healthy balance most of the time and flexibility helps.,True,passive,positive
3620,202501186,2025,8,"Tools and logistics support delivery well, and the hybrid setup works smoothly.",True,passive,positive
3621,202501811,2025,8,"Tools and logistics support delivery well, and the hybrid setup works smoothly. There is a genuine commitment to responsible consulting and a respectful culture.",True,passive,positive
3622,202501336,2025,9,"Work conditions are good overall and hybrid work is handled pragmatically. Overall, I would recommend Skapa without hesitation.",True,promoter,positive
3623,202501364,2025,6,Compensation has not kept pace with inflation and market benchmarks.,True,detractor,negative
3624,202500124,2025,6,I would like more regular coaching and clearer expectations from leadership. Work-life balance could improve; overtime can become the default during delivery.,True,detractor,negative
3625,202501428,2025,9,"Skapa remains attractive with interesting missions and a solid reputation. The work feels meaningful because projects have clear impact for clients and society. Overall, I would recommend Skapa without hesitation.",True,promoter,positive
3626,202500921,2025,7,Work-life balance could improve; overtime can become the default during delivery. Sustained pressure can lead to fatigue and I’ve seen early signs of burnout risk.,True,passive,negative
3627,202502066,2025,5,Team cohesion varies by project and it can feel isolating when switching assignments.,True,detractor,negative
3628,202500336,2025,6,I would like more visibility from leadership and less pressure driven by short-term targets.,True,detractor,negative
3629,202502016,2025,10,I’m satisfied with my pay and the overall benefits package. I feel proud to be part of the company.,True,promoter,positive
3630,202500789,2025,8,Compensation feels competitive for the market and responsibilities. There is a genuine commitment to responsible consulting and a respectful culture.,True,passive,positive
3631,202502127,2025,9,"Onboarding and integration were smooth, and the team culture is welcoming. I feel proud to be part of the company.",True,promoter,positive
3632,202500478,2025,9,"The company feels stable and well-positioned in the market, with strong client demand. There is a genuine commitment to responsible consulting and a respectful culture. I feel proud to be part of the company.",True,promoter,positive
3633,202501504,2025,6,Compensation has not kept pace with inflation and market benchmarks.,True,detractor,negative
3634,202500459,2025,7,Workload peaks can be intense and staffing feels tight on some projects. I would like more visibility from leadership and less pressure driven by short-term targets.,True,passive,negative
3635,202501424,2025,8,I appreciate the trust and autonomy; the management style feels genuinely empowering.,True,passive,positive
3636,202500652,2025,10,"The company feels stable and well-positioned in the market, with strong client demand. I feel proud to be part of the company.",True,promoter,positive
3637,202501531,2025,8,"Tools and logistics support delivery well, and the hybrid setup works smoothly.",True,passive,positive
3638,202500043,2025,9,"Compensation feels competitive for the market and responsibilities. Overall, I would recommend Skapa without hesitation.",True,promoter,positive
3639,202501664,2025,7,,False,passive,
3640,202502132,2025,8,Team spirit is strong and the atmosphere is friendly and supportive.,True,passive,positive
3641,202500863,2025,6,I worry about competitiveness and the pace of adapting to market changes. I would like more regular coaching and clearer expectations from leadership.,True,detractor,negative
3642,202500368,2025,9,"Career paths are becoming clearer and internal mobility feels realistic. Supportive leadership and clear feedback make it easy to do great work. Overall, I would recommend Skapa without hesitation.",True,promoter,positive
3643,202502099,2025,9,Team spirit is strong and the atmosphere is friendly and supportive. I feel proud to be part of the company.,True,promoter,positive
3644,202500917,2025,9,"Team spirit is strong and the atmosphere is friendly and supportive. Overall, I would recommend Skapa without hesitation.",True,promoter,positive
3645,202500716,2025,7,I would like more structured development and transparency on growth opportunities. Management practices feel inconsistent and feedback is often too late to be useful.,True,passive,to be determined
3646,202500781,2025,8,I’m satisfied with my pay and the overall benefits package. Cross-team collaboration is improving and it’s easier to work transversally.,True,passive,positive
3647,202501307,2025,9,Innovation and a forward-looking strategy make the business feel resilient. I feel proud to be part of the company.,True,promoter,positive
3648,202500678,2025,7,I worry about competitiveness and the pace of adapting to market changes. Training is available but time to actually use it is limited during peak delivery.,True,passive,negative
3649,202500875,2025,8,I can maintain a healthy balance most of the time and flexibility helps. The strategy is clearer and leadership communicates priorities more consistently.,True,passive,positive
3650,202501860,2025,10,"Innovation and a forward-looking strategy make the business feel resilient. Overall, I would recommend Skapa without hesitation.",True,promoter,positive
3651,202501960,2025,8,Team spirit is strong and the atmosphere is friendly and supportive. I can maintain a healthy balance most of the time and flexibility helps.,True,passive,positive
3652,202501213,2025,8,"The company feels stable and well-positioned in the market, with strong client demand.",True,passive,positive
3653,202501851,2025,7,Management practices feel inconsistent and feedback is often too late to be useful.,True,passive,negative
3654,202501110,2025,8,Work conditions are good overall and hybrid work is handled pragmatically. Learning opportunities and projects help me build strong consulting skills.,True,passive,positive
3655,202500176,2025,10,,False,promoter,
3656,202501031,2025,8,"The company feels stable and well-positioned in the market, with strong client demand.",True,passive,positive
3657,202500067,2025,9,"Tools and logistics support delivery well, and the hybrid setup works smoothly. I can maintain a healthy balance most of the time and flexibility helps. I feel proud to be part of the company.",True,promoter,positive
3658,202501146,2025,10,"Digital tools and processes are improving and make delivery more efficient. There is a genuine commitment to responsible consulting and a respectful culture. Overall, I would recommend Skapa without hesitation.",True,promoter,positive
3659,202501882,2025,6,Management practices feel inconsistent and feedback is often too late to be useful.,True,detractor,negative
3660,202501622,2025,9,"I’m satisfied with my pay and the overall benefits package. Overall, I would recommend Skapa without hesitation.",True,promoter,positive
3661,202500754,2025,7,Decision-making can feel top-down and recognition for effort is not always there. Some tools and processes are slow and create friction in day-to-day delivery.,True,passive,negative
3662,202501967,2025,8,Digital tools and processes are improving and make delivery more efficient.,True,passive,positive
3663,202500771,2025,8,I’m satisfied with my pay and the overall benefits package.,True,passive,positive
3664,202501747,2025,9,"Career paths are becoming clearer and internal mobility feels realistic. Recognition and coaching are consistent, which helps me grow and perform. I feel proud to be part of the company.",True,promoter,positive
3665,202500322,2025,7,I would like more regular coaching and clearer expectations from leadership.,True,passive,negative
3666,202502135,2025,9,"Recognition and coaching are consistent, which helps me grow and perform. Overall, I would recommend Skapa without hesitation.",True,promoter,positive
3667,202501400,2025,10,"Career paths are becoming clearer and internal mobility feels realistic. Overall, I would recommend Skapa without hesitation.",True,promoter,positive
3668,202500598,2025,9,"Career paths are becoming clearer and internal mobility feels realistic. Skapa remains attractive with interesting missions and a solid reputation. Overall, I would recommend Skapa without hesitation.",True,promoter,positive
3669,202500840,2025,8,Team spirit is strong and the atmosphere is friendly and supportive. I appreciate the trust and autonomy; the management style feels genuinely empowering.,True,passive,positive
3670,202501123,2025,10,"Work conditions are good overall and hybrid work is handled pragmatically. Overall, I would recommend Skapa without hesitation.",True,promoter,positive
3671,202500869,2025,7,,False,passive,
3672,202501496,2025,8,"Onboarding and integration were smooth, and the team culture is welcoming.",True,passive,positive
3673,202500387,2025,8,"Tools and logistics support delivery well, and the hybrid setup works smoothly.",True,passive,positive
3674,202500427,2025,9,"Tools and logistics support delivery well, and the hybrid setup works smoothly. Client exposure and variety of missions are a real strength of consulting here. Overall, I would recommend Skapa without hesitation.",True,promoter,positive
3675,202500650,2025,8,Work conditions are good overall and hybrid work is handled pragmatically. I appreciate the trust and autonomy; the management style feels genuinely empowering.,True,passive,positive
3676,202501658,2025,9,"Onboarding and integration were smooth, and the team culture is welcoming. I feel proud to be part of the company.",True,promoter,positive
3677,202502057,2025,8,Learning opportunities and projects help me build strong consulting skills. Client exposure and variety of missions are a real strength of consulting here.,True,passive,positive
3678,202501401,2025,7,Decision-making can feel top-down and recognition for effort is not always there. Sustained pressure can lead to fatigue and I’ve seen early signs of burnout risk.,True,passive,negative
3679,202500571,2025,8,I see real chances to progress based on merit and impact.,True,passive,positive
3680,202500894,2025,7,"Team spirit is strong and the atmosphere is friendly and supportive. I would like to see stronger action on inclusion and equity, not just messaging.",True,passive,to be determined
3681,202501643,2025,10,"I’m satisfied with my pay and the overall benefits package. Overall, I would recommend Skapa without hesitation.",True,promoter,positive
3682,202500618,2025,7,I worry about competitiveness and the pace of adapting to market changes.,True,passive,negative
3683,202500367,2025,6,,False,detractor,
3684,202500573,2025,7,"Career progression can feel unclear, especially around the criteria for promotion.",True,passive,negative
3685,202501268,2025,10,"The work feels meaningful because projects have clear impact for clients and society. Supportive leadership and clear feedback make it easy to do great work. Overall, I would recommend Skapa without hesitation.",True,promoter,positive
3686,202501642,2025,10,"I see real chances to progress based on merit and impact. Overall, I would recommend Skapa without hesitation.",True,promoter,positive
3687,202501029,2025,8,"Recognition and coaching are consistent, which helps me grow and perform. Work conditions are good overall and hybrid work is handled pragmatically.",True,passive,positive
3688,202501621,2025,7,Sometimes the work feels less meaningful when priorities are driven mainly by utilization. The employer brand could be stronger to attract and retain top talent.,True,passive,to be determined
3689,202501198,2025,9,"Compensation feels competitive for the market and responsibilities. Supportive leadership and clear feedback make it easy to do great work. Overall, I would recommend Skapa without hesitation.",True,promoter,positive
3690,202501088,2025,10,"Onboarding and integration were smooth, and the team culture is welcoming. Supportive leadership and clear feedback make it easy to do great work. I feel proud to be part of the company.",True,promoter,positive
3691,202500117,2025,10,I appreciate the increased transparency from leadership on decisions and direction. I feel proud to be part of the company.,True,promoter,positive
3692,202501602,2025,9,,False,promoter,
3693,202501165,2025,9,"Tools and logistics support delivery well, and the hybrid setup works smoothly. Career paths are becoming clearer and internal mobility feels realistic. I feel proud to be part of the company.",True,promoter,positive
3694,202501342,2025,8,Learning opportunities and projects help me build strong consulting skills.,True,passive,positive
3695,202500401,2025,7,The employer brand could be stronger to attract and retain top talent. Sustained pressure can lead to fatigue and I’ve seen early signs of burnout risk.,True,passive,negative
3696,202500628,2025,7,Recent uncertainty in priorities makes the long-term direction feel less clear.,True,passive,negative
3697,202501426,2025,7,"Here in our Malmö office, I would like more regular coaching and clearer expectations from leadership. Compensation has not kept pace with inflation and market benchmarks.",True,passive,negative
3698,202501587,2025,8,I can maintain a healthy balance most of the time and flexibility helps.,True,passive,positive
3699,202500683,2025,7,,False,passive,
3700,202501659,2025,8,The strategy is clearer and leadership communicates priorities more consistently.,True,passive,to be determined
3701,202500153,2025,8,Supportive leadership and clear feedback make it easy to do great work.,True,passive,positive
3702,202501087,2025,7,"I worry about competitiveness and the pace of adapting to market changes. Career progression can feel unclear, especially around the criteria for promotion.",True,passive,negative
3703,202501840,2025,9,,False,promoter,
3704,202500241,2025,8,The work feels meaningful because projects have clear impact for clients and society.,True,passive,positive
3705,202501985,2025,7,"Recent uncertainty in priorities makes the long-term direction feel less clear. Career progression can feel unclear, especially around the criteria for promotion.",True,passive,negative
3706,202502064,2025,9,Team spirit is strong and the atmosphere is friendly and supportive. Career paths are becoming clearer and internal mobility feels realistic. I feel proud to be part of the company.,True,promoter,positive
3707,202501479,2025,9,"The work feels meaningful because projects have clear impact for clients and society. Overall, I would recommend Skapa without hesitation.",True,promoter,positive
3708,202500371,2025,8,I can maintain a healthy balance most of the time and flexibility helps.,True,passive,positive
3709,202500942,2025,8,Skapa remains attractive with interesting missions and a solid reputation.,True,passive,positive
3710,202501294,2025,6,Pay progression feels slow compared with responsibilities and performance expectations.,True,detractor,negative
3711,202500431,2025,9,"The company feels stable and well-positioned in the market, with strong client demand. I feel proud to be part of the company.",True,promoter,positive
3712,202502023,2025,8,I appreciate the trust and autonomy; the management style feels genuinely empowering.,True,passive,positive
3713,202501667,2025,8,Career paths are becoming clearer and internal mobility feels realistic. Client exposure and variety of missions are a real strength of consulting here.,True,passive,positive
3714,202501460,2025,7,,False,passive,
3715,202502141,2025,9,"Onboarding and integration were smooth, and the team culture is welcoming. I feel proud to be part of the company.",True,promoter,positive
3716,202500769,2025,10,"The company feels stable and well-positioned in the market, with strong client demand. I feel proud to be part of the company.",True,promoter,positive
3717,202501430,2025,7,I would like more structured development and transparency on growth opportunities. Sustained pressure can lead to fatigue and I’ve seen early signs of burnout risk.,True,passive,negative
3718,202501957,2025,8,"I appreciate the trust and autonomy; the management style feels genuinely empowering. I feel aligned with the values, especially inclusion, sustainability and fairness.",True,passive,positive
3719,202500382,2025,10,Learning opportunities and projects help me build strong consulting skills. I feel proud to be part of the company.,True,promoter,positive
3720,202500569,2025,7,Pay progression feels slow compared with responsibilities and performance expectations.,True,passive,negative
3721,202501396,2025,7,,False,passive,
3722,202501108,2025,9,"I’m satisfied with my pay and the overall benefits package. Overall, I would recommend Skapa without hesitation.",True,promoter,positive
3723,202500527,2025,7,Work-life balance could improve; overtime can become the default during delivery.,True,passive,negative
3724,202500199,2025,5,I would like more regular coaching and clearer expectations from leadership.,True,detractor,negative
3725,202501027,2025,9,,False,promoter,
3726,202501284,2025,6,Pay progression feels slow compared with responsibilities and performance expectations.,True,detractor,negative
3727,202502060,2025,7,Team spirit is strong and the atmosphere is friendly and supportive.,True,passive,positive
3728,202500526,2025,8,,False,passive,
3729,202501405,2025,8,Learning opportunities and projects help me build strong consulting skills.,True,passive,positive
3730,202500924,2025,6,Some tools and processes are slow and create friction in day-to-day delivery.,True,detractor,negative
3731,202501855,2025,7,Strategic priorities shift often and it can be hard to understand the direction. I would like more regular coaching and clearer expectations from leadership.,True,passive,negative
3732,202500106,2025,8,Compensation feels competitive for the market and responsibilities.,True,passive,positive
3733,202500331,2025,10,"Supportive leadership and clear feedback make it easy to do great work. Overall, I would recommend Skapa without hesitation.",True,promoter,positive
3734,202500232,2025,7,Pay progression feels slow compared with responsibilities and performance expectations.,True,passive,negative
3735,202501478,2025,9,"The strategy is clearer and leadership communicates priorities more consistently. Overall, I would recommend Skapa without hesitation.",True,promoter,positive
3736,202500120,2025,8,Innovation and a forward-looking strategy make the business feel resilient.,True,passive,positive
3737,202501719,2025,6,I would like more regular coaching and clearer expectations from leadership. The employer brand could be stronger to attract and retain top talent.,True,detractor,negative
3738,202501157,2025,10,"The company feels stable and well-positioned in the market, with strong client demand. I appreciate the trust and autonomy; the management style feels genuinely empowering. I feel proud to be part of the company.",True,promoter,positive
3739,202500125,2025,7,,False,passive,
3740,202500250,2025,7,,False,passive,
3741,202500968,2025,6,The employer brand could be stronger to attract and retain top talent.,True,detractor,negative
3742,202501994,2025,10,"Skapa remains attractive with interesting missions and a solid reputation. Team spirit is strong and the atmosphere is friendly and supportive. Overall, I would recommend Skapa without hesitation.",True,promoter,positive
3743,202502002,2025,6,Decision-making can feel top-down and recognition for effort is not always there.,True,detractor,negative
3744,202501281,2025,8,The strategy is clearer and leadership communicates priorities more consistently. Supportive leadership and clear feedback make it easy to do great work.,True,passive,positive
3745,202500885,2025,7,,False,passive,
3746,202501543,2025,7,Strategic priorities shift often and it can be hard to understand the direction.,True,passive,negative
3747,202500578,2025,9,"I can maintain a healthy balance most of the time and flexibility helps. The company feels stable and well-positioned in the market, with strong client demand. I feel proud to be part of the company.",True,promoter,positive
3748,202500219,2025,7,,False,passive,
3749,202501475,2025,10,"I see real chances to progress based on merit and impact. Overall, I would recommend Skapa without hesitation.",True,promoter,positive
3750,202502027,2025,7,,False,passive,
3751,202500687,2025,8,"Recognition and coaching are consistent, which helps me grow and perform.",True,passive,positive
3752,202501174,2025,7,,False,passive,
3753,202500006,2025,8,"Here in our Stockholm office, I see real chances to progress based on merit and impact. The strategy is clearer and leadership communicates priorities more consistently.",True,passive,positive
3754,202502118,2025,9,"Onboarding and integration were smooth, and the team culture is welcoming. Overall, I would recommend Skapa without hesitation.",True,promoter,positive
3755,202501368,2025,9,"Compensation feels competitive for the market and responsibilities. Learning opportunities and projects help me build strong consulting skills. Overall, I would recommend Skapa without hesitation.",True,promoter,positive
3756,202500833,2025,7,,False,passive,
3757,202502102,2025,9,"Team spirit is strong and the atmosphere is friendly and supportive. The strategy is clearer and leadership communicates priorities more consistently. Overall, I would recommend Skapa without hesitation.",True,promoter,positive
3758,202501835,2025,9,"Digital tools and processes are improving and make delivery more efficient. Client exposure and variety of missions are a real strength of consulting here. Overall, I would recommend Skapa without hesitation.",True,promoter,positive
3759,202500327,2025,10,"Skapa remains attractive with interesting missions and a solid reputation. Overall, I would recommend Skapa without hesitation.",True,promoter,positive
3760,202501052,2025,7,,False,passive,
3761,202502098,2025,8,I appreciate the trust and autonomy; the management style feels genuinely empowering. I can maintain a healthy balance most of the time and flexibility helps.,True,passive,positive
3762,202500234,2025,6,,False,detractor,
3763,202501371,2025,9,I appreciate the trust and autonomy; the management style feels genuinely empowering. I feel proud to be part of the company.,True,promoter,positive
3764,202501983,2025,8,Learning opportunities and projects help me build strong consulting skills.,True,passive,positive
3765,202500982,2025,10,"I’m satisfied with my pay and the overall benefits package. I can maintain a healthy balance most of the time and flexibility helps. Overall, I would recommend Skapa without hesitation.",True,promoter,positive
3766,202501116,2025,9,"Recognition and coaching are consistent, which helps me grow and perform. Skapa remains attractive with interesting missions and a solid reputation. Overall, I would recommend Skapa without hesitation.",True,promoter,positive
3767,202500195,2025,9,Supportive leadership and clear feedback make it easy to do great work. I appreciate the increased transparency from leadership on decisions and direction. I feel proud to be part of the company.,True,promoter,positive
3768,202501714,2025,8,Work conditions are good overall and hybrid work is handled pragmatically. I see real chances to progress based on merit and impact.,True,passive,positive
3769,202500747,2025,10,"I feel aligned with the values, especially inclusion, sustainability and fairness. Team spirit is strong and the atmosphere is friendly and supportive. I feel proud to be part of the company.",True,promoter,positive
3770,202500429,2025,8,Career paths are becoming clearer and internal mobility feels realistic.,True,passive,to be determined
3771,202502117,2025,9,"Supportive leadership and clear feedback make it easy to do great work. Client exposure and variety of missions are a real strength of consulting here. Overall, I would recommend Skapa without hesitation.",True,promoter,positive
3772,202501299,2025,7,Sustained pressure can lead to fatigue and I’ve seen early signs of burnout risk.,True,passive,negative
3773,202500359,2025,10,"Skapa remains attractive with interesting missions and a solid reputation. Overall, I would recommend Skapa without hesitation.",True,promoter,positive
3774,202500136,2025,6,Some tools and processes are slow and create friction in day-to-day delivery. Decision-making can feel top-down and recognition for effort is not always there.,True,detractor,negative
3775,202500817,2025,7,,False,passive,
3776,202501552,2025,8,Innovation and a forward-looking strategy make the business feel resilient.,True,passive,positive
3777,202500143,2025,10,"The strategy is clearer and leadership communicates priorities more consistently. Overall, I would recommend Skapa without hesitation.",True,promoter,positive
3778,202502015,2025,9,"Skapa remains attractive with interesting missions and a solid reputation. Overall, I would recommend Skapa without hesitation.",True,promoter,positive
3779,202501505,2025,6,Compensation has not kept pace with inflation and market benchmarks. Training is available but time to actually use it is limited during peak delivery.,True,detractor,negative
3780,202501143,2025,8,"The company feels stable and well-positioned in the market, with strong client demand. There is a genuine commitment to responsible consulting and a respectful culture.",True,passive,positive
3781,202500594,2025,7,"Career progression can feel unclear, especially around the criteria for promotion.",True,passive,negative
3782,202501869,2025,10,"Innovation and a forward-looking strategy make the business feel resilient. Overall, I would recommend Skapa without hesitation.",True,promoter,positive
3783,202500914,2025,6,I worry about competitiveness and the pace of adapting to market changes. Pay progression feels slow compared with responsibilities and performance expectations.,True,detractor,negative
3784,202500836,2025,10,I can maintain a healthy balance most of the time and flexibility helps. I see real chances to progress based on merit and impact. I feel proud to be part of the company.,True,promoter,positive
3785,202500702,2025,10,"I’m satisfied with my pay and the overall benefits package. Overall, I would recommend Skapa without hesitation.",True,promoter,positive
3786,202502155,2025,10,"Recognition and coaching are consistent, which helps me grow and perform. The work feels meaningful because projects have clear impact for clients and society. I feel proud to be part of the company.",True,promoter,positive
3787,202500873,2025,8,Compensation feels competitive for the market and responsibilities.,True,passive,positive
3788,202501207,2025,8,"Innovation and a forward-looking strategy make the business feel resilient. Tools and logistics support delivery well, and the hybrid setup works smoothly.",True,passive,positive
3789,202500408,2025,5,,False,detractor,
3790,202501858,2025,10,"The company feels stable and well-positioned in the market, with strong client demand. I’m satisfied with my pay and the overall benefits package. I feel proud to be part of the company.",True,promoter,positive
3791,202501853,2025,9,I can maintain a healthy balance most of the time and flexibility helps. I feel proud to be part of the company.,True,promoter,positive
3792,202501685,2025,8,"The company feels stable and well-positioned in the market, with strong client demand.",True,passive,positive
3793,202500449,2025,10,Supportive leadership and clear feedback make it easy to do great work. I feel proud to be part of the company.,True,promoter,positive
3794,202501477,2025,8,Client exposure and variety of missions are a real strength of consulting here.,True,passive,positive
3795,202500614,2025,8,Work conditions are good overall and hybrid work is handled pragmatically.,True,passive,positive
3796,202501339,2025,8,Learning opportunities and projects help me build strong consulting skills.,True,passive,positive
3797,202500121,2025,8,I’m satisfied with my pay and the overall benefits package.,True,passive,positive
3798,202501314,2025,8,Supportive leadership and clear feedback make it easy to do great work.,True,passive,positive
3799,202500654,2025,7,I would like more structured development and transparency on growth opportunities. Pay progression feels slow compared with responsibilities and performance expectations.,True,passive,to be determined
3800,202500537,2025,8,"The work feels meaningful because projects have clear impact for clients and society. Recognition and coaching are consistent, which helps me grow and perform.",True,passive,positive
3801,202501817,2025,8,"The company feels stable and well-positioned in the market, with strong client demand. There is a genuine commitment to responsible consulting and a respectful culture.",True,passive,positive
3802,202501684,2025,6,Team cohesion varies by project and it can feel isolating when switching assignments.,True,detractor,negative
3803,202500485,2025,10,,False,promoter,
3804,202502070,2025,10,"The company feels stable and well-positioned in the market, with strong client demand. Overall, I would recommend Skapa without hesitation.",True,promoter,positive
3805,202500808,2025,8,,False,passive,
3806,202501862,2025,9,"Supportive leadership and clear feedback make it easy to do great work. Digital tools and processes are improving and make delivery more efficient. Overall, I would recommend Skapa without hesitation.",True,promoter,positive
3807,202501140,2025,10,I can maintain a healthy balance most of the time and flexibility helps. I see real chances to progress based on merit and impact. I feel proud to be part of the company.,True,promoter,positive
3808,202501341,2025,9,"Learning opportunities and projects help me build strong consulting skills. Compensation feels competitive for the market and responsibilities. Overall, I would recommend Skapa without hesitation.",True,promoter,positive
3809,202501932,2025,8,Learning opportunities and projects help me build strong consulting skills.,True,passive,positive
3810,202500533,2025,8,,False,passive,
3811,202500551,2025,8,I appreciate the increased transparency from leadership on decisions and direction.,True,passive,positive
3812,202501635,2025,10,"In our Malmö offices, I appreciate the trust and autonomy; the management style feels genuinely empowering. Innovation and a forward-looking strategy make the business feel resilient. I feel proud to be part of the company.",True,promoter,positive
3813,202501970,2025,9,I can maintain a healthy balance most of the time and flexibility helps. I feel proud to be part of the company.,True,promoter,positive
3814,202501466,2025,8,,False,passive,
3815,202502100,2025,9,"Onboarding and integration were smooth, and the team culture is welcoming. Team spirit is strong and the atmosphere is friendly and supportive. Overall, I would recommend Skapa without hesitation.",True,promoter,positive
3816,202500099,2025,9,Career paths are becoming clearer and internal mobility feels realistic. I feel proud to be part of the company.,True,promoter,positive
3817,202501987,2025,8,Career paths are becoming clearer and internal mobility feels realistic.,True,passive,to be determined
3818,202500930,2025,9,I can maintain a healthy balance most of the time and flexibility helps. Work conditions are good overall and hybrid work is handled pragmatically. I feel proud to be part of the company.,True,promoter,positive
3819,202502019,2025,9,,False,promoter,
3820,202501337,2025,8,I appreciate the increased transparency from leadership on decisions and direction.,True,passive,positive
3821,202501217,2025,7,"Career progression can feel unclear, especially around the criteria for promotion.",True,passive,negative
3822,202500490,2025,7,I would like more structured development and transparency on growth opportunities. Pay progression feels slow compared with responsibilities and performance expectations.,True,passive,to be determined
3823,202501001,2025,9,"Recognition and coaching are consistent, which helps me grow and perform. I feel proud to be part of the company.",True,promoter,positive
3824,202501925,2025,8,"Tools and logistics support delivery well, and the hybrid setup works smoothly. The company feels stable and well-positioned in the market, with strong client demand.",True,passive,positive
3825,202501864,2025,9,"I see real chances to progress based on merit and impact. Overall, I would recommend Skapa without hesitation.",True,promoter,positive
3826,202500152,2025,9,"Innovation and a forward-looking strategy make the business feel resilient. Team spirit is strong and the atmosphere is friendly and supportive. Overall, I would recommend Skapa without hesitation.",True,promoter,positive
3827,202500626,2025,8,Compensation feels competitive for the market and responsibilities.,True,passive,positive
3828,202500421,2025,9,Supportive leadership and clear feedback make it easy to do great work. Learning opportunities and projects help me build strong consulting skills. I feel proud to be part of the company.,True,promoter,positive
3829,202500630,2025,6,The employer brand could be stronger to attract and retain top talent.,True,detractor,negative
3830,202500167,2025,6,The values are stated clearly but not always reflected in day-to-day decisions.,True,detractor,negative
3831,202501149,2025,9,Client exposure and variety of missions are a real strength of consulting here. I feel proud to be part of the company.,True,promoter,positive
3832,202501889,2025,6,The employer brand could be stronger to attract and retain top talent.,True,detractor,negative
3833,202501025,2025,10,Compensation feels competitive for the market and responsibilities. I feel proud to be part of the company.,True,promoter,positive
3834,202500024,2025,10,"Digital tools and processes are improving and make delivery more efficient. I see real chances to progress based on merit and impact. Overall, I would recommend Skapa without hesitation.",True,promoter,positive
3835,202501797,2025,9,"Team spirit is strong and the atmosphere is friendly and supportive. Client exposure and variety of missions are a real strength of consulting here. Overall, I would recommend Skapa without hesitation.",True,promoter,positive
3836,202501512,2025,9,"Cross-team collaboration is improving and it’s easier to work transversally. Overall, I would recommend Skapa without hesitation.",True,promoter,positive
3837,202501641,2025,7,"Pay progression feels slow compared with responsibilities and performance expectations. Onboarding and integration were smooth, and the team culture is welcoming.",True,passive,negative
3838,202500207,2025,7,Management practices feel inconsistent and feedback is often too late to be useful. Bench periods and project allocation could be handled more consistently.,True,passive,negative
3839,202501092,2025,10,"Onboarding and integration were smooth, and the team culture is welcoming. I appreciate the trust and autonomy; the management style feels genuinely empowering. I feel proud to be part of the company.",True,promoter,positive
3840,202501605,2025,10,"I appreciate the trust and autonomy; the management style feels genuinely empowering. Overall, I would recommend Skapa without hesitation.",True,promoter,positive
3841,202501563,2025,7,,False,passive,
3842,202500484,2025,8,I appreciate the trust and autonomy; the management style feels genuinely empowering.,True,passive,positive
3843,202501617,2025,8,Client exposure and variety of missions are a real strength of consulting here.,True,passive,positive
3844,202501678,2025,8,"In our Stockholm offices, The company feels stable and well-positioned in the market, with strong client demand.",True,passive,positive
3845,202501171,2025,8,"Onboarding and integration were smooth, and the team culture is welcoming. There is a genuine commitment to responsible consulting and a respectful culture.",True,passive,positive
3846,202501439,2025,9,"Innovation and a forward-looking strategy make the business feel resilient. There is a genuine commitment to responsible consulting and a respectful culture. Overall, I would recommend Skapa without hesitation.",True,promoter,positive
3847,202500299,2025,8,Career paths are becoming clearer and internal mobility feels realistic.,True,passive,to be determined
3848,202501164,2025,9,,False,promoter,
3849,202501972,2025,8,,False,passive,
3850,202501700,2025,6,Work-life balance could improve; overtime can become the default during delivery. Pay progression feels slow compared with responsibilities and performance expectations.,True,detractor,negative
3851,202500826,2025,8,Skapa remains attractive with interesting missions and a solid reputation. Compensation feels competitive for the market and responsibilities.,True,passive,positive
3852,202500980,2025,7,Internal collaboration can feel siloed and handoffs between teams are not always smooth.,True,passive,negative
3853,202501936,2025,9,Career paths are becoming clearer and internal mobility feels realistic. I feel proud to be part of the company.,True,promoter,positive
3854,202501952,2025,7,The employer brand could be stronger to attract and retain top talent. I would like more structured development and transparency on growth opportunities.,True,passive,to be determined
3855,202501550,2025,6,Bench periods and project allocation could be handled more consistently.,True,detractor,negative
3856,202501636,2025,9,I appreciate the trust and autonomy; the management style feels genuinely empowering. I feel proud to be part of the company.,True,promoter,positive
3857,202500625,2025,9,"I can maintain a healthy balance most of the time and flexibility helps. I see real chances to progress based on merit and impact. Overall, I would recommend Skapa without hesitation.",True,promoter,positive
3858,202501565,2025,10,"Recognition and coaching are consistent, which helps me grow and perform. I feel proud to be part of the company.",True,promoter,positive
3859,202502145,2025,9,Skapa remains attractive with interesting missions and a solid reputation. I feel proud to be part of the company.,True,promoter,positive
3860,202500119,2025,10,"Client exposure and variety of missions are a real strength of consulting here. Onboarding and integration were smooth, and the team culture is welcoming. Overall, I would recommend Skapa without hesitation.",True,promoter,positive
3861,202501704,2025,8,I can maintain a healthy balance most of the time and flexibility helps.,True,passive,positive
3862,202501535,2025,9,I can maintain a healthy balance most of the time and flexibility helps. I appreciate the trust and autonomy; the management style feels genuinely empowering. I feel proud to be part of the company.,True,promoter,positive
3863,202500763,2025,8,I appreciate the trust and autonomy; the management style feels genuinely empowering. Learning opportunities and projects help me build strong consulting skills.,True,passive,positive
3864,202500877,2025,9,"Work conditions are good overall and hybrid work is handled pragmatically. Overall, I would recommend Skapa without hesitation.",True,promoter,positive
3865,202500184,2025,9,"I appreciate the trust and autonomy; the management style feels genuinely empowering. Compensation feels competitive for the market and responsibilities. Overall, I would recommend Skapa without hesitation.",True,promoter,positive
3866,202501125,2025,10,"The company feels stable and well-positioned in the market, with strong client demand. I feel proud to be part of the company.",True,promoter,positive
3867,202501975,2025,8,,False,passive,
3868,202500288,2025,6,I would like more regular coaching and clearer expectations from leadership.,True,detractor,negative
3869,202500813,2025,7,"Onboarding and integration were smooth, and the team culture is welcoming.",True,passive,positive
3870,202500804,2025,8,I see real chances to progress based on merit and impact.,True,passive,positive
3871,202500639,2025,8,"I feel aligned with the values, especially inclusion, sustainability and fairness.",True,passive,positive
3872,202501061,2025,7,"Onboarding and integration were smooth, and the team culture is welcoming. Recent uncertainty in priorities makes the long-term direction feel less clear.",True,passive,negative
3873,202501945,2025,5,I would like more structured development and transparency on growth opportunities. Management practices feel inconsistent and feedback is often too late to be useful.,True,detractor,negative
3874,202500410,2025,9,"Digital tools and processes are improving and make delivery more efficient. Overall, I would recommend Skapa without hesitation.",True,promoter,positive
3875,202502063,2025,10,Work conditions are good overall and hybrid work is handled pragmatically. Digital tools and processes are improving and make delivery more efficient. I feel proud to be part of the company.,True,promoter,positive
3876,202501152,2025,10,Work conditions are good overall and hybrid work is handled pragmatically. I feel proud to be part of the company.,True,promoter,positive
3877,202501753,2025,7,Internal collaboration can feel siloed and handoffs between teams are not always smooth.,True,passive,negative
3878,202501626,2025,10,I can maintain a healthy balance most of the time and flexibility helps. Career paths are becoming clearer and internal mobility feels realistic. I feel proud to be part of the company.,True,promoter,positive
3879,202501656,2025,7,I worry about competitiveness and the pace of adapting to market changes. Pay progression feels slow compared with responsibilities and performance expectations.,True,passive,negative
3880,202500613,2025,10,Compensation feels competitive for the market and responsibilities. I feel proud to be part of the company.,True,promoter,positive
3881,202502143,2025,8,Team spirit is strong and the atmosphere is friendly and supportive. I’m satisfied with my pay and the overall benefits package.,True,passive,positive
3882,202501900,2025,9,"Supportive leadership and clear feedback make it easy to do great work. Overall, I would recommend Skapa without hesitation.",True,promoter,positive
3883,202500525,2025,8,Innovation and a forward-looking strategy make the business feel resilient. Compensation feels competitive for the market and responsibilities.,True,passive,positive
3884,202501991,2025,9,"I appreciate the increased transparency from leadership on decisions and direction. Overall, I would recommend Skapa without hesitation.",True,promoter,positive
3885,202501283,2025,10,"I’m satisfied with my pay and the overall benefits package. Overall, I would recommend Skapa without hesitation.",True,promoter,positive
3886,202501610,2025,7,,False,passive,
3887,202501015,2025,6,Team cohesion varies by project and it can feel isolating when switching assignments.,True,detractor,negative
3888,202502138,2025,10,Team spirit is strong and the atmosphere is friendly and supportive. Team spirit is strong and the atmosphere is friendly and supportive. I feel proud to be part of the company.,True,promoter,positive
3889,202501560,2025,6,Recent uncertainty in priorities makes the long-term direction feel less clear. Compensation has not kept pace with inflation and market benchmarks.,True,detractor,negative
3890,202500263,2025,8,Compensation feels competitive for the market and responsibilities.,True,passive,positive
3891,202501784,2025,7,Team spirit is strong and the atmosphere is friendly and supportive.,True,passive,positive
3892,202500261,2025,6,Work-life balance could improve; overtime can become the default during delivery.,True,detractor,negative
3893,202502012,2025,8,,False,passive,
3894,202502028,2025,8,,False,passive,
3895,202501214,2025,8,Compensation feels competitive for the market and responsibilities.,True,passive,positive
3896,202500503,2025,7,Workload peaks can be intense and staffing feels tight on some projects.,True,passive,negative
3897,202501329,2025,8,Innovation and a forward-looking strategy make the business feel resilient. I’m satisfied with my pay and the overall benefits package.,True,passive,positive
3898,202500913,2025,7,"Onboarding and integration were smooth, and the team culture is welcoming. The employer brand could be stronger to attract and retain top talent.",True,passive,to be determined
3899,202500661,2025,7,,False,passive,
3900,202501741,2025,8,I see real chances to progress based on merit and impact.,True,passive,positive
3901,202501141,2025,7,,False,passive,
3902,202501461,2025,8,Innovation and a forward-looking strategy make the business feel resilient.,True,passive,positive
3903,202501609,2025,9,"Recognition and coaching are consistent, which helps me grow and perform. Overall, I would recommend Skapa without hesitation.",True,promoter,positive
3904,202500141,2025,8,Skapa remains attractive with interesting missions and a solid reputation.,True,passive,positive
3905,202501185,2025,6,Management practices feel inconsistent and feedback is often too late to be useful.,True,detractor,negative
3906,202501628,2025,8,,False,passive,
3907,202500839,2025,7,,False,passive,
3908,202501387,2025,9,"I’m satisfied with my pay and the overall benefits package. Tools and logistics support delivery well, and the hybrid setup works smoothly. I feel proud to be part of the company.",True,promoter,positive
3909,202500113,2025,7,Recent uncertainty in priorities makes the long-term direction feel less clear. Decision-making can feel top-down and recognition for effort is not always there.,True,passive,negative
3910,202501465,2025,8,,False,passive,
3911,202500071,2025,9,"Here in our Valencia office, I appreciate the trust and autonomy; the management style feels genuinely empowering. I feel proud to be part of the company.",True,promoter,positive
3912,202501291,2025,9,"Skapa remains attractive with interesting missions and a solid reputation. I appreciate the increased transparency from leadership on decisions and direction. Overall, I would recommend Skapa without hesitation.",True,promoter,positive
3913,202501871,2025,7,Work-life balance could improve; overtime can become the default during delivery. Recent uncertainty in priorities makes the long-term direction feel less clear.,True,passive,negative
3914,202501951,2025,9,,False,promoter,
3915,202500090,2025,10,"I’m satisfied with my pay and the overall benefits package. The work feels meaningful because projects have clear impact for clients and society. Overall, I would recommend Skapa without hesitation.",True,promoter,positive
3916,202502079,2025,8,Learning opportunities and projects help me build strong consulting skills. Work conditions are good overall and hybrid work is handled pragmatically.,True,passive,positive
3917,202501115,2025,10,"Recognition and coaching are consistent, which helps me grow and perform. Client exposure and variety of missions are a real strength of consulting here. Overall, I would recommend Skapa without hesitation.",True,promoter,positive
3918,202501897,2025,8,"Recognition and coaching are consistent, which helps me grow and perform. Onboarding and integration were smooth, and the team culture is welcoming.",True,passive,positive
3919,202502108,2025,9,"Tools and logistics support delivery well, and the hybrid setup works smoothly. Career paths are becoming clearer and internal mobility feels realistic. Overall, I would recommend Skapa without hesitation.",True,promoter,positive
3920,202501772,2025,8,"Recognition and coaching are consistent, which helps me grow and perform. Client exposure and variety of missions are a real strength of consulting here.",True,passive,positive
3921,202501979,2025,9,Work conditions are good overall and hybrid work is handled pragmatically. There is a genuine commitment to responsible consulting and a respectful culture. I feel proud to be part of the company.,True,promoter,positive
3922,202500311,2025,8,Team spirit is strong and the atmosphere is friendly and supportive.,True,passive,positive
3923,202500391,2025,8,Learning opportunities and projects help me build strong consulting skills.,True,passive,positive
3924,202500376,2025,10,I’m satisfied with my pay and the overall benefits package. I feel proud to be part of the company.,True,promoter,positive
3925,202501084,2025,9,"Recognition and coaching are consistent, which helps me grow and perform. I feel proud to be part of the company.",True,promoter,positive
3926,202501049,2025,8,Team spirit is strong and the atmosphere is friendly and supportive.,True,passive,positive
3927,202500191,2025,7,,False,passive,
3928,202500916,2025,7,I worry about competitiveness and the pace of adapting to market changes.,True,passive,negative
3929,202500050,2025,10,"Supportive leadership and clear feedback make it easy to do great work. I’m satisfied with my pay and the overall benefits package. Overall, I would recommend Skapa without hesitation.",True,promoter,positive
3930,202501877,2025,10,I appreciate the trust and autonomy; the management style feels genuinely empowering. I feel proud to be part of the company.,True,promoter,positive
3931,202500294,2025,9,"Compensation feels competitive for the market and responsibilities. Overall, I would recommend Skapa without hesitation.",True,promoter,positive
3932,202500254,2025,9,I appreciate the increased transparency from leadership on decisions and direction. Team spirit is strong and the atmosphere is friendly and supportive. I feel proud to be part of the company.,True,promoter,positive
3933,202501459,2025,9,"Recognition and coaching are consistent, which helps me grow and perform. I feel proud to be part of the company.",True,promoter,positive
3934,202500638,2025,7,,False,passive,
3935,202501516,2025,9,Compensation feels competitive for the market and responsibilities. I feel proud to be part of the company.,True,promoter,positive
3936,202500620,2025,8,,False,passive,
3937,202502109,2025,8,Learning opportunities and projects help me build strong consulting skills.,True,passive,positive
3938,202500238,2025,9,"I feel aligned with the values, especially inclusion, sustainability and fairness. I can maintain a healthy balance most of the time and flexibility helps. Overall, I would recommend Skapa without hesitation.",True,promoter,positive
3939,202501576,2025,9,Innovation and a forward-looking strategy make the business feel resilient. I appreciate the trust and autonomy; the management style feels genuinely empowering. I feel proud to be part of the company.,True,promoter,positive
3940,202500278,2025,9,I see real chances to progress based on merit and impact. I feel proud to be part of the company.,True,promoter,positive
3941,202500645,2025,8,,False,passive,
3942,202501825,2025,8,I appreciate the increased transparency from leadership on decisions and direction. Career paths are becoming clearer and internal mobility feels realistic.,True,passive,positive
3943,202501023,2025,8,,False,passive,
3944,202500345,2025,9,"Recognition and coaching are consistent, which helps me grow and perform. I feel proud to be part of the company.",True,promoter,positive
3945,202500730,2025,7,Management practices feel inconsistent and feedback is often too late to be useful. I would like more visibility from leadership and less pressure driven by short-term targets.,True,passive,negative
3946,202500007,2025,8,Compensation feels competitive for the market and responsibilities. I see real chances to progress based on merit and impact.,True,passive,positive
3947,202500306,2025,8,Supportive leadership and clear feedback make it easy to do great work.,True,passive,positive
3948,202501976,2025,8,I see real chances to progress based on merit and impact.,True,passive,positive
3949,202501423,2025,9,"The work feels meaningful because projects have clear impact for clients and society. Overall, I would recommend Skapa without hesitation.",True,promoter,positive
3950,202501373,2025,9,Work conditions are good overall and hybrid work is handled pragmatically. I can maintain a healthy balance most of the time and flexibility helps. I feel proud to be part of the company.,True,promoter,positive
3951,202500819,2025,8,,False,passive,
3952,202500425,2025,10,"Digital tools and processes are improving and make delivery more efficient. Recognition and coaching are consistent, which helps me grow and perform. Overall, I would recommend Skapa without hesitation.",True,promoter,positive
3953,202501965,2025,8,"The company feels stable and well-positioned in the market, with strong client demand. I can maintain a healthy balance most of the time and flexibility helps.",True,passive,positive
3954,202500966,2025,10,"Compensation feels competitive for the market and responsibilities. Overall, I would recommend Skapa without hesitation.",True,promoter,positive
3955,202500516,2025,8,I appreciate the increased transparency from leadership on decisions and direction. Team spirit is strong and the atmosphere is friendly and supportive.,True,passive,positive
3956,202500842,2025,8,"Tools and logistics support delivery well, and the hybrid setup works smoothly. Cross-team collaboration is improving and it’s easier to work transversally.",True,passive,positive
3957,202501514,2025,8,Work conditions are good overall and hybrid work is handled pragmatically.,True,passive,positive
3958,202500785,2025,7,"Pay progression feels slow compared with responsibilities and performance expectations. Onboarding and integration were smooth, and the team culture is welcoming.",True,passive,negative
3959,202501791,2025,9,Skapa remains attractive with interesting missions and a solid reputation. I feel proud to be part of the company.,True,promoter,positive
3960,202500149,2025,7,,False,passive,
3961,202501409,2025,7,I would like more structured development and transparency on growth opportunities. Decision-making can feel top-down and recognition for effort is not always there.,True,passive,to be determined
3962,202501366,2025,6,Sustained pressure can lead to fatigue and I’ve seen early signs of burnout risk.,True,detractor,negative
3963,202500595,2025,9,"Onboarding and integration were smooth, and the team culture is welcoming. Overall, I would recommend Skapa without hesitation.",True,promoter,positive
3964,202502011,2025,9,Supportive leadership and clear feedback make it easy to do great work. Skapa remains attractive with interesting missions and a solid reputation. I feel proud to be part of the company.,True,promoter,positive
3965,202501231,2025,9,"The company feels stable and well-positioned in the market, with strong client demand. I feel proud to be part of the company.",True,promoter,positive
3966,202500451,2025,7,The employer brand could be stronger to attract and retain top talent. Decision-making can feel top-down and recognition for effort is not always there.,True,passive,to be determined
3967,202500275,2025,10,Supportive leadership and clear feedback make it easy to do great work. Team spirit is strong and the atmosphere is friendly and supportive. I feel proud to be part of the company.,True,promoter,positive
3968,202501051,2025,8,"Client exposure and variety of missions are a real strength of consulting here. The company feels stable and well-positioned in the market, with strong client demand.",True,passive,positive
3969,202501026,2025,6,"Career progression can feel unclear, especially around the criteria for promotion.",True,detractor,negative
3970,202500832,2025,8,,False,passive,
3971,202501663,2025,10,"I can maintain a healthy balance most of the time and flexibility helps. Overall, I would recommend Skapa without hesitation.",True,promoter,positive
3972,202501389,2025,8,"Tools and logistics support delivery well, and the hybrid setup works smoothly. Onboarding and integration were smooth, and the team culture is welcoming.",True,passive,positive
3973,202501999,2025,8,"The company feels stable and well-positioned in the market, with strong client demand.",True,passive,positive
3974,202500436,2025,10,"I’m satisfied with my pay and the overall benefits package. Overall, I would recommend Skapa without hesitation.",True,promoter,positive
3975,202501774,2025,10,"Innovation and a forward-looking strategy make the business feel resilient. Compensation feels competitive for the market and responsibilities. Overall, I would recommend Skapa without hesitation.",True,promoter,positive
3976,202500223,2025,7,Recent uncertainty in priorities makes the long-term direction feel less clear.,True,passive,negative
3977,202501914,2025,6,"Sustained pressure can lead to fatigue and I’ve seen early signs of burnout risk. Career progression can feel unclear, especially around the criteria for promotion.",True,detractor,negative
3978,202500073,2025,7,Bench periods and project allocation could be handled more consistently.,True,passive,negative
3979,202501728,2025,9,"Cross-team collaboration is improving and it’s easier to work transversally. Overall, I would recommend Skapa without hesitation.",True,promoter,positive
3980,202500591,2025,7,Compensation has not kept pace with inflation and market benchmarks. Training is available but time to actually use it is limited during peak delivery.,True,passive,negative
3981,202501224,2025,9,Skapa remains attractive with interesting missions and a solid reputation. I feel proud to be part of the company.,True,promoter,positive
3982,202500203,2025,7,Sustained pressure can lead to fatigue and I’ve seen early signs of burnout risk. Pay progression feels slow compared with responsibilities and performance expectations.,True,passive,negative
3983,202500317,2025,6,Management practices feel inconsistent and feedback is often too late to be useful. Internal collaboration can feel siloed and handoffs between teams are not always smooth.,True,detractor,negative
3984,202501740,2025,7,,False,passive,
3985,202500036,2025,8,Work conditions are good overall and hybrid work is handled pragmatically.,True,passive,positive
3986,202501054,2025,7,I would like more regular coaching and clearer expectations from leadership.,True,passive,negative
3987,202501701,2025,6,Sustained pressure can lead to fatigue and I’ve seen early signs of burnout risk.,True,detractor,negative
3988,202501827,2025,7,"Career progression can feel unclear, especially around the criteria for promotion.",True,passive,negative
3989,202501766,2025,7,Compensation has not kept pace with inflation and market benchmarks. Internal collaboration can feel siloed and handoffs between teams are not always smooth.,True,passive,negative
3990,202500235,2025,9,"Career paths are becoming clearer and internal mobility feels realistic. Overall, I would recommend Skapa without hesitation.",True,promoter,positive
3991,202501518,2025,10,"Digital tools and processes are improving and make delivery more efficient. Overall, I would recommend Skapa without hesitation.",True,promoter,positive
3992,202501893,2025,9,"Learning opportunities and projects help me build strong consulting skills. Overall, I would recommend Skapa without hesitation.",True,promoter,positive
3993,202501984,2025,9,Compensation feels competitive for the market and responsibilities. I feel proud to be part of the company.,True,promoter,positive
3994,202501637,2025,9,"Compensation feels competitive for the market and responsibilities. Overall, I would recommend Skapa without hesitation.",True,promoter,positive
3995,202501640,2025,6,Sustained pressure can lead to fatigue and I’ve seen early signs of burnout risk. Sometimes the work feels less meaningful when priorities are driven mainly by utilization.,True,detractor,negative
3996,202500017,2025,9,"Tools and logistics support delivery well, and the hybrid setup works smoothly. Overall, I would recommend Skapa without hesitation.",True,promoter,positive
3997,202500507,2025,5,The employer brand could be stronger to attract and retain top talent. Sustained pressure can lead to fatigue and I’ve seen early signs of burnout risk.,True,detractor,negative
3998,202501499,2025,7,Recent uncertainty in priorities makes the long-term direction feel less clear. Team spirit is strong and the atmosphere is friendly and supportive.,True,passive,to be determined
3999,202501065,2025,8,"The company feels stable and well-positioned in the market, with strong client demand. Onboarding and integration were smooth, and the team culture is welcoming.",True,passive,positive
4000,202502103,2025,8,Team spirit is strong and the atmosphere is friendly and supportive. Work conditions are good overall and hybrid work is handled pragmatically.,True,passive,positive
4001,202500228,2025,6,,False,detractor,
4002,202501132,2025,7,,False,passive,
4003,202502106,2025,8,,False,passive,
4004,202501357,2025,8,I see real chances to progress based on merit and impact.,True,passive,positive
4005,202500349,2025,8,Learning opportunities and projects help me build strong consulting skills. Client exposure and variety of missions are a real strength of consulting here.,True,passive,positive
4006,202500339,2025,9,I’m satisfied with my pay and the overall benefits package. I feel proud to be part of the company.,True,promoter,positive
4007,202502067,2025,10,I can maintain a healthy balance most of the time and flexibility helps. Digital tools and processes are improving and make delivery more efficient. I feel proud to be part of the company.,True,promoter,positive
4008,202500806,2025,6,,False,detractor,
4009,202500651,2025,9,"Supportive leadership and clear feedback make it easy to do great work. I appreciate the increased transparency from leadership on decisions and direction. Overall, I would recommend Skapa without hesitation.",True,promoter,positive
4010,202501176,2025,8,Supportive leadership and clear feedback make it easy to do great work. There is a genuine commitment to responsible consulting and a respectful culture.,True,passive,positive
4011,202501199,2025,9,"Supportive leadership and clear feedback make it easy to do great work. Learning opportunities and projects help me build strong consulting skills. Overall, I would recommend Skapa without hesitation.",True,promoter,positive
4012,202500110,2025,8,Client exposure and variety of missions are a real strength of consulting here.,True,passive,positive
4013,202500504,2025,7,,False,passive,
4014,202500267,2025,9,Supportive leadership and clear feedback make it easy to do great work. I feel proud to be part of the company.,True,promoter,positive
4015,202501520,2025,7,Recent uncertainty in priorities makes the long-term direction feel less clear. I would like more regular coaching and clearer expectations from leadership.,True,passive,negative
4016,202501881,2025,9,"The work feels meaningful because projects have clear impact for clients and society. I see real chances to progress based on merit and impact. Overall, I would recommend Skapa without hesitation.",True,promoter,positive
4017,202501062,2025,7,Sustained pressure can lead to fatigue and I’ve seen early signs of burnout risk. Recent uncertainty in priorities makes the long-term direction feel less clear.,True,passive,negative
4018,202500423,2025,8,I’m satisfied with my pay and the overall benefits package.,True,passive,positive
4019,202501829,2025,6,I would like more regular coaching and clearer expectations from leadership.,True,detractor,negative
4020,202501962,2025,8,Innovation and a forward-looking strategy make the business feel resilient.,True,passive,positive
4021,202500031,2025,7,,False,passive,
4022,202500556,2025,7,Sustained pressure can lead to fatigue and I’ve seen early signs of burnout risk.,True,passive,negative
4023,202501584,2025,10,"I appreciate the trust and autonomy; the management style feels genuinely empowering. Skapa remains attractive with interesting missions and a solid reputation. Overall, I would recommend Skapa without hesitation.",True,promoter,positive
4024,202501907,2025,6,Sometimes the work feels less meaningful when priorities are driven mainly by utilization.,True,detractor,negative
4025,202501843,2025,9,"The company feels stable and well-positioned in the market, with strong client demand. Tools and logistics support delivery well, and the hybrid setup works smoothly. I feel proud to be part of the company.",True,promoter,positive
4026,202500419,2025,10,Digital tools and processes are improving and make delivery more efficient. Skapa remains attractive with interesting missions and a solid reputation. I feel proud to be part of the company.,True,promoter,positive
4027,202501134,2025,10,"Team spirit is strong and the atmosphere is friendly and supportive. I’m satisfied with my pay and the overall benefits package. Overall, I would recommend Skapa without hesitation.",True,promoter,positive
4028,202500701,2025,7,Some tools and processes are slow and create friction in day-to-day delivery.,True,passive,negative
4029,202501908,2025,9,Supportive leadership and clear feedback make it easy to do great work. Learning opportunities and projects help me build strong consulting skills. I feel proud to be part of the company.,True,promoter,positive
4030,202501194,2025,10,"Onboarding and integration were smooth, and the team culture is welcoming. Skapa remains attractive with interesting missions and a solid reputation. I feel proud to be part of the company.",True,promoter,positive
4031,202500266,2025,10,"Skapa remains attractive with interesting missions and a solid reputation. Overall, I would recommend Skapa without hesitation.",True,promoter,positive
4032,202502017,2025,9,"Innovation and a forward-looking strategy make the business feel resilient. Career paths are becoming clearer and internal mobility feels realistic. Overall, I would recommend Skapa without hesitation.",True,promoter,positive
4033,202501783,2025,8,"From a Valencia perspective, Supportive leadership and clear feedback make it easy to do great work.",True,passive,positive
4034,202501928,2025,10,"Onboarding and integration were smooth, and the team culture is welcoming. Overall, I would recommend Skapa without hesitation.",True,promoter,positive
4035,202501986,2025,9,"The work feels meaningful because projects have clear impact for clients and society. Overall, I would recommend Skapa without hesitation.",True,promoter,positive
4036,202501595,2025,6,Strategic priorities shift often and it can be hard to understand the direction.,True,detractor,negative
4037,202501267,2025,7,"Career progression can feel unclear, especially around the criteria for promotion.",True,passive,negative
4038,202500285,2025,10,"Tools and logistics support delivery well, and the hybrid setup works smoothly. I feel proud to be part of the company.",True,promoter,positive
4039,202500925,2025,9,"Career paths are becoming clearer and internal mobility feels realistic. I appreciate the trust and autonomy; the management style feels genuinely empowering. Overall, I would recommend Skapa without hesitation.",True,promoter,positive
4040,202500499,2025,8,I see real chances to progress based on merit and impact.,True,passive,positive
4041,202500621,2025,7,Sustained pressure can lead to fatigue and I’ve seen early signs of burnout risk. I would like more structured development and transparency on growth opportunities.,True,passive,negative
4042,202500596,2025,8,"The strategy is clearer and leadership communicates priorities more consistently. Recognition and coaching are consistent, which helps me grow and perform.",True,passive,positive
4043,202501730,2025,7,Pay progression feels slow compared with responsibilities and performance expectations.,True,passive,negative
4044,202500344,2025,8,"Recognition and coaching are consistent, which helps me grow and perform. I see real chances to progress based on merit and impact.",True,passive,positive
4045,202501551,2025,7,,False,passive,
4046,202500732,2025,8,,False,passive,
4047,202501849,2025,9,"The strategy is clearer and leadership communicates priorities more consistently. Overall, I would recommend Skapa without hesitation.",True,promoter,positive
4048,202500750,2025,10,"Compensation feels competitive for the market and responsibilities. I appreciate the increased transparency from leadership on decisions and direction. Overall, I would recommend Skapa without hesitation.",True,promoter,positive
4049,202501385,2025,8,Career paths are becoming clearer and internal mobility feels realistic.,True,passive,to be determined
4050,202500880,2025,8,Innovation and a forward-looking strategy make the business feel resilient.,True,passive,positive
4051,202500585,2025,10,"Learning opportunities and projects help me build strong consulting skills. Compensation feels competitive for the market and responsibilities. Overall, I would recommend Skapa without hesitation.",True,promoter,positive
4052,202501229,2025,7,,False,passive,
4053,202501280,2025,10,"I can maintain a healthy balance most of the time and flexibility helps. Overall, I would recommend Skapa without hesitation.",True,promoter,positive
4054,202501398,2025,8,"Recognition and coaching are consistent, which helps me grow and perform.",True,passive,positive
4055,202500010,2025,8,"Based in Stockholm, I can maintain a healthy balance most of the time and flexibility helps.",True,passive,positive
4056,202500140,2025,7,Compensation has not kept pace with inflation and market benchmarks.,True,passive,negative
4057,202500226,2025,5,Training is available but time to actually use it is limited during peak delivery. I worry about competitiveness and the pace of adapting to market changes.,True,detractor,negative
4058,202500196,2025,9,"I feel aligned with the values, especially inclusion, sustainability and fairness. I feel proud to be part of the company.",True,promoter,positive
4059,202500166,2025,9,Cross-team collaboration is improving and it’s easier to work transversally. The strategy is clearer and leadership communicates priorities more consistently. I feel proud to be part of the company.,True,promoter,positive
4060,202500469,2025,8,Work conditions are good overall and hybrid work is handled pragmatically. Learning opportunities and projects help me build strong consulting skills.,True,passive,positive
4061,202501242,2025,9,Team spirit is strong and the atmosphere is friendly and supportive. I feel proud to be part of the company.,True,promoter,positive
4062,202500523,2025,9,"Onboarding and integration were smooth, and the team culture is welcoming. Overall, I would recommend Skapa without hesitation.",True,promoter,positive
4063,202501619,2025,9,"Supportive leadership and clear feedback make it easy to do great work. Compensation feels competitive for the market and responsibilities. Overall, I would recommend Skapa without hesitation.",True,promoter,positive
4064,202501415,2025,6,Sometimes the work feels less meaningful when priorities are driven mainly by utilization.,True,detractor,negative
4065,202501702,2025,10,"I appreciate the trust and autonomy; the management style feels genuinely empowering. Client exposure and variety of missions are a real strength of consulting here. Overall, I would recommend Skapa without hesitation.",True,promoter,positive
4066,202500320,2025,10,Innovation and a forward-looking strategy make the business feel resilient. I feel proud to be part of the company.,True,promoter,positive
4067,202500682,2025,10,I can maintain a healthy balance most of the time and flexibility helps. Team spirit is strong and the atmosphere is friendly and supportive. I feel proud to be part of the company.,True,promoter,positive
4068,202500058,2025,7,,False,passive,
4069,202500462,2025,7,"Onboarding and integration were smooth, and the team culture is welcoming.",True,passive,positive
4070,202500201,2025,8,I’m satisfied with my pay and the overall benefits package.,True,passive,positive
4071,202501734,2025,8,"Onboarding and integration were smooth, and the team culture is welcoming. The company feels stable and well-positioned in the market, with strong client demand.",True,passive,positive
4072,202501274,2025,9,"Onboarding and integration were smooth, and the team culture is welcoming. I feel proud to be part of the company.",True,promoter,positive
4073,202501863,2025,9,"I see real chances to progress based on merit and impact. Overall, I would recommend Skapa without hesitation.",True,promoter,positive
4074,202500441,2025,9,"I see real chances to progress based on merit and impact. Recognition and coaching are consistent, which helps me grow and perform. I feel proud to be part of the company.",True,promoter,positive
4075,202502069,2025,9,Digital tools and processes are improving and make delivery more efficient. I feel proud to be part of the company.,True,promoter,positive
4076,202501859,2025,8,Compensation feels competitive for the market and responsibilities. I see real chances to progress based on merit and impact.,True,passive,positive
4077,202500911,2025,8,Team spirit is strong and the atmosphere is friendly and supportive.,True,passive,positive
4078,202501527,2025,8,Team spirit is strong and the atmosphere is friendly and supportive.,True,passive,positive
4079,202501106,2025,7,Sometimes the work feels less meaningful when priorities are driven mainly by utilization. Bench periods and project allocation could be handled more consistently.,True,passive,negative
4080,202500003,2025,10,"Compensation feels competitive for the market and responsibilities. Digital tools and processes are improving and make delivery more efficient. Overall, I would recommend Skapa without hesitation.",True,promoter,positive
4081,202501927,2025,8,I can maintain a healthy balance most of the time and flexibility helps. Digital tools and processes are improving and make delivery more efficient.,True,passive,positive
4082,202501458,2025,9,"The company feels stable and well-positioned in the market, with strong client demand. I’m satisfied with my pay and the overall benefits package. I feel proud to be part of the company.",True,promoter,positive
4083,202501197,2025,7,Bench periods and project allocation could be handled more consistently.,True,passive,negative
4084,202500185,2025,8,,False,passive,
4085,202500023,2025,9,"Recognition and coaching are consistent, which helps me grow and perform. Onboarding and integration were smooth, and the team culture is welcoming. I feel proud to be part of the company.",True,promoter,positive
4086,202500189,2025,7,"Onboarding and integration were smooth, and the team culture is welcoming. Compensation has not kept pace with inflation and market benchmarks.",True,passive,negative
4087,202501381,2025,10,"The company feels stable and well-positioned in the market, with strong client demand. I feel proud to be part of the company.",True,promoter,positive
4088,202501450,2025,7,"Career progression can feel unclear, especially around the criteria for promotion.",True,passive,negative
4089,202500555,2025,9,,False,promoter,
4090,202500028,2025,6,"I worry about competitiveness and the pace of adapting to market changes. I would like to see stronger action on inclusion and equity, not just messaging.",True,detractor,negative
4091,202501100,2025,7,I worry about competitiveness and the pace of adapting to market changes.,True,passive,negative
4092,202501271,2025,8,Digital tools and processes are improving and make delivery more efficient.,True,passive,positive
4093,202501618,2025,9,I can maintain a healthy balance most of the time and flexibility helps. There is a genuine commitment to responsible consulting and a respectful culture. I feel proud to be part of the company.,True,promoter,positive
4094,202501184,2025,10,"The company feels stable and well-positioned in the market, with strong client demand. Career paths are becoming clearer and internal mobility feels realistic. Overall, I would recommend Skapa without hesitation.",True,promoter,positive
4095,202501582,2025,10,Career paths are becoming clearer and internal mobility feels realistic. I feel proud to be part of the company.,True,promoter,positive
4096,202501078,2025,8,Career paths are becoming clearer and internal mobility feels realistic.,True,passive,to be determined
4097,202501818,2025,8,Supportive leadership and clear feedback make it easy to do great work. Client exposure and variety of missions are a real strength of consulting here.,True,passive,positive
4098,202500454,2025,7,"Career progression can feel unclear, especially around the criteria for promotion.",True,passive,negative
4099,202501227,2025,6,Decision-making can feel top-down and recognition for effort is not always there. Pay progression feels slow compared with responsibilities and performance expectations.,True,detractor,negative
4100,202501534,2025,7,The employer brand could be stronger to attract and retain top talent. Sustained pressure can lead to fatigue and I’ve seen early signs of burnout risk.,True,passive,negative
4101,202501958,2025,9,"Tools and logistics support delivery well, and the hybrid setup works smoothly. Overall, I would recommend Skapa without hesitation.",True,promoter,positive
4102,202500935,2025,8,Compensation feels competitive for the market and responsibilities.,True,passive,positive
4103,202501665,2025,8,Client exposure and variety of missions are a real strength of consulting here. I see real chances to progress based on merit and impact.,True,passive,positive
4104,202502090,2025,8,,False,passive,
4105,202500358,2025,6,The employer brand could be stronger to attract and retain top talent. Bench periods and project allocation could be handled more consistently.,True,detractor,negative
4106,202500025,2025,10,"Recognition and coaching are consistent, which helps me grow and perform. Career paths are becoming clearer and internal mobility feels realistic. Overall, I would recommend Skapa without hesitation.",True,promoter,positive
4107,202501131,2025,7,Work-life balance could improve; overtime can become the default during delivery.,True,passive,negative
4108,202500509,2025,7,Pay progression feels slow compared with responsibilities and performance expectations.,True,passive,negative
4109,202500346,2025,10,Career paths are becoming clearer and internal mobility feels realistic. I feel proud to be part of the company.,True,promoter,positive
4110,202501546,2025,8,"Onboarding and integration were smooth, and the team culture is welcoming. Career paths are becoming clearer and internal mobility feels realistic.",True,passive,positive
4111,202501469,2025,6,"Compensation has not kept pace with inflation and market benchmarks. I would like to see stronger action on inclusion and equity, not just messaging.",True,detractor,negative
4112,202501767,2025,7,,False,passive,
4113,202501781,2025,8,Learning opportunities and projects help me build strong consulting skills. Cross-team collaboration is improving and it’s easier to work transversally.,True,passive,positive
4114,202501120,2025,7,,False,passive,
4115,202500990,2025,10,"I can maintain a healthy balance most of the time and flexibility helps. Compensation feels competitive for the market and responsibilities. Overall, I would recommend Skapa without hesitation.",True,promoter,positive
4116,202500854,2025,7,Team spirit is strong and the atmosphere is friendly and supportive.,True,passive,positive
4117,202501044,2025,6,I would like more regular coaching and clearer expectations from leadership. Workload peaks can be intense and staffing feels tight on some projects.,True,detractor,negative
4118,202502140,2025,8,"Onboarding and integration were smooth, and the team culture is welcoming.",True,passive,positive
4119,202502147,2025,8,"Onboarding and integration were smooth, and the team culture is welcoming. I can maintain a healthy balance most of the time and flexibility helps.",True,passive,positive
4120,202500559,2025,8,,False,passive,
4121,202500417,2025,8,I appreciate the trust and autonomy; the management style feels genuinely empowering.,True,passive,positive
4122,202502041,2025,9,"The work feels meaningful because projects have clear impact for clients and society. Overall, I would recommend Skapa without hesitation.",True,promoter,positive
4123,202500455,2025,10,"Here in our Malmö office, I see real chances to progress based on merit and impact. Recognition and coaching are consistent, which helps me grow and perform. I feel proud to be part of the company.",True,promoter,positive
4124,202500508,2025,9,"Innovation and a forward-looking strategy make the business feel resilient. Overall, I would recommend Skapa without hesitation.",True,promoter,positive
4125,202500971,2025,7,Strategic priorities shift often and it can be hard to understand the direction.,True,passive,negative
4126,202502042,2025,9,"Onboarding and integration were smooth, and the team culture is welcoming. Overall, I would recommend Skapa without hesitation.",True,promoter,positive
4127,202500374,2025,9,"Supportive leadership and clear feedback make it easy to do great work. Overall, I would recommend Skapa without hesitation.",True,promoter,positive
4128,202500622,2025,8,"I appreciate the increased transparency from leadership on decisions and direction. Recognition and coaching are consistent, which helps me grow and perform.",True,passive,positive
4129,202500082,2025,8,Work conditions are good overall and hybrid work is handled pragmatically.,True,passive,positive
4130,202500457,2025,8,"Recognition and coaching are consistent, which helps me grow and perform.",True,passive,positive
4131,202500929,2025,5,Compensation has not kept pace with inflation and market benchmarks. Team cohesion varies by project and it can feel isolating when switching assignments.,True,detractor,negative
4132,202501525,2025,7,Pay progression feels slow compared with responsibilities and performance expectations.,True,passive,negative
4133,202500337,2025,9,"The company feels stable and well-positioned in the market, with strong client demand. Overall, I would recommend Skapa without hesitation.",True,promoter,positive
4134,202502083,2025,6,,False,detractor,
4135,202502133,2025,10,"Team spirit is strong and the atmosphere is friendly and supportive. Overall, I would recommend Skapa without hesitation.",True,promoter,positive
4136,202501954,2025,7,"Career progression can feel unclear, especially around the criteria for promotion.",True,passive,negative
4137,202500940,2025,7,Sometimes the work feels less meaningful when priorities are driven mainly by utilization. I worry about competitiveness and the pace of adapting to market changes.,True,passive,negative
4138,202500883,2025,9,"Innovation and a forward-looking strategy make the business feel resilient. Overall, I would recommend Skapa without hesitation.",True,promoter,positive
4139,202502020,2025,7,The employer brand could be stronger to attract and retain top talent. Team spirit is strong and the atmosphere is friendly and supportive.,True,passive,to be determined
4140,202500240,2025,7,"Career progression can feel unclear, especially around the criteria for promotion.",True,passive,negative
4141,202501939,2025,7,,False,passive,
4142,202501039,2025,6,I would like more structured development and transparency on growth opportunities.,True,detractor,negative
4143,202500305,2025,7,,False,passive,
4144,202500751,2025,7,,False,passive,
4145,202501376,2025,9,"Career paths are becoming clearer and internal mobility feels realistic. Overall, I would recommend Skapa without hesitation.",True,promoter,positive
4146,202501964,2025,7,Compensation has not kept pace with inflation and market benchmarks. Work-life balance could improve; overtime can become the default during delivery.,True,passive,negative
4147,202500928,2025,9,I’m satisfied with my pay and the overall benefits package. I feel proud to be part of the company.,True,promoter,positive
4148,202500544,2025,9,I’m satisfied with my pay and the overall benefits package. I feel proud to be part of the company.,True,promoter,positive
4149,202500318,2025,8,I see real chances to progress based on merit and impact. Compensation feels competitive for the market and responsibilities.,True,passive,positive
4150,202501173,2025,6,I would like more regular coaching and clearer expectations from leadership. The employer brand could be stronger to attract and retain top talent.,True,detractor,negative
4151,202501338,2025,9,I see real chances to progress based on merit and impact. Cross-team collaboration is improving and it’s easier to work transversally. I feel proud to be part of the company.,True,promoter,positive
4152,202502037,2025,9,"Onboarding and integration were smooth, and the team culture is welcoming. Onboarding and integration were smooth, and the team culture is welcoming. Overall, I would recommend Skapa without hesitation.",True,promoter,positive
4153,202501379,2025,5,Team cohesion varies by project and it can feel isolating when switching assignments.,True,detractor,negative
4154,202501886,2025,9,"Recognition and coaching are consistent, which helps me grow and perform. I feel proud to be part of the company.",True,promoter,positive
4155,202500515,2025,7,Team spirit is strong and the atmosphere is friendly and supportive.,True,passive,positive
4156,202502071,2025,6,Team cohesion varies by project and it can feel isolating when switching assignments.,True,detractor,negative
4157,202502094,2025,9,"Onboarding and integration were smooth, and the team culture is welcoming. Overall, I would recommend Skapa without hesitation.",True,promoter,positive
4158,202500795,2025,7,Decision-making can feel top-down and recognition for effort is not always there. Pay progression feels slow compared with responsibilities and performance expectations.,True,passive,negative
4159,202500340,2025,7,Management practices feel inconsistent and feedback is often too late to be useful. Work-life balance could improve; overtime can become the default during delivery.,True,passive,to be determined
4160,202500959,2025,8,I see real chances to progress based on merit and impact.,True,passive,positive
4161,202500961,2025,9,I can maintain a healthy balance most of the time and flexibility helps. Skapa remains attractive with interesting missions and a solid reputation. I feel proud to be part of the company.,True,promoter,positive
4162,202501354,2025,7,Management practices feel inconsistent and feedback is often too late to be useful. I worry about competitiveness and the pace of adapting to market changes.,True,passive,negative
4163,202502055,2025,8,Learning opportunities and projects help me build strong consulting skills. I appreciate the trust and autonomy; the management style feels genuinely empowering.,True,passive,positive
4164,202500440,2025,7,I would like more regular coaching and clearer expectations from leadership.,True,passive,negative
4165,202501801,2025,9,"Digital tools and processes are improving and make delivery more efficient. Skapa remains attractive with interesting missions and a solid reputation. Overall, I would recommend Skapa without hesitation.",True,promoter,positive
4166,202502154,2025,7,,False,passive,
4167,202501272,2025,5,I would like more structured development and transparency on growth opportunities.,True,detractor,negative
4168,202501245,2025,9,"Client exposure and variety of missions are a real strength of consulting here. The company feels stable and well-positioned in the market, with strong client demand. I feel proud to be part of the company.",True,promoter,positive
4169,202501002,2025,8,I appreciate the trust and autonomy; the management style feels genuinely empowering.,True,passive,positive
4170,202501133,2025,8,"Tools and logistics support delivery well, and the hybrid setup works smoothly. I can maintain a healthy balance most of the time and flexibility helps.",True,passive,positive
4171,202501511,2025,8,"Recognition and coaching are consistent, which helps me grow and perform. Skapa remains attractive with interesting missions and a solid reputation.",True,passive,positive
4172,202501803,2025,9,"I’m satisfied with my pay and the overall benefits package. Tools and logistics support delivery well, and the hybrid setup works smoothly. I feel proud to be part of the company.",True,promoter,positive
4173,202500218,2025,9,Digital tools and processes are improving and make delivery more efficient. I feel proud to be part of the company.,True,promoter,positive
4174,202501130,2025,10,I appreciate the trust and autonomy; the management style feels genuinely empowering. I feel proud to be part of the company.,True,promoter,positive
4175,202501016,2025,10,"Supportive leadership and clear feedback make it easy to do great work. Overall, I would recommend Skapa without hesitation.",True,promoter,positive
4176,202501263,2025,8,Career paths are becoming clearer and internal mobility feels realistic. The work feels meaningful because projects have clear impact for clients and society.,True,passive,positive
4177,202501137,2025,7,Sustained pressure can lead to fatigue and I’ve seen early signs of burnout risk. Bench periods and project allocation could be handled more consistently.,True,passive,negative
4178,202500779,2025,7,I would like more regular coaching and clearer expectations from leadership. Recent uncertainty in priorities makes the long-term direction feel less clear.,True,passive,negative
4179,202500053,2025,8,I’m satisfied with my pay and the overall benefits package. I can maintain a healthy balance most of the time and flexibility helps.,True,passive,positive
4180,202500660,2025,8,I’m satisfied with my pay and the overall benefits package. I appreciate the trust and autonomy; the management style feels genuinely empowering.,True,passive,positive
4181,202501510,2025,9,I see real chances to progress based on merit and impact. I feel proud to be part of the company.,True,promoter,positive
4182,202501318,2025,9,Supportive leadership and clear feedback make it easy to do great work. I feel proud to be part of the company.,True,promoter,positive
4183,202501923,2025,10,Supportive leadership and clear feedback make it easy to do great work. I feel proud to be part of the company.,True,promoter,positive
4184,202501544,2025,8,Supportive leadership and clear feedback make it easy to do great work. Digital tools and processes are improving and make delivery more efficient.,True,passive,positive
4185,202501651,2025,8,Skapa remains attractive with interesting missions and a solid reputation.,True,passive,positive
4186,202501683,2025,8,,False,passive,
4187,202500256,2025,5,"I would like to see stronger action on inclusion and equity, not just messaging. Workload peaks can be intense and staffing feels tight on some projects.",True,detractor,negative
4188,202500316,2025,9,"The company feels stable and well-positioned in the market, with strong client demand. Overall, I would recommend Skapa without hesitation.",True,promoter,positive
4189,202501581,2025,7,Pay progression feels slow compared with responsibilities and performance expectations. I would like more structured development and transparency on growth opportunities.,True,passive,to be determined
4190,202501519,2025,8,Supportive leadership and clear feedback make it easy to do great work. I see real chances to progress based on merit and impact.,True,passive,positive
4191,202501676,2025,8,"I’m satisfied with my pay and the overall benefits package. Recognition and coaching are consistent, which helps me grow and perform.",True,passive,positive
4192,202501919,2025,7,I would like more visibility from leadership and less pressure driven by short-term targets. The values are stated clearly but not always reflected in day-to-day decisions.,True,passive,negative
4193,202502073,2025,7,"Onboarding and integration were smooth, and the team culture is welcoming. Team spirit is strong and the atmosphere is friendly and supportive.",True,passive,positive
4194,202500528,2025,6,,False,detractor,
4195,202500032,2025,7,Team spirit is strong and the atmosphere is friendly and supportive.,True,passive,positive
4196,202501645,2025,7,Work-life balance could improve; overtime can become the default during delivery. The values are stated clearly but not always reflected in day-to-day decisions.,True,passive,negative
4197,202500647,2025,9,"I appreciate the trust and autonomy; the management style feels genuinely empowering. Overall, I would recommend Skapa without hesitation.",True,promoter,positive
4198,202500653,2025,8,Innovation and a forward-looking strategy make the business feel resilient.,True,passive,positive
4199,202501353,2025,8,,False,passive,
4200,202502081,2025,8,"Onboarding and integration were smooth, and the team culture is welcoming.",True,passive,positive
4201,202500080,2025,10,,False,promoter,
4202,202500168,2025,6,"Recent uncertainty in priorities makes the long-term direction feel less clear. Career progression can feel unclear, especially around the criteria for promotion.",True,detractor,negative
4203,202500812,2025,8,"The company feels stable and well-positioned in the market, with strong client demand.",True,passive,positive
4204,202500055,2025,9,Learning opportunities and projects help me build strong consulting skills. I feel proud to be part of the company.,True,promoter,positive
4205,202500403,2025,9,"Client exposure and variety of missions are a real strength of consulting here. The company feels stable and well-positioned in the market, with strong client demand. Overall, I would recommend Skapa without hesitation.",True,promoter,positive
4206,202501310,2025,7,,False,passive,
4207,202500671,2025,6,Training is available but time to actually use it is limited during peak delivery. Internal collaboration can feel siloed and handoffs between teams are not always smooth.,True,detractor,negative
4208,202500997,2025,9,"I can maintain a healthy balance most of the time and flexibility helps. Recognition and coaching are consistent, which helps me grow and perform. Overall, I would recommend Skapa without hesitation.",True,promoter,positive
4209,202501751,2025,7,Management practices feel inconsistent and feedback is often too late to be useful.,True,passive,negative
4210,202500202,2025,8,Compensation feels competitive for the market and responsibilities.,True,passive,positive
4211,202500157,2025,9,"I can maintain a healthy balance most of the time and flexibility helps. Overall, I would recommend Skapa without hesitation.",True,promoter,positive
4212,202501148,2025,8,Supportive leadership and clear feedback make it easy to do great work.,True,passive,positive
4213,202501765,2025,8,Skapa remains attractive with interesting missions and a solid reputation.,True,passive,positive
4214,202500830,2025,10,Compensation feels competitive for the market and responsibilities. Skapa remains attractive with interesting missions and a solid reputation. I feel proud to be part of the company.,True,promoter,positive
4215,202500333,2025,9,"Supportive leadership and clear feedback make it easy to do great work. Overall, I would recommend Skapa without hesitation.",True,promoter,positive
4216,202500712,2025,9,"The company feels stable and well-positioned in the market, with strong client demand. Tools and logistics support delivery well, and the hybrid setup works smoothly. Overall, I would recommend Skapa without hesitation.",True,promoter,positive
4217,202501254,2025,10,I’m satisfied with my pay and the overall benefits package. I feel proud to be part of the company.,True,promoter,positive
4218,202500809,2025,8,The work feels meaningful because projects have clear impact for clients and society.,True,passive,positive
4219,202501109,2025,9,"I appreciate the trust and autonomy; the management style feels genuinely empowering. I appreciate the increased transparency from leadership on decisions and direction. Overall, I would recommend Skapa without hesitation.",True,promoter,positive
4220,202501644,2025,7,I would like more visibility from leadership and less pressure driven by short-term targets.,True,passive,negative
4221,202500255,2025,6,The employer brand could be stronger to attract and retain top talent.,True,detractor,negative
4222,202500886,2025,7,"In our Gothenburg offices, I worry about competitiveness and the pace of adapting to market changes. Compensation has not kept pace with inflation and market benchmarks.",True,passive,negative
4223,202501545,2025,10,,False,promoter,
4224,202500175,2025,10,Team spirit is strong and the atmosphere is friendly and supportive. Work conditions are good overall and hybrid work is handled pragmatically. I feel proud to be part of the company.,True,promoter,positive
4225,202500443,2025,8,Team spirit is strong and the atmosphere is friendly and supportive.,True,passive,positive
4226,202500239,2025,8,I’m satisfied with my pay and the overall benefits package.,True,passive,positive
4227,202500034,2025,10,,False,promoter,
4228,202500791,2025,7,"Career progression can feel unclear, especially around the criteria for promotion.",True,passive,negative
4229,202501524,2025,8,"Onboarding and integration were smooth, and the team culture is welcoming.",True,passive,positive
4230,202501045,2025,8,"Recognition and coaching are consistent, which helps me grow and perform. I’m satisfied with my pay and the overall benefits package.",True,passive,positive
4231,202500486,2025,9,"I can maintain a healthy balance most of the time and flexibility helps. Digital tools and processes are improving and make delivery more efficient. Overall, I would recommend Skapa without hesitation.",True,promoter,positive
4232,202500004,2025,9,"Client exposure and variety of missions are a real strength of consulting here. Overall, I would recommend Skapa without hesitation.",True,promoter,positive
4233,202501237,2025,7,Management practices feel inconsistent and feedback is often too late to be useful.,True,passive,negative
4234,202500943,2025,9,"I feel aligned with the values, especially inclusion, sustainability and fairness. I’m satisfied with my pay and the overall benefits package. I feel proud to be part of the company.",True,promoter,positive
4235,202501037,2025,8,Skapa remains attractive with interesting missions and a solid reputation.,True,passive,positive
4236,202501926,2025,8,Learning opportunities and projects help me build strong consulting skills. Team spirit is strong and the atmosphere is friendly and supportive.,True,passive,positive
4237,202501260,2025,8,"Compensation feels competitive for the market and responsibilities. Recognition and coaching are consistent, which helps me grow and perform.",True,passive,positive
4238,202501344,2025,9,I’m satisfied with my pay and the overall benefits package. I feel proud to be part of the company.,True,promoter,positive
4239,202501073,2025,8,I see real chances to progress based on merit and impact. Team spirit is strong and the atmosphere is friendly and supportive.,True,passive,positive
4240,202500009,2025,9,Skapa remains attractive with interesting missions and a solid reputation. Work conditions are good overall and hybrid work is handled pragmatically. I feel proud to be part of the company.,True,promoter,positive
4241,202501989,2025,9,Innovation and a forward-looking strategy make the business feel resilient. I feel proud to be part of the company.,True,promoter,positive
4242,202502008,2025,6,Sometimes the work feels less meaningful when priorities are driven mainly by utilization.,True,detractor,negative
4243,202500514,2025,9,Compensation feels competitive for the market and responsibilities. I feel proud to be part of the company.,True,promoter,positive
4244,202500718,2025,7,,False,passive,
4245,202501331,2025,8,Compensation feels competitive for the market and responsibilities.,True,passive,positive
4246,202501036,2025,7,Compensation has not kept pace with inflation and market benchmarks. Internal collaboration can feel siloed and handoffs between teams are not always smooth.,True,passive,negative
4247,202501852,2025,7,I would like more structured development and transparency on growth opportunities.,True,passive,to be determined
4248,202500699,2025,9,"Tools and logistics support delivery well, and the hybrid setup works smoothly. I feel proud to be part of the company.",True,promoter,positive
4249,202500895,2025,7,Sometimes the work feels less meaningful when priorities are driven mainly by utilization.,True,passive,negative
4250,202501652,2025,9,"The company feels stable and well-positioned in the market, with strong client demand. Work conditions are good overall and hybrid work is handled pragmatically. I feel proud to be part of the company.",True,promoter,positive
4251,202500087,2025,9,"There is a genuine commitment to responsible consulting and a respectful culture. Innovation and a forward-looking strategy make the business feel resilient. Overall, I would recommend Skapa without hesitation.",True,promoter,positive
4252,202500740,2025,7,Sometimes the work feels less meaningful when priorities are driven mainly by utilization. Sustained pressure can lead to fatigue and I’ve seen early signs of burnout risk.,True,passive,negative
4253,202500365,2025,8,Compensation feels competitive for the market and responsibilities.,True,passive,positive
4254,202501601,2025,8,Digital tools and processes are improving and make delivery more efficient.,True,passive,positive
4255,202501616,2025,5,I worry about competitiveness and the pace of adapting to market changes.,True,detractor,negative
4256,202500479,2025,9,,False,promoter,
4257,202500252,2025,10,"Skapa remains attractive with interesting missions and a solid reputation. Learning opportunities and projects help me build strong consulting skills. Overall, I would recommend Skapa without hesitation.",True,promoter,positive
4258,202501369,2025,9,"Recognition and coaching are consistent, which helps me grow and perform. Onboarding and integration were smooth, and the team culture is welcoming. Overall, I would recommend Skapa without hesitation.",True,promoter,positive
4259,202501894,2025,7,The employer brand could be stronger to attract and retain top talent. Bench periods and project allocation could be handled more consistently.,True,passive,to be determined
4260,202500272,2025,10,"Work conditions are good overall and hybrid work is handled pragmatically. Overall, I would recommend Skapa without hesitation.",True,promoter,positive
4261,202501760,2025,8,I see real chances to progress based on merit and impact.,True,passive,positive
4262,202501323,2025,6,,False,detractor,
4263,202501997,2025,7,I worry about competitiveness and the pace of adapting to market changes. I would like more regular coaching and clearer expectations from leadership.,True,passive,negative
4264,202500465,2025,7,Pay progression feels slow compared with responsibilities and performance expectations. The employer brand could be stronger to attract and retain top talent.,True,passive,to be determined
4265,202500902,2025,8,"Skapa remains attractive with interesting missions and a solid reputation. Onboarding and integration were smooth, and the team culture is welcoming.",True,passive,positive
4266,202501383,2025,8,,False,passive,
4267,202500392,2025,8,,False,passive,
4268,202500262,2025,7,,False,passive,
4269,202500932,2025,9,"Learning opportunities and projects help me build strong consulting skills. Overall, I would recommend Skapa without hesitation.",True,promoter,positive
4270,202500926,2025,9,Client exposure and variety of missions are a real strength of consulting here. I feel proud to be part of the company.,True,promoter,positive
4271,202501924,2025,8,Compensation feels competitive for the market and responsibilities.,True,passive,positive
4272,202500918,2025,6,Decision-making can feel top-down and recognition for effort is not always there.,True,detractor,negative
4273,202500378,2025,7,Bench periods and project allocation could be handled more consistently. Team spirit is strong and the atmosphere is friendly and supportive.,True,passive,to be determined
4274,202501158,2025,8,Client exposure and variety of missions are a real strength of consulting here. Digital tools and processes are improving and make delivery more efficient.,True,passive,positive
4275,202501014,2025,10,"Tools and logistics support delivery well, and the hybrid setup works smoothly. I feel proud to be part of the company.",True,promoter,positive
4276,202501814,2025,7,Sometimes the work feels less meaningful when priorities are driven mainly by utilization.,True,passive,negative
4277,202501995,2025,7,"Onboarding and integration were smooth, and the team culture is welcoming. Bench periods and project allocation could be handled more consistently.",True,passive,negative
4278,202500629,2025,9,"From a Seville perspective, Tools and logistics support delivery well, and the hybrid setup works smoothly. Overall, I would recommend Skapa without hesitation.",True,promoter,positive
4279,202502018,2025,7,,False,passive,
4280,202501390,2025,8,The work feels meaningful because projects have clear impact for clients and society.,True,passive,positive
4281,202501867,2025,8,I’m satisfied with my pay and the overall benefits package.,True,passive,positive
4282,202500640,2025,7,Decision-making can feel top-down and recognition for effort is not always there.,True,passive,negative
4283,202501028,2025,8,Skapa remains attractive with interesting missions and a solid reputation.,True,passive,positive
4284,202501639,2025,9,I can maintain a healthy balance most of the time and flexibility helps. I feel proud to be part of the company.,True,promoter,positive
4285,202500061,2025,9,"Innovation and a forward-looking strategy make the business feel resilient. I’m satisfied with my pay and the overall benefits package. Overall, I would recommend Skapa without hesitation.",True,promoter,positive
4286,202501064,2025,8,"Onboarding and integration were smooth, and the team culture is welcoming.",True,passive,positive
4287,202500505,2025,9,"I’m satisfied with my pay and the overall benefits package. Overall, I would recommend Skapa without hesitation.",True,promoter,positive
4288,202502031,2025,7,"Onboarding and integration were smooth, and the team culture is welcoming.",True,passive,positive
4289,202501142,2025,10,"Digital tools and processes are improving and make delivery more efficient. I appreciate the trust and autonomy; the management style feels genuinely empowering. Overall, I would recommend Skapa without hesitation.",True,promoter,positive
4290,202500390,2025,8,I appreciate the trust and autonomy; the management style feels genuinely empowering. The work feels meaningful because projects have clear impact for clients and society.,True,passive,positive
4291,202501794,2025,7,Recent uncertainty in priorities makes the long-term direction feel less clear. Decision-making can feel top-down and recognition for effort is not always there.,True,passive,negative
4292,202500904,2025,8,Client exposure and variety of missions are a real strength of consulting here. Compensation feels competitive for the market and responsibilities.,True,passive,positive
4293,202501074,2025,8,,False,passive,
4294,202500546,2025,7,"Career progression can feel unclear, especially around the criteria for promotion.",True,passive,negative
4295,202501557,2025,9,"Career paths are becoming clearer and internal mobility feels realistic. Overall, I would recommend Skapa without hesitation.",True,promoter,positive
4296,202500577,2025,8,Team spirit is strong and the atmosphere is friendly and supportive. Work conditions are good overall and hybrid work is handled pragmatically.,True,passive,positive
4297,202501124,2025,7,,False,passive,
4298,202500782,2025,8,"Onboarding and integration were smooth, and the team culture is welcoming.",True,passive,positive
4299,202502044,2025,8,Team spirit is strong and the atmosphere is friendly and supportive. Supportive leadership and clear feedback make it easy to do great work.,True,passive,positive
4300,202501275,2025,8,Team spirit is strong and the atmosphere is friendly and supportive. Compensation feels competitive for the market and responsibilities.,True,passive,positive
4301,202500887,2025,10,"I feel aligned with the values, especially inclusion, sustainability and fairness. Overall, I would recommend Skapa without hesitation.",True,promoter,positive
4302,202500304,2025,6,The values are stated clearly but not always reflected in day-to-day decisions.,True,detractor,negative
4303,202500798,2025,8,"From a Hamburg perspective, I see real chances to progress based on merit and impact.",True,passive,positive
4304,202500787,2025,6,Pay progression feels slow compared with responsibilities and performance expectations. I would like more regular coaching and clearer expectations from leadership.,True,detractor,negative
4305,202501060,2025,7,,False,passive,
4306,202500351,2025,9,"I can maintain a healthy balance most of the time and flexibility helps. Overall, I would recommend Skapa without hesitation.",True,promoter,positive
4307,202501032,2025,8,Innovation and a forward-looking strategy make the business feel resilient.,True,passive,positive
4308,202500910,2025,7,I would like more regular coaching and clearer expectations from leadership.,True,passive,negative
4309,202500109,2025,8,I can maintain a healthy balance most of the time and flexibility helps.,True,passive,positive
4310,202501793,2025,8,"Recognition and coaching are consistent, which helps me grow and perform. Digital tools and processes are improving and make delivery more efficient.",True,passive,positive
4311,202500409,2025,7,The values are stated clearly but not always reflected in day-to-day decisions. Compensation has not kept pace with inflation and market benchmarks.,True,passive,negative
4312,202501273,2025,10,,False,promoter,
4313,202500056,2025,10,,False,promoter,
4314,202500384,2025,9,"Career paths are becoming clearer and internal mobility feels realistic. Overall, I would recommend Skapa without hesitation.",True,promoter,positive
4315,202500811,2025,7,I worry about competitiveness and the pace of adapting to market changes. I would like more regular coaching and clearer expectations from leadership.,True,passive,negative
4316,202501107,2025,9,"I can maintain a healthy balance most of the time and flexibility helps. Team spirit is strong and the atmosphere is friendly and supportive. Overall, I would recommend Skapa without hesitation.",True,promoter,positive
4317,202501086,2025,7,I would like more regular coaching and clearer expectations from leadership.,True,passive,negative
4318,202501476,2025,10,"Supportive leadership and clear feedback make it easy to do great work. Overall, I would recommend Skapa without hesitation.",True,promoter,positive
4319,202501295,2025,6,Decision-making can feel top-down and recognition for effort is not always there.,True,detractor,negative
4320,202500922,2025,9,"Innovation and a forward-looking strategy make the business feel resilient. Compensation feels competitive for the market and responsibilities. Overall, I would recommend Skapa without hesitation.",True,promoter,positive
4321,202500864,2025,8,Compensation feels competitive for the market and responsibilities.,True,passive,positive
4322,202500162,2025,10,Innovation and a forward-looking strategy make the business feel resilient. Career paths are becoming clearer and internal mobility feels realistic. I feel proud to be part of the company.,True,promoter,positive
4323,202501857,2025,6,Decision-making can feel top-down and recognition for effort is not always there.,True,detractor,negative
4324,202501151,2025,8,"Innovation and a forward-looking strategy make the business feel resilient. Recognition and coaching are consistent, which helps me grow and perform.",True,passive,positive
4325,202500878,2025,8,Supportive leadership and clear feedback make it easy to do great work. I’m satisfied with my pay and the overall benefits package.,True,passive,positive
4326,202500518,2025,10,,False,promoter,
4327,202502076,2025,8,Team spirit is strong and the atmosphere is friendly and supportive.,True,passive,positive
4328,202501182,2025,9,Digital tools and processes are improving and make delivery more efficient. Compensation feels competitive for the market and responsibilities. I feel proud to be part of the company.,True,promoter,positive
4329,202500567,2025,7,,False,passive,
4330,202501486,2025,9,"I’m satisfied with my pay and the overall benefits package. Recognition and coaching are consistent, which helps me grow and perform. Overall, I would recommend Skapa without hesitation.",True,promoter,positive
4331,202501091,2025,8,I appreciate the trust and autonomy; the management style feels genuinely empowering.,True,passive,positive
4332,202500407,2025,8,"I can maintain a healthy balance most of the time and flexibility helps. Recognition and coaching are consistent, which helps me grow and perform.",True,passive,positive
4333,202501395,2025,10,"Career paths are becoming clearer and internal mobility feels realistic. Overall, I would recommend Skapa without hesitation.",True,promoter,positive
4334,202501838,2025,8,Supportive leadership and clear feedback make it easy to do great work. Compensation feels competitive for the market and responsibilities.,True,passive,positive
4335,202501705,2025,7,,False,passive,
4336,202500988,2025,8,,False,passive,
4337,202500395,2025,7,Training is available but time to actually use it is limited during peak delivery. I worry about competitiveness and the pace of adapting to market changes.,True,passive,negative
4338,202500488,2025,8,Work conditions are good overall and hybrid work is handled pragmatically.,True,passive,positive
4339,202500424,2025,9,"Digital tools and processes are improving and make delivery more efficient. Overall, I would recommend Skapa without hesitation.",True,promoter,positive
4340,202500657,2025,7,,False,passive,
4341,202501606,2025,10,Compensation feels competitive for the market and responsibilities. Supportive leadership and clear feedback make it easy to do great work. I feel proud to be part of the company.,True,promoter,positive
4342,202500672,2025,8,Supportive leadership and clear feedback make it easy to do great work. I can maintain a healthy balance most of the time and flexibility helps.,True,passive,positive
4343,202502095,2025,8,Learning opportunities and projects help me build strong consulting skills.,True,passive,positive
4344,202501399,2025,7,,False,passive,
4345,202500689,2025,9,"There is a genuine commitment to responsible consulting and a respectful culture. Recognition and coaching are consistent, which helps me grow and perform. I feel proud to be part of the company.",True,promoter,positive
4346,202500695,2025,7,"I would like more regular coaching and clearer expectations from leadership. Onboarding and integration were smooth, and the team culture is welcoming.",True,passive,to be determined
4347,202500093,2025,7,Compensation has not kept pace with inflation and market benchmarks.,True,passive,negative
4348,202501067,2025,7,The employer brand could be stronger to attract and retain top talent. Training is available but time to actually use it is limited during peak delivery.,True,passive,negative
4349,202500103,2025,8,,False,passive,
4350,202501888,2025,7,Training is available but time to actually use it is limited during peak delivery. I would like more regular coaching and clearer expectations from leadership.,True,passive,negative
4351,202500430,2025,7,I worry about competitiveness and the pace of adapting to market changes.,True,passive,negative
4352,202502014,2025,6,Strategic priorities shift often and it can be hard to understand the direction. Pay progression feels slow compared with responsibilities and performance expectations.,True,detractor,negative
4353,202500158,2025,9,"I appreciate the trust and autonomy; the management style feels genuinely empowering. Overall, I would recommend Skapa without hesitation.",True,promoter,positive
4354,202501334,2025,8,"I feel aligned with the values, especially inclusion, sustainability and fairness.",True,passive,positive
4355,202502153,2025,9,"Compensation feels competitive for the market and responsibilities. Overall, I would recommend Skapa without hesitation.",True,promoter,positive
4356,202500502,2025,9,"I’m satisfied with my pay and the overall benefits package. I appreciate the trust and autonomy; the management style feels genuinely empowering. Overall, I would recommend Skapa without hesitation.",True,promoter,positive
4357,202501775,2025,8,I’m satisfied with my pay and the overall benefits package.,True,passive,positive
4358,202501069,2025,8,"The company feels stable and well-positioned in the market, with strong client demand.",True,passive,positive
4359,202501590,2025,9,"Recognition and coaching are consistent, which helps me grow and perform. Tools and logistics support delivery well, and the hybrid setup works smoothly. Overall, I would recommend Skapa without hesitation.",True,promoter,positive
4360,202500277,2025,10,Work conditions are good overall and hybrid work is handled pragmatically. I appreciate the trust and autonomy; the management style feels genuinely empowering. I feel proud to be part of the company.,True,promoter,positive
4361,202500151,2025,9,"Innovation and a forward-looking strategy make the business feel resilient. Overall, I would recommend Skapa without hesitation.",True,promoter,positive
4362,202500680,2025,7,Pay progression feels slow compared with responsibilities and performance expectations.,True,passive,negative
4363,202500138,2025,7,,False,passive,
4364,202501345,2025,6,Recent uncertainty in priorities makes the long-term direction feel less clear.,True,detractor,negative
4365,202501902,2025,6,"I would like to see stronger action on inclusion and equity, not just messaging.",True,detractor,negative
4366,202500589,2025,9,I’m satisfied with my pay and the overall benefits package. I feel proud to be part of the company.,True,promoter,positive
4367,202501135,2025,8,I can maintain a healthy balance most of the time and flexibility helps.,True,passive,positive
4368,202501129,2025,5,Decision-making can feel top-down and recognition for effort is not always there.,True,detractor,negative
4369,202501669,2025,7,Work-life balance could improve; overtime can become the default during delivery.,True,passive,negative
4370,202500438,2025,8,I appreciate the trust and autonomy; the management style feels genuinely empowering.,True,passive,positive
4371,202500210,2025,7,Training is available but time to actually use it is limited during peak delivery.,True,passive,negative
4372,202500434,2025,7,Pay progression feels slow compared with responsibilities and performance expectations. Workload peaks can be intense and staffing feels tight on some projects.,True,passive,negative
4373,202500283,2025,8,"Supportive leadership and clear feedback make it easy to do great work. I feel aligned with the values, especially inclusion, sustainability and fairness.",True,passive,positive
4374,202501350,2025,8,Compensation feels competitive for the market and responsibilities. Innovation and a forward-looking strategy make the business feel resilient.,True,passive,positive
4375,202500792,2025,9,Skapa remains attractive with interesting missions and a solid reputation. I feel proud to be part of the company.,True,promoter,positive
4376,202501259,2025,8,,False,passive,
4377,202501668,2025,10,Skapa remains attractive with interesting missions and a solid reputation. I can maintain a healthy balance most of the time and flexibility helps. I feel proud to be part of the company.,True,promoter,positive
4378,202501832,2025,9,Skapa remains attractive with interesting missions and a solid reputation. I feel proud to be part of the company.,True,promoter,positive
4379,202500406,2025,9,Learning opportunities and projects help me build strong consulting skills. I feel proud to be part of the company.,True,promoter,positive
4380,202500976,2025,9,"The company feels stable and well-positioned in the market, with strong client demand. Overall, I would recommend Skapa without hesitation.",True,promoter,positive
4381,202500844,2025,8,I’m satisfied with my pay and the overall benefits package. Skapa remains attractive with interesting missions and a solid reputation.,True,passive,positive
4382,202501752,2025,8,Compensation feels competitive for the market and responsibilities.,True,passive,positive
4383,202500706,2025,7,,False,passive,
4384,202500156,2025,7,"Compensation has not kept pace with inflation and market benchmarks. Onboarding and integration were smooth, and the team culture is welcoming.",True,passive,negative
4385,202501887,2025,7,The employer brand could be stronger to attract and retain top talent.,True,passive,to be determined
4386,202501193,2025,9,"Recognition and coaching are consistent, which helps me grow and perform. The work feels meaningful because projects have clear impact for clients and society. I feel proud to be part of the company.",True,promoter,positive
4387,202500720,2025,8,I can maintain a healthy balance most of the time and flexibility helps. Team spirit is strong and the atmosphere is friendly and supportive.,True,passive,positive
4388,202500150,2025,10,"I appreciate the increased transparency from leadership on decisions and direction. Team spirit is strong and the atmosphere is friendly and supportive. Overall, I would recommend Skapa without hesitation.",True,promoter,positive
4389,202501654,2025,5,I would like more regular coaching and clearer expectations from leadership.,True,detractor,negative
4390,202500361,2025,8,Compensation feels competitive for the market and responsibilities.,True,passive,positive
4391,202501018,2025,9,"The company feels stable and well-positioned in the market, with strong client demand. I can maintain a healthy balance most of the time and flexibility helps. Overall, I would recommend Skapa without hesitation.",True,promoter,positive
