"employee_scd_id";"employee_id";"year";"status";"country";"department";"date_situation";"seniority_group"
202300001;1;2023;"Non-manager";"Sweden";"Digital Strategy Consulting";"2023-12-15";"10-15 years"
202300002;2;2023;"Non-manager";"Denmark";"Finance & Operations";"2023-12-15";"Less than 1 year"
202300003;3;2023;"Manager";"Sweden";"Technology & IT Strategy";"2023-12-15";"Less than 1 year"
202300004;4;2023;"Non-manager";"Sweden";"Transformation & Change Management";"2023-12-15";"3-5 years"
202300005;5;2023;"Non-manager";"Sweden";"Digital Strategy Consulting";"2023-12-15";"10-15 years"
202300006;6;2023;"Non-manager";"Sweden";"Digital Marketing & Growth";"2023-12-15";"1-2 years"
202300007;7;2023;"Manager";"Sweden";"Sales & Business Development";"2023-12-15";"3-5 years"
202300008;8;2023;"Manager";"Sweden";"Customer Experience & Design";"2023-12-15";"Less than 1 year"
202300009;9;2023;"Manager";"Sweden";"Digital Strategy Consulting";"2023-12-15";"3-5 years"
202300010;10;2023;"Non-manager";"Sweden";"Transformation & Change Management";"2023-12-15";"Less than 1 year"
202300011;11;2023;"Manager";"Germany";"Transformation & Change Management";"2023-12-15";"3-5 years"
202300012;12;2023;"Non-manager";"Sweden";"Finance & Operations";"2023-12-15";"3-5 years"
202300013;13;2023;"Manager";"Spain";"Customer Experience & Design";"2023-12-15";"6-9 years"
202300014;14;2023;"Non-manager";"Sweden";"Technology & IT Strategy";"2023-12-15";"Less than 1 year"
202300015;15;2023;"Non-manager";"Sweden";"Transformation & Change Management";"2023-12-15";"3-5 years"
202300016;16;2023;"Non-manager";"Sweden";"Sales & Business Development";"2023-12-15";"6-9 years"
202300017;17;2023;"Manager";"Sweden";"Finance & Operations";"2023-12-15";"10-15 years"
202300018;18;2023;"Non-manager";"Germany";"Technology & IT Strategy";"2023-12-15";"1-2 years"
202300019;19;2023;"Manager";"Spain";"Technology & IT Strategy";"2023-12-15";"10-15 years"
202300020;20;2023;"Non-manager";"Sweden";"Transformation & Change Management";"2023-12-15";"10-15 years"
202300021;21;2023;"Non-manager";"Sweden";"Digital Strategy Consulting";"2023-12-15";"1-2 years"
202300022;22;2023;"Manager";"Sweden";"Transformation & Change Management";"2023-12-15";"3-5 years"
202300023;23;2023;"Non-manager";"Germany";"Data & Analytics Consulting";"2023-12-15";"3-5 years"
202300024;24;2023;"Non-manager";"Germany";"Transformation & Change Management";"2023-12-15";"1-2 years"
202300025;25;2023;"Manager";"Denmark";"Finance & Operations";"2023-12-15";"1-2 years"
202300026;26;2023;"Non-manager";"Sweden";"Finance & Operations";"2023-12-15";"1-2 years"
202300027;27;2023;"Manager";"Sweden";"Technology & IT Strategy";"2023-12-15";"3-5 years"
202300028;28;2023;"Non-manager";"Denmark";"Transformation & Change Management";"2023-12-15";"Less than 1 year"
202300029;29;2023;"Non-manager";"Spain";"Human Resources";"2023-12-15";"10-15 years"
202300030;30;2023;"Manager";"Sweden";"Data & Analytics Consulting";"2023-12-15";"1-2 years"
202300031;31;2023;"Non-manager";"France";"Customer Experience & Design";"2023-12-15";"1-2 years"
202300032;32;2023;"Non-manager";"Germany";"Customer Experience & Design";"2023-12-15";"1-2 years"
202300033;33;2023;"Non-manager";"Denmark";"Digital Strategy Consulting";"2023-12-15";"3-5 years"
202300034;34;2023;"Non-manager";"Denmark";"Sales & Business Development";"2023-12-15";"3-5 years"
202300035;35;2023;"Non-manager";"France";"Digital Strategy Consulting";"2023-12-15";"1-2 years"
202300036;36;2023;"Non-manager";"Sweden";"Finance & Operations";"2023-12-15";"10-15 years"
202300037;37;2023;"Non-manager";"Germany";"Data & Analytics Consulting";"2023-12-15";"1-2 years"
202300038;38;2023;"Non-manager";"Denmark";"Finance & Operations";"2023-12-15";"1-2 years"
202300039;39;2023;"Non-manager";"Germany";"Digital Strategy Consulting";"2023-12-15";"Less than 1 year"
202300040;40;2023;"Non-manager";"Spain";"Digital Strategy Consulting";"2023-12-15";"6-9 years"
202300041;41;2023;"Non-manager";"Germany";"Digital Marketing & Growth";"2023-12-15";"1-2 years"
202300042;42;2023;"Non-manager";"Spain";"Technology & IT Strategy";"2023-12-15";"1-2 years"
202300043;43;2023;"Non-manager";"Sweden";"Digital Strategy Consulting";"2023-12-15";"1-2 years"
202300044;44;2023;"Non-manager";"Sweden";"Transformation & Change Management";"2023-12-15";"3-5 years"
202300045;45;2023;"Non-manager";"Denmark";"Finance & Operations";"2023-12-15";"1-2 years"
202300046;46;2023;"Non-manager";"Germany";"Technology & IT Strategy";"2023-12-15";"1-2 years"
202300047;47;2023;"Non-manager";"Sweden";"Transformation & Change Management";"2023-12-15";"6-9 years"
202300048;48;2023;"Non-manager";"Germany";"Data & Analytics Consulting";"2023-12-15";"Less than 1 year"
202300049;49;2023;"Non-manager";"Spain";"Technology & IT Strategy";"2023-12-15";"10-15 years"
202300050;50;2023;"Non-manager";"France";"Human Resources";"2023-12-15";"3-5 years"
202300051;51;2023;"Non-manager";"Germany";"Digital Strategy Consulting";"2023-12-15";"1-2 years"
202300052;52;2023;"Manager";"Sweden";"Technology & IT Strategy";"2023-12-15";"1-2 years"
202300053;53;2023;"Manager";"Sweden";"Transformation & Change Management";"2023-12-15";"1-2 years"
202300054;54;2023;"Non-manager";"Germany";"Digital Strategy Consulting";"2023-12-15";"3-5 years"
202300055;55;2023;"Non-manager";"Sweden";"Technology & IT Strategy";"2023-12-15";"3-5 years"
202300056;56;2023;"Manager";"Sweden";"Human Resources";"2023-12-15";"3-5 years"
202300057;57;2023;"Non-manager";"Sweden";"Data & Analytics Consulting";"2023-12-15";"6-9 years"
202300058;58;2023;"Non-manager";"Denmark";"Finance & Operations";"2023-12-15";"1-2 years"
202300059;59;2023;"Manager";"Germany";"Finance & Operations";"2023-12-15";"1-2 years"
202300060;60;2023;"Non-manager";"Germany";"Customer Experience & Design";"2023-12-15";"1-2 years"
202300061;61;2023;"Non-manager";"Sweden";"Technology & IT Strategy";"2023-12-15";"1-2 years"
202300062;62;2023;"Non-manager";"Germany";"Human Resources";"2023-12-15";"6-9 years"
202300063;63;2023;"Non-manager";"Sweden";"Finance & Operations";"2023-12-15";"1-2 years"
202300064;64;2023;"Non-manager";"Spain";"Data & Analytics Consulting";"2023-12-15";"1-2 years"
202300065;65;2023;"Non-manager";"Sweden";"Data & Analytics Consulting";"2023-12-15";"10-15 years"
202300066;66;2023;"Non-manager";"Sweden";"Technology & IT Strategy";"2023-12-15";"3-5 years"
202300067;67;2023;"Non-manager";"Spain";"Technology & IT Strategy";"2023-12-15";"Less than 1 year"
202300068;68;2023;"Non-manager";"Sweden";"Finance & Operations";"2023-12-15";"1-2 years"
202300069;69;2023;"Non-manager";"Denmark";"Digital Strategy Consulting";"2023-12-15";"1-2 years"
202300070;70;2023;"Non-manager";"France";"Sales & Business Development";"2023-12-15";"1-2 years"
202300071;71;2023;"Non-manager";"Spain";"Digital Marketing & Growth";"2023-12-15";"1-2 years"
202300072;72;2023;"Non-manager";"France";"Sales & Business Development";"2023-12-15";"Less than 1 year"
202300073;73;2023;"Manager";"Sweden";"Data & Analytics Consulting";"2023-12-15";"3-5 years"
202300074;74;2023;"Non-manager";"Sweden";"Customer Experience & Design";"2023-12-15";"3-5 years"
202300075;75;2023;"Non-manager";"Sweden";"Finance & Operations";"2023-12-15";"Less than 1 year"
202300076;76;2023;"Non-manager";"Denmark";"Transformation & Change Management";"2023-12-15";"3-5 years"
202300077;77;2023;"Non-manager";"Germany";"Cybersecurity & Digital Risk";"2023-12-15";"3-5 years"
202300078;78;2023;"Manager";"Sweden";"Digital Strategy Consulting";"2023-12-15";"Less than 1 year"
202300079;79;2023;"Non-manager";"Spain";"Sales & Business Development";"2023-12-15";"1-2 years"
202300080;80;2023;"Manager";"France";"Cybersecurity & Digital Risk";"2023-12-15";"10-15 years"
202300081;81;2023;"Non-manager";"France";"Finance & Operations";"2023-12-15";"1-2 years"
202300082;82;2023;"Manager";"Sweden";"Finance & Operations";"2023-12-15";"3-5 years"
202300083;83;2023;"Non-manager";"Germany";"Digital Strategy Consulting";"2023-12-15";"10-15 years"
202300084;84;2023;"Non-manager";"Spain";"Data & Analytics Consulting";"2023-12-15";"3-5 years"
202300085;85;2023;"Non-manager";"Spain";"Digital Strategy Consulting";"2023-12-15";"1-2 years"
202300086;86;2023;"Non-manager";"Spain";"Technology & IT Strategy";"2023-12-15";"3-5 years"
202300087;87;2023;"Non-manager";"Spain";"Finance & Operations";"2023-12-15";"10-15 years"
202300088;88;2023;"Manager";"Sweden";"Digital Marketing & Growth";"2023-12-15";"Less than 1 year"
202300089;89;2023;"Manager";"Sweden";"Digital Strategy Consulting";"2023-12-15";"Less than 1 year"
202300090;90;2023;"Non-manager";"Germany";"Human Resources";"2023-12-15";"10-15 years"
202300091;91;2023;"Manager";"Spain";"Finance & Operations";"2023-12-15";"3-5 years"
202300092;92;2023;"Manager";"France";"Sales & Business Development";"2023-12-15";"10-15 years"
202300093;93;2023;"Non-manager";"Sweden";"Digital Strategy Consulting";"2023-12-15";"3-5 years"
202300094;94;2023;"Non-manager";"Denmark";"Cybersecurity & Digital Risk";"2023-12-15";"3-5 years"
202300095;95;2023;"Non-manager";"Sweden";"Customer Experience & Design";"2023-12-15";"3-5 years"
202300096;96;2023;"Non-manager";"Denmark";"Technology & IT Strategy";"2023-12-15";"10-15 years"
202300097;97;2023;"Non-manager";"Sweden";"Cybersecurity & Digital Risk";"2023-12-15";"3-5 years"
202300098;98;2023;"Non-manager";"Denmark";"Digital Marketing & Growth";"2023-12-15";"3-5 years"
202300099;99;2023;"Non-manager";"Sweden";"Digital Strategy Consulting";"2023-12-15";"10-15 years"
202300100;100;2023;"Non-manager";"Sweden";"Digital Strategy Consulting";"2023-12-15";"Less than 1 year"
202300101;101;2023;"Non-manager";"Sweden";"Digital Strategy Consulting";"2023-12-15";"3-5 years"
202300102;102;2023;"Manager";"Spain";"Finance & Operations";"2023-12-15";"6-9 years"
202300103;103;2023;"Non-manager";"Sweden";"Human Resources";"2023-12-15";"3-5 years"
202300104;104;2023;"Manager";"Sweden";"Data & Analytics Consulting";"2023-12-15";"1-2 years"
202300105;105;2023;"Manager";"Sweden";"Sales & Business Development";"2023-12-15";"1-2 years"
202300106;106;2023;"Manager";"Denmark";"Sales & Business Development";"2023-12-15";"3-5 years"
202300107;107;2023;"Non-manager";"France";"Finance & Operations";"2023-12-15";"3-5 years"
202300108;108;2023;"Non-manager";"Spain";"Data & Analytics Consulting";"2023-12-15";"1-2 years"
202300109;109;2023;"Non-manager";"Denmark";"Technology & IT Strategy";"2023-12-15";"1-2 years"
202300110;110;2023;"Non-manager";"Sweden";"Data & Analytics Consulting";"2023-12-15";"3-5 years"
202300111;111;2023;"Non-manager";"Sweden";"Data & Analytics Consulting";"2023-12-15";"Less than 1 year"
202300112;112;2023;"Manager";"Sweden";"Digital Marketing & Growth";"2023-12-15";"3-5 years"
202300113;113;2023;"Non-manager";"Sweden";"Cybersecurity & Digital Risk";"2023-12-15";"1-2 years"
202300114;114;2023;"Non-manager";"France";"Technology & IT Strategy";"2023-12-15";"3-5 years"
202300115;115;2023;"Non-manager";"Spain";"Digital Marketing & Growth";"2023-12-15";"1-2 years"
202300116;116;2023;"Non-manager";"Sweden";"Sales & Business Development";"2023-12-15";"3-5 years"
202300117;117;2023;"Manager";"Sweden";"Human Resources";"2023-12-15";"6-9 years"
202300118;118;2023;"Manager";"Sweden";"Sales & Business Development";"2023-12-15";"3-5 years"
202300119;119;2023;"Manager";"Sweden";"Data & Analytics Consulting";"2023-12-15";"15+ years"
202300120;120;2023;"Non-manager";"Germany";"Customer Experience & Design";"2023-12-15";"3-5 years"
202300121;121;2023;"Non-manager";"Sweden";"Technology & IT Strategy";"2023-12-15";"3-5 years"
202300122;122;2023;"Non-manager";"Sweden";"Customer Experience & Design";"2023-12-15";"1-2 years"
202300123;123;2023;"Non-manager";"Denmark";"Data & Analytics Consulting";"2023-12-15";"3-5 years"
202300124;124;2023;"Non-manager";"France";"Transformation & Change Management";"2023-12-15";"6-9 years"
202300125;125;2023;"Non-manager";"Sweden";"Digital Strategy Consulting";"2023-12-15";"3-5 years"
202300126;126;2023;"Manager";"Germany";"Digital Strategy Consulting";"2023-12-15";"1-2 years"
202300127;127;2023;"Non-manager";"Germany";"Cybersecurity & Digital Risk";"2023-12-15";"1-2 years"
202300128;128;2023;"Non-manager";"France";"Technology & IT Strategy";"2023-12-15";"10-15 years"
202300129;129;2023;"Manager";"Spain";"Data & Analytics Consulting";"2023-12-15";"3-5 years"
202300130;130;2023;"Non-manager";"Sweden";"Digital Strategy Consulting";"2023-12-15";"3-5 years"
202300131;131;2023;"Non-manager";"France";"Sales & Business Development";"2023-12-15";"3-5 years"
202300132;132;2023;"Non-manager";"Sweden";"Technology & IT Strategy";"2023-12-15";"3-5 years"
202300133;133;2023;"Non-manager";"Sweden";"Data & Analytics Consulting";"2023-12-15";"3-5 years"
202300134;134;2023;"Non-manager";"France";"Transformation & Change Management";"2023-12-15";"3-5 years"
202300135;135;2023;"Non-manager";"Sweden";"Technology & IT Strategy";"2023-12-15";"3-5 years"
202300136;136;2023;"Manager";"Sweden";"Customer Experience & Design";"2023-12-15";"6-9 years"
202300137;137;2023;"Manager";"Germany";"Customer Experience & Design";"2023-12-15";"1-2 years"
202300138;138;2023;"Manager";"Sweden";"Finance & Operations";"2023-12-15";"6-9 years"
202300139;139;2023;"Manager";"Denmark";"Digital Marketing & Growth";"2023-12-15";"1-2 years"
202300140;140;2023;"Non-manager";"France";"Digital Strategy Consulting";"2023-12-15";"Less than 1 year"
202300141;141;2023;"Non-manager";"Spain";"Finance & Operations";"2023-12-15";"Less than 1 year"
202300142;142;2023;"Manager";"Sweden";"Technology & IT Strategy";"2023-12-15";"1-2 years"
202300143;143;2023;"Non-manager";"Sweden";"Transformation & Change Management";"2023-12-15";"10-15 years"
202300144;144;2023;"Manager";"Sweden";"Customer Experience & Design";"2023-12-15";"10-15 years"
202300145;145;2023;"Non-manager";"Spain";"Digital Marketing & Growth";"2023-12-15";"1-2 years"
202300146;146;2023;"Manager";"Sweden";"Digital Strategy Consulting";"2023-12-15";"3-5 years"
202300147;147;2023;"Non-manager";"Sweden";"Sales & Business Development";"2023-12-15";"1-2 years"
202300148;148;2023;"Non-manager";"Denmark";"Technology & IT Strategy";"2023-12-15";"3-5 years"
202300149;149;2023;"Non-manager";"Spain";"Digital Strategy Consulting";"2023-12-15";"15+ years"
202300150;150;2023;"Manager";"Sweden";"Sales & Business Development";"2023-12-15";"10-15 years"
202300151;151;2023;"Non-manager";"France";"Data & Analytics Consulting";"2023-12-15";"10-15 years"
202300152;152;2023;"Manager";"Denmark";"Digital Marketing & Growth";"2023-12-15";"1-2 years"
202300153;153;2023;"Manager";"Sweden";"Transformation & Change Management";"2023-12-15";"1-2 years"
202300154;154;2023;"Manager";"Denmark";"Transformation & Change Management";"2023-12-15";"1-2 years"
202300155;155;2023;"Non-manager";"Germany";"Digital Strategy Consulting";"2023-12-15";"1-2 years"
202300156;156;2023;"Manager";"Denmark";"Digital Strategy Consulting";"2023-12-15";"6-9 years"
202300157;157;2023;"Non-manager";"Spain";"Data & Analytics Consulting";"2023-12-15";"10-15 years"
202300158;158;2023;"Non-manager";"Sweden";"Finance & Operations";"2023-12-15";"Less than 1 year"
202300159;159;2023;"Non-manager";"Denmark";"Digital Marketing & Growth";"2023-12-15";"3-5 years"
202300160;160;2023;"Non-manager";"Sweden";"Digital Strategy Consulting";"2023-12-15";"3-5 years"
202300161;161;2023;"Manager";"Sweden";"Data & Analytics Consulting";"2023-12-15";"1-2 years"
202300162;162;2023;"Manager";"Denmark";"Transformation & Change Management";"2023-12-15";"10-15 years"
202300163;163;2023;"Non-manager";"France";"Digital Strategy Consulting";"2023-12-15";"Less than 1 year"
202300164;164;2023;"Non-manager";"Sweden";"Transformation & Change Management";"2023-12-15";"1-2 years"
202300165;165;2023;"Manager";"Sweden";"Sales & Business Development";"2023-12-15";"10-15 years"
202300166;166;2023;"Manager";"Sweden";"Human Resources";"2023-12-15";"10-15 years"
202300167;167;2023;"Non-manager";"Spain";"Customer Experience & Design";"2023-12-15";"1-2 years"
202300168;168;2023;"Manager";"Sweden";"Data & Analytics Consulting";"2023-12-15";"6-9 years"
202300169;169;2023;"Non-manager";"Sweden";"Customer Experience & Design";"2023-12-15";"1-2 years"
202300170;170;2023;"Non-manager";"Sweden";"Human Resources";"2023-12-15";"1-2 years"
202300171;171;2023;"Manager";"Sweden";"Sales & Business Development";"2023-12-15";"10-15 years"
202300172;172;2023;"Manager";"Spain";"Data & Analytics Consulting";"2023-12-15";"3-5 years"
202300173;173;2023;"Manager";"Spain";"Human Resources";"2023-12-15";"3-5 years"
202300174;174;2023;"Non-manager";"Germany";"Human Resources";"2023-12-15";"3-5 years"
202300175;175;2023;"Non-manager";"Sweden";"Data & Analytics Consulting";"2023-12-15";"3-5 years"
202300176;176;2023;"Non-manager";"Sweden";"Digital Strategy Consulting";"2023-12-15";"15+ years"
202300177;177;2023;"Non-manager";"Sweden";"Digital Strategy Consulting";"2023-12-15";"Less than 1 year"
202300178;178;2023;"Non-manager";"Denmark";"Sales & Business Development";"2023-12-15";"3-5 years"
202300179;179;2023;"Manager";"Sweden";"Customer Experience & Design";"2023-12-15";"3-5 years"
202300180;180;2023;"Non-manager";"Spain";"Cybersecurity & Digital Risk";"2023-12-15";"Less than 1 year"
202300181;181;2023;"Non-manager";"Spain";"Data & Analytics Consulting";"2023-12-15";"3-5 years"
202300182;182;2023;"Non-manager";"Denmark";"Finance & Operations";"2023-12-15";"3-5 years"
202300183;183;2023;"Manager";"Sweden";"Finance & Operations";"2023-12-15";"10-15 years"
202300184;184;2023;"Non-manager";"Spain";"Finance & Operations";"2023-12-15";"3-5 years"
202300185;185;2023;"Non-manager";"Sweden";"Data & Analytics Consulting";"2023-12-15";"10-15 years"
202300186;186;2023;"Non-manager";"Denmark";"Digital Strategy Consulting";"2023-12-15";"3-5 years"
202300187;187;2023;"Non-manager";"Sweden";"Finance & Operations";"2023-12-15";"3-5 years"
202300188;188;2023;"Manager";"France";"Human Resources";"2023-12-15";"1-2 years"
202300189;189;2023;"Non-manager";"Spain";"Finance & Operations";"2023-12-15";"3-5 years"
202300190;190;2023;"Non-manager";"Denmark";"Finance & Operations";"2023-12-15";"Less than 1 year"
202300191;191;2023;"Non-manager";"Sweden";"Data & Analytics Consulting";"2023-12-15";"1-2 years"
202300192;192;2023;"Manager";"Spain";"Sales & Business Development";"2023-12-15";"6-9 years"
202300193;193;2023;"Manager";"Sweden";"Digital Strategy Consulting";"2023-12-15";"3-5 years"
202300194;194;2023;"Non-manager";"Germany";"Transformation & Change Management";"2023-12-15";"10-15 years"
202300195;195;2023;"Manager";"Denmark";"Customer Experience & Design";"2023-12-15";"10-15 years"
202300196;196;2023;"Non-manager";"Spain";"Data & Analytics Consulting";"2023-12-15";"3-5 years"
202300197;197;2023;"Non-manager";"Germany";"Finance & Operations";"2023-12-15";"1-2 years"
202300198;198;2023;"Non-manager";"France";"Digital Marketing & Growth";"2023-12-15";"3-5 years"
202300199;199;2023;"Non-manager";"Spain";"Finance & Operations";"2023-12-15";"1-2 years"
202300200;200;2023;"Manager";"Germany";"Cybersecurity & Digital Risk";"2023-12-15";"3-5 years"
202300201;201;2023;"Non-manager";"France";"Sales & Business Development";"2023-12-15";"1-2 years"
202300202;202;2023;"Non-manager";"Sweden";"Digital Strategy Consulting";"2023-12-15";"Less than 1 year"
202300203;203;2023;"Manager";"Spain";"Transformation & Change Management";"2023-12-15";"1-2 years"
202300204;204;2023;"Non-manager";"Denmark";"Digital Marketing & Growth";"2023-12-15";"3-5 years"
202300205;205;2023;"Non-manager";"Spain";"Technology & IT Strategy";"2023-12-15";"3-5 years"
202300206;206;2023;"Non-manager";"Sweden";"Customer Experience & Design";"2023-12-15";"Less than 1 year"
202300207;207;2023;"Non-manager";"Germany";"Data & Analytics Consulting";"2023-12-15";"Less than 1 year"
202300208;208;2023;"Manager";"Sweden";"Data & Analytics Consulting";"2023-12-15";"3-5 years"
202300209;209;2023;"Non-manager";"Sweden";"Transformation & Change Management";"2023-12-15";"Less than 1 year"
202300210;210;2023;"Manager";"Germany";"Digital Marketing & Growth";"2023-12-15";"Less than 1 year"
202300211;211;2023;"Non-manager";"Germany";"Transformation & Change Management";"2023-12-15";"3-5 years"
202300212;212;2023;"Non-manager";"Sweden";"Digital Strategy Consulting";"2023-12-15";"1-2 years"
202300213;213;2023;"Non-manager";"Germany";"Technology & IT Strategy";"2023-12-15";"3-5 years"
202300214;214;2023;"Non-manager";"Sweden";"Digital Marketing & Growth";"2023-12-15";"1-2 years"
202300215;215;2023;"Non-manager";"Sweden";"Cybersecurity & Digital Risk";"2023-12-15";"Less than 1 year"
202300216;216;2023;"Non-manager";"France";"Sales & Business Development";"2023-12-15";"3-5 years"
202300217;217;2023;"Manager";"Spain";"Data & Analytics Consulting";"2023-12-15";"3-5 years"
202300218;218;2023;"Non-manager";"Denmark";"Data & Analytics Consulting";"2023-12-15";"Less than 1 year"
202300219;219;2023;"Non-manager";"Sweden";"Digital Marketing & Growth";"2023-12-15";"3-5 years"
202300220;220;2023;"Non-manager";"Spain";"Sales & Business Development";"2023-12-15";"3-5 years"
202300221;221;2023;"Non-manager";"Sweden";"Transformation & Change Management";"2023-12-15";"3-5 years"
202300222;222;2023;"Non-manager";"Sweden";"Sales & Business Development";"2023-12-15";"3-5 years"
202300223;223;2023;"Non-manager";"France";"Digital Strategy Consulting";"2023-12-15";"6-9 years"
202300224;224;2023;"Non-manager";"Denmark";"Customer Experience & Design";"2023-12-15";"Less than 1 year"
202300225;225;2023;"Manager";"Sweden";"Human Resources";"2023-12-15";"3-5 years"
202300226;226;2023;"Non-manager";"Sweden";"Transformation & Change Management";"2023-12-15";"1-2 years"
202300227;227;2023;"Non-manager";"Sweden";"Data & Analytics Consulting";"2023-12-15";"3-5 years"
202300228;228;2023;"Non-manager";"Spain";"Finance & Operations";"2023-12-15";"1-2 years"
202300229;229;2023;"Non-manager";"Sweden";"Data & Analytics Consulting";"2023-12-15";"1-2 years"
202300230;230;2023;"Manager";"Sweden";"Sales & Business Development";"2023-12-15";"Less than 1 year"
202300231;231;2023;"Non-manager";"Germany";"Sales & Business Development";"2023-12-15";"1-2 years"
202300232;232;2023;"Non-manager";"Spain";"Technology & IT Strategy";"2023-12-15";"Less than 1 year"
202300233;233;2023;"Manager";"Germany";"Transformation & Change Management";"2023-12-15";"1-2 years"
202300234;234;2023;"Non-manager";"Sweden";"Finance & Operations";"2023-12-15";"1-2 years"
202300235;235;2023;"Manager";"Sweden";"Transformation & Change Management";"2023-12-15";"1-2 years"
202300236;236;2023;"Manager";"Sweden";"Cybersecurity & Digital Risk";"2023-12-15";"10-15 years"
202300237;237;2023;"Manager";"Sweden";"Sales & Business Development";"2023-12-15";"3-5 years"
202300238;238;2023;"Non-manager";"Sweden";"Cybersecurity & Digital Risk";"2023-12-15";"1-2 years"
202300239;239;2023;"Non-manager";"Spain";"Sales & Business Development";"2023-12-15";"3-5 years"
202300240;240;2023;"Non-manager";"Sweden";"Technology & IT Strategy";"2023-12-15";"3-5 years"
202300241;241;2023;"Non-manager";"Denmark";"Digital Marketing & Growth";"2023-12-15";"1-2 years"
202300242;242;2023;"Non-manager";"Germany";"Human Resources";"2023-12-15";"6-9 years"
202300243;243;2023;"Manager";"Sweden";"Data & Analytics Consulting";"2023-12-15";"Less than 1 year"
202300244;244;2023;"Manager";"Sweden";"Data & Analytics Consulting";"2023-12-15";"Less than 1 year"
202300245;245;2023;"Non-manager";"Sweden";"Digital Strategy Consulting";"2023-12-15";"3-5 years"
202300246;246;2023;"Manager";"Sweden";"Technology & IT Strategy";"2023-12-15";"Less than 1 year"
202300247;247;2023;"Non-manager";"Germany";"Finance & Operations";"2023-12-15";"Less than 1 year"
202300248;248;2023;"Non-manager";"Sweden";"Customer Experience & Design";"2023-12-15";"Less than 1 year"
202300249;249;2023;"Non-manager";"France";"Digital Strategy Consulting";"2023-12-15";"1-2 years"
202300250;250;2023;"Non-manager";"France";"Transformation & Change Management";"2023-12-15";"6-9 years"
202300251;251;2023;"Manager";"Germany";"Data & Analytics Consulting";"2023-12-15";"1-2 years"
202300252;252;2023;"Manager";"Spain";"Transformation & Change Management";"2023-12-15";"10-15 years"
202300253;253;2023;"Non-manager";"Sweden";"Data & Analytics Consulting";"2023-12-15";"10-15 years"
202300254;254;2023;"Non-manager";"Sweden";"Sales & Business Development";"2023-12-15";"1-2 years"
202300255;255;2023;"Non-manager";"France";"Digital Strategy Consulting";"2023-12-15";"1-2 years"
202300256;256;2023;"Manager";"Sweden";"Transformation & Change Management";"2023-12-15";"6-9 years"
202300257;257;2023;"Non-manager";"Denmark";"Cybersecurity & Digital Risk";"2023-12-15";"6-9 years"
202300258;258;2023;"Non-manager";"Sweden";"Technology & IT Strategy";"2023-12-15";"3-5 years"
202300259;259;2023;"Non-manager";"Sweden";"Technology & IT Strategy";"2023-12-15";"Less than 1 year"
202300260;260;2023;"Non-manager";"Sweden";"Human Resources";"2023-12-15";"Less than 1 year"
202300261;261;2023;"Non-manager";"Denmark";"Sales & Business Development";"2023-12-15";"1-2 years"
202300262;262;2023;"Non-manager";"Sweden";"Customer Experience & Design";"2023-12-15";"3-5 years"
202300263;263;2023;"Manager";"Spain";"Human Resources";"2023-12-15";"Less than 1 year"
202300264;264;2023;"Non-manager";"Sweden";"Sales & Business Development";"2023-12-15";"1-2 years"
202300265;265;2023;"Non-manager";"Sweden";"Cybersecurity & Digital Risk";"2023-12-15";"1-2 years"
202300266;266;2023;"Non-manager";"France";"Transformation & Change Management";"2023-12-15";"1-2 years"
202300267;267;2023;"Non-manager";"Germany";"Customer Experience & Design";"2023-12-15";"10-15 years"
202300268;268;2023;"Manager";"France";"Cybersecurity & Digital Risk";"2023-12-15";"6-9 years"
202300269;269;2023;"Non-manager";"Sweden";"Transformation & Change Management";"2023-12-15";"3-5 years"
202300270;270;2023;"Non-manager";"Spain";"Customer Experience & Design";"2023-12-15";"Less than 1 year"
202300271;271;2023;"Non-manager";"Sweden";"Technology & IT Strategy";"2023-12-15";"6-9 years"
202300272;272;2023;"Non-manager";"Germany";"Digital Strategy Consulting";"2023-12-15";"Less than 1 year"
202300273;273;2023;"Non-manager";"Sweden";"Human Resources";"2023-12-15";"10-15 years"
202300274;274;2023;"Manager";"Germany";"Finance & Operations";"2023-12-15";"3-5 years"
202300275;275;2023;"Non-manager";"Sweden";"Technology & IT Strategy";"2023-12-15";"3-5 years"
202300276;276;2023;"Non-manager";"Spain";"Data & Analytics Consulting";"2023-12-15";"3-5 years"
202300277;277;2023;"Non-manager";"Sweden";"Digital Marketing & Growth";"2023-12-15";"3-5 years"
202300278;278;2023;"Non-manager";"Sweden";"Data & Analytics Consulting";"2023-12-15";"3-5 years"
202300279;279;2023;"Non-manager";"Sweden";"Human Resources";"2023-12-15";"3-5 years"
202300280;280;2023;"Manager";"Spain";"Digital Strategy Consulting";"2023-12-15";"6-9 years"
202300281;281;2023;"Manager";"France";"Cybersecurity & Digital Risk";"2023-12-15";"6-9 years"
202300282;282;2023;"Non-manager";"Sweden";"Human Resources";"2023-12-15";"1-2 years"
202300283;283;2023;"Non-manager";"Sweden";"Digital Marketing & Growth";"2023-12-15";"1-2 years"
202300284;284;2023;"Non-manager";"Sweden";"Technology & IT Strategy";"2023-12-15";"6-9 years"
202300285;285;2023;"Non-manager";"Sweden";"Transformation & Change Management";"2023-12-15";"Less than 1 year"
202300286;286;2023;"Non-manager";"Sweden";"Digital Strategy Consulting";"2023-12-15";"3-5 years"
202300287;287;2023;"Non-manager";"Denmark";"Digital Marketing & Growth";"2023-12-15";"3-5 years"
202300288;288;2023;"Non-manager";"Sweden";"Cybersecurity & Digital Risk";"2023-12-15";"1-2 years"
202300289;289;2023;"Non-manager";"Spain";"Finance & Operations";"2023-12-15";"3-5 years"
202300290;290;2023;"Non-manager";"France";"Technology & IT Strategy";"2023-12-15";"3-5 years"
202300291;291;2023;"Non-manager";"Sweden";"Customer Experience & Design";"2023-12-15";"10-15 years"
202300292;292;2023;"Non-manager";"Sweden";"Technology & IT Strategy";"2023-12-15";"3-5 years"
202300293;293;2023;"Non-manager";"Sweden";"Sales & Business Development";"2023-12-15";"3-5 years"
202300294;294;2023;"Non-manager";"Germany";"Sales & Business Development";"2023-12-15";"1-2 years"
202300295;295;2023;"Non-manager";"Germany";"Finance & Operations";"2023-12-15";"10-15 years"
202300296;296;2023;"Non-manager";"Sweden";"Transformation & Change Management";"2023-12-15";"1-2 years"
202300297;297;2023;"Non-manager";"Spain";"Digital Strategy Consulting";"2023-12-15";"1-2 years"
202300298;298;2023;"Non-manager";"Sweden";"Transformation & Change Management";"2023-12-15";"3-5 years"
202300299;299;2023;"Non-manager";"Spain";"Finance & Operations";"2023-12-15";"3-5 years"
202300300;300;2023;"Non-manager";"Sweden";"Cybersecurity & Digital Risk";"2023-12-15";"6-9 years"
202300301;301;2023;"Non-manager";"Sweden";"Digital Marketing & Growth";"2023-12-15";"3-5 years"
202300302;302;2023;"Non-manager";"Germany";"Data & Analytics Consulting";"2023-12-15";"1-2 years"
202300303;303;2023;"Manager";"Denmark";"Transformation & Change Management";"2023-12-15";"3-5 years"
202300304;304;2023;"Non-manager";"Spain";"Digital Strategy Consulting";"2023-12-15";"1-2 years"
202300305;305;2023;"Non-manager";"Spain";"Data & Analytics Consulting";"2023-12-15";"Less than 1 year"
202300306;306;2023;"Non-manager";"Spain";"Data & Analytics Consulting";"2023-12-15";"10-15 years"
202300307;307;2023;"Non-manager";"Germany";"Sales & Business Development";"2023-12-15";"Less than 1 year"
202300308;308;2023;"Manager";"France";"Customer Experience & Design";"2023-12-15";"1-2 years"
202300309;309;2023;"Manager";"Sweden";"Finance & Operations";"2023-12-15";"1-2 years"
202300310;310;2023;"Non-manager";"Denmark";"Technology & IT Strategy";"2023-12-15";"10-15 years"
202300311;311;2023;"Non-manager";"Spain";"Data & Analytics Consulting";"2023-12-15";"3-5 years"
202300312;312;2023;"Non-manager";"Sweden";"Transformation & Change Management";"2023-12-15";"6-9 years"
202300313;313;2023;"Manager";"France";"Digital Marketing & Growth";"2023-12-15";"3-5 years"
202300314;314;2023;"Manager";"Sweden";"Digital Marketing & Growth";"2023-12-15";"10-15 years"
202300315;315;2023;"Non-manager";"Sweden";"Transformation & Change Management";"2023-12-15";"6-9 years"
202300316;316;2023;"Non-manager";"France";"Human Resources";"2023-12-15";"1-2 years"
202300317;317;2023;"Non-manager";"Sweden";"Transformation & Change Management";"2023-12-15";"1-2 years"
202300318;318;2023;"Manager";"France";"Transformation & Change Management";"2023-12-15";"1-2 years"
202300319;319;2023;"Non-manager";"Sweden";"Cybersecurity & Digital Risk";"2023-12-15";"6-9 years"
202300320;320;2023;"Manager";"Spain";"Data & Analytics Consulting";"2023-12-15";"10-15 years"
202300321;321;2023;"Manager";"Sweden";"Human Resources";"2023-12-15";"Less than 1 year"
202300322;322;2023;"Non-manager";"Spain";"Finance & Operations";"2023-12-15";"6-9 years"
202300323;323;2023;"Non-manager";"Germany";"Digital Strategy Consulting";"2023-12-15";"3-5 years"
202300324;324;2023;"Non-manager";"Germany";"Customer Experience & Design";"2023-12-15";"1-2 years"
202300325;325;2023;"Non-manager";"France";"Finance & Operations";"2023-12-15";"3-5 years"
202300326;326;2023;"Non-manager";"Spain";"Finance & Operations";"2023-12-15";"3-5 years"
202300327;327;2023;"Non-manager";"Sweden";"Technology & IT Strategy";"2023-12-15";"6-9 years"
202300328;328;2023;"Non-manager";"Germany";"Digital Marketing & Growth";"2023-12-15";"1-2 years"
202300329;329;2023;"Manager";"France";"Transformation & Change Management";"2023-12-15";"6-9 years"
202300330;330;2023;"Non-manager";"Sweden";"Cybersecurity & Digital Risk";"2023-12-15";"Less than 1 year"
202300331;331;2023;"Non-manager";"Spain";"Digital Strategy Consulting";"2023-12-15";"10-15 years"
202300332;332;2023;"Non-manager";"Sweden";"Digital Marketing & Growth";"2023-12-15";"3-5 years"
202300333;333;2023;"Non-manager";"Germany";"Cybersecurity & Digital Risk";"2023-12-15";"10-15 years"
202300334;334;2023;"Manager";"Germany";"Transformation & Change Management";"2023-12-15";"Less than 1 year"
202300335;335;2023;"Non-manager";"France";"Technology & IT Strategy";"2023-12-15";"1-2 years"
202300336;336;2023;"Manager";"Sweden";"Cybersecurity & Digital Risk";"2023-12-15";"1-2 years"
202300337;337;2023;"Non-manager";"Sweden";"Customer Experience & Design";"2023-12-15";"10-15 years"
202300338;338;2023;"Non-manager";"Sweden";"Finance & Operations";"2023-12-15";"3-5 years"
202300339;339;2023;"Non-manager";"Sweden";"Finance & Operations";"2023-12-15";"15+ years"
202300340;340;2023;"Non-manager";"France";"Technology & IT Strategy";"2023-12-15";"3-5 years"
202300341;341;2023;"Non-manager";"Sweden";"Data & Analytics Consulting";"2023-12-15";"3-5 years"
202300342;342;2023;"Non-manager";"Sweden";"Sales & Business Development";"2023-12-15";"1-2 years"
202300343;343;2023;"Non-manager";"Sweden";"Digital Strategy Consulting";"2023-12-15";"1-2 years"
202300344;344;2023;"Manager";"Germany";"Customer Experience & Design";"2023-12-15";"Less than 1 year"
202300345;345;2023;"Non-manager";"Germany";"Digital Marketing & Growth";"2023-12-15";"1-2 years"
202300346;346;2023;"Manager";"Sweden";"Digital Strategy Consulting";"2023-12-15";"15+ years"
202300347;347;2023;"Non-manager";"Germany";"Digital Strategy Consulting";"2023-12-15";"3-5 years"
202300348;348;2023;"Non-manager";"Spain";"Digital Strategy Consulting";"2023-12-15";"3-5 years"
202300349;349;2023;"Non-manager";"Germany";"Transformation & Change Management";"2023-12-15";"6-9 years"
202300350;350;2023;"Manager";"France";"Customer Experience & Design";"2023-12-15";"6-9 years"
202300351;351;2023;"Manager";"France";"Data & Analytics Consulting";"2023-12-15";"6-9 years"
202300352;352;2023;"Non-manager";"Germany";"Technology & IT Strategy";"2023-12-15";"3-5 years"
202300353;353;2023;"Non-manager";"Spain";"Data & Analytics Consulting";"2023-12-15";"3-5 years"
202300354;354;2023;"Non-manager";"Germany";"Digital Strategy Consulting";"2023-12-15";"10-15 years"
202300355;355;2023;"Non-manager";"Germany";"Cybersecurity & Digital Risk";"2023-12-15";"3-5 years"
202300356;356;2023;"Non-manager";"France";"Transformation & Change Management";"2023-12-15";"1-2 years"
202300357;357;2023;"Non-manager";"Sweden";"Customer Experience & Design";"2023-12-15";"10-15 years"
202300358;358;2023;"Manager";"Sweden";"Sales & Business Development";"2023-12-15";"1-2 years"
202300359;359;2023;"Manager";"Denmark";"Data & Analytics Consulting";"2023-12-15";"1-2 years"
202300360;360;2023;"Non-manager";"Sweden";"Human Resources";"2023-12-15";"1-2 years"
202300361;361;2023;"Non-manager";"Spain";"Customer Experience & Design";"2023-12-15";"3-5 years"
202300362;362;2023;"Non-manager";"Sweden";"Human Resources";"2023-12-15";"1-2 years"
202300363;363;2023;"Non-manager";"France";"Technology & IT Strategy";"2023-12-15";"3-5 years"
202300364;364;2023;"Non-manager";"Sweden";"Transformation & Change Management";"2023-12-15";"10-15 years"
202300365;365;2023;"Non-manager";"Germany";"Customer Experience & Design";"2023-12-15";"15+ years"
202300366;366;2023;"Manager";"Spain";"Digital Strategy Consulting";"2023-12-15";"1-2 years"
202300367;367;2023;"Manager";"Denmark";"Customer Experience & Design";"2023-12-15";"15+ years"
202300368;368;2023;"Non-manager";"Denmark";"Customer Experience & Design";"2023-12-15";"3-5 years"
202300369;369;2023;"Non-manager";"Germany";"Human Resources";"2023-12-15";"1-2 years"
202300370;370;2023;"Non-manager";"Spain";"Customer Experience & Design";"2023-12-15";"10-15 years"
202300371;371;2023;"Non-manager";"Sweden";"Data & Analytics Consulting";"2023-12-15";"Less than 1 year"
202300372;372;2023;"Non-manager";"Germany";"Data & Analytics Consulting";"2023-12-15";"Less than 1 year"
202300373;373;2023;"Non-manager";"Sweden";"Data & Analytics Consulting";"2023-12-15";"3-5 years"
202300374;374;2023;"Manager";"Sweden";"Sales & Business Development";"2023-12-15";"15+ years"
202300375;375;2023;"Non-manager";"Sweden";"Digital Marketing & Growth";"2023-12-15";"3-5 years"
202300376;376;2023;"Non-manager";"Sweden";"Human Resources";"2023-12-15";"6-9 years"
202300377;377;2023;"Non-manager";"Sweden";"Customer Experience & Design";"2023-12-15";"3-5 years"
202300378;378;2023;"Non-manager";"Spain";"Human Resources";"2023-12-15";"10-15 years"
202300379;379;2023;"Manager";"Spain";"Finance & Operations";"2023-12-15";"15+ years"
202300380;380;2023;"Non-manager";"Sweden";"Finance & Operations";"2023-12-15";"1-2 years"
202300381;381;2023;"Non-manager";"Germany";"Cybersecurity & Digital Risk";"2023-12-15";"3-5 years"
202300382;382;2023;"Non-manager";"Sweden";"Data & Analytics Consulting";"2023-12-15";"Less than 1 year"
202300383;383;2023;"Non-manager";"Sweden";"Customer Experience & Design";"2023-12-15";"3-5 years"
202300384;384;2023;"Non-manager";"Spain";"Human Resources";"2023-12-15";"6-9 years"
202300385;385;2023;"Non-manager";"Germany";"Sales & Business Development";"2023-12-15";"3-5 years"
202300386;386;2023;"Manager";"France";"Digital Marketing & Growth";"2023-12-15";"3-5 years"
202300387;387;2023;"Non-manager";"Germany";"Digital Strategy Consulting";"2023-12-15";"3-5 years"
202300388;388;2023;"Manager";"Germany";"Finance & Operations";"2023-12-15";"Less than 1 year"
202300389;389;2023;"Non-manager";"Denmark";"Technology & IT Strategy";"2023-12-15";"3-5 years"
202300390;390;2023;"Non-manager";"Sweden";"Transformation & Change Management";"2023-12-15";"1-2 years"
202300391;391;2023;"Manager";"Spain";"Transformation & Change Management";"2023-12-15";"10-15 years"
202300392;392;2023;"Non-manager";"Sweden";"Transformation & Change Management";"2023-12-15";"10-15 years"
202300393;393;2023;"Non-manager";"Sweden";"Customer Experience & Design";"2023-12-15";"3-5 years"
202300394;394;2023;"Manager";"Sweden";"Data & Analytics Consulting";"2023-12-15";"1-2 years"
202300395;395;2023;"Non-manager";"Germany";"Finance & Operations";"2023-12-15";"1-2 years"
202300396;396;2023;"Non-manager";"France";"Finance & Operations";"2023-12-15";"3-5 years"
202300397;397;2023;"Non-manager";"Sweden";"Human Resources";"2023-12-15";"10-15 years"
202300398;398;2023;"Manager";"Germany";"Transformation & Change Management";"2023-12-15";"6-9 years"
202300399;399;2023;"Non-manager";"France";"Customer Experience & Design";"2023-12-15";"Less than 1 year"
202300400;400;2023;"Non-manager";"Sweden";"Digital Strategy Consulting";"2023-12-15";"6-9 years"
202300401;401;2023;"Non-manager";"France";"Transformation & Change Management";"2023-12-15";"6-9 years"
202300402;402;2023;"Non-manager";"France";"Technology & IT Strategy";"2023-12-15";"6-9 years"
202300403;403;2023;"Non-manager";"France";"Customer Experience & Design";"2023-12-15";"3-5 years"
202300404;404;2023;"Non-manager";"Sweden";"Sales & Business Development";"2023-12-15";"10-15 years"
202300405;405;2023;"Non-manager";"Germany";"Data & Analytics Consulting";"2023-12-15";"10-15 years"
202300406;406;2023;"Manager";"Sweden";"Data & Analytics Consulting";"2023-12-15";"1-2 years"
202300407;407;2023;"Manager";"Sweden";"Data & Analytics Consulting";"2023-12-15";"10-15 years"
202300408;408;2023;"Non-manager";"Germany";"Digital Strategy Consulting";"2023-12-15";"1-2 years"
202300409;409;2023;"Manager";"Sweden";"Transformation & Change Management";"2023-12-15";"1-2 years"
202300410;410;2023;"Non-manager";"France";"Digital Strategy Consulting";"2023-12-15";"3-5 years"
202300411;411;2023;"Non-manager";"Sweden";"Technology & IT Strategy";"2023-12-15";"10-15 years"
202300412;412;2023;"Manager";"Sweden";"Finance & Operations";"2023-12-15";"10-15 years"
202300413;413;2023;"Non-manager";"Sweden";"Transformation & Change Management";"2023-12-15";"10-15 years"
202300414;414;2023;"Non-manager";"France";"Sales & Business Development";"2023-12-15";"10-15 years"
202300415;415;2023;"Non-manager";"Denmark";"Cybersecurity & Digital Risk";"2023-12-15";"3-5 years"
202300416;416;2023;"Non-manager";"Sweden";"Transformation & Change Management";"2023-12-15";"3-5 years"
202300417;417;2023;"Non-manager";"Denmark";"Transformation & Change Management";"2023-12-15";"3-5 years"
202300418;418;2023;"Non-manager";"Sweden";"Transformation & Change Management";"2023-12-15";"3-5 years"
202300419;419;2023;"Non-manager";"France";"Technology & IT Strategy";"2023-12-15";"3-5 years"
202300420;420;2023;"Non-manager";"Sweden";"Technology & IT Strategy";"2023-12-15";"10-15 years"
202300421;421;2023;"Manager";"Sweden";"Human Resources";"2023-12-15";"6-9 years"
202300422;422;2023;"Manager";"Denmark";"Digital Strategy Consulting";"2023-12-15";"Less than 1 year"
202300423;423;2023;"Non-manager";"Sweden";"Transformation & Change Management";"2023-12-15";"3-5 years"
202300424;424;2023;"Manager";"Sweden";"Digital Strategy Consulting";"2023-12-15";"3-5 years"
202300425;425;2023;"Manager";"Germany";"Sales & Business Development";"2023-12-15";"10-15 years"
202300426;426;2023;"Non-manager";"Sweden";"Transformation & Change Management";"2023-12-15";"3-5 years"
202300427;427;2023;"Manager";"Sweden";"Digital Marketing & Growth";"2023-12-15";"3-5 years"
202300428;428;2023;"Non-manager";"Spain";"Digital Marketing & Growth";"2023-12-15";"3-5 years"
202300429;429;2023;"Non-manager";"Sweden";"Technology & IT Strategy";"2023-12-15";"1-2 years"
202300430;430;2023;"Non-manager";"Sweden";"Digital Strategy Consulting";"2023-12-15";"3-5 years"
202300431;431;2023;"Non-manager";"Sweden";"Data & Analytics Consulting";"2023-12-15";"Less than 1 year"
202300432;432;2023;"Manager";"Denmark";"Data & Analytics Consulting";"2023-12-15";"1-2 years"
202300433;433;2023;"Non-manager";"Denmark";"Digital Marketing & Growth";"2023-12-15";"1-2 years"
202300434;434;2023;"Non-manager";"Sweden";"Cybersecurity & Digital Risk";"2023-12-15";"3-5 years"
202300435;435;2023;"Non-manager";"Denmark";"Digital Strategy Consulting";"2023-12-15";"6-9 years"
202300436;436;2023;"Non-manager";"Sweden";"Technology & IT Strategy";"2023-12-15";"6-9 years"
202300437;437;2023;"Manager";"Sweden";"Transformation & Change Management";"2023-12-15";"10-15 years"
202300438;438;2023;"Non-manager";"Germany";"Customer Experience & Design";"2023-12-15";"1-2 years"
202300439;439;2023;"Non-manager";"Sweden";"Cybersecurity & Digital Risk";"2023-12-15";"3-5 years"
202300440;440;2023;"Non-manager";"Sweden";"Technology & IT Strategy";"2023-12-15";"3-5 years"
202300441;441;2023;"Non-manager";"Germany";"Digital Strategy Consulting";"2023-12-15";"1-2 years"
202300442;442;2023;"Manager";"Germany";"Human Resources";"2023-12-15";"3-5 years"
202300443;443;2023;"Non-manager";"France";"Data & Analytics Consulting";"2023-12-15";"3-5 years"
202300444;444;2023;"Non-manager";"France";"Data & Analytics Consulting";"2023-12-15";"3-5 years"
202300445;445;2023;"Non-manager";"Denmark";"Cybersecurity & Digital Risk";"2023-12-15";"10-15 years"
202300446;446;2023;"Non-manager";"France";"Human Resources";"2023-12-15";"1-2 years"
202300447;447;2023;"Manager";"Sweden";"Technology & IT Strategy";"2023-12-15";"15+ years"
202300448;448;2023;"Non-manager";"Germany";"Finance & Operations";"2023-12-15";"3-5 years"
202300449;449;2023;"Manager";"Denmark";"Cybersecurity & Digital Risk";"2023-12-15";"10-15 years"
202300450;450;2023;"Non-manager";"Germany";"Digital Strategy Consulting";"2023-12-15";"6-9 years"
202300451;451;2023;"Manager";"Sweden";"Digital Strategy Consulting";"2023-12-15";"3-5 years"
202300452;452;2023;"Non-manager";"Sweden";"Transformation & Change Management";"2023-12-15";"15+ years"
202300453;453;2023;"Non-manager";"France";"Customer Experience & Design";"2023-12-15";"10-15 years"
202300454;454;2023;"Non-manager";"Sweden";"Digital Strategy Consulting";"2023-12-15";"Less than 1 year"
202300455;455;2023;"Non-manager";"Sweden";"Digital Strategy Consulting";"2023-12-15";"6-9 years"
202300456;456;2023;"Non-manager";"Spain";"Transformation & Change Management";"2023-12-15";"1-2 years"
202300457;457;2023;"Non-manager";"Sweden";"Technology & IT Strategy";"2023-12-15";"6-9 years"
202300458;458;2023;"Non-manager";"France";"Cybersecurity & Digital Risk";"2023-12-15";"10-15 years"
202300459;459;2023;"Non-manager";"Denmark";"Customer Experience & Design";"2023-12-15";"1-2 years"
202300460;460;2023;"Non-manager";"Germany";"Cybersecurity & Digital Risk";"2023-12-15";"3-5 years"
202300461;461;2023;"Manager";"Germany";"Data & Analytics Consulting";"2023-12-15";"3-5 years"
202300462;462;2023;"Non-manager";"Sweden";"Digital Marketing & Growth";"2023-12-15";"Less than 1 year"
202300463;463;2023;"Manager";"France";"Digital Marketing & Growth";"2023-12-15";"1-2 years"
202300464;464;2023;"Non-manager";"Sweden";"Technology & IT Strategy";"2023-12-15";"10-15 years"
202300465;465;2023;"Non-manager";"Denmark";"Cybersecurity & Digital Risk";"2023-12-15";"6-9 years"
202300466;466;2023;"Non-manager";"France";"Data & Analytics Consulting";"2023-12-15";"Less than 1 year"
202300467;467;2023;"Manager";"France";"Digital Strategy Consulting";"2023-12-15";"3-5 years"
202300468;468;2023;"Manager";"Spain";"Sales & Business Development";"2023-12-15";"1-2 years"
202300469;469;2023;"Non-manager";"Sweden";"Digital Strategy Consulting";"2023-12-15";"Less than 1 year"
202300470;470;2023;"Non-manager";"Sweden";"Finance & Operations";"2023-12-15";"3-5 years"
202300471;471;2023;"Non-manager";"Spain";"Digital Marketing & Growth";"2023-12-15";"Less than 1 year"
202300472;472;2023;"Non-manager";"Sweden";"Digital Marketing & Growth";"2023-12-15";"1-2 years"
202300473;473;2023;"Non-manager";"Denmark";"Cybersecurity & Digital Risk";"2023-12-15";"1-2 years"
202300474;474;2023;"Non-manager";"Germany";"Digital Strategy Consulting";"2023-12-15";"1-2 years"
202300475;475;2023;"Non-manager";"France";"Customer Experience & Design";"2023-12-15";"1-2 years"
202300476;476;2023;"Non-manager";"Denmark";"Digital Strategy Consulting";"2023-12-15";"3-5 years"
202300477;477;2023;"Manager";"Germany";"Digital Strategy Consulting";"2023-12-15";"10-15 years"
202300478;478;2023;"Non-manager";"Sweden";"Human Resources";"2023-12-15";"Less than 1 year"
202300479;479;2023;"Manager";"France";"Digital Strategy Consulting";"2023-12-15";"Less than 1 year"
202300480;480;2023;"Non-manager";"Spain";"Technology & IT Strategy";"2023-12-15";"3-5 years"
202300481;481;2023;"Manager";"Sweden";"Cybersecurity & Digital Risk";"2023-12-15";"3-5 years"
202300482;482;2023;"Manager";"Sweden";"Technology & IT Strategy";"2023-12-15";"6-9 years"
202300483;483;2023;"Non-manager";"Germany";"Technology & IT Strategy";"2023-12-15";"3-5 years"
202300484;484;2023;"Manager";"Sweden";"Sales & Business Development";"2023-12-15";"Less than 1 year"
202300485;485;2023;"Manager";"Sweden";"Finance & Operations";"2023-12-15";"10-15 years"
202300486;486;2023;"Non-manager";"Sweden";"Data & Analytics Consulting";"2023-12-15";"10-15 years"
202300487;487;2023;"Manager";"Sweden";"Transformation & Change Management";"2023-12-15";"3-5 years"
202300488;488;2023;"Manager";"Sweden";"Sales & Business Development";"2023-12-15";"1-2 years"
202300489;489;2023;"Non-manager";"France";"Finance & Operations";"2023-12-15";"Less than 1 year"
202300490;490;2023;"Non-manager";"Sweden";"Sales & Business Development";"2023-12-15";"3-5 years"
202300491;491;2023;"Non-manager";"Sweden";"Cybersecurity & Digital Risk";"2023-12-15";"Less than 1 year"
202300492;492;2023;"Non-manager";"Sweden";"Sales & Business Development";"2023-12-15";"1-2 years"
202300493;493;2023;"Non-manager";"Denmark";"Data & Analytics Consulting";"2023-12-15";"1-2 years"
202300494;494;2023;"Manager";"Germany";"Customer Experience & Design";"2023-12-15";"Less than 1 year"
202300495;495;2023;"Non-manager";"Sweden";"Sales & Business Development";"2023-12-15";"1-2 years"
202300496;496;2023;"Non-manager";"Spain";"Data & Analytics Consulting";"2023-12-15";"Less than 1 year"
202300497;497;2023;"Non-manager";"Sweden";"Transformation & Change Management";"2023-12-15";"1-2 years"
202300498;498;2023;"Non-manager";"Sweden";"Customer Experience & Design";"2023-12-15";"1-2 years"
202300499;499;2023;"Non-manager";"France";"Technology & IT Strategy";"2023-12-15";"1-2 years"
202300500;500;2023;"Non-manager";"France";"Data & Analytics Consulting";"2023-12-15";"3-5 years"
202300501;501;2023;"Non-manager";"France";"Data & Analytics Consulting";"2023-12-15";"10-15 years"
202300502;502;2023;"Non-manager";"Sweden";"Finance & Operations";"2023-12-15";"3-5 years"
202300503;503;2023;"Manager";"France";"Data & Analytics Consulting";"2023-12-15";"1-2 years"
202300504;504;2023;"Non-manager";"Sweden";"Cybersecurity & Digital Risk";"2023-12-15";"3-5 years"
202300505;505;2023;"Manager";"France";"Transformation & Change Management";"2023-12-15";"15+ years"
202300506;506;2023;"Non-manager";"France";"Human Resources";"2023-12-15";"1-2 years"
202300507;507;2023;"Manager";"Denmark";"Digital Strategy Consulting";"2023-12-15";"1-2 years"
202300508;508;2023;"Manager";"Spain";"Customer Experience & Design";"2023-12-15";"Less than 1 year"
202300509;509;2023;"Non-manager";"Sweden";"Data & Analytics Consulting";"2023-12-15";"10-15 years"
202300510;510;2023;"Manager";"Germany";"Finance & Operations";"2023-12-15";"Less than 1 year"
202300511;511;2023;"Non-manager";"Denmark";"Technology & IT Strategy";"2023-12-15";"10-15 years"
202300512;512;2023;"Non-manager";"France";"Human Resources";"2023-12-15";"1-2 years"
202300513;513;2023;"Non-manager";"Germany";"Technology & IT Strategy";"2023-12-15";"3-5 years"
202300514;514;2023;"Non-manager";"Germany";"Finance & Operations";"2023-12-15";"1-2 years"
202300515;515;2023;"Non-manager";"Spain";"Digital Strategy Consulting";"2023-12-15";"6-9 years"
202300516;516;2023;"Non-manager";"Sweden";"Cybersecurity & Digital Risk";"2023-12-15";"3-5 years"
202300517;517;2023;"Manager";"Spain";"Technology & IT Strategy";"2023-12-15";"3-5 years"
202300518;518;2023;"Manager";"Sweden";"Human Resources";"2023-12-15";"10-15 years"
202300519;519;2023;"Manager";"Sweden";"Digital Strategy Consulting";"2023-12-15";"3-5 years"
202300520;520;2023;"Non-manager";"Germany";"Customer Experience & Design";"2023-12-15";"1-2 years"
202300521;521;2023;"Non-manager";"Germany";"Transformation & Change Management";"2023-12-15";"Less than 1 year"
202300522;522;2023;"Non-manager";"Sweden";"Digital Marketing & Growth";"2023-12-15";"3-5 years"
202300523;523;2023;"Non-manager";"Germany";"Transformation & Change Management";"2023-12-15";"1-2 years"
202300524;524;2023;"Manager";"Germany";"Digital Strategy Consulting";"2023-12-15";"1-2 years"
202300525;525;2023;"Non-manager";"Sweden";"Cybersecurity & Digital Risk";"2023-12-15";"3-5 years"
202300526;526;2023;"Non-manager";"Germany";"Digital Marketing & Growth";"2023-12-15";"3-5 years"
202300527;527;2023;"Manager";"Denmark";"Digital Marketing & Growth";"2023-12-15";"6-9 years"
202300528;528;2023;"Non-manager";"France";"Cybersecurity & Digital Risk";"2023-12-15";"3-5 years"
202300529;529;2023;"Manager";"Sweden";"Technology & IT Strategy";"2023-12-15";"Less than 1 year"
202300530;530;2023;"Non-manager";"Sweden";"Digital Strategy Consulting";"2023-12-15";"10-15 years"
202300531;531;2023;"Non-manager";"Sweden";"Digital Marketing & Growth";"2023-12-15";"3-5 years"
202300532;532;2023;"Manager";"Sweden";"Digital Marketing & Growth";"2023-12-15";"Less than 1 year"
202300533;533;2023;"Non-manager";"France";"Digital Marketing & Growth";"2023-12-15";"1-2 years"
202300534;534;2023;"Non-manager";"Denmark";"Cybersecurity & Digital Risk";"2023-12-15";"3-5 years"
202300535;535;2023;"Non-manager";"France";"Technology & IT Strategy";"2023-12-15";"Less than 1 year"
202300536;536;2023;"Non-manager";"Sweden";"Finance & Operations";"2023-12-15";"3-5 years"
202300537;537;2023;"Manager";"Germany";"Finance & Operations";"2023-12-15";"3-5 years"
202300538;538;2023;"Non-manager";"Sweden";"Technology & IT Strategy";"2023-12-15";"10-15 years"
202300539;539;2023;"Non-manager";"Sweden";"Cybersecurity & Digital Risk";"2023-12-15";"Less than 1 year"
202300540;540;2023;"Non-manager";"Germany";"Sales & Business Development";"2023-12-15";"6-9 years"
202300541;541;2023;"Manager";"Germany";"Data & Analytics Consulting";"2023-12-15";"6-9 years"
202300542;542;2023;"Non-manager";"France";"Technology & IT Strategy";"2023-12-15";"1-2 years"
202300543;543;2023;"Non-manager";"Spain";"Technology & IT Strategy";"2023-12-15";"10-15 years"
202300544;544;2023;"Manager";"Sweden";"Sales & Business Development";"2023-12-15";"10-15 years"
202300545;545;2023;"Manager";"France";"Sales & Business Development";"2023-12-15";"6-9 years"
202300546;546;2023;"Manager";"Sweden";"Digital Strategy Consulting";"2023-12-15";"1-2 years"
202300547;547;2023;"Non-manager";"Germany";"Digital Strategy Consulting";"2023-12-15";"3-5 years"
202300548;548;2023;"Manager";"Denmark";"Digital Marketing & Growth";"2023-12-15";"3-5 years"
202300549;549;2023;"Non-manager";"Sweden";"Sales & Business Development";"2023-12-15";"3-5 years"
202300550;550;2023;"Non-manager";"Sweden";"Technology & IT Strategy";"2023-12-15";"3-5 years"
202300551;551;2023;"Non-manager";"Sweden";"Data & Analytics Consulting";"2023-12-15";"3-5 years"
202300552;552;2023;"Non-manager";"Spain";"Transformation & Change Management";"2023-12-15";"1-2 years"
202300553;553;2023;"Non-manager";"Sweden";"Sales & Business Development";"2023-12-15";"3-5 years"
202300554;554;2023;"Non-manager";"Sweden";"Digital Strategy Consulting";"2023-12-15";"6-9 years"
202300555;555;2023;"Manager";"France";"Finance & Operations";"2023-12-15";"1-2 years"
202300556;556;2023;"Manager";"Denmark";"Customer Experience & Design";"2023-12-15";"1-2 years"
202300557;557;2023;"Non-manager";"Spain";"Transformation & Change Management";"2023-12-15";"1-2 years"
202300558;558;2023;"Manager";"Sweden";"Data & Analytics Consulting";"2023-12-15";"3-5 years"
202300559;559;2023;"Non-manager";"Sweden";"Finance & Operations";"2023-12-15";"10-15 years"
202300560;560;2023;"Non-manager";"Denmark";"Finance & Operations";"2023-12-15";"1-2 years"
202300561;561;2023;"Non-manager";"France";"Finance & Operations";"2023-12-15";"3-5 years"
202300562;562;2023;"Non-manager";"Sweden";"Sales & Business Development";"2023-12-15";"1-2 years"
202300563;563;2023;"Non-manager";"France";"Transformation & Change Management";"2023-12-15";"1-2 years"
202300564;564;2023;"Non-manager";"Germany";"Customer Experience & Design";"2023-12-15";"1-2 years"
202300565;565;2023;"Non-manager";"Spain";"Digital Strategy Consulting";"2023-12-15";"3-5 years"
202300566;566;2023;"Non-manager";"Sweden";"Customer Experience & Design";"2023-12-15";"3-5 years"
202300567;567;2023;"Manager";"Denmark";"Technology & IT Strategy";"2023-12-15";"1-2 years"
202300568;568;2023;"Non-manager";"France";"Digital Marketing & Growth";"2023-12-15";"6-9 years"
202300569;569;2023;"Non-manager";"Sweden";"Transformation & Change Management";"2023-12-15";"3-5 years"
202300570;570;2023;"Non-manager";"Spain";"Data & Analytics Consulting";"2023-12-15";"10-15 years"
202300571;571;2023;"Manager";"Sweden";"Data & Analytics Consulting";"2023-12-15";"1-2 years"
202300572;572;2023;"Non-manager";"France";"Cybersecurity & Digital Risk";"2023-12-15";"1-2 years"
202300573;573;2023;"Non-manager";"Denmark";"Customer Experience & Design";"2023-12-15";"1-2 years"
202300574;574;2023;"Non-manager";"France";"Technology & IT Strategy";"2023-12-15";"3-5 years"
202300575;575;2023;"Non-manager";"Sweden";"Digital Strategy Consulting";"2023-12-15";"3-5 years"
202300576;576;2023;"Non-manager";"Sweden";"Digital Strategy Consulting";"2023-12-15";"Less than 1 year"
202300577;577;2023;"Non-manager";"Denmark";"Cybersecurity & Digital Risk";"2023-12-15";"1-2 years"
202300578;578;2023;"Non-manager";"Germany";"Finance & Operations";"2023-12-15";"1-2 years"
202300579;579;2023;"Non-manager";"Denmark";"Finance & Operations";"2023-12-15";"1-2 years"
202300580;580;2023;"Manager";"Denmark";"Finance & Operations";"2023-12-15";"3-5 years"
202300581;581;2023;"Manager";"Sweden";"Human Resources";"2023-12-15";"6-9 years"
202300582;582;2023;"Non-manager";"France";"Digital Strategy Consulting";"2023-12-15";"3-5 years"
202300583;583;2023;"Non-manager";"Sweden";"Digital Strategy Consulting";"2023-12-15";"3-5 years"
202300584;584;2023;"Non-manager";"Sweden";"Data & Analytics Consulting";"2023-12-15";"3-5 years"
202300585;585;2023;"Non-manager";"Sweden";"Transformation & Change Management";"2023-12-15";"15+ years"
202300586;586;2023;"Non-manager";"Denmark";"Customer Experience & Design";"2023-12-15";"1-2 years"
202300587;587;2023;"Non-manager";"Spain";"Transformation & Change Management";"2023-12-15";"1-2 years"
202300588;588;2023;"Non-manager";"Spain";"Technology & IT Strategy";"2023-12-15";"6-9 years"
202300589;589;2023;"Manager";"Sweden";"Finance & Operations";"2023-12-15";"3-5 years"
202300590;590;2023;"Manager";"Sweden";"Finance & Operations";"2023-12-15";"10-15 years"
202300591;591;2023;"Non-manager";"Spain";"Data & Analytics Consulting";"2023-12-15";"3-5 years"
202300592;592;2023;"Non-manager";"Germany";"Technology & IT Strategy";"2023-12-15";"Less than 1 year"
202300593;593;2023;"Non-manager";"Denmark";"Finance & Operations";"2023-12-15";"3-5 years"
202300594;594;2023;"Non-manager";"France";"Customer Experience & Design";"2023-12-15";"1-2 years"
202300595;595;2023;"Non-manager";"Denmark";"Digital Marketing & Growth";"2023-12-15";"3-5 years"
202300596;596;2023;"Manager";"Germany";"Data & Analytics Consulting";"2023-12-15";"6-9 years"
202300597;597;2023;"Manager";"France";"Transformation & Change Management";"2023-12-15";"15+ years"
202300598;598;2023;"Manager";"Sweden";"Finance & Operations";"2023-12-15";"1-2 years"
202300599;599;2023;"Non-manager";"Sweden";"Digital Strategy Consulting";"2023-12-15";"3-5 years"
202300600;600;2023;"Manager";"Sweden";"Technology & IT Strategy";"2023-12-15";"1-2 years"
202300601;601;2023;"Non-manager";"Sweden";"Cybersecurity & Digital Risk";"2023-12-15";"1-2 years"
202300602;602;2023;"Non-manager";"Sweden";"Technology & IT Strategy";"2023-12-15";"3-5 years"
202300603;603;2023;"Non-manager";"Denmark";"Digital Strategy Consulting";"2023-12-15";"1-2 years"
202300604;604;2023;"Manager";"Spain";"Customer Experience & Design";"2023-12-15";"Less than 1 year"
202300605;605;2023;"Non-manager";"Sweden";"Data & Analytics Consulting";"2023-12-15";"1-2 years"
202300606;606;2023;"Non-manager";"Sweden";"Digital Strategy Consulting";"2023-12-15";"3-5 years"
202300607;607;2023;"Non-manager";"Sweden";"Finance & Operations";"2023-12-15";"3-5 years"
202300608;608;2023;"Non-manager";"Sweden";"Customer Experience & Design";"2023-12-15";"6-9 years"
202300609;609;2023;"Manager";"Germany";"Digital Strategy Consulting";"2023-12-15";"Less than 1 year"
202300610;610;2023;"Non-manager";"Sweden";"Digital Strategy Consulting";"2023-12-15";"15+ years"
202300611;611;2023;"Non-manager";"Sweden";"Cybersecurity & Digital Risk";"2023-12-15";"3-5 years"
202300612;612;2023;"Non-manager";"Sweden";"Digital Marketing & Growth";"2023-12-15";"3-5 years"
202300613;613;2023;"Non-manager";"Germany";"Data & Analytics Consulting";"2023-12-15";"3-5 years"
202300614;614;2023;"Non-manager";"Germany";"Digital Strategy Consulting";"2023-12-15";"1-2 years"
202300615;615;2023;"Manager";"Sweden";"Digital Strategy Consulting";"2023-12-15";"1-2 years"
202300616;616;2023;"Non-manager";"France";"Transformation & Change Management";"2023-12-15";"6-9 years"
202300617;617;2023;"Non-manager";"Denmark";"Digital Strategy Consulting";"2023-12-15";"10-15 years"
202300618;618;2023;"Non-manager";"Sweden";"Customer Experience & Design";"2023-12-15";"3-5 years"
202300619;619;2023;"Non-manager";"France";"Digital Marketing & Growth";"2023-12-15";"Less than 1 year"
202300620;620;2023;"Non-manager";"Sweden";"Data & Analytics Consulting";"2023-12-15";"6-9 years"
202300621;621;2023;"Non-manager";"Germany";"Data & Analytics Consulting";"2023-12-15";"3-5 years"
202300622;622;2023;"Manager";"Spain";"Data & Analytics Consulting";"2023-12-15";"3-5 years"
202300623;623;2023;"Non-manager";"Spain";"Technology & IT Strategy";"2023-12-15";"1-2 years"
202300624;624;2023;"Non-manager";"Spain";"Digital Strategy Consulting";"2023-12-15";"3-5 years"
202300625;625;2023;"Non-manager";"Sweden";"Digital Strategy Consulting";"2023-12-15";"Less than 1 year"
202300626;626;2023;"Non-manager";"France";"Data & Analytics Consulting";"2023-12-15";"6-9 years"
202300627;627;2023;"Non-manager";"Sweden";"Finance & Operations";"2023-12-15";"3-5 years"
202300628;628;2023;"Non-manager";"Sweden";"Digital Strategy Consulting";"2023-12-15";"1-2 years"
202300629;629;2023;"Non-manager";"Spain";"Transformation & Change Management";"2023-12-15";"6-9 years"
202300630;630;2023;"Non-manager";"Sweden";"Finance & Operations";"2023-12-15";"1-2 years"
202300631;631;2023;"Non-manager";"Germany";"Technology & IT Strategy";"2023-12-15";"6-9 years"
202300632;632;2023;"Non-manager";"Sweden";"Customer Experience & Design";"2023-12-15";"3-5 years"
202300633;633;2023;"Non-manager";"Germany";"Data & Analytics Consulting";"2023-12-15";"10-15 years"
202300634;634;2023;"Manager";"France";"Data & Analytics Consulting";"2023-12-15";"3-5 years"
202300635;635;2023;"Non-manager";"Sweden";"Finance & Operations";"2023-12-15";"1-2 years"
202300636;636;2023;"Manager";"Sweden";"Digital Marketing & Growth";"2023-12-15";"15+ years"
202300637;637;2023;"Manager";"Sweden";"Digital Marketing & Growth";"2023-12-15";"15+ years"
202300638;638;2023;"Non-manager";"Sweden";"Human Resources";"2023-12-15";"3-5 years"
202300639;639;2023;"Non-manager";"Germany";"Data & Analytics Consulting";"2023-12-15";"1-2 years"
202300640;640;2023;"Non-manager";"France";"Cybersecurity & Digital Risk";"2023-12-15";"3-5 years"
202300641;641;2023;"Manager";"Sweden";"Finance & Operations";"2023-12-15";"6-9 years"
202300642;642;2023;"Manager";"Sweden";"Digital Strategy Consulting";"2023-12-15";"3-5 years"
202300643;643;2023;"Non-manager";"Sweden";"Customer Experience & Design";"2023-12-15";"Less than 1 year"
202300644;644;2023;"Non-manager";"Sweden";"Transformation & Change Management";"2023-12-15";"3-5 years"
202300645;645;2023;"Non-manager";"Sweden";"Digital Marketing & Growth";"2023-12-15";"15+ years"
202300646;646;2023;"Non-manager";"Denmark";"Data & Analytics Consulting";"2023-12-15";"6-9 years"
202300647;647;2023;"Non-manager";"Sweden";"Digital Marketing & Growth";"2023-12-15";"Less than 1 year"
202300648;648;2023;"Non-manager";"Denmark";"Finance & Operations";"2023-12-15";"3-5 years"
202300649;649;2023;"Non-manager";"France";"Data & Analytics Consulting";"2023-12-15";"3-5 years"
202300650;650;2023;"Non-manager";"Denmark";"Sales & Business Development";"2023-12-15";"3-5 years"
202300651;651;2023;"Non-manager";"Sweden";"Digital Strategy Consulting";"2023-12-15";"3-5 years"
202300652;652;2023;"Manager";"Spain";"Data & Analytics Consulting";"2023-12-15";"1-2 years"
202300653;653;2023;"Manager";"Denmark";"Customer Experience & Design";"2023-12-15";"1-2 years"
202300654;654;2023;"Non-manager";"Denmark";"Sales & Business Development";"2023-12-15";"1-2 years"
202300655;655;2023;"Non-manager";"Germany";"Digital Strategy Consulting";"2023-12-15";"Less than 1 year"
202300656;656;2023;"Manager";"Germany";"Finance & Operations";"2023-12-15";"10-15 years"
202300657;657;2023;"Manager";"Sweden";"Digital Strategy Consulting";"2023-12-15";"Less than 1 year"
202300658;658;2023;"Manager";"Denmark";"Digital Strategy Consulting";"2023-12-15";"6-9 years"
202300659;659;2023;"Non-manager";"Sweden";"Cybersecurity & Digital Risk";"2023-12-15";"3-5 years"
202300660;660;2023;"Non-manager";"France";"Technology & IT Strategy";"2023-12-15";"1-2 years"
202300661;661;2023;"Non-manager";"France";"Digital Marketing & Growth";"2023-12-15";"3-5 years"
202300662;662;2023;"Non-manager";"France";"Digital Strategy Consulting";"2023-12-15";"1-2 years"
202300663;663;2023;"Non-manager";"Germany";"Digital Marketing & Growth";"2023-12-15";"3-5 years"
202300664;664;2023;"Non-manager";"Sweden";"Transformation & Change Management";"2023-12-15";"3-5 years"
202300665;665;2023;"Manager";"Denmark";"Transformation & Change Management";"2023-12-15";"6-9 years"
202300666;666;2023;"Non-manager";"Denmark";"Sales & Business Development";"2023-12-15";"10-15 years"
202300667;667;2023;"Manager";"Spain";"Digital Strategy Consulting";"2023-12-15";"15+ years"
202300668;668;2023;"Non-manager";"Sweden";"Digital Strategy Consulting";"2023-12-15";"Less than 1 year"
202300669;669;2023;"Manager";"Spain";"Cybersecurity & Digital Risk";"2023-12-15";"Less than 1 year"
202300670;670;2023;"Non-manager";"France";"Digital Strategy Consulting";"2023-12-15";"3-5 years"
202300671;671;2023;"Non-manager";"Sweden";"Technology & IT Strategy";"2023-12-15";"1-2 years"
202300672;672;2023;"Non-manager";"Sweden";"Transformation & Change Management";"2023-12-15";"3-5 years"
202300673;673;2023;"Manager";"France";"Digital Strategy Consulting";"2023-12-15";"3-5 years"
202300674;674;2023;"Non-manager";"France";"Transformation & Change Management";"2023-12-15";"3-5 years"
202300675;675;2023;"Manager";"Germany";"Data & Analytics Consulting";"2023-12-15";"3-5 years"
202300676;676;2023;"Non-manager";"Sweden";"Data & Analytics Consulting";"2023-12-15";"3-5 years"
202300677;677;2023;"Non-manager";"France";"Digital Strategy Consulting";"2023-12-15";"1-2 years"
202300678;678;2023;"Non-manager";"France";"Transformation & Change Management";"2023-12-15";"6-9 years"
202300679;679;2023;"Non-manager";"Sweden";"Digital Strategy Consulting";"2023-12-15";"3-5 years"
202300680;680;2023;"Non-manager";"France";"Digital Strategy Consulting";"2023-12-15";"3-5 years"
202300681;681;2023;"Non-manager";"Sweden";"Finance & Operations";"2023-12-15";"1-2 years"
202300682;682;2023;"Non-manager";"Spain";"Customer Experience & Design";"2023-12-15";"6-9 years"
202300683;683;2023;"Non-manager";"Sweden";"Digital Strategy Consulting";"2023-12-15";"3-5 years"
202300684;684;2023;"Non-manager";"Denmark";"Digital Strategy Consulting";"2023-12-15";"1-2 years"
202300685;685;2023;"Non-manager";"Spain";"Data & Analytics Consulting";"2023-12-15";"Less than 1 year"
202300686;686;2023;"Non-manager";"Spain";"Digital Strategy Consulting";"2023-12-15";"3-5 years"
202300687;687;2023;"Non-manager";"Sweden";"Customer Experience & Design";"2023-12-15";"3-5 years"
202300688;688;2023;"Non-manager";"France";"Customer Experience & Design";"2023-12-15";"Less than 1 year"
202300689;689;2023;"Non-manager";"France";"Data & Analytics Consulting";"2023-12-15";"6-9 years"
202300690;690;2023;"Non-manager";"Spain";"Transformation & Change Management";"2023-12-15";"3-5 years"
202300691;691;2023;"Non-manager";"Spain";"Sales & Business Development";"2023-12-15";"6-9 years"
202300692;692;2023;"Non-manager";"Germany";"Sales & Business Development";"2023-12-15";"3-5 years"
202300693;693;2023;"Non-manager";"Germany";"Technology & IT Strategy";"2023-12-15";"3-5 years"
202300694;694;2023;"Manager";"France";"Transformation & Change Management";"2023-12-15";"3-5 years"
202300695;695;2023;"Non-manager";"Denmark";"Digital Marketing & Growth";"2023-12-15";"1-2 years"
202300696;696;2023;"Non-manager";"Sweden";"Customer Experience & Design";"2023-12-15";"1-2 years"
202300697;697;2023;"Non-manager";"France";"Digital Marketing & Growth";"2023-12-15";"10-15 years"
202300698;698;2023;"Non-manager";"Sweden";"Customer Experience & Design";"2023-12-15";"1-2 years"
202300699;699;2023;"Non-manager";"Sweden";"Transformation & Change Management";"2023-12-15";"3-5 years"
202300700;700;2023;"Manager";"Sweden";"Finance & Operations";"2023-12-15";"Less than 1 year"
202300701;701;2023;"Non-manager";"Sweden";"Technology & IT Strategy";"2023-12-15";"6-9 years"
202300702;702;2023;"Manager";"Sweden";"Cybersecurity & Digital Risk";"2023-12-15";"6-9 years"
202300703;703;2023;"Manager";"Sweden";"Human Resources";"2023-12-15";"6-9 years"
202300704;704;2023;"Non-manager";"Sweden";"Customer Experience & Design";"2023-12-15";"Less than 1 year"
202300705;705;2023;"Manager";"Sweden";"Transformation & Change Management";"2023-12-15";"6-9 years"
202300706;706;2023;"Non-manager";"France";"Digital Strategy Consulting";"2023-12-15";"1-2 years"
202300707;707;2023;"Manager";"Germany";"Digital Strategy Consulting";"2023-12-15";"6-9 years"
202300708;708;2023;"Non-manager";"Denmark";"Technology & IT Strategy";"2023-12-15";"6-9 years"
202300709;709;2023;"Manager";"France";"Finance & Operations";"2023-12-15";"10-15 years"
202300710;710;2023;"Non-manager";"Sweden";"Finance & Operations";"2023-12-15";"Less than 1 year"
202300711;711;2023;"Manager";"Sweden";"Transformation & Change Management";"2023-12-15";"6-9 years"
202300712;712;2023;"Non-manager";"Sweden";"Finance & Operations";"2023-12-15";"3-5 years"
202300713;713;2023;"Non-manager";"Sweden";"Transformation & Change Management";"2023-12-15";"3-5 years"
202300714;714;2023;"Non-manager";"Germany";"Data & Analytics Consulting";"2023-12-15";"3-5 years"
202300715;715;2023;"Non-manager";"Denmark";"Digital Marketing & Growth";"2023-12-15";"1-2 years"
202300716;716;2023;"Non-manager";"Denmark";"Technology & IT Strategy";"2023-12-15";"1-2 years"
202300717;717;2023;"Non-manager";"Sweden";"Technology & IT Strategy";"2023-12-15";"3-5 years"
202300718;718;2023;"Manager";"Sweden";"Technology & IT Strategy";"2023-12-15";"1-2 years"
202300719;719;2023;"Non-manager";"France";"Technology & IT Strategy";"2023-12-15";"Less than 1 year"
202300720;720;2023;"Non-manager";"Germany";"Sales & Business Development";"2023-12-15";"3-5 years"
202300721;721;2023;"Manager";"Sweden";"Data & Analytics Consulting";"2023-12-15";"Less than 1 year"
202300722;722;2023;"Manager";"Sweden";"Cybersecurity & Digital Risk";"2023-12-15";"15+ years"
202300723;723;2023;"Non-manager";"Denmark";"Transformation & Change Management";"2023-12-15";"3-5 years"
202300724;724;2023;"Manager";"Germany";"Data & Analytics Consulting";"2023-12-15";"10-15 years"
202300725;725;2023;"Manager";"Germany";"Cybersecurity & Digital Risk";"2023-12-15";"Less than 1 year"
202300726;726;2023;"Non-manager";"Spain";"Digital Marketing & Growth";"2023-12-15";"6-9 years"
202300727;727;2023;"Non-manager";"Spain";"Digital Strategy Consulting";"2023-12-15";"10-15 years"
202300728;728;2023;"Non-manager";"Germany";"Transformation & Change Management";"2023-12-15";"Less than 1 year"
202300729;729;2023;"Non-manager";"Sweden";"Customer Experience & Design";"2023-12-15";"3-5 years"
202300730;730;2023;"Non-manager";"Sweden";"Data & Analytics Consulting";"2023-12-15";"1-2 years"
202300731;731;2023;"Manager";"Sweden";"Digital Marketing & Growth";"2023-12-15";"3-5 years"
202300732;732;2023;"Non-manager";"Sweden";"Customer Experience & Design";"2023-12-15";"3-5 years"
202300733;733;2023;"Non-manager";"Denmark";"Technology & IT Strategy";"2023-12-15";"3-5 years"
202300734;734;2023;"Manager";"Sweden";"Sales & Business Development";"2023-12-15";"10-15 years"
202300735;735;2023;"Non-manager";"Germany";"Transformation & Change Management";"2023-12-15";"3-5 years"
202300736;736;2023;"Manager";"Denmark";"Cybersecurity & Digital Risk";"2023-12-15";"6-9 years"
202300737;737;2023;"Manager";"Sweden";"Transformation & Change Management";"2023-12-15";"3-5 years"
202300738;738;2023;"Manager";"Sweden";"Digital Marketing & Growth";"2023-12-15";"6-9 years"
202300739;739;2023;"Non-manager";"Denmark";"Data & Analytics Consulting";"2023-12-15";"1-2 years"
202300740;740;2023;"Non-manager";"Denmark";"Human Resources";"2023-12-15";"Less than 1 year"
202300741;741;2023;"Non-manager";"Germany";"Transformation & Change Management";"2023-12-15";"15+ years"
202300742;742;2023;"Non-manager";"Germany";"Transformation & Change Management";"2023-12-15";"3-5 years"
202300743;743;2023;"Non-manager";"France";"Data & Analytics Consulting";"2023-12-15";"1-2 years"
202300744;744;2023;"Non-manager";"Spain";"Finance & Operations";"2023-12-15";"1-2 years"
202300745;745;2023;"Manager";"Sweden";"Technology & IT Strategy";"2023-12-15";"Less than 1 year"
202300746;746;2023;"Manager";"Spain";"Digital Marketing & Growth";"2023-12-15";"3-5 years"
202300747;747;2023;"Manager";"Sweden";"Data & Analytics Consulting";"2023-12-15";"10-15 years"
202300748;748;2023;"Non-manager";"Spain";"Data & Analytics Consulting";"2023-12-15";"1-2 years"
202300749;749;2023;"Non-manager";"Spain";"Technology & IT Strategy";"2023-12-15";"1-2 years"
202300750;750;2023;"Non-manager";"Denmark";"Cybersecurity & Digital Risk";"2023-12-15";"6-9 years"
202300751;751;2023;"Non-manager";"Sweden";"Human Resources";"2023-12-15";"1-2 years"
202300752;752;2023;"Non-manager";"Sweden";"Customer Experience & Design";"2023-12-15";"1-2 years"
202300753;753;2023;"Non-manager";"Spain";"Finance & Operations";"2023-12-15";"3-5 years"
202300754;754;2023;"Manager";"Denmark";"Data & Analytics Consulting";"2023-12-15";"3-5 years"
202300755;755;2023;"Non-manager";"Sweden";"Transformation & Change Management";"2023-12-15";"6-9 years"
202300756;756;2023;"Non-manager";"Denmark";"Digital Marketing & Growth";"2023-12-15";"3-5 years"
202300757;757;2023;"Manager";"Sweden";"Transformation & Change Management";"2023-12-15";"1-2 years"
202300758;758;2023;"Non-manager";"Sweden";"Digital Strategy Consulting";"2023-12-15";"3-5 years"
202300759;759;2023;"Manager";"Sweden";"Digital Strategy Consulting";"2023-12-15";"10-15 years"
202300760;760;2023;"Non-manager";"Spain";"Sales & Business Development";"2023-12-15";"3-5 years"
202300761;761;2023;"Non-manager";"France";"Transformation & Change Management";"2023-12-15";"Less than 1 year"
202300762;762;2023;"Non-manager";"Sweden";"Cybersecurity & Digital Risk";"2023-12-15";"3-5 years"
202300763;763;2023;"Manager";"Sweden";"Digital Strategy Consulting";"2023-12-15";"Less than 1 year"
202300764;764;2023;"Manager";"Spain";"Human Resources";"2023-12-15";"6-9 years"
202300765;765;2023;"Non-manager";"France";"Sales & Business Development";"2023-12-15";"3-5 years"
202300766;766;2023;"Non-manager";"France";"Data & Analytics Consulting";"2023-12-15";"1-2 years"
202300767;767;2023;"Non-manager";"Sweden";"Transformation & Change Management";"2023-12-15";"3-5 years"
202300768;768;2023;"Non-manager";"Germany";"Digital Strategy Consulting";"2023-12-15";"1-2 years"
202300769;769;2023;"Non-manager";"Denmark";"Transformation & Change Management";"2023-12-15";"Less than 1 year"
202300770;770;2023;"Non-manager";"Sweden";"Customer Experience & Design";"2023-12-15";"3-5 years"
202300771;771;2023;"Non-manager";"Spain";"Transformation & Change Management";"2023-12-15";"3-5 years"
202300772;772;2023;"Non-manager";"Spain";"Digital Strategy Consulting";"2023-12-15";"10-15 years"
202300773;773;2023;"Non-manager";"Denmark";"Data & Analytics Consulting";"2023-12-15";"1-2 years"
202300774;774;2023;"Non-manager";"Denmark";"Digital Marketing & Growth";"2023-12-15";"3-5 years"
202300775;775;2023;"Non-manager";"Sweden";"Digital Marketing & Growth";"2023-12-15";"3-5 years"
202300776;776;2023;"Non-manager";"Sweden";"Data & Analytics Consulting";"2023-12-15";"Less than 1 year"
202300777;777;2023;"Non-manager";"Denmark";"Data & Analytics Consulting";"2023-12-15";"3-5 years"
202300778;778;2023;"Non-manager";"Sweden";"Digital Strategy Consulting";"2023-12-15";"6-9 years"
202300779;779;2023;"Non-manager";"Spain";"Technology & IT Strategy";"2023-12-15";"1-2 years"
202300780;780;2023;"Non-manager";"Spain";"Sales & Business Development";"2023-12-15";"3-5 years"
202300781;781;2023;"Non-manager";"Germany";"Customer Experience & Design";"2023-12-15";"6-9 years"
202300782;782;2023;"Manager";"Sweden";"Technology & IT Strategy";"2023-12-15";"3-5 years"
202300783;783;2023;"Non-manager";"Denmark";"Technology & IT Strategy";"2023-12-15";"1-2 years"
202300784;784;2023;"Manager";"Sweden";"Digital Strategy Consulting";"2023-12-15";"Less than 1 year"
202300785;785;2023;"Manager";"Germany";"Transformation & Change Management";"2023-12-15";"3-5 years"
202300786;786;2023;"Manager";"Denmark";"Technology & IT Strategy";"2023-12-15";"10-15 years"
202300787;787;2023;"Non-manager";"Germany";"Sales & Business Development";"2023-12-15";"3-5 years"
202300788;788;2023;"Non-manager";"Germany";"Data & Analytics Consulting";"2023-12-15";"6-9 years"
202300789;789;2023;"Non-manager";"Sweden";"Cybersecurity & Digital Risk";"2023-12-15";"6-9 years"
202300790;790;2023;"Non-manager";"Germany";"Digital Strategy Consulting";"2023-12-15";"3-5 years"
202300791;791;2023;"Non-manager";"France";"Customer Experience & Design";"2023-12-15";"3-5 years"
202300792;792;2023;"Non-manager";"Sweden";"Customer Experience & Design";"2023-12-15";"1-2 years"
202300793;793;2023;"Non-manager";"Spain";"Data & Analytics Consulting";"2023-12-15";"1-2 years"
202300794;794;2023;"Non-manager";"Germany";"Data & Analytics Consulting";"2023-12-15";"Less than 1 year"
202300795;795;2023;"Manager";"Sweden";"Digital Strategy Consulting";"2023-12-15";"3-5 years"
202300796;796;2023;"Manager";"Sweden";"Sales & Business Development";"2023-12-15";"3-5 years"
202300797;797;2023;"Non-manager";"Sweden";"Transformation & Change Management";"2023-12-15";"1-2 years"
202300798;798;2023;"Non-manager";"Germany";"Data & Analytics Consulting";"2023-12-15";"Less than 1 year"
202300799;799;2023;"Manager";"Sweden";"Technology & IT Strategy";"2023-12-15";"3-5 years"
202300800;800;2023;"Manager";"Denmark";"Digital Strategy Consulting";"2023-12-15";"1-2 years"
202300801;801;2023;"Non-manager";"Sweden";"Digital Strategy Consulting";"2023-12-15";"3-5 years"
202300802;802;2023;"Non-manager";"Germany";"Digital Marketing & Growth";"2023-12-15";"3-5 years"
202300803;803;2023;"Non-manager";"Germany";"Digital Marketing & Growth";"2023-12-15";"1-2 years"
202300804;804;2023;"Non-manager";"Denmark";"Customer Experience & Design";"2023-12-15";"3-5 years"
202300805;805;2023;"Non-manager";"Germany";"Technology & IT Strategy";"2023-12-15";"10-15 years"
202300806;806;2023;"Non-manager";"Spain";"Digital Marketing & Growth";"2023-12-15";"1-2 years"
202300807;807;2023;"Non-manager";"Spain";"Technology & IT Strategy";"2023-12-15";"3-5 years"
202300808;808;2023;"Non-manager";"Sweden";"Finance & Operations";"2023-12-15";"3-5 years"
202300809;809;2023;"Non-manager";"Spain";"Cybersecurity & Digital Risk";"2023-12-15";"Less than 1 year"
202300810;810;2023;"Manager";"Denmark";"Customer Experience & Design";"2023-12-15";"10-15 years"
202300811;811;2023;"Manager";"France";"Cybersecurity & Digital Risk";"2023-12-15";"10-15 years"
202300812;812;2023;"Non-manager";"Sweden";"Transformation & Change Management";"2023-12-15";"3-5 years"
202300813;813;2023;"Non-manager";"Sweden";"Digital Marketing & Growth";"2023-12-15";"6-9 years"
202300814;814;2023;"Non-manager";"Sweden";"Digital Strategy Consulting";"2023-12-15";"3-5 years"
202300815;815;2023;"Manager";"Sweden";"Customer Experience & Design";"2023-12-15";"3-5 years"
202300816;816;2023;"Non-manager";"Denmark";"Human Resources";"2023-12-15";"Less than 1 year"
202300817;817;2023;"Non-manager";"Spain";"Digital Marketing & Growth";"2023-12-15";"3-5 years"
202300818;818;2023;"Non-manager";"France";"Data & Analytics Consulting";"2023-12-15";"6-9 years"
202300819;819;2023;"Manager";"Sweden";"Data & Analytics Consulting";"2023-12-15";"1-2 years"
202300820;820;2023;"Non-manager";"Sweden";"Human Resources";"2023-12-15";"3-5 years"
202300821;821;2023;"Non-manager";"Spain";"Transformation & Change Management";"2023-12-15";"Less than 1 year"
202300822;822;2023;"Manager";"Spain";"Transformation & Change Management";"2023-12-15";"10-15 years"
202300823;823;2023;"Non-manager";"Sweden";"Data & Analytics Consulting";"2023-12-15";"Less than 1 year"
202300824;824;2023;"Non-manager";"Sweden";"Human Resources";"2023-12-15";"3-5 years"
202300825;825;2023;"Manager";"Sweden";"Transformation & Change Management";"2023-12-15";"1-2 years"
202300826;826;2023;"Manager";"France";"Technology & IT Strategy";"2023-12-15";"6-9 years"
202300827;827;2023;"Manager";"Denmark";"Sales & Business Development";"2023-12-15";"3-5 years"
202300828;828;2023;"Non-manager";"Germany";"Digital Marketing & Growth";"2023-12-15";"10-15 years"
202300829;829;2023;"Manager";"Sweden";"Customer Experience & Design";"2023-12-15";"6-9 years"
202300830;830;2023;"Non-manager";"Germany";"Digital Strategy Consulting";"2023-12-15";"3-5 years"
202300831;831;2023;"Non-manager";"Sweden";"Finance & Operations";"2023-12-15";"Less than 1 year"
202300832;832;2023;"Non-manager";"Sweden";"Finance & Operations";"2023-12-15";"1-2 years"
202300833;833;2023;"Manager";"France";"Customer Experience & Design";"2023-12-15";"3-5 years"
202300834;834;2023;"Manager";"Sweden";"Cybersecurity & Digital Risk";"2023-12-15";"6-9 years"
202300835;835;2023;"Non-manager";"Sweden";"Technology & IT Strategy";"2023-12-15";"3-5 years"
202300836;836;2023;"Non-manager";"France";"Human Resources";"2023-12-15";"1-2 years"
202300837;837;2023;"Non-manager";"Denmark";"Data & Analytics Consulting";"2023-12-15";"Less than 1 year"
202300838;838;2023;"Manager";"Denmark";"Transformation & Change Management";"2023-12-15";"1-2 years"
202300839;839;2023;"Non-manager";"Spain";"Sales & Business Development";"2023-12-15";"1-2 years"
202300840;840;2023;"Non-manager";"Sweden";"Sales & Business Development";"2023-12-15";"1-2 years"
202300841;841;2023;"Manager";"Spain";"Digital Strategy Consulting";"2023-12-15";"3-5 years"
202300842;842;2023;"Non-manager";"Sweden";"Digital Marketing & Growth";"2023-12-15";"Less than 1 year"
202300843;843;2023;"Non-manager";"Spain";"Transformation & Change Management";"2023-12-15";"Less than 1 year"
202300844;844;2023;"Manager";"Sweden";"Transformation & Change Management";"2023-12-15";"3-5 years"
202300845;845;2023;"Non-manager";"Sweden";"Finance & Operations";"2023-12-15";"6-9 years"
202300846;846;2023;"Non-manager";"Sweden";"Digital Marketing & Growth";"2023-12-15";"1-2 years"
202300847;847;2023;"Manager";"Spain";"Finance & Operations";"2023-12-15";"3-5 years"
202300848;848;2023;"Non-manager";"Sweden";"Technology & IT Strategy";"2023-12-15";"15+ years"
202300849;849;2023;"Manager";"Spain";"Technology & IT Strategy";"2023-12-15";"6-9 years"
202300850;850;2023;"Non-manager";"Germany";"Sales & Business Development";"2023-12-15";"3-5 years"
202300851;851;2023;"Manager";"Denmark";"Data & Analytics Consulting";"2023-12-15";"1-2 years"
202300852;852;2023;"Non-manager";"Denmark";"Customer Experience & Design";"2023-12-15";"3-5 years"
202300853;853;2023;"Non-manager";"Sweden";"Data & Analytics Consulting";"2023-12-15";"3-5 years"
202300854;854;2023;"Non-manager";"Sweden";"Digital Strategy Consulting";"2023-12-15";"10-15 years"
202300855;855;2023;"Manager";"Sweden";"Digital Strategy Consulting";"2023-12-15";"1-2 years"
202300856;856;2023;"Non-manager";"Spain";"Transformation & Change Management";"2023-12-15";"Less than 1 year"
202300857;857;2023;"Manager";"Sweden";"Data & Analytics Consulting";"2023-12-15";"6-9 years"
202300858;858;2023;"Non-manager";"Sweden";"Transformation & Change Management";"2023-12-15";"6-9 years"
202300859;859;2023;"Non-manager";"Sweden";"Technology & IT Strategy";"2023-12-15";"1-2 years"
202300860;860;2023;"Manager";"Denmark";"Digital Strategy Consulting";"2023-12-15";"Less than 1 year"
202300861;861;2023;"Manager";"Sweden";"Data & Analytics Consulting";"2023-12-15";"10-15 years"
202300862;862;2023;"Non-manager";"Germany";"Technology & IT Strategy";"2023-12-15";"1-2 years"
202300863;863;2023;"Manager";"Sweden";"Customer Experience & Design";"2023-12-15";"10-15 years"
202300864;864;2023;"Non-manager";"Germany";"Customer Experience & Design";"2023-12-15";"1-2 years"
202300865;865;2023;"Non-manager";"Sweden";"Cybersecurity & Digital Risk";"2023-12-15";"1-2 years"
202300866;866;2023;"Non-manager";"Denmark";"Human Resources";"2023-12-15";"3-5 years"
202300867;867;2023;"Non-manager";"Sweden";"Customer Experience & Design";"2023-12-15";"1-2 years"
202300868;868;2023;"Non-manager";"Sweden";"Cybersecurity & Digital Risk";"2023-12-15";"3-5 years"
202300869;869;2023;"Non-manager";"Germany";"Digital Strategy Consulting";"2023-12-15";"1-2 years"
202300870;870;2023;"Manager";"Spain";"Human Resources";"2023-12-15";"3-5 years"
202300871;871;2023;"Non-manager";"Denmark";"Data & Analytics Consulting";"2023-12-15";"6-9 years"
202300872;872;2023;"Manager";"Denmark";"Technology & IT Strategy";"2023-12-15";"Less than 1 year"
202300873;873;2023;"Non-manager";"Denmark";"Data & Analytics Consulting";"2023-12-15";"3-5 years"
202300874;874;2023;"Non-manager";"Sweden";"Cybersecurity & Digital Risk";"2023-12-15";"1-2 years"
202300875;875;2023;"Non-manager";"Sweden";"Technology & IT Strategy";"2023-12-15";"1-2 years"
202300876;876;2023;"Non-manager";"Spain";"Digital Strategy Consulting";"2023-12-15";"3-5 years"
202300877;877;2023;"Non-manager";"France";"Digital Strategy Consulting";"2023-12-15";"Less than 1 year"
202300878;878;2023;"Non-manager";"France";"Data & Analytics Consulting";"2023-12-15";"1-2 years"
202300879;879;2023;"Non-manager";"Denmark";"Cybersecurity & Digital Risk";"2023-12-15";"3-5 years"
202300880;880;2023;"Non-manager";"Germany";"Data & Analytics Consulting";"2023-12-15";"10-15 years"
202300881;881;2023;"Manager";"Sweden";"Transformation & Change Management";"2023-12-15";"10-15 years"
202300882;882;2023;"Non-manager";"Sweden";"Digital Marketing & Growth";"2023-12-15";"3-5 years"
202300883;883;2023;"Non-manager";"France";"Data & Analytics Consulting";"2023-12-15";"3-5 years"
202300884;884;2023;"Manager";"Denmark";"Human Resources";"2023-12-15";"10-15 years"
202300885;885;2023;"Manager";"Denmark";"Digital Marketing & Growth";"2023-12-15";"6-9 years"
202300886;886;2023;"Manager";"Sweden";"Finance & Operations";"2023-12-15";"3-5 years"
202300887;887;2023;"Non-manager";"Sweden";"Finance & Operations";"2023-12-15";"3-5 years"
202300888;888;2023;"Non-manager";"Sweden";"Transformation & Change Management";"2023-12-15";"3-5 years"
202300889;889;2023;"Manager";"Denmark";"Digital Strategy Consulting";"2023-12-15";"10-15 years"
202300890;890;2023;"Manager";"Sweden";"Transformation & Change Management";"2023-12-15";"3-5 years"
202300891;891;2023;"Non-manager";"Sweden";"Finance & Operations";"2023-12-15";"3-5 years"
202300892;892;2023;"Non-manager";"Denmark";"Technology & IT Strategy";"2023-12-15";"3-5 years"
202300893;893;2023;"Non-manager";"France";"Technology & IT Strategy";"2023-12-15";"Less than 1 year"
202300894;894;2023;"Non-manager";"Sweden";"Transformation & Change Management";"2023-12-15";"1-2 years"
202300895;895;2023;"Non-manager";"Spain";"Human Resources";"2023-12-15";"3-5 years"
202300896;896;2023;"Non-manager";"Sweden";"Digital Marketing & Growth";"2023-12-15";"1-2 years"
202300897;897;2023;"Non-manager";"Spain";"Human Resources";"2023-12-15";"3-5 years"
202300898;898;2023;"Manager";"Sweden";"Technology & IT Strategy";"2023-12-15";"6-9 years"
202300899;899;2023;"Manager";"Spain";"Cybersecurity & Digital Risk";"2023-12-15";"1-2 years"
202300900;900;2023;"Manager";"Germany";"Data & Analytics Consulting";"2023-12-15";"6-9 years"
202300901;901;2023;"Non-manager";"Sweden";"Data & Analytics Consulting";"2023-12-15";"3-5 years"
202300902;902;2023;"Non-manager";"Sweden";"Transformation & Change Management";"2023-12-15";"3-5 years"
202300903;903;2023;"Non-manager";"Germany";"Data & Analytics Consulting";"2023-12-15";"1-2 years"
202300904;904;2023;"Non-manager";"France";"Digital Strategy Consulting";"2023-12-15";"Less than 1 year"
202300905;905;2023;"Manager";"Sweden";"Digital Marketing & Growth";"2023-12-15";"3-5 years"
202300906;906;2023;"Non-manager";"France";"Cybersecurity & Digital Risk";"2023-12-15";"1-2 years"
202300907;907;2023;"Non-manager";"Sweden";"Sales & Business Development";"2023-12-15";"1-2 years"
202300908;908;2023;"Non-manager";"Sweden";"Technology & IT Strategy";"2023-12-15";"1-2 years"
202300909;909;2023;"Manager";"Denmark";"Digital Strategy Consulting";"2023-12-15";"3-5 years"
202300910;910;2023;"Manager";"Sweden";"Technology & IT Strategy";"2023-12-15";"10-15 years"
202300911;911;2023;"Non-manager";"Sweden";"Human Resources";"2023-12-15";"Less than 1 year"
202300912;912;2023;"Non-manager";"Denmark";"Digital Strategy Consulting";"2023-12-15";"3-5 years"
202300913;913;2023;"Non-manager";"Sweden";"Cybersecurity & Digital Risk";"2023-12-15";"6-9 years"
202300914;914;2023;"Non-manager";"Spain";"Sales & Business Development";"2023-12-15";"3-5 years"
202300915;915;2023;"Manager";"Germany";"Finance & Operations";"2023-12-15";"Less than 1 year"
202300916;916;2023;"Non-manager";"Denmark";"Digital Strategy Consulting";"2023-12-15";"3-5 years"
202300917;917;2023;"Manager";"Sweden";"Technology & IT Strategy";"2023-12-15";"10-15 years"
202300918;918;2023;"Non-manager";"Spain";"Customer Experience & Design";"2023-12-15";"6-9 years"
202300919;919;2023;"Non-manager";"France";"Data & Analytics Consulting";"2023-12-15";"6-9 years"
202300920;920;2023;"Manager";"Sweden";"Digital Marketing & Growth";"2023-12-15";"6-9 years"
202300921;921;2023;"Non-manager";"Spain";"Sales & Business Development";"2023-12-15";"1-2 years"
202300922;922;2023;"Non-manager";"Spain";"Customer Experience & Design";"2023-12-15";"1-2 years"
202300923;923;2023;"Non-manager";"Germany";"Technology & IT Strategy";"2023-12-15";"Less than 1 year"
202300924;924;2023;"Non-manager";"Denmark";"Digital Strategy Consulting";"2023-12-15";"1-2 years"
202300925;925;2023;"Non-manager";"Denmark";"Data & Analytics Consulting";"2023-12-15";"3-5 years"
202300926;926;2023;"Non-manager";"Sweden";"Digital Strategy Consulting";"2023-12-15";"3-5 years"
202300927;927;2023;"Manager";"France";"Transformation & Change Management";"2023-12-15";"3-5 years"
202300928;928;2023;"Non-manager";"France";"Digital Marketing & Growth";"2023-12-15";"6-9 years"
202300929;929;2023;"Non-manager";"Germany";"Cybersecurity & Digital Risk";"2023-12-15";"1-2 years"
202300930;930;2023;"Manager";"Spain";"Digital Strategy Consulting";"2023-12-15";"3-5 years"
202300931;931;2023;"Manager";"Spain";"Data & Analytics Consulting";"2023-12-15";"3-5 years"
202300932;932;2023;"Non-manager";"France";"Digital Strategy Consulting";"2023-12-15";"3-5 years"
202300933;933;2023;"Manager";"Sweden";"Digital Strategy Consulting";"2023-12-15";"1-2 years"
202300934;934;2023;"Non-manager";"Sweden";"Digital Strategy Consulting";"2023-12-15";"1-2 years"
202300935;935;2023;"Non-manager";"Germany";"Digital Strategy Consulting";"2023-12-15";"3-5 years"
202300936;936;2023;"Non-manager";"Sweden";"Human Resources";"2023-12-15";"6-9 years"
202300937;937;2023;"Manager";"France";"Data & Analytics Consulting";"2023-12-15";"10-15 years"
202300938;938;2023;"Non-manager";"Germany";"Data & Analytics Consulting";"2023-12-15";"Less than 1 year"
202300939;939;2023;"Non-manager";"Spain";"Technology & IT Strategy";"2023-12-15";"3-5 years"
202300940;940;2023;"Non-manager";"Germany";"Human Resources";"2023-12-15";"10-15 years"
202300941;941;2023;"Non-manager";"Sweden";"Digital Strategy Consulting";"2023-12-15";"10-15 years"
202300942;942;2023;"Non-manager";"Denmark";"Finance & Operations";"2023-12-15";"6-9 years"
202300943;943;2023;"Non-manager";"Sweden";"Digital Strategy Consulting";"2023-12-15";"6-9 years"
202300944;944;2023;"Non-manager";"Denmark";"Customer Experience & Design";"2023-12-15";"6-9 years"
202300945;945;2023;"Non-manager";"Sweden";"Customer Experience & Design";"2023-12-15";"1-2 years"
202300946;946;2023;"Non-manager";"Sweden";"Sales & Business Development";"2023-12-15";"6-9 years"
202300947;947;2023;"Non-manager";"Sweden";"Digital Strategy Consulting";"2023-12-15";"1-2 years"
202300948;948;2023;"Non-manager";"Germany";"Digital Strategy Consulting";"2023-12-15";"3-5 years"
202300949;949;2023;"Manager";"Spain";"Sales & Business Development";"2023-12-15";"10-15 years"
202300950;950;2023;"Non-manager";"Germany";"Sales & Business Development";"2023-12-15";"6-9 years"
202300951;951;2023;"Non-manager";"Sweden";"Human Resources";"2023-12-15";"1-2 years"
202300952;952;2023;"Non-manager";"Sweden";"Data & Analytics Consulting";"2023-12-15";"3-5 years"
202300953;953;2023;"Non-manager";"Spain";"Cybersecurity & Digital Risk";"2023-12-15";"1-2 years"
202300954;954;2023;"Manager";"Sweden";"Human Resources";"2023-12-15";"3-5 years"
202300955;955;2023;"Non-manager";"Spain";"Digital Strategy Consulting";"2023-12-15";"6-9 years"
202300956;956;2023;"Manager";"Spain";"Data & Analytics Consulting";"2023-12-15";"3-5 years"
202300957;957;2023;"Non-manager";"Sweden";"Data & Analytics Consulting";"2023-12-15";"3-5 years"
202300958;958;2023;"Non-manager";"Denmark";"Finance & Operations";"2023-12-15";"3-5 years"
202300959;959;2023;"Non-manager";"Denmark";"Digital Marketing & Growth";"2023-12-15";"3-5 years"
202300960;960;2023;"Non-manager";"Sweden";"Data & Analytics Consulting";"2023-12-15";"3-5 years"
202300961;961;2023;"Non-manager";"Spain";"Cybersecurity & Digital Risk";"2023-12-15";"1-2 years"
202300962;962;2023;"Non-manager";"Germany";"Transformation & Change Management";"2023-12-15";"3-5 years"
202300963;963;2023;"Manager";"Sweden";"Digital Marketing & Growth";"2023-12-15";"Less than 1 year"
202300964;964;2023;"Manager";"Germany";"Digital Marketing & Growth";"2023-12-15";"1-2 years"
202300965;965;2023;"Non-manager";"Sweden";"Transformation & Change Management";"2023-12-15";"Less than 1 year"
202300966;966;2023;"Non-manager";"Sweden";"Human Resources";"2023-12-15";"6-9 years"
202300967;967;2023;"Non-manager";"Sweden";"Technology & IT Strategy";"2023-12-15";"Less than 1 year"
202300968;968;2023;"Non-manager";"Germany";"Transformation & Change Management";"2023-12-15";"1-2 years"
202300969;969;2023;"Non-manager";"Sweden";"Digital Marketing & Growth";"2023-12-15";"3-5 years"
202300970;970;2023;"Manager";"Denmark";"Transformation & Change Management";"2023-12-15";"15+ years"
202300971;971;2023;"Non-manager";"Germany";"Data & Analytics Consulting";"2023-12-15";"1-2 years"
202300972;972;2023;"Manager";"Sweden";"Digital Strategy Consulting";"2023-12-15";"1-2 years"
202300973;973;2023;"Manager";"Spain";"Digital Marketing & Growth";"2023-12-15";"1-2 years"
202300974;974;2023;"Non-manager";"Sweden";"Data & Analytics Consulting";"2023-12-15";"Less than 1 year"
202300975;975;2023;"Non-manager";"Sweden";"Data & Analytics Consulting";"2023-12-15";"1-2 years"
202300976;976;2023;"Manager";"Sweden";"Data & Analytics Consulting";"2023-12-15";"6-9 years"
202300977;977;2023;"Manager";"Spain";"Transformation & Change Management";"2023-12-15";"15+ years"
202300978;978;2023;"Non-manager";"Spain";"Data & Analytics Consulting";"2023-12-15";"15+ years"
202300979;979;2023;"Non-manager";"Sweden";"Human Resources";"2023-12-15";"Less than 1 year"
202300980;980;2023;"Non-manager";"Sweden";"Digital Strategy Consulting";"2023-12-15";"3-5 years"
202300981;981;2023;"Non-manager";"Denmark";"Digital Strategy Consulting";"2023-12-15";"10-15 years"
202300982;982;2023;"Non-manager";"Denmark";"Digital Strategy Consulting";"2023-12-15";"3-5 years"
202300983;983;2023;"Non-manager";"Denmark";"Transformation & Change Management";"2023-12-15";"6-9 years"
202300984;984;2023;"Manager";"Sweden";"Technology & IT Strategy";"2023-12-15";"10-15 years"
202300985;985;2023;"Manager";"Denmark";"Data & Analytics Consulting";"2023-12-15";"1-2 years"
202300986;986;2023;"Non-manager";"Sweden";"Technology & IT Strategy";"2023-12-15";"3-5 years"
202300987;987;2023;"Non-manager";"Germany";"Digital Strategy Consulting";"2023-12-15";"3-5 years"
202300988;988;2023;"Non-manager";"Spain";"Digital Marketing & Growth";"2023-12-15";"3-5 years"
202300989;989;2023;"Non-manager";"Spain";"Finance & Operations";"2023-12-15";"3-5 years"
202300990;990;2023;"Non-manager";"Denmark";"Cybersecurity & Digital Risk";"2023-12-15";"3-5 years"
202300991;991;2023;"Manager";"Sweden";"Finance & Operations";"2023-12-15";"3-5 years"
202300992;992;2023;"Non-manager";"Spain";"Data & Analytics Consulting";"2023-12-15";"3-5 years"
202300993;993;2023;"Manager";"Sweden";"Digital Strategy Consulting";"2023-12-15";"Less than 1 year"
202300994;994;2023;"Manager";"Spain";"Transformation & Change Management";"2023-12-15";"10-15 years"
202300995;995;2023;"Non-manager";"Sweden";"Transformation & Change Management";"2023-12-15";"3-5 years"
202300996;996;2023;"Non-manager";"Sweden";"Digital Strategy Consulting";"2023-12-15";"1-2 years"
202300997;997;2023;"Manager";"Sweden";"Sales & Business Development";"2023-12-15";"Less than 1 year"
202300998;998;2023;"Non-manager";"Spain";"Sales & Business Development";"2023-12-15";"3-5 years"
202300999;999;2023;"Non-manager";"Germany";"Digital Marketing & Growth";"2023-12-15";"1-2 years"
202301000;1000;2023;"Manager";"Sweden";"Sales & Business Development";"2023-12-15";"6-9 years"
202301001;1001;2023;"Manager";"Denmark";"Sales & Business Development";"2023-12-15";"3-5 years"
202301002;1002;2023;"Non-manager";"Denmark";"Customer Experience & Design";"2023-12-15";"1-2 years"
202301003;1003;2023;"Non-manager";"Germany";"Sales & Business Development";"2023-12-15";"1-2 years"
202301004;1004;2023;"Non-manager";"Sweden";"Technology & IT Strategy";"2023-12-15";"10-15 years"
202301005;1005;2023;"Non-manager";"Sweden";"Digital Strategy Consulting";"2023-12-15";"6-9 years"
202301006;1006;2023;"Non-manager";"Germany";"Transformation & Change Management";"2023-12-15";"3-5 years"
202301007;1007;2023;"Non-manager";"Sweden";"Digital Marketing & Growth";"2023-12-15";"Less than 1 year"
202301008;1008;2023;"Non-manager";"Denmark";"Human Resources";"2023-12-15";"3-5 years"
202301009;1009;2023;"Non-manager";"Spain";"Digital Marketing & Growth";"2023-12-15";"3-5 years"
202301010;1010;2023;"Manager";"Spain";"Digital Strategy Consulting";"2023-12-15";"3-5 years"
202301011;1011;2023;"Non-manager";"Denmark";"Cybersecurity & Digital Risk";"2023-12-15";"3-5 years"
202301012;1012;2023;"Non-manager";"Germany";"Digital Marketing & Growth";"2023-12-15";"1-2 years"
202301013;1013;2023;"Manager";"Sweden";"Digital Marketing & Growth";"2023-12-15";"3-5 years"
202301014;1014;2023;"Non-manager";"Sweden";"Digital Strategy Consulting";"2023-12-15";"Less than 1 year"
202301015;1015;2023;"Non-manager";"Sweden";"Customer Experience & Design";"2023-12-15";"1-2 years"
202301016;1016;2023;"Non-manager";"France";"Data & Analytics Consulting";"2023-12-15";"Less than 1 year"
202301017;1017;2023;"Non-manager";"Sweden";"Digital Marketing & Growth";"2023-12-15";"3-5 years"
202301018;1018;2023;"Non-manager";"France";"Data & Analytics Consulting";"2023-12-15";"10-15 years"
202301019;1019;2023;"Non-manager";"Sweden";"Digital Strategy Consulting";"2023-12-15";"Less than 1 year"
202301020;1020;2023;"Non-manager";"Sweden";"Technology & IT Strategy";"2023-12-15";"3-5 years"
202301021;1021;2023;"Non-manager";"Sweden";"Sales & Business Development";"2023-12-15";"3-5 years"
202301022;1022;2023;"Non-manager";"Sweden";"Digital Strategy Consulting";"2023-12-15";"Less than 1 year"
202301023;1023;2023;"Non-manager";"Sweden";"Digital Marketing & Growth";"2023-12-15";"10-15 years"
202301024;1024;2023;"Non-manager";"Sweden";"Digital Strategy Consulting";"2023-12-15";"1-2 years"
202301025;1025;2023;"Non-manager";"Sweden";"Finance & Operations";"2023-12-15";"Less than 1 year"
202301026;1026;2023;"Non-manager";"France";"Data & Analytics Consulting";"2023-12-15";"1-2 years"
202301027;1027;2023;"Manager";"Spain";"Digital Strategy Consulting";"2023-12-15";"10-15 years"
202301028;1028;2023;"Non-manager";"Sweden";"Digital Strategy Consulting";"2023-12-15";"3-5 years"
202301029;1029;2023;"Non-manager";"France";"Human Resources";"2023-12-15";"1-2 years"
202301030;1030;2023;"Non-manager";"Sweden";"Cybersecurity & Digital Risk";"2023-12-15";"3-5 years"
202301031;1031;2023;"Manager";"Sweden";"Data & Analytics Consulting";"2023-12-15";"3-5 years"
202301032;1032;2023;"Manager";"France";"Transformation & Change Management";"2023-12-15";"3-5 years"
202301033;1033;2023;"Non-manager";"France";"Data & Analytics Consulting";"2023-12-15";"3-5 years"
202301034;1034;2023;"Non-manager";"Germany";"Transformation & Change Management";"2023-12-15";"1-2 years"
202301035;1035;2023;"Non-manager";"Sweden";"Digital Strategy Consulting";"2023-12-15";"10-15 years"
202301036;1036;2023;"Non-manager";"Sweden";"Data & Analytics Consulting";"2023-12-15";"6-9 years"
202301037;1037;2023;"Non-manager";"Denmark";"Cybersecurity & Digital Risk";"2023-12-15";"3-5 years"
202301038;1038;2023;"Non-manager";"Sweden";"Technology & IT Strategy";"2023-12-15";"3-5 years"
202301039;1039;2023;"Manager";"Germany";"Transformation & Change Management";"2023-12-15";"15+ years"
202301040;1040;2023;"Non-manager";"Sweden";"Finance & Operations";"2023-12-15";"3-5 years"
202301041;1041;2023;"Manager";"Sweden";"Transformation & Change Management";"2023-12-15";"15+ years"
202301042;1042;2023;"Non-manager";"Sweden";"Digital Strategy Consulting";"2023-12-15";"1-2 years"
202301043;1043;2023;"Non-manager";"Denmark";"Finance & Operations";"2023-12-15";"1-2 years"
202301044;1044;2023;"Non-manager";"Spain";"Transformation & Change Management";"2023-12-15";"3-5 years"
202301045;1045;2023;"Non-manager";"Sweden";"Customer Experience & Design";"2023-12-15";"3-5 years"
202301046;1046;2023;"Non-manager";"Denmark";"Transformation & Change Management";"2023-12-15";"10-15 years"
202301047;1047;2023;"Non-manager";"Sweden";"Cybersecurity & Digital Risk";"2023-12-15";"3-5 years"
202301048;1048;2023;"Manager";"Sweden";"Customer Experience & Design";"2023-12-15";"Less than 1 year"
202301049;1049;2023;"Non-manager";"Sweden";"Data & Analytics Consulting";"2023-12-15";"3-5 years"
202301050;1050;2023;"Manager";"France";"Human Resources";"2023-12-15";"Less than 1 year"
202301051;1051;2023;"Non-manager";"Sweden";"Sales & Business Development";"2023-12-15";"3-5 years"
202301052;1052;2023;"Manager";"Sweden";"Finance & Operations";"2023-12-15";"1-2 years"
202301053;1053;2023;"Manager";"Sweden";"Technology & IT Strategy";"2023-12-15";"1-2 years"
202301054;1054;2023;"Non-manager";"Denmark";"Finance & Operations";"2023-12-15";"3-5 years"
202301055;1055;2023;"Non-manager";"Sweden";"Sales & Business Development";"2023-12-15";"Less than 1 year"
202301056;1056;2023;"Non-manager";"Germany";"Cybersecurity & Digital Risk";"2023-12-15";"15+ years"
202301057;1057;2023;"Manager";"Spain";"Data & Analytics Consulting";"2023-12-15";"10-15 years"
202301058;1058;2023;"Non-manager";"Sweden";"Transformation & Change Management";"2023-12-15";"Less than 1 year"
202301059;1059;2023;"Manager";"Sweden";"Finance & Operations";"2023-12-15";"1-2 years"
202301060;1060;2023;"Non-manager";"Sweden";"Transformation & Change Management";"2023-12-15";"1-2 years"
202301061;1061;2023;"Non-manager";"Sweden";"Data & Analytics Consulting";"2023-12-15";"3-5 years"
202301062;1062;2023;"Non-manager";"Germany";"Digital Strategy Consulting";"2023-12-15";"1-2 years"
202301063;1063;2023;"Non-manager";"Sweden";"Digital Strategy Consulting";"2023-12-15";"3-5 years"
202301064;1064;2023;"Non-manager";"Sweden";"Technology & IT Strategy";"2023-12-15";"3-5 years"
202301065;1065;2023;"Non-manager";"Sweden";"Technology & IT Strategy";"2023-12-15";"15+ years"
202301066;1066;2023;"Non-manager";"Sweden";"Technology & IT Strategy";"2023-12-15";"3-5 years"
202301067;1067;2023;"Non-manager";"Sweden";"Transformation & Change Management";"2023-12-15";"1-2 years"
202301068;1068;2023;"Non-manager";"Sweden";"Cybersecurity & Digital Risk";"2023-12-15";"3-5 years"
202301069;1069;2023;"Manager";"France";"Cybersecurity & Digital Risk";"2023-12-15";"1-2 years"
202301070;1070;2023;"Non-manager";"Sweden";"Transformation & Change Management";"2023-12-15";"3-5 years"
202301071;1071;2023;"Non-manager";"Sweden";"Human Resources";"2023-12-15";"Less than 1 year"
202301072;1072;2023;"Manager";"Sweden";"Transformation & Change Management";"2023-12-15";"10-15 years"
202301073;1073;2023;"Manager";"Spain";"Customer Experience & Design";"2023-12-15";"1-2 years"
202301074;1074;2023;"Manager";"Germany";"Digital Strategy Consulting";"2023-12-15";"3-5 years"
202301075;1075;2023;"Non-manager";"Sweden";"Data & Analytics Consulting";"2023-12-15";"3-5 years"
202301076;1076;2023;"Non-manager";"Germany";"Data & Analytics Consulting";"2023-12-15";"3-5 years"
202301077;1077;2023;"Manager";"Spain";"Data & Analytics Consulting";"2023-12-15";"Less than 1 year"
202301078;1078;2023;"Non-manager";"Sweden";"Transformation & Change Management";"2023-12-15";"3-5 years"
202301079;1079;2023;"Non-manager";"France";"Data & Analytics Consulting";"2023-12-15";"Less than 1 year"
202301080;1080;2023;"Non-manager";"Sweden";"Transformation & Change Management";"2023-12-15";"1-2 years"
202301081;1081;2023;"Manager";"Spain";"Technology & IT Strategy";"2023-12-15";"3-5 years"
202301082;1082;2023;"Non-manager";"Sweden";"Customer Experience & Design";"2023-12-15";"1-2 years"
202301083;1083;2023;"Non-manager";"Sweden";"Data & Analytics Consulting";"2023-12-15";"3-5 years"
202301084;1084;2023;"Manager";"Sweden";"Digital Marketing & Growth";"2023-12-15";"Less than 1 year"
202301085;1085;2023;"Manager";"Sweden";"Digital Strategy Consulting";"2023-12-15";"6-9 years"
202301086;1086;2023;"Non-manager";"Spain";"Customer Experience & Design";"2023-12-15";"Less than 1 year"
202301087;1087;2023;"Non-manager";"Sweden";"Customer Experience & Design";"2023-12-15";"3-5 years"
202301088;1088;2023;"Non-manager";"Sweden";"Human Resources";"2023-12-15";"1-2 years"
202301089;1089;2023;"Manager";"Germany";"Digital Marketing & Growth";"2023-12-15";"1-2 years"
202301090;1090;2023;"Manager";"Spain";"Technology & IT Strategy";"2023-12-15";"6-9 years"
202301091;1091;2023;"Non-manager";"Sweden";"Cybersecurity & Digital Risk";"2023-12-15";"Less than 1 year"
202301092;1092;2023;"Non-manager";"Germany";"Digital Strategy Consulting";"2023-12-15";"3-5 years"
202301093;1093;2023;"Non-manager";"Germany";"Transformation & Change Management";"2023-12-15";"3-5 years"
202301094;1094;2023;"Non-manager";"Sweden";"Data & Analytics Consulting";"2023-12-15";"3-5 years"
202301095;1095;2023;"Non-manager";"Sweden";"Transformation & Change Management";"2023-12-15";"1-2 years"
202301096;1096;2023;"Non-manager";"Denmark";"Sales & Business Development";"2023-12-15";"3-5 years"
202301097;1097;2023;"Manager";"Spain";"Human Resources";"2023-12-15";"3-5 years"
202301098;1098;2023;"Non-manager";"Sweden";"Technology & IT Strategy";"2023-12-15";"1-2 years"
202301099;1099;2023;"Non-manager";"Spain";"Data & Analytics Consulting";"2023-12-15";"3-5 years"
202301100;1100;2023;"Non-manager";"Sweden";"Customer Experience & Design";"2023-12-15";"1-2 years"
202301101;1101;2023;"Manager";"Sweden";"Digital Marketing & Growth";"2023-12-15";"3-5 years"
202301102;1102;2023;"Non-manager";"Germany";"Technology & IT Strategy";"2023-12-15";"10-15 years"
202301103;1103;2023;"Non-manager";"France";"Human Resources";"2023-12-15";"3-5 years"
202301104;1104;2023;"Non-manager";"Sweden";"Technology & IT Strategy";"2023-12-15";"3-5 years"
202301105;1105;2023;"Manager";"Germany";"Finance & Operations";"2023-12-15";"3-5 years"
202301106;1106;2023;"Non-manager";"France";"Technology & IT Strategy";"2023-12-15";"6-9 years"
202301107;1107;2023;"Non-manager";"Denmark";"Digital Strategy Consulting";"2023-12-15";"3-5 years"
202301108;1108;2023;"Non-manager";"Sweden";"Technology & IT Strategy";"2023-12-15";"3-5 years"
202301109;1109;2023;"Non-manager";"Germany";"Digital Marketing & Growth";"2023-12-15";"Less than 1 year"
202301110;1110;2023;"Manager";"Denmark";"Digital Strategy Consulting";"2023-12-15";"10-15 years"
202301111;1111;2023;"Manager";"Sweden";"Data & Analytics Consulting";"2023-12-15";"6-9 years"
202301112;1112;2023;"Non-manager";"France";"Sales & Business Development";"2023-12-15";"3-5 years"
202301113;1113;2023;"Non-manager";"Spain";"Human Resources";"2023-12-15";"10-15 years"
202301114;1114;2023;"Non-manager";"Spain";"Finance & Operations";"2023-12-15";"Less than 1 year"
202301115;1115;2023;"Non-manager";"Germany";"Customer Experience & Design";"2023-12-15";"3-5 years"
202301116;1116;2023;"Non-manager";"Denmark";"Customer Experience & Design";"2023-12-15";"6-9 years"
202301117;1117;2023;"Manager";"Sweden";"Data & Analytics Consulting";"2023-12-15";"1-2 years"
202301118;1118;2023;"Non-manager";"Germany";"Digital Strategy Consulting";"2023-12-15";"3-5 years"
202301119;1119;2023;"Non-manager";"Germany";"Human Resources";"2023-12-15";"3-5 years"
202301120;1120;2023;"Non-manager";"France";"Data & Analytics Consulting";"2023-12-15";"1-2 years"
202301121;1121;2023;"Non-manager";"Sweden";"Digital Strategy Consulting";"2023-12-15";"3-5 years"
202301122;1122;2023;"Non-manager";"Sweden";"Sales & Business Development";"2023-12-15";"3-5 years"
202301123;1123;2023;"Manager";"Sweden";"Digital Strategy Consulting";"2023-12-15";"3-5 years"
202301124;1124;2023;"Non-manager";"Sweden";"Transformation & Change Management";"2023-12-15";"3-5 years"
202301125;1125;2023;"Manager";"Sweden";"Data & Analytics Consulting";"2023-12-15";"1-2 years"
202301126;1126;2023;"Non-manager";"France";"Data & Analytics Consulting";"2023-12-15";"3-5 years"
202301127;1127;2023;"Non-manager";"France";"Human Resources";"2023-12-15";"3-5 years"
202301128;1128;2023;"Non-manager";"Sweden";"Digital Strategy Consulting";"2023-12-15";"1-2 years"
202301129;1129;2023;"Non-manager";"Germany";"Cybersecurity & Digital Risk";"2023-12-15";"3-5 years"
202301130;1130;2023;"Non-manager";"Germany";"Data & Analytics Consulting";"2023-12-15";"1-2 years"
202301131;1131;2023;"Manager";"Germany";"Transformation & Change Management";"2023-12-15";"10-15 years"
202301132;1132;2023;"Non-manager";"Sweden";"Customer Experience & Design";"2023-12-15";"3-5 years"
202301133;1133;2023;"Non-manager";"Sweden";"Transformation & Change Management";"2023-12-15";"10-15 years"
202301134;1134;2023;"Non-manager";"Denmark";"Data & Analytics Consulting";"2023-12-15";"15+ years"
202301135;1135;2023;"Manager";"Sweden";"Transformation & Change Management";"2023-12-15";"10-15 years"
202301136;1136;2023;"Non-manager";"Germany";"Digital Marketing & Growth";"2023-12-15";"Less than 1 year"
202301137;1137;2023;"Non-manager";"France";"Transformation & Change Management";"2023-12-15";"Less than 1 year"
202301138;1138;2023;"Non-manager";"France";"Human Resources";"2023-12-15";"Less than 1 year"
202301139;1139;2023;"Non-manager";"Denmark";"Digital Marketing & Growth";"2023-12-15";"6-9 years"
202301140;1140;2023;"Non-manager";"Sweden";"Digital Strategy Consulting";"2023-12-15";"1-2 years"
202301141;1141;2023;"Non-manager";"Germany";"Sales & Business Development";"2023-12-15";"3-5 years"
202301142;1142;2023;"Non-manager";"Sweden";"Digital Marketing & Growth";"2023-12-15";"3-5 years"
202301143;1143;2023;"Non-manager";"Sweden";"Digital Strategy Consulting";"2023-12-15";"1-2 years"
202301144;1144;2023;"Non-manager";"Sweden";"Finance & Operations";"2023-12-15";"3-5 years"
202301145;1145;2023;"Non-manager";"Sweden";"Digital Marketing & Growth";"2023-12-15";"6-9 years"
202301146;1146;2023;"Non-manager";"Sweden";"Digital Strategy Consulting";"2023-12-15";"3-5 years"
202301147;1147;2023;"Non-manager";"Germany";"Digital Strategy Consulting";"2023-12-15";"15+ years"
202301148;1148;2023;"Non-manager";"Sweden";"Sales & Business Development";"2023-12-15";"6-9 years"
202301149;1149;2023;"Manager";"Sweden";"Transformation & Change Management";"2023-12-15";"6-9 years"
202301150;1150;2023;"Non-manager";"Sweden";"Sales & Business Development";"2023-12-15";"1-2 years"
202301151;1151;2023;"Non-manager";"France";"Digital Strategy Consulting";"2023-12-15";"3-5 years"
202301152;1152;2023;"Manager";"Germany";"Sales & Business Development";"2023-12-15";"Less than 1 year"
202301153;1153;2023;"Non-manager";"Sweden";"Human Resources";"2023-12-15";"1-2 years"
202301154;1154;2023;"Non-manager";"Denmark";"Cybersecurity & Digital Risk";"2023-12-15";"3-5 years"
202301155;1155;2023;"Non-manager";"Denmark";"Sales & Business Development";"2023-12-15";"10-15 years"
202301156;1156;2023;"Non-manager";"Sweden";"Transformation & Change Management";"2023-12-15";"3-5 years"
202301157;1157;2023;"Non-manager";"Germany";"Technology & IT Strategy";"2023-12-15";"Less than 1 year"
202301158;1158;2023;"Manager";"Denmark";"Finance & Operations";"2023-12-15";"1-2 years"
202301159;1159;2023;"Non-manager";"France";"Customer Experience & Design";"2023-12-15";"3-5 years"
202301160;1160;2023;"Non-manager";"France";"Data & Analytics Consulting";"2023-12-15";"Less than 1 year"
202301161;1161;2023;"Non-manager";"Denmark";"Data & Analytics Consulting";"2023-12-15";"6-9 years"
202301162;1162;2023;"Manager";"Germany";"Sales & Business Development";"2023-12-15";"3-5 years"
202301163;1163;2023;"Non-manager";"Spain";"Finance & Operations";"2023-12-15";"1-2 years"
202301164;1164;2023;"Manager";"Denmark";"Data & Analytics Consulting";"2023-12-15";"3-5 years"
202301165;1165;2023;"Non-manager";"Sweden";"Human Resources";"2023-12-15";"Less than 1 year"
202301166;1166;2023;"Non-manager";"Sweden";"Transformation & Change Management";"2023-12-15";"1-2 years"
202301167;1167;2023;"Non-manager";"Denmark";"Digital Marketing & Growth";"2023-12-15";"3-5 years"
202301168;1168;2023;"Manager";"Sweden";"Transformation & Change Management";"2023-12-15";"3-5 years"
202301169;1169;2023;"Non-manager";"Denmark";"Technology & IT Strategy";"2023-12-15";"1-2 years"
202301170;1170;2023;"Non-manager";"Sweden";"Digital Strategy Consulting";"2023-12-15";"3-5 years"
202301171;1171;2023;"Non-manager";"France";"Finance & Operations";"2023-12-15";"Less than 1 year"
202301172;1172;2023;"Non-manager";"Sweden";"Digital Strategy Consulting";"2023-12-15";"3-5 years"
202301173;1173;2023;"Non-manager";"Germany";"Customer Experience & Design";"2023-12-15";"3-5 years"
202301174;1174;2023;"Non-manager";"Germany";"Customer Experience & Design";"2023-12-15";"3-5 years"
202301175;1175;2023;"Non-manager";"Denmark";"Data & Analytics Consulting";"2023-12-15";"3-5 years"
202301176;1176;2023;"Non-manager";"Denmark";"Digital Strategy Consulting";"2023-12-15";"6-9 years"
202301177;1177;2023;"Manager";"Sweden";"Finance & Operations";"2023-12-15";"3-5 years"
202301178;1178;2023;"Non-manager";"Germany";"Cybersecurity & Digital Risk";"2023-12-15";"3-5 years"
202301179;1179;2023;"Non-manager";"Spain";"Technology & IT Strategy";"2023-12-15";"6-9 years"
202301180;1180;2023;"Manager";"Sweden";"Human Resources";"2023-12-15";"1-2 years"
202301181;1181;2023;"Non-manager";"Spain";"Technology & IT Strategy";"2023-12-15";"10-15 years"
202301182;1182;2023;"Non-manager";"Spain";"Data & Analytics Consulting";"2023-12-15";"6-9 years"
202301183;1183;2023;"Non-manager";"Denmark";"Data & Analytics Consulting";"2023-12-15";"1-2 years"
202301184;1184;2023;"Manager";"Sweden";"Digital Strategy Consulting";"2023-12-15";"15+ years"
202301185;1185;2023;"Manager";"Spain";"Sales & Business Development";"2023-12-15";"6-9 years"
202301186;1186;2023;"Non-manager";"Denmark";"Technology & IT Strategy";"2023-12-15";"15+ years"
202301187;1187;2023;"Manager";"Sweden";"Data & Analytics Consulting";"2023-12-15";"Less than 1 year"
202301188;1188;2023;"Non-manager";"Spain";"Finance & Operations";"2023-12-15";"10-15 years"
202301189;1189;2023;"Manager";"Sweden";"Technology & IT Strategy";"2023-12-15";"3-5 years"
202301190;1190;2023;"Manager";"France";"Human Resources";"2023-12-15";"3-5 years"
202301191;1191;2023;"Non-manager";"Sweden";"Customer Experience & Design";"2023-12-15";"10-15 years"
202301192;1192;2023;"Non-manager";"Sweden";"Digital Marketing & Growth";"2023-12-15";"1-2 years"
202301193;1193;2023;"Non-manager";"Sweden";"Sales & Business Development";"2023-12-15";"10-15 years"
202301194;1194;2023;"Non-manager";"Denmark";"Data & Analytics Consulting";"2023-12-15";"3-5 years"
202301195;1195;2023;"Manager";"Spain";"Human Resources";"2023-12-15";"6-9 years"
202301196;1196;2023;"Non-manager";"France";"Data & Analytics Consulting";"2023-12-15";"1-2 years"
202301197;1197;2023;"Non-manager";"Germany";"Digital Strategy Consulting";"2023-12-15";"10-15 years"
202301198;1198;2023;"Manager";"Spain";"Sales & Business Development";"2023-12-15";"1-2 years"
202301199;1199;2023;"Non-manager";"Germany";"Data & Analytics Consulting";"2023-12-15";"1-2 years"
202301200;1200;2023;"Non-manager";"France";"Customer Experience & Design";"2023-12-15";"6-9 years"
202301201;1201;2023;"Non-manager";"Germany";"Digital Strategy Consulting";"2023-12-15";"6-9 years"
202301202;1202;2023;"Non-manager";"France";"Sales & Business Development";"2023-12-15";"1-2 years"
202301203;1203;2023;"Non-manager";"Sweden";"Data & Analytics Consulting";"2023-12-15";"10-15 years"
202301204;1204;2023;"Non-manager";"Germany";"Technology & IT Strategy";"2023-12-15";"3-5 years"
202301205;1205;2023;"Manager";"Sweden";"Transformation & Change Management";"2023-12-15";"3-5 years"
202301206;1206;2023;"Manager";"France";"Digital Strategy Consulting";"2023-12-15";"1-2 years"
202301207;1207;2023;"Non-manager";"Sweden";"Technology & IT Strategy";"2023-12-15";"3-5 years"
202301208;1208;2023;"Non-manager";"Spain";"Technology & IT Strategy";"2023-12-15";"3-5 years"
202301209;1209;2023;"Non-manager";"Denmark";"Customer Experience & Design";"2023-12-15";"3-5 years"
202301210;1210;2023;"Non-manager";"Germany";"Data & Analytics Consulting";"2023-12-15";"3-5 years"
202301211;1211;2023;"Manager";"Spain";"Technology & IT Strategy";"2023-12-15";"3-5 years"
202301212;1212;2023;"Non-manager";"Sweden";"Technology & IT Strategy";"2023-12-15";"3-5 years"
202301213;1213;2023;"Non-manager";"Denmark";"Human Resources";"2023-12-15";"1-2 years"
202301214;1214;2023;"Manager";"Germany";"Sales & Business Development";"2023-12-15";"3-5 years"
202301215;1215;2023;"Non-manager";"Sweden";"Transformation & Change Management";"2023-12-15";"3-5 years"
202301216;1216;2023;"Manager";"France";"Data & Analytics Consulting";"2023-12-15";"3-5 years"
202301217;1217;2023;"Non-manager";"France";"Transformation & Change Management";"2023-12-15";"3-5 years"
202301218;1218;2023;"Non-manager";"Spain";"Transformation & Change Management";"2023-12-15";"1-2 years"
202301219;1219;2023;"Non-manager";"Denmark";"Finance & Operations";"2023-12-15";"10-15 years"
202301220;1220;2023;"Non-manager";"Spain";"Digital Strategy Consulting";"2023-12-15";"1-2 years"
202301221;1221;2023;"Non-manager";"France";"Customer Experience & Design";"2023-12-15";"1-2 years"
202301222;1222;2023;"Non-manager";"Denmark";"Data & Analytics Consulting";"2023-12-15";"1-2 years"
202301223;1223;2023;"Non-manager";"Spain";"Data & Analytics Consulting";"2023-12-15";"6-9 years"
202301224;1224;2023;"Non-manager";"Spain";"Data & Analytics Consulting";"2023-12-15";"1-2 years"
202301225;1225;2023;"Non-manager";"Denmark";"Transformation & Change Management";"2023-12-15";"Less than 1 year"
202301226;1226;2023;"Manager";"Germany";"Data & Analytics Consulting";"2023-12-15";"3-5 years"
202301227;1227;2023;"Non-manager";"Sweden";"Digital Strategy Consulting";"2023-12-15";"Less than 1 year"
202301228;1228;2023;"Non-manager";"Spain";"Technology & IT Strategy";"2023-12-15";"Less than 1 year"
202301229;1229;2023;"Manager";"Sweden";"Data & Analytics Consulting";"2023-12-15";"3-5 years"
202301230;1230;2023;"Non-manager";"Sweden";"Transformation & Change Management";"2023-12-15";"1-2 years"
202301231;1231;2023;"Non-manager";"Denmark";"Technology & IT Strategy";"2023-12-15";"3-5 years"
202301232;1232;2023;"Manager";"Sweden";"Customer Experience & Design";"2023-12-15";"10-15 years"
202301233;1233;2023;"Non-manager";"Spain";"Data & Analytics Consulting";"2023-12-15";"10-15 years"
202301234;1234;2023;"Non-manager";"Denmark";"Transformation & Change Management";"2023-12-15";"3-5 years"
202301235;1235;2023;"Non-manager";"Sweden";"Transformation & Change Management";"2023-12-15";"Less than 1 year"
202301236;1236;2023;"Non-manager";"Sweden";"Technology & IT Strategy";"2023-12-15";"1-2 years"
202301237;1237;2023;"Non-manager";"Germany";"Technology & IT Strategy";"2023-12-15";"Less than 1 year"
202301238;1238;2023;"Non-manager";"Sweden";"Transformation & Change Management";"2023-12-15";"3-5 years"
202301239;1239;2023;"Non-manager";"Sweden";"Technology & IT Strategy";"2023-12-15";"3-5 years"
202301240;1240;2023;"Manager";"Germany";"Digital Marketing & Growth";"2023-12-15";"3-5 years"
202301241;1241;2023;"Manager";"Germany";"Technology & IT Strategy";"2023-12-15";"10-15 years"
202301242;1242;2023;"Non-manager";"Sweden";"Customer Experience & Design";"2023-12-15";"1-2 years"
202301243;1243;2023;"Non-manager";"Denmark";"Technology & IT Strategy";"2023-12-15";"15+ years"
202301244;1244;2023;"Non-manager";"Spain";"Data & Analytics Consulting";"2023-12-15";"1-2 years"
202301245;1245;2023;"Manager";"Germany";"Digital Marketing & Growth";"2023-12-15";"1-2 years"
202301246;1246;2023;"Non-manager";"France";"Customer Experience & Design";"2023-12-15";"3-5 years"
202301247;1247;2023;"Manager";"Sweden";"Sales & Business Development";"2023-12-15";"3-5 years"
202301248;1248;2023;"Non-manager";"Denmark";"Digital Marketing & Growth";"2023-12-15";"Less than 1 year"
202301249;1249;2023;"Manager";"Spain";"Digital Strategy Consulting";"2023-12-15";"10-15 years"
202301250;1250;2023;"Manager";"Germany";"Technology & IT Strategy";"2023-12-15";"Less than 1 year"
202301251;1251;2023;"Non-manager";"Denmark";"Digital Strategy Consulting";"2023-12-15";"Less than 1 year"
202301252;1252;2023;"Non-manager";"Germany";"Transformation & Change Management";"2023-12-15";"1-2 years"
202301253;1253;2023;"Non-manager";"Sweden";"Customer Experience & Design";"2023-12-15";"Less than 1 year"
202301254;1254;2023;"Non-manager";"Sweden";"Finance & Operations";"2023-12-15";"1-2 years"
202301255;1255;2023;"Non-manager";"Sweden";"Technology & IT Strategy";"2023-12-15";"10-15 years"
202301256;1256;2023;"Non-manager";"Germany";"Customer Experience & Design";"2023-12-15";"3-5 years"
202301257;1257;2023;"Manager";"Sweden";"Transformation & Change Management";"2023-12-15";"6-9 years"
202301258;1258;2023;"Non-manager";"Denmark";"Transformation & Change Management";"2023-12-15";"3-5 years"
202301259;1259;2023;"Non-manager";"Sweden";"Technology & IT Strategy";"2023-12-15";"3-5 years"
202301260;1260;2023;"Non-manager";"Denmark";"Digital Strategy Consulting";"2023-12-15";"1-2 years"
202301261;1261;2023;"Manager";"Sweden";"Digital Strategy Consulting";"2023-12-15";"1-2 years"
202301262;1262;2023;"Non-manager";"Sweden";"Digital Strategy Consulting";"2023-12-15";"3-5 years"
202301263;1263;2023;"Non-manager";"France";"Transformation & Change Management";"2023-12-15";"3-5 years"
202301264;1264;2023;"Non-manager";"Sweden";"Sales & Business Development";"2023-12-15";"3-5 years"
202301265;1265;2023;"Manager";"Germany";"Technology & IT Strategy";"2023-12-15";"1-2 years"
202301266;1266;2023;"Manager";"Spain";"Data & Analytics Consulting";"2023-12-15";"3-5 years"
202301267;1267;2023;"Non-manager";"Sweden";"Transformation & Change Management";"2023-12-15";"3-5 years"
202301268;1268;2023;"Non-manager";"Germany";"Customer Experience & Design";"2023-12-15";"1-2 years"
202301269;1269;2023;"Non-manager";"France";"Technology & IT Strategy";"2023-12-15";"3-5 years"
202301270;1270;2023;"Non-manager";"Germany";"Technology & IT Strategy";"2023-12-15";"3-5 years"
202301271;1271;2023;"Non-manager";"Denmark";"Digital Strategy Consulting";"2023-12-15";"1-2 years"
202301272;1272;2023;"Non-manager";"Germany";"Digital Marketing & Growth";"2023-12-15";"1-2 years"
202301273;1273;2023;"Non-manager";"Sweden";"Finance & Operations";"2023-12-15";"3-5 years"
202301274;1274;2023;"Non-manager";"Spain";"Finance & Operations";"2023-12-15";"3-5 years"
202301275;1275;2023;"Manager";"Sweden";"Digital Strategy Consulting";"2023-12-15";"3-5 years"
202301276;1276;2023;"Manager";"Denmark";"Finance & Operations";"2023-12-15";"10-15 years"
202301277;1277;2023;"Non-manager";"Sweden";"Digital Strategy Consulting";"2023-12-15";"1-2 years"
202301278;1278;2023;"Manager";"Sweden";"Human Resources";"2023-12-15";"Less than 1 year"
202301279;1279;2023;"Non-manager";"France";"Human Resources";"2023-12-15";"3-5 years"
202301280;1280;2023;"Manager";"Sweden";"Data & Analytics Consulting";"2023-12-15";"10-15 years"
202301281;1281;2023;"Non-manager";"Sweden";"Sales & Business Development";"2023-12-15";"10-15 years"
202301282;1282;2023;"Non-manager";"Denmark";"Finance & Operations";"2023-12-15";"1-2 years"
202301283;1283;2023;"Non-manager";"Sweden";"Data & Analytics Consulting";"2023-12-15";"3-5 years"
202301284;1284;2023;"Manager";"Spain";"Sales & Business Development";"2023-12-15";"3-5 years"
202301285;1285;2023;"Non-manager";"Sweden";"Customer Experience & Design";"2023-12-15";"3-5 years"
202301286;1286;2023;"Manager";"Germany";"Data & Analytics Consulting";"2023-12-15";"10-15 years"
202301287;1287;2023;"Non-manager";"Sweden";"Digital Strategy Consulting";"2023-12-15";"1-2 years"
202301288;1288;2023;"Manager";"France";"Transformation & Change Management";"2023-12-15";"10-15 years"
202301289;1289;2023;"Non-manager";"Germany";"Technology & IT Strategy";"2023-12-15";"3-5 years"
202301290;1290;2023;"Non-manager";"Denmark";"Customer Experience & Design";"2023-12-15";"6-9 years"
202301291;1291;2023;"Manager";"Sweden";"Sales & Business Development";"2023-12-15";"15+ years"
202301292;1292;2023;"Non-manager";"France";"Technology & IT Strategy";"2023-12-15";"1-2 years"
202301293;1293;2023;"Manager";"France";"Cybersecurity & Digital Risk";"2023-12-15";"10-15 years"
202301294;1294;2023;"Non-manager";"Sweden";"Technology & IT Strategy";"2023-12-15";"1-2 years"
202301295;1295;2023;"Non-manager";"Sweden";"Data & Analytics Consulting";"2023-12-15";"3-5 years"
202301296;1296;2023;"Non-manager";"Spain";"Human Resources";"2023-12-15";"3-5 years"
202301297;1297;2023;"Non-manager";"Spain";"Customer Experience & Design";"2023-12-15";"3-5 years"
202301298;1298;2023;"Manager";"Sweden";"Cybersecurity & Digital Risk";"2023-12-15";"1-2 years"
202301299;1299;2023;"Non-manager";"Spain";"Finance & Operations";"2023-12-15";"1-2 years"
202301300;1300;2023;"Manager";"Sweden";"Data & Analytics Consulting";"2023-12-15";"1-2 years"
202301301;1301;2023;"Non-manager";"Denmark";"Data & Analytics Consulting";"2023-12-15";"10-15 years"
202301302;1302;2023;"Non-manager";"Denmark";"Digital Strategy Consulting";"2023-12-15";"6-9 years"
202301303;1303;2023;"Non-manager";"Denmark";"Customer Experience & Design";"2023-12-15";"3-5 years"
202301304;1304;2023;"Manager";"France";"Technology & IT Strategy";"2023-12-15";"3-5 years"
202301305;1305;2023;"Non-manager";"Spain";"Data & Analytics Consulting";"2023-12-15";"10-15 years"
202301306;1306;2023;"Non-manager";"Sweden";"Customer Experience & Design";"2023-12-15";"1-2 years"
202301307;1307;2023;"Non-manager";"Sweden";"Digital Marketing & Growth";"2023-12-15";"3-5 years"
202301308;1308;2023;"Manager";"Sweden";"Transformation & Change Management";"2023-12-15";"6-9 years"
202301309;1309;2023;"Manager";"France";"Sales & Business Development";"2023-12-15";"1-2 years"
202301310;1310;2023;"Manager";"Germany";"Technology & IT Strategy";"2023-12-15";"3-5 years"
202301311;1311;2023;"Non-manager";"France";"Sales & Business Development";"2023-12-15";"3-5 years"
202301312;1312;2023;"Manager";"Sweden";"Digital Strategy Consulting";"2023-12-15";"3-5 years"
202301313;1313;2023;"Non-manager";"Sweden";"Cybersecurity & Digital Risk";"2023-12-15";"Less than 1 year"
202301314;1314;2023;"Manager";"Germany";"Data & Analytics Consulting";"2023-12-15";"3-5 years"
202301315;1315;2023;"Non-manager";"Germany";"Finance & Operations";"2023-12-15";"Less than 1 year"
202301316;1316;2023;"Non-manager";"Sweden";"Data & Analytics Consulting";"2023-12-15";"3-5 years"
202301317;1317;2023;"Non-manager";"Sweden";"Technology & IT Strategy";"2023-12-15";"3-5 years"
202301318;1318;2023;"Non-manager";"Sweden";"Data & Analytics Consulting";"2023-12-15";"3-5 years"
202301319;1319;2023;"Non-manager";"Sweden";"Customer Experience & Design";"2023-12-15";"3-5 years"
202301320;1320;2023;"Manager";"Sweden";"Data & Analytics Consulting";"2023-12-15";"1-2 years"
202301321;1321;2023;"Non-manager";"France";"Finance & Operations";"2023-12-15";"Less than 1 year"
202301322;1322;2023;"Non-manager";"Denmark";"Digital Marketing & Growth";"2023-12-15";"1-2 years"
202301323;1323;2023;"Non-manager";"Denmark";"Digital Marketing & Growth";"2023-12-15";"3-5 years"
202301324;1324;2023;"Non-manager";"Spain";"Sales & Business Development";"2023-12-15";"10-15 years"
202301325;1325;2023;"Manager";"Sweden";"Digital Strategy Consulting";"2023-12-15";"15+ years"
202301326;1326;2023;"Non-manager";"Sweden";"Technology & IT Strategy";"2023-12-15";"1-2 years"
202301327;1327;2023;"Non-manager";"Germany";"Data & Analytics Consulting";"2023-12-15";"1-2 years"
202301328;1328;2023;"Non-manager";"France";"Transformation & Change Management";"2023-12-15";"1-2 years"
202301329;1329;2023;"Manager";"Denmark";"Customer Experience & Design";"2023-12-15";"10-15 years"
202301330;1330;2023;"Non-manager";"Spain";"Customer Experience & Design";"2023-12-15";"6-9 years"
202301331;1331;2023;"Non-manager";"Denmark";"Digital Strategy Consulting";"2023-12-15";"1-2 years"
202301332;1332;2023;"Non-manager";"Sweden";"Digital Marketing & Growth";"2023-12-15";"3-5 years"
202301333;1333;2023;"Non-manager";"Spain";"Cybersecurity & Digital Risk";"2023-12-15";"1-2 years"
202301334;1334;2023;"Non-manager";"Sweden";"Transformation & Change Management";"2023-12-15";"3-5 years"
202301335;1335;2023;"Manager";"Germany";"Sales & Business Development";"2023-12-15";"1-2 years"
202301336;1336;2023;"Non-manager";"Sweden";"Sales & Business Development";"2023-12-15";"10-15 years"
202301337;1337;2023;"Non-manager";"Germany";"Finance & Operations";"2023-12-15";"3-5 years"
202301338;1338;2023;"Manager";"Sweden";"Cybersecurity & Digital Risk";"2023-12-15";"1-2 years"
202301339;1339;2023;"Non-manager";"France";"Customer Experience & Design";"2023-12-15";"1-2 years"
202301340;1340;2023;"Non-manager";"France";"Digital Marketing & Growth";"2023-12-15";"3-5 years"
202301341;1341;2023;"Non-manager";"Sweden";"Technology & IT Strategy";"2023-12-15";"3-5 years"
202301342;1342;2023;"Manager";"France";"Sales & Business Development";"2023-12-15";"Less than 1 year"
202301343;1343;2023;"Non-manager";"Germany";"Data & Analytics Consulting";"2023-12-15";"3-5 years"
202301344;1344;2023;"Non-manager";"Sweden";"Technology & IT Strategy";"2023-12-15";"3-5 years"
202301345;1345;2023;"Non-manager";"Spain";"Human Resources";"2023-12-15";"15+ years"
202301346;1346;2023;"Non-manager";"Sweden";"Digital Strategy Consulting";"2023-12-15";"1-2 years"
202301347;1347;2023;"Non-manager";"France";"Digital Strategy Consulting";"2023-12-15";"1-2 years"
202301348;1348;2023;"Non-manager";"Sweden";"Sales & Business Development";"2023-12-15";"1-2 years"
202301349;1349;2023;"Non-manager";"Denmark";"Customer Experience & Design";"2023-12-15";"3-5 years"
202301350;1350;2023;"Non-manager";"Sweden";"Human Resources";"2023-12-15";"1-2 years"
202301351;1351;2023;"Non-manager";"Germany";"Sales & Business Development";"2023-12-15";"3-5 years"
202301352;1352;2023;"Manager";"Spain";"Cybersecurity & Digital Risk";"2023-12-15";"1-2 years"
202301353;1353;2023;"Non-manager";"Denmark";"Digital Strategy Consulting";"2023-12-15";"3-5 years"
202301354;1354;2023;"Non-manager";"Spain";"Data & Analytics Consulting";"2023-12-15";"1-2 years"
202301355;1355;2023;"Non-manager";"Sweden";"Sales & Business Development";"2023-12-15";"3-5 years"
202301356;1356;2023;"Manager";"France";"Technology & IT Strategy";"2023-12-15";"6-9 years"
202301357;1357;2023;"Non-manager";"France";"Finance & Operations";"2023-12-15";"Less than 1 year"
202301358;1358;2023;"Manager";"Denmark";"Digital Marketing & Growth";"2023-12-15";"Less than 1 year"
202301359;1359;2023;"Manager";"Sweden";"Data & Analytics Consulting";"2023-12-15";"6-9 years"
202301360;1360;2023;"Non-manager";"Germany";"Data & Analytics Consulting";"2023-12-15";"1-2 years"
202301361;1361;2023;"Non-manager";"Germany";"Finance & Operations";"2023-12-15";"3-5 years"
202301362;1362;2023;"Non-manager";"Sweden";"Sales & Business Development";"2023-12-15";"1-2 years"
202301363;1363;2023;"Manager";"France";"Data & Analytics Consulting";"2023-12-15";"3-5 years"
202301364;1364;2023;"Non-manager";"Sweden";"Data & Analytics Consulting";"2023-12-15";"6-9 years"
202301365;1365;2023;"Manager";"Sweden";"Transformation & Change Management";"2023-12-15";"Less than 1 year"
202301366;1366;2023;"Non-manager";"France";"Human Resources";"2023-12-15";"1-2 years"
202301367;1367;2023;"Non-manager";"Spain";"Digital Strategy Consulting";"2023-12-15";"3-5 years"
202301368;1368;2023;"Non-manager";"Sweden";"Transformation & Change Management";"2023-12-15";"3-5 years"
202301369;1369;2023;"Non-manager";"Sweden";"Finance & Operations";"2023-12-15";"1-2 years"
202301370;1370;2023;"Manager";"Sweden";"Data & Analytics Consulting";"2023-12-15";"3-5 years"
202301371;1371;2023;"Non-manager";"Denmark";"Data & Analytics Consulting";"2023-12-15";"3-5 years"
202301372;1372;2023;"Manager";"Denmark";"Technology & IT Strategy";"2023-12-15";"10-15 years"
202301373;1373;2023;"Non-manager";"France";"Transformation & Change Management";"2023-12-15";"Less than 1 year"
202301374;1374;2023;"Non-manager";"Sweden";"Transformation & Change Management";"2023-12-15";"Less than 1 year"
202301375;1375;2023;"Manager";"Sweden";"Technology & IT Strategy";"2023-12-15";"1-2 years"
202301376;1376;2023;"Non-manager";"Denmark";"Digital Strategy Consulting";"2023-12-15";"6-9 years"
202301377;1377;2023;"Non-manager";"Sweden";"Data & Analytics Consulting";"2023-12-15";"Less than 1 year"
202301378;1378;2023;"Non-manager";"Sweden";"Digital Strategy Consulting";"2023-12-15";"1-2 years"
202301379;1379;2023;"Manager";"Sweden";"Finance & Operations";"2023-12-15";"3-5 years"
202301380;1380;2023;"Manager";"Sweden";"Human Resources";"2023-12-15";"3-5 years"
202301381;1381;2023;"Non-manager";"Denmark";"Transformation & Change Management";"2023-12-15";"3-5 years"
202301382;1382;2023;"Non-manager";"Sweden";"Sales & Business Development";"2023-12-15";"1-2 years"
202301383;1383;2023;"Non-manager";"Germany";"Technology & IT Strategy";"2023-12-15";"3-5 years"
202301384;1384;2023;"Manager";"Sweden";"Data & Analytics Consulting";"2023-12-15";"6-9 years"
202301385;1385;2023;"Non-manager";"Germany";"Transformation & Change Management";"2023-12-15";"3-5 years"
202301386;1386;2023;"Non-manager";"Sweden";"Digital Strategy Consulting";"2023-12-15";"10-15 years"
202301387;1387;2023;"Non-manager";"Sweden";"Technology & IT Strategy";"2023-12-15";"Less than 1 year"
202301388;1388;2023;"Manager";"Denmark";"Transformation & Change Management";"2023-12-15";"10-15 years"
202301389;1389;2023;"Manager";"Sweden";"Transformation & Change Management";"2023-12-15";"3-5 years"
202301390;1390;2023;"Non-manager";"Sweden";"Sales & Business Development";"2023-12-15";"1-2 years"
202301391;1391;2023;"Non-manager";"Denmark";"Transformation & Change Management";"2023-12-15";"1-2 years"
202301392;1392;2023;"Manager";"Sweden";"Digital Marketing & Growth";"2023-12-15";"3-5 years"
202301393;1393;2023;"Non-manager";"France";"Sales & Business Development";"2023-12-15";"3-5 years"
202301394;1394;2023;"Non-manager";"Germany";"Customer Experience & Design";"2023-12-15";"6-9 years"
202301395;1395;2023;"Non-manager";"Spain";"Data & Analytics Consulting";"2023-12-15";"3-5 years"
202301396;1396;2023;"Manager";"Sweden";"Digital Strategy Consulting";"2023-12-15";"3-5 years"
202301397;1397;2023;"Non-manager";"France";"Cybersecurity & Digital Risk";"2023-12-15";"3-5 years"
202301398;1398;2023;"Non-manager";"Sweden";"Sales & Business Development";"2023-12-15";"10-15 years"
202301399;1399;2023;"Non-manager";"Spain";"Human Resources";"2023-12-15";"3-5 years"
202301400;1400;2023;"Non-manager";"Spain";"Transformation & Change Management";"2023-12-15";"Less than 1 year"
202301401;1401;2023;"Manager";"France";"Data & Analytics Consulting";"2023-12-15";"6-9 years"
202301402;1402;2023;"Manager";"Sweden";"Sales & Business Development";"2023-12-15";"Less than 1 year"
202301403;1403;2023;"Non-manager";"Sweden";"Data & Analytics Consulting";"2023-12-15";"3-5 years"
202301404;1404;2023;"Manager";"France";"Data & Analytics Consulting";"2023-12-15";"Less than 1 year"
202301405;1405;2023;"Non-manager";"Sweden";"Digital Strategy Consulting";"2023-12-15";"1-2 years"
202301406;1406;2023;"Manager";"Spain";"Digital Strategy Consulting";"2023-12-15";"15+ years"
202301407;1407;2023;"Non-manager";"Sweden";"Technology & IT Strategy";"2023-12-15";"6-9 years"
202301408;1408;2023;"Non-manager";"Denmark";"Digital Strategy Consulting";"2023-12-15";"1-2 years"
202301409;1409;2023;"Non-manager";"Denmark";"Customer Experience & Design";"2023-12-15";"1-2 years"
202301410;1410;2023;"Manager";"Sweden";"Customer Experience & Design";"2023-12-15";"Less than 1 year"
202301411;1411;2023;"Manager";"Denmark";"Sales & Business Development";"2023-12-15";"3-5 years"
202301412;1412;2023;"Non-manager";"Sweden";"Digital Strategy Consulting";"2023-12-15";"3-5 years"
202301413;1413;2023;"Non-manager";"Germany";"Customer Experience & Design";"2023-12-15";"10-15 years"
202301414;1414;2023;"Non-manager";"Germany";"Transformation & Change Management";"2023-12-15";"1-2 years"
202301415;1415;2023;"Non-manager";"Sweden";"Human Resources";"2023-12-15";"1-2 years"
202301416;1416;2023;"Manager";"Denmark";"Human Resources";"2023-12-15";"1-2 years"
202301417;1417;2023;"Manager";"Sweden";"Sales & Business Development";"2023-12-15";"3-5 years"
202301418;1418;2023;"Manager";"France";"Customer Experience & Design";"2023-12-15";"10-15 years"
202301419;1419;2023;"Non-manager";"Sweden";"Technology & IT Strategy";"2023-12-15";"6-9 years"
202301420;1420;2023;"Non-manager";"Germany";"Customer Experience & Design";"2023-12-15";"Less than 1 year"
202301421;1421;2023;"Manager";"Sweden";"Technology & IT Strategy";"2023-12-15";"1-2 years"
202301422;1422;2023;"Non-manager";"Sweden";"Human Resources";"2023-12-15";"3-5 years"
202301423;1423;2023;"Manager";"Sweden";"Transformation & Change Management";"2023-12-15";"1-2 years"
202301424;1424;2023;"Non-manager";"Sweden";"Digital Marketing & Growth";"2023-12-15";"1-2 years"
202301425;1425;2023;"Manager";"Germany";"Digital Strategy Consulting";"2023-12-15";"6-9 years"
202301426;1426;2023;"Manager";"Sweden";"Data & Analytics Consulting";"2023-12-15";"10-15 years"
202301427;1427;2023;"Non-manager";"Germany";"Digital Strategy Consulting";"2023-12-15";"6-9 years"
202301428;1428;2023;"Non-manager";"Sweden";"Digital Strategy Consulting";"2023-12-15";"3-5 years"
202301429;1429;2023;"Non-manager";"Sweden";"Data & Analytics Consulting";"2023-12-15";"3-5 years"
202301430;1430;2023;"Non-manager";"Germany";"Sales & Business Development";"2023-12-15";"6-9 years"
202301431;1431;2023;"Non-manager";"Germany";"Digital Marketing & Growth";"2023-12-15";"3-5 years"
202301432;1432;2023;"Non-manager";"France";"Finance & Operations";"2023-12-15";"10-15 years"
202301433;1433;2023;"Manager";"Spain";"Digital Strategy Consulting";"2023-12-15";"Less than 1 year"
202301434;1434;2023;"Non-manager";"Sweden";"Human Resources";"2023-12-15";"Less than 1 year"
202301435;1435;2023;"Non-manager";"Germany";"Human Resources";"2023-12-15";"1-2 years"
202301436;1436;2023;"Non-manager";"Denmark";"Customer Experience & Design";"2023-12-15";"1-2 years"
202301437;1437;2023;"Non-manager";"France";"Transformation & Change Management";"2023-12-15";"1-2 years"
202301438;1438;2023;"Non-manager";"Germany";"Digital Marketing & Growth";"2023-12-15";"3-5 years"
202301439;1439;2023;"Non-manager";"France";"Cybersecurity & Digital Risk";"2023-12-15";"3-5 years"
202301440;1440;2023;"Non-manager";"Sweden";"Transformation & Change Management";"2023-12-15";"3-5 years"
202301441;1441;2023;"Non-manager";"France";"Data & Analytics Consulting";"2023-12-15";"1-2 years"
202301442;1442;2023;"Manager";"Sweden";"Transformation & Change Management";"2023-12-15";"3-5 years"
202301443;1443;2023;"Manager";"Spain";"Digital Marketing & Growth";"2023-12-15";"6-9 years"
202301444;1444;2023;"Non-manager";"Sweden";"Data & Analytics Consulting";"2023-12-15";"1-2 years"
202301445;1445;2023;"Non-manager";"Spain";"Data & Analytics Consulting";"2023-12-15";"3-5 years"
202301446;1446;2023;"Non-manager";"France";"Finance & Operations";"2023-12-15";"3-5 years"
202301447;1447;2023;"Non-manager";"France";"Human Resources";"2023-12-15";"3-5 years"
202301448;1448;2023;"Non-manager";"Spain";"Digital Strategy Consulting";"2023-12-15";"1-2 years"
202301449;1449;2023;"Non-manager";"Sweden";"Digital Strategy Consulting";"2023-12-15";"3-5 years"
202301450;1450;2023;"Non-manager";"Denmark";"Finance & Operations";"2023-12-15";"15+ years"
202301451;1451;2023;"Non-manager";"Spain";"Digital Strategy Consulting";"2023-12-15";"1-2 years"
202301452;1452;2023;"Non-manager";"Germany";"Digital Strategy Consulting";"2023-12-15";"Less than 1 year"
202301453;1453;2023;"Non-manager";"Spain";"Cybersecurity & Digital Risk";"2023-12-15";"Less than 1 year"
202301454;1454;2023;"Non-manager";"Sweden";"Data & Analytics Consulting";"2023-12-15";"Less than 1 year"
202301455;1455;2023;"Manager";"Sweden";"Customer Experience & Design";"2023-12-15";"10-15 years"
202301456;1456;2023;"Non-manager";"Sweden";"Cybersecurity & Digital Risk";"2023-12-15";"1-2 years"
202301457;1457;2023;"Non-manager";"Sweden";"Digital Strategy Consulting";"2023-12-15";"6-9 years"
202301458;1458;2023;"Non-manager";"Denmark";"Human Resources";"2023-12-15";"3-5 years"
202301459;1459;2023;"Non-manager";"Sweden";"Digital Marketing & Growth";"2023-12-15";"3-5 years"
202301460;1460;2023;"Non-manager";"Sweden";"Digital Marketing & Growth";"2023-12-15";"Less than 1 year"
202301461;1461;2023;"Manager";"France";"Data & Analytics Consulting";"2023-12-15";"1-2 years"
202301462;1462;2023;"Non-manager";"Sweden";"Cybersecurity & Digital Risk";"2023-12-15";"10-15 years"
202301463;1463;2023;"Non-manager";"Germany";"Customer Experience & Design";"2023-12-15";"3-5 years"
202301464;1464;2023;"Non-manager";"Sweden";"Human Resources";"2023-12-15";"1-2 years"
202301465;1465;2023;"Manager";"Sweden";"Human Resources";"2023-12-15";"3-5 years"
202301466;1466;2023;"Non-manager";"Sweden";"Data & Analytics Consulting";"2023-12-15";"3-5 years"
202301467;1467;2023;"Non-manager";"Sweden";"Data & Analytics Consulting";"2023-12-15";"3-5 years"
202301468;1468;2023;"Non-manager";"Sweden";"Transformation & Change Management";"2023-12-15";"6-9 years"
202301469;1469;2023;"Non-manager";"Sweden";"Sales & Business Development";"2023-12-15";"3-5 years"
202301470;1470;2023;"Non-manager";"Germany";"Data & Analytics Consulting";"2023-12-15";"1-2 years"
202301471;1471;2023;"Non-manager";"France";"Digital Strategy Consulting";"2023-12-15";"6-9 years"
202301472;1472;2023;"Non-manager";"Germany";"Sales & Business Development";"2023-12-15";"3-5 years"
202301473;1473;2023;"Non-manager";"Germany";"Customer Experience & Design";"2023-12-15";"1-2 years"
202301474;1474;2023;"Manager";"Spain";"Transformation & Change Management";"2023-12-15";"6-9 years"
202301475;1475;2023;"Non-manager";"Sweden";"Customer Experience & Design";"2023-12-15";"10-15 years"
202301476;1476;2023;"Non-manager";"France";"Digital Strategy Consulting";"2023-12-15";"Less than 1 year"
202301477;1477;2023;"Non-manager";"France";"Digital Strategy Consulting";"2023-12-15";"6-9 years"
202301478;1478;2023;"Non-manager";"Sweden";"Customer Experience & Design";"2023-12-15";"10-15 years"
202301479;1479;2023;"Manager";"France";"Digital Marketing & Growth";"2023-12-15";"10-15 years"
202301480;1480;2023;"Manager";"Denmark";"Technology & IT Strategy";"2023-12-15";"Less than 1 year"
202301481;1481;2023;"Non-manager";"France";"Digital Strategy Consulting";"2023-12-15";"Less than 1 year"
202301482;1482;2023;"Manager";"Germany";"Digital Strategy Consulting";"2023-12-15";"1-2 years"
202301483;1483;2023;"Non-manager";"Germany";"Sales & Business Development";"2023-12-15";"10-15 years"
202301484;1484;2023;"Non-manager";"Spain";"Technology & IT Strategy";"2023-12-15";"3-5 years"
202301485;1485;2023;"Non-manager";"Germany";"Data & Analytics Consulting";"2023-12-15";"3-5 years"
202301486;1486;2023;"Manager";"Germany";"Digital Marketing & Growth";"2023-12-15";"1-2 years"
202301487;1487;2023;"Manager";"Sweden";"Human Resources";"2023-12-15";"Less than 1 year"
202301488;1488;2023;"Non-manager";"Germany";"Digital Strategy Consulting";"2023-12-15";"15+ years"
202301489;1489;2023;"Non-manager";"Sweden";"Finance & Operations";"2023-12-15";"3-5 years"
202301490;1490;2023;"Non-manager";"Sweden";"Finance & Operations";"2023-12-15";"Less than 1 year"
202301491;1491;2023;"Non-manager";"Spain";"Transformation & Change Management";"2023-12-15";"3-5 years"
202301492;1492;2023;"Non-manager";"Sweden";"Data & Analytics Consulting";"2023-12-15";"3-5 years"
202301493;1493;2023;"Non-manager";"Denmark";"Finance & Operations";"2023-12-15";"1-2 years"
202301494;1494;2023;"Non-manager";"Sweden";"Cybersecurity & Digital Risk";"2023-12-15";"3-5 years"
202301495;1495;2023;"Non-manager";"France";"Transformation & Change Management";"2023-12-15";"1-2 years"
202301496;1496;2023;"Manager";"Germany";"Transformation & Change Management";"2023-12-15";"3-5 years"
202301497;1497;2023;"Manager";"Sweden";"Data & Analytics Consulting";"2023-12-15";"3-5 years"
202301498;1498;2023;"Non-manager";"Denmark";"Customer Experience & Design";"2023-12-15";"1-2 years"
202301499;1499;2023;"Non-manager";"France";"Customer Experience & Design";"2023-12-15";"3-5 years"
202301500;1500;2023;"Non-manager";"Sweden";"Finance & Operations";"2023-12-15";"3-5 years"
202301501;1501;2023;"Non-manager";"Denmark";"Digital Marketing & Growth";"2023-12-15";"3-5 years"
202301502;1502;2023;"Non-manager";"Sweden";"Technology & IT Strategy";"2023-12-15";"6-9 years"
202301503;1503;2023;"Manager";"Sweden";"Digital Strategy Consulting";"2023-12-15";"Less than 1 year"
202301504;1504;2023;"Non-manager";"Spain";"Digital Marketing & Growth";"2023-12-15";"3-5 years"
202301505;1505;2023;"Non-manager";"Sweden";"Digital Strategy Consulting";"2023-12-15";"3-5 years"
202301506;1506;2023;"Non-manager";"Spain";"Digital Marketing & Growth";"2023-12-15";"3-5 years"
202301507;1507;2023;"Non-manager";"Germany";"Customer Experience & Design";"2023-12-15";"10-15 years"
202301508;1508;2023;"Non-manager";"Germany";"Transformation & Change Management";"2023-12-15";"1-2 years"
202301509;1509;2023;"Non-manager";"Sweden";"Customer Experience & Design";"2023-12-15";"6-9 years"
202301510;1510;2023;"Non-manager";"Denmark";"Digital Strategy Consulting";"2023-12-15";"15+ years"
202301511;1511;2023;"Non-manager";"Sweden";"Technology & IT Strategy";"2023-12-15";"10-15 years"
202301512;1512;2023;"Non-manager";"Denmark";"Transformation & Change Management";"2023-12-15";"1-2 years"
202301513;1513;2023;"Non-manager";"Sweden";"Cybersecurity & Digital Risk";"2023-12-15";"1-2 years"
202301514;1514;2023;"Manager";"Sweden";"Digital Strategy Consulting";"2023-12-15";"1-2 years"
202301515;1515;2023;"Manager";"Spain";"Digital Marketing & Growth";"2023-12-15";"1-2 years"
202301516;1516;2023;"Manager";"Spain";"Digital Strategy Consulting";"2023-12-15";"6-9 years"
202301517;1517;2023;"Non-manager";"Sweden";"Transformation & Change Management";"2023-12-15";"3-5 years"
202301518;1518;2023;"Non-manager";"Germany";"Digital Strategy Consulting";"2023-12-15";"1-2 years"
202301519;1519;2023;"Non-manager";"Denmark";"Customer Experience & Design";"2023-12-15";"1-2 years"
202301520;1520;2023;"Non-manager";"Sweden";"Digital Strategy Consulting";"2023-12-15";"6-9 years"
202301521;1521;2023;"Non-manager";"Germany";"Transformation & Change Management";"2023-12-15";"1-2 years"
202301522;1522;2023;"Non-manager";"Germany";"Customer Experience & Design";"2023-12-15";"1-2 years"
202301523;1523;2023;"Non-manager";"Sweden";"Customer Experience & Design";"2023-12-15";"10-15 years"
202301524;1524;2023;"Manager";"Sweden";"Technology & IT Strategy";"2023-12-15";"Less than 1 year"
202301525;1525;2023;"Manager";"Sweden";"Customer Experience & Design";"2023-12-15";"3-5 years"
202301526;1526;2023;"Non-manager";"Sweden";"Digital Strategy Consulting";"2023-12-15";"3-5 years"
202301527;1527;2023;"Non-manager";"Spain";"Digital Strategy Consulting";"2023-12-15";"6-9 years"
202301528;1528;2023;"Manager";"Denmark";"Data & Analytics Consulting";"2023-12-15";"Less than 1 year"
202301529;1529;2023;"Manager";"Sweden";"Sales & Business Development";"2023-12-15";"1-2 years"
202301530;1530;2023;"Non-manager";"Germany";"Customer Experience & Design";"2023-12-15";"Less than 1 year"
202301531;1531;2023;"Manager";"Germany";"Sales & Business Development";"2023-12-15";"10-15 years"
202301532;1532;2023;"Non-manager";"Spain";"Customer Experience & Design";"2023-12-15";"10-15 years"
202301533;1533;2023;"Non-manager";"Sweden";"Digital Strategy Consulting";"2023-12-15";"Less than 1 year"
202301534;1534;2023;"Non-manager";"Germany";"Transformation & Change Management";"2023-12-15";"1-2 years"
202301535;1535;2023;"Non-manager";"Denmark";"Data & Analytics Consulting";"2023-12-15";"3-5 years"
202301536;1536;2023;"Non-manager";"Sweden";"Transformation & Change Management";"2023-12-15";"1-2 years"
202301537;1537;2023;"Non-manager";"Denmark";"Transformation & Change Management";"2023-12-15";"3-5 years"
202301538;1538;2023;"Non-manager";"Sweden";"Technology & IT Strategy";"2023-12-15";"10-15 years"
202301539;1539;2023;"Non-manager";"Spain";"Sales & Business Development";"2023-12-15";"1-2 years"
202301540;1540;2023;"Manager";"Sweden";"Cybersecurity & Digital Risk";"2023-12-15";"1-2 years"
202301541;1541;2023;"Non-manager";"France";"Customer Experience & Design";"2023-12-15";"1-2 years"
202301542;1542;2023;"Non-manager";"Denmark";"Sales & Business Development";"2023-12-15";"3-5 years"
202301543;1543;2023;"Non-manager";"Germany";"Cybersecurity & Digital Risk";"2023-12-15";"1-2 years"
202301544;1544;2023;"Non-manager";"Sweden";"Human Resources";"2023-12-15";"10-15 years"
202301545;1545;2023;"Non-manager";"Germany";"Data & Analytics Consulting";"2023-12-15";"15+ years"
202301546;1546;2023;"Manager";"Germany";"Technology & IT Strategy";"2023-12-15";"3-5 years"
202301547;1547;2023;"Non-manager";"Sweden";"Transformation & Change Management";"2023-12-15";"10-15 years"
202301548;1548;2023;"Non-manager";"Germany";"Data & Analytics Consulting";"2023-12-15";"3-5 years"
202301549;1549;2023;"Non-manager";"Spain";"Digital Strategy Consulting";"2023-12-15";"1-2 years"
202301550;1550;2023;"Non-manager";"France";"Data & Analytics Consulting";"2023-12-15";"1-2 years"
202301551;1551;2023;"Manager";"Spain";"Transformation & Change Management";"2023-12-15";"3-5 years"
202301552;1552;2023;"Non-manager";"Denmark";"Sales & Business Development";"2023-12-15";"3-5 years"
202301553;1553;2023;"Manager";"Sweden";"Finance & Operations";"2023-12-15";"10-15 years"
202301554;1554;2023;"Non-manager";"Sweden";"Transformation & Change Management";"2023-12-15";"Less than 1 year"
202301555;1555;2023;"Non-manager";"France";"Technology & IT Strategy";"2023-12-15";"1-2 years"
202301556;1556;2023;"Manager";"Denmark";"Sales & Business Development";"2023-12-15";"10-15 years"
202301557;1557;2023;"Non-manager";"Spain";"Technology & IT Strategy";"2023-12-15";"10-15 years"
202301558;1558;2023;"Manager";"Sweden";"Transformation & Change Management";"2023-12-15";"1-2 years"
202301559;1559;2023;"Manager";"Germany";"Transformation & Change Management";"2023-12-15";"3-5 years"
202301560;1560;2023;"Non-manager";"Sweden";"Sales & Business Development";"2023-12-15";"1-2 years"
202301561;1561;2023;"Non-manager";"Spain";"Finance & Operations";"2023-12-15";"6-9 years"
202301562;1562;2023;"Non-manager";"Sweden";"Digital Strategy Consulting";"2023-12-15";"1-2 years"
202301563;1563;2023;"Non-manager";"Sweden";"Customer Experience & Design";"2023-12-15";"3-5 years"
202301564;1564;2023;"Non-manager";"Germany";"Digital Marketing & Growth";"2023-12-15";"6-9 years"
202301565;1565;2023;"Non-manager";"Sweden";"Digital Strategy Consulting";"2023-12-15";"3-5 years"
202301566;1566;2023;"Manager";"Sweden";"Digital Strategy Consulting";"2023-12-15";"1-2 years"
202301567;1567;2023;"Manager";"Sweden";"Customer Experience & Design";"2023-12-15";"3-5 years"
202301568;1568;2023;"Non-manager";"Sweden";"Technology & IT Strategy";"2023-12-15";"1-2 years"
202301569;1569;2023;"Non-manager";"France";"Digital Strategy Consulting";"2023-12-15";"3-5 years"
202301570;1570;2023;"Non-manager";"France";"Transformation & Change Management";"2023-12-15";"Less than 1 year"
202301571;1571;2023;"Non-manager";"Spain";"Technology & IT Strategy";"2023-12-15";"3-5 years"
202301572;1572;2023;"Non-manager";"Germany";"Sales & Business Development";"2023-12-15";"1-2 years"
202301573;1573;2023;"Manager";"Sweden";"Transformation & Change Management";"2023-12-15";"6-9 years"
202301574;1574;2023;"Manager";"Sweden";"Finance & Operations";"2023-12-15";"1-2 years"
202301575;1575;2023;"Non-manager";"Sweden";"Digital Strategy Consulting";"2023-12-15";"1-2 years"
202301576;1576;2023;"Non-manager";"Sweden";"Technology & IT Strategy";"2023-12-15";"1-2 years"
202301577;1577;2023;"Non-manager";"Sweden";"Finance & Operations";"2023-12-15";"3-5 years"
202301578;1578;2023;"Manager";"Spain";"Sales & Business Development";"2023-12-15";"3-5 years"
202301579;1579;2023;"Non-manager";"Sweden";"Transformation & Change Management";"2023-12-15";"Less than 1 year"
202301580;1580;2023;"Manager";"Germany";"Transformation & Change Management";"2023-12-15";"10-15 years"
202301581;1581;2023;"Manager";"France";"Digital Strategy Consulting";"2023-12-15";"1-2 years"
202301582;1582;2023;"Non-manager";"Sweden";"Data & Analytics Consulting";"2023-12-15";"Less than 1 year"
202301583;1583;2023;"Manager";"Sweden";"Sales & Business Development";"2023-12-15";"3-5 years"
202301584;1584;2023;"Non-manager";"Germany";"Technology & IT Strategy";"2023-12-15";"1-2 years"
202301585;1585;2023;"Manager";"Sweden";"Digital Strategy Consulting";"2023-12-15";"6-9 years"
202301586;1586;2023;"Non-manager";"Sweden";"Digital Strategy Consulting";"2023-12-15";"Less than 1 year"
202301587;1587;2023;"Non-manager";"Sweden";"Digital Marketing & Growth";"2023-12-15";"1-2 years"
202301588;1588;2023;"Non-manager";"Sweden";"Digital Marketing & Growth";"2023-12-15";"3-5 years"
202301589;1589;2023;"Non-manager";"France";"Cybersecurity & Digital Risk";"2023-12-15";"1-2 years"
202301590;1590;2023;"Manager";"Sweden";"Digital Strategy Consulting";"2023-12-15";"3-5 years"
202301591;1591;2023;"Non-manager";"Sweden";"Finance & Operations";"2023-12-15";"6-9 years"
202301592;1592;2023;"Manager";"France";"Technology & IT Strategy";"2023-12-15";"10-15 years"
202301593;1593;2023;"Manager";"France";"Technology & IT Strategy";"2023-12-15";"10-15 years"
202301594;1594;2023;"Non-manager";"France";"Technology & IT Strategy";"2023-12-15";"3-5 years"
202301595;1595;2023;"Manager";"Spain";"Data & Analytics Consulting";"2023-12-15";"3-5 years"
202301596;1596;2023;"Non-manager";"Sweden";"Technology & IT Strategy";"2023-12-15";"1-2 years"
202301597;1597;2023;"Non-manager";"Germany";"Cybersecurity & Digital Risk";"2023-12-15";"1-2 years"
202301598;1598;2023;"Manager";"Spain";"Finance & Operations";"2023-12-15";"3-5 years"
202301599;1599;2023;"Non-manager";"Sweden";"Digital Strategy Consulting";"2023-12-15";"3-5 years"
202301600;1600;2023;"Manager";"France";"Transformation & Change Management";"2023-12-15";"10-15 years"
202301601;1601;2023;"Non-manager";"Sweden";"Technology & IT Strategy";"2023-12-15";"3-5 years"
202301602;1602;2023;"Non-manager";"France";"Sales & Business Development";"2023-12-15";"10-15 years"
202301603;1603;2023;"Non-manager";"Sweden";"Transformation & Change Management";"2023-12-15";"1-2 years"
202301604;1604;2023;"Non-manager";"Germany";"Technology & IT Strategy";"2023-12-15";"1-2 years"
202301605;1605;2023;"Non-manager";"Sweden";"Customer Experience & Design";"2023-12-15";"1-2 years"
202301606;1606;2023;"Manager";"France";"Customer Experience & Design";"2023-12-15";"1-2 years"
202301607;1607;2023;"Non-manager";"Germany";"Sales & Business Development";"2023-12-15";"10-15 years"
202301608;1608;2023;"Non-manager";"Spain";"Digital Strategy Consulting";"2023-12-15";"3-5 years"
202301609;1609;2023;"Non-manager";"Sweden";"Human Resources";"2023-12-15";"6-9 years"
202301610;1610;2023;"Non-manager";"Sweden";"Transformation & Change Management";"2023-12-15";"15+ years"
202301611;1611;2023;"Non-manager";"Denmark";"Technology & IT Strategy";"2023-12-15";"10-15 years"
202301612;1612;2023;"Non-manager";"Sweden";"Cybersecurity & Digital Risk";"2023-12-15";"1-2 years"
202301613;1613;2023;"Non-manager";"Germany";"Data & Analytics Consulting";"2023-12-15";"1-2 years"
202301614;1614;2023;"Non-manager";"Sweden";"Transformation & Change Management";"2023-12-15";"6-9 years"
202301615;1615;2023;"Non-manager";"Sweden";"Customer Experience & Design";"2023-12-15";"10-15 years"
202301616;1616;2023;"Non-manager";"Spain";"Sales & Business Development";"2023-12-15";"Less than 1 year"
202301617;1617;2023;"Non-manager";"Sweden";"Data & Analytics Consulting";"2023-12-15";"1-2 years"
202301618;1618;2023;"Non-manager";"Denmark";"Digital Strategy Consulting";"2023-12-15";"6-9 years"
202301619;1619;2023;"Manager";"Sweden";"Digital Strategy Consulting";"2023-12-15";"3-5 years"
202301620;1620;2023;"Manager";"France";"Transformation & Change Management";"2023-12-15";"10-15 years"
202301621;1621;2023;"Non-manager";"Spain";"Digital Strategy Consulting";"2023-12-15";"1-2 years"
202301622;1622;2023;"Manager";"Denmark";"Digital Marketing & Growth";"2023-12-15";"15+ years"
202301623;1623;2023;"Manager";"Denmark";"Cybersecurity & Digital Risk";"2023-12-15";"3-5 years"
202301624;1624;2023;"Non-manager";"France";"Digital Strategy Consulting";"2023-12-15";"3-5 years"
202301625;1625;2023;"Manager";"Denmark";"Digital Strategy Consulting";"2023-12-15";"15+ years"
202301626;1626;2023;"Non-manager";"Denmark";"Finance & Operations";"2023-12-15";"1-2 years"
202301627;1627;2023;"Non-manager";"Denmark";"Digital Marketing & Growth";"2023-12-15";"3-5 years"
202301628;1628;2023;"Manager";"Sweden";"Transformation & Change Management";"2023-12-15";"1-2 years"
202301629;1629;2023;"Non-manager";"Germany";"Customer Experience & Design";"2023-12-15";"1-2 years"
202301630;1630;2023;"Non-manager";"Spain";"Digital Marketing & Growth";"2023-12-15";"6-9 years"
202301631;1631;2023;"Manager";"Sweden";"Digital Strategy Consulting";"2023-12-15";"10-15 years"
202301632;1632;2023;"Manager";"France";"Data & Analytics Consulting";"2023-12-15";"6-9 years"
202301633;1633;2023;"Non-manager";"Sweden";"Digital Strategy Consulting";"2023-12-15";"Less than 1 year"
202301634;1634;2023;"Manager";"Sweden";"Transformation & Change Management";"2023-12-15";"10-15 years"
202301635;1635;2023;"Manager";"Sweden";"Transformation & Change Management";"2023-12-15";"3-5 years"
202301636;1636;2023;"Manager";"France";"Digital Strategy Consulting";"2023-12-15";"3-5 years"
202301637;1637;2023;"Non-manager";"France";"Technology & IT Strategy";"2023-12-15";"10-15 years"
202301638;1638;2023;"Non-manager";"Spain";"Customer Experience & Design";"2023-12-15";"1-2 years"
202301639;1639;2023;"Non-manager";"Sweden";"Technology & IT Strategy";"2023-12-15";"3-5 years"
202301640;1640;2023;"Non-manager";"Sweden";"Data & Analytics Consulting";"2023-12-15";"3-5 years"
202301641;1641;2023;"Non-manager";"Sweden";"Finance & Operations";"2023-12-15";"Less than 1 year"
202301642;1642;2023;"Non-manager";"Spain";"Cybersecurity & Digital Risk";"2023-12-15";"3-5 years"
202301643;1643;2023;"Non-manager";"Sweden";"Finance & Operations";"2023-12-15";"15+ years"
202301644;1644;2023;"Manager";"Germany";"Data & Analytics Consulting";"2023-12-15";"3-5 years"
202301645;1645;2023;"Non-manager";"Sweden";"Cybersecurity & Digital Risk";"2023-12-15";"6-9 years"
202301646;1646;2023;"Non-manager";"Spain";"Transformation & Change Management";"2023-12-15";"6-9 years"
202301647;1647;2023;"Non-manager";"Sweden";"Cybersecurity & Digital Risk";"2023-12-15";"3-5 years"
202301648;1648;2023;"Non-manager";"Spain";"Finance & Operations";"2023-12-15";"3-5 years"
202301649;1649;2023;"Manager";"Germany";"Sales & Business Development";"2023-12-15";"15+ years"
202301650;1650;2023;"Non-manager";"Sweden";"Human Resources";"2023-12-15";"1-2 years"
202301651;1651;2023;"Non-manager";"Germany";"Transformation & Change Management";"2023-12-15";"1-2 years"
202301652;1652;2023;"Non-manager";"Sweden";"Technology & IT Strategy";"2023-12-15";"1-2 years"
202301653;1653;2023;"Non-manager";"Denmark";"Digital Marketing & Growth";"2023-12-15";"1-2 years"
202301654;1654;2023;"Non-manager";"France";"Customer Experience & Design";"2023-12-15";"6-9 years"
202301655;1655;2023;"Non-manager";"France";"Finance & Operations";"2023-12-15";"Less than 1 year"
202301656;1656;2023;"Non-manager";"Sweden";"Transformation & Change Management";"2023-12-15";"1-2 years"
202301657;1657;2023;"Non-manager";"France";"Customer Experience & Design";"2023-12-15";"3-5 years"
202301658;1658;2023;"Non-manager";"Spain";"Technology & IT Strategy";"2023-12-15";"3-5 years"
202301659;1659;2023;"Non-manager";"Sweden";"Cybersecurity & Digital Risk";"2023-12-15";"3-5 years"
202301660;1660;2023;"Non-manager";"France";"Digital Strategy Consulting";"2023-12-15";"Less than 1 year"
202301661;1661;2023;"Non-manager";"Sweden";"Digital Strategy Consulting";"2023-12-15";"3-5 years"
202301662;1662;2023;"Manager";"Spain";"Sales & Business Development";"2023-12-15";"10-15 years"
202301663;1663;2023;"Manager";"Sweden";"Customer Experience & Design";"2023-12-15";"Less than 1 year"
202301664;1664;2023;"Non-manager";"Denmark";"Sales & Business Development";"2023-12-15";"1-2 years"
202301665;1665;2023;"Non-manager";"Sweden";"Digital Strategy Consulting";"2023-12-15";"10-15 years"
202301666;1666;2023;"Non-manager";"Spain";"Technology & IT Strategy";"2023-12-15";"6-9 years"
202301667;1667;2023;"Non-manager";"Sweden";"Sales & Business Development";"2023-12-15";"1-2 years"
202301668;1668;2023;"Manager";"Sweden";"Digital Strategy Consulting";"2023-12-15";"15+ years"
202301669;1669;2023;"Non-manager";"Sweden";"Finance & Operations";"2023-12-15";"10-15 years"
202301670;1670;2023;"Non-manager";"Sweden";"Finance & Operations";"2023-12-15";"3-5 years"
202301671;1671;2023;"Non-manager";"Sweden";"Transformation & Change Management";"2023-12-15";"3-5 years"
202301672;1672;2023;"Non-manager";"Sweden";"Digital Strategy Consulting";"2023-12-15";"3-5 years"
202301673;1673;2023;"Non-manager";"Sweden";"Transformation & Change Management";"2023-12-15";"3-5 years"
202301674;1674;2023;"Manager";"Spain";"Data & Analytics Consulting";"2023-12-15";"Less than 1 year"
202301675;1675;2023;"Non-manager";"Spain";"Finance & Operations";"2023-12-15";"3-5 years"
202301676;1676;2023;"Non-manager";"Sweden";"Data & Analytics Consulting";"2023-12-15";"3-5 years"
202301677;1677;2023;"Non-manager";"Denmark";"Digital Strategy Consulting";"2023-12-15";"6-9 years"
202301678;1678;2023;"Non-manager";"Sweden";"Digital Strategy Consulting";"2023-12-15";"Less than 1 year"
202301679;1679;2023;"Non-manager";"Sweden";"Technology & IT Strategy";"2023-12-15";"6-9 years"
202301680;1680;2023;"Non-manager";"Sweden";"Data & Analytics Consulting";"2023-12-15";"15+ years"
202301681;1681;2023;"Non-manager";"France";"Digital Marketing & Growth";"2023-12-15";"3-5 years"
202301682;1682;2023;"Non-manager";"Germany";"Digital Strategy Consulting";"2023-12-15";"3-5 years"
202301683;1683;2023;"Non-manager";"Denmark";"Customer Experience & Design";"2023-12-15";"3-5 years"
202301684;1684;2023;"Non-manager";"Spain";"Sales & Business Development";"2023-12-15";"Less than 1 year"
202301685;1685;2023;"Non-manager";"Sweden";"Customer Experience & Design";"2023-12-15";"1-2 years"
202301686;1686;2023;"Non-manager";"Germany";"Transformation & Change Management";"2023-12-15";"3-5 years"
202301687;1687;2023;"Non-manager";"Sweden";"Sales & Business Development";"2023-12-15";"Less than 1 year"
202301688;1688;2023;"Manager";"France";"Data & Analytics Consulting";"2023-12-15";"3-5 years"
202301689;1689;2023;"Manager";"Sweden";"Finance & Operations";"2023-12-15";"1-2 years"
202301690;1690;2023;"Non-manager";"Denmark";"Finance & Operations";"2023-12-15";"1-2 years"
202301691;1691;2023;"Non-manager";"Spain";"Finance & Operations";"2023-12-15";"3-5 years"
202301692;1692;2023;"Non-manager";"Spain";"Human Resources";"2023-12-15";"3-5 years"
202301693;1693;2023;"Non-manager";"Sweden";"Digital Marketing & Growth";"2023-12-15";"3-5 years"
202301694;1694;2023;"Manager";"France";"Data & Analytics Consulting";"2023-12-15";"Less than 1 year"
202301695;1695;2023;"Manager";"Sweden";"Digital Marketing & Growth";"2023-12-15";"10-15 years"
202301696;1696;2023;"Manager";"Germany";"Digital Strategy Consulting";"2023-12-15";"6-9 years"
202301697;1697;2023;"Non-manager";"Sweden";"Customer Experience & Design";"2023-12-15";"Less than 1 year"
202301698;1698;2023;"Manager";"France";"Transformation & Change Management";"2023-12-15";"10-15 years"
202301699;1699;2023;"Non-manager";"Sweden";"Sales & Business Development";"2023-12-15";"1-2 years"
202301700;1700;2023;"Manager";"Spain";"Technology & IT Strategy";"2023-12-15";"3-5 years"
202301701;1701;2023;"Non-manager";"France";"Transformation & Change Management";"2023-12-15";"Less than 1 year"
202301702;1702;2023;"Non-manager";"Spain";"Sales & Business Development";"2023-12-15";"Less than 1 year"
202301703;1703;2023;"Non-manager";"France";"Sales & Business Development";"2023-12-15";"Less than 1 year"
202301704;1704;2023;"Non-manager";"Sweden";"Digital Strategy Consulting";"2023-12-15";"6-9 years"
202301705;1705;2023;"Non-manager";"Sweden";"Technology & IT Strategy";"2023-12-15";"1-2 years"
202301706;1706;2023;"Manager";"Sweden";"Transformation & Change Management";"2023-12-15";"Less than 1 year"
202301707;1707;2023;"Non-manager";"Sweden";"Technology & IT Strategy";"2023-12-15";"3-5 years"
202301708;1708;2023;"Non-manager";"Sweden";"Data & Analytics Consulting";"2023-12-15";"3-5 years"
202301709;1709;2023;"Manager";"Sweden";"Finance & Operations";"2023-12-15";"3-5 years"
202301710;1710;2023;"Manager";"Sweden";"Finance & Operations";"2023-12-15";"3-5 years"
202301711;1711;2023;"Non-manager";"Sweden";"Digital Marketing & Growth";"2023-12-15";"10-15 years"
202301712;1712;2023;"Non-manager";"Germany";"Sales & Business Development";"2023-12-15";"1-2 years"
202301713;1713;2023;"Non-manager";"Sweden";"Finance & Operations";"2023-12-15";"15+ years"
202301714;1714;2023;"Non-manager";"France";"Sales & Business Development";"2023-12-15";"3-5 years"
202301715;1715;2023;"Manager";"Sweden";"Customer Experience & Design";"2023-12-15";"3-5 years"
202301716;1716;2023;"Manager";"Sweden";"Cybersecurity & Digital Risk";"2023-12-15";"Less than 1 year"
202301717;1717;2023;"Non-manager";"Germany";"Digital Strategy Consulting";"2023-12-15";"3-5 years"
202301718;1718;2023;"Manager";"Sweden";"Sales & Business Development";"2023-12-15";"10-15 years"
202301719;1719;2023;"Non-manager";"Germany";"Finance & Operations";"2023-12-15";"3-5 years"
202301720;1720;2023;"Non-manager";"Germany";"Digital Strategy Consulting";"2023-12-15";"3-5 years"
202301721;1721;2023;"Non-manager";"Sweden";"Customer Experience & Design";"2023-12-15";"1-2 years"
202301722;1722;2023;"Non-manager";"Sweden";"Transformation & Change Management";"2023-12-15";"15+ years"
202301723;1723;2023;"Manager";"Denmark";"Customer Experience & Design";"2023-12-15";"Less than 1 year"
202301724;1724;2023;"Non-manager";"Spain";"Technology & IT Strategy";"2023-12-15";"3-5 years"
202301725;1725;2023;"Manager";"Sweden";"Digital Marketing & Growth";"2023-12-15";"3-5 years"
202301726;1726;2023;"Non-manager";"Denmark";"Data & Analytics Consulting";"2023-12-15";"10-15 years"
202301727;1727;2023;"Non-manager";"Spain";"Data & Analytics Consulting";"2023-12-15";"3-5 years"
202301728;1728;2023;"Non-manager";"Denmark";"Digital Strategy Consulting";"2023-12-15";"1-2 years"
202301729;1729;2023;"Non-manager";"France";"Digital Marketing & Growth";"2023-12-15";"3-5 years"
202301730;1730;2023;"Manager";"Sweden";"Finance & Operations";"2023-12-15";"1-2 years"
202301731;1731;2023;"Non-manager";"France";"Cybersecurity & Digital Risk";"2023-12-15";"3-5 years"
202301732;1732;2023;"Manager";"Germany";"Sales & Business Development";"2023-12-15";"3-5 years"
202301733;1733;2023;"Non-manager";"Sweden";"Transformation & Change Management";"2023-12-15";"3-5 years"
202301734;1734;2023;"Manager";"France";"Digital Marketing & Growth";"2023-12-15";"15+ years"
202301735;1735;2023;"Non-manager";"Denmark";"Transformation & Change Management";"2023-12-15";"3-5 years"
202301736;1736;2023;"Manager";"Germany";"Digital Strategy Consulting";"2023-12-15";"1-2 years"
202301737;1737;2023;"Non-manager";"France";"Digital Strategy Consulting";"2023-12-15";"3-5 years"
202301738;1738;2023;"Manager";"Sweden";"Sales & Business Development";"2023-12-15";"Less than 1 year"
202301739;1739;2023;"Non-manager";"Sweden";"Digital Strategy Consulting";"2023-12-15";"1-2 years"
202301740;1740;2023;"Manager";"France";"Technology & IT Strategy";"2023-12-15";"6-9 years"
202301741;1741;2023;"Non-manager";"Germany";"Customer Experience & Design";"2023-12-15";"1-2 years"
202301742;1742;2023;"Non-manager";"Spain";"Digital Strategy Consulting";"2023-12-15";"1-2 years"
202301743;1743;2023;"Manager";"Germany";"Finance & Operations";"2023-12-15";"3-5 years"
202301744;1744;2023;"Non-manager";"Sweden";"Data & Analytics Consulting";"2023-12-15";"10-15 years"
202301745;1745;2023;"Manager";"Germany";"Technology & IT Strategy";"2023-12-15";"1-2 years"
202301746;1746;2023;"Non-manager";"Germany";"Customer Experience & Design";"2023-12-15";"Less than 1 year"
202301747;1747;2023;"Non-manager";"Denmark";"Technology & IT Strategy";"2023-12-15";"3-5 years"
202301748;1748;2023;"Non-manager";"Sweden";"Digital Marketing & Growth";"2023-12-15";"3-5 years"
202301749;1749;2023;"Non-manager";"Sweden";"Sales & Business Development";"2023-12-15";"3-5 years"
202301750;1750;2023;"Non-manager";"Denmark";"Transformation & Change Management";"2023-12-15";"1-2 years"
202301751;1751;2023;"Non-manager";"Sweden";"Customer Experience & Design";"2023-12-15";"3-5 years"
202301752;1752;2023;"Manager";"Denmark";"Finance & Operations";"2023-12-15";"10-15 years"
202301753;1753;2023;"Non-manager";"Denmark";"Sales & Business Development";"2023-12-15";"3-5 years"
202301754;1754;2023;"Non-manager";"Sweden";"Transformation & Change Management";"2023-12-15";"Less than 1 year"
202301755;1755;2023;"Non-manager";"Germany";"Finance & Operations";"2023-12-15";"3-5 years"
202301756;1756;2023;"Manager";"Sweden";"Transformation & Change Management";"2023-12-15";"10-15 years"
202301757;1757;2023;"Non-manager";"Germany";"Digital Strategy Consulting";"2023-12-15";"1-2 years"
202301758;1758;2023;"Non-manager";"France";"Technology & IT Strategy";"2023-12-15";"3-5 years"
202301759;1759;2023;"Manager";"Spain";"Digital Marketing & Growth";"2023-12-15";"10-15 years"
202301760;1760;2023;"Non-manager";"Sweden";"Data & Analytics Consulting";"2023-12-15";"3-5 years"
202301761;1761;2023;"Non-manager";"Germany";"Technology & IT Strategy";"2023-12-15";"3-5 years"
202301762;1762;2023;"Non-manager";"Sweden";"Digital Marketing & Growth";"2023-12-15";"10-15 years"
202301763;1763;2023;"Non-manager";"Denmark";"Transformation & Change Management";"2023-12-15";"1-2 years"
202301764;1764;2023;"Non-manager";"Denmark";"Data & Analytics Consulting";"2023-12-15";"3-5 years"
202301765;1765;2023;"Manager";"Germany";"Sales & Business Development";"2023-12-15";"3-5 years"
202301766;1766;2023;"Non-manager";"Sweden";"Customer Experience & Design";"2023-12-15";"1-2 years"
202301767;1767;2023;"Manager";"Sweden";"Transformation & Change Management";"2023-12-15";"Less than 1 year"
202301768;1768;2023;"Non-manager";"Spain";"Digital Strategy Consulting";"2023-12-15";"1-2 years"
202301769;1769;2023;"Non-manager";"France";"Transformation & Change Management";"2023-12-15";"1-2 years"
202301770;1770;2023;"Manager";"Sweden";"Technology & IT Strategy";"2023-12-15";"10-15 years"
202301771;1771;2023;"Non-manager";"Sweden";"Data & Analytics Consulting";"2023-12-15";"Less than 1 year"
202301772;1772;2023;"Manager";"Germany";"Human Resources";"2023-12-15";"3-5 years"
202301773;1773;2023;"Non-manager";"Germany";"Finance & Operations";"2023-12-15";"10-15 years"
202301774;1774;2023;"Non-manager";"Sweden";"Human Resources";"2023-12-15";"Less than 1 year"
202301775;1775;2023;"Manager";"Sweden";"Transformation & Change Management";"2023-12-15";"3-5 years"
202301776;1776;2023;"Non-manager";"Denmark";"Digital Strategy Consulting";"2023-12-15";"3-5 years"
202301777;1777;2023;"Non-manager";"Denmark";"Sales & Business Development";"2023-12-15";"3-5 years"
202301778;1778;2023;"Non-manager";"Sweden";"Sales & Business Development";"2023-12-15";"10-15 years"
202301779;1779;2023;"Manager";"Sweden";"Human Resources";"2023-12-15";"3-5 years"
202301780;1780;2023;"Non-manager";"Sweden";"Data & Analytics Consulting";"2023-12-15";"1-2 years"
202301781;1781;2023;"Manager";"France";"Cybersecurity & Digital Risk";"2023-12-15";"1-2 years"
202301782;1782;2023;"Manager";"Sweden";"Transformation & Change Management";"2023-12-15";"3-5 years"
202301783;1783;2023;"Manager";"Spain";"Customer Experience & Design";"2023-12-15";"10-15 years"
202301784;1784;2023;"Manager";"Germany";"Cybersecurity & Digital Risk";"2023-12-15";"3-5 years"
202301785;1785;2023;"Manager";"Sweden";"Digital Marketing & Growth";"2023-12-15";"1-2 years"
202301786;1786;2023;"Non-manager";"Sweden";"Data & Analytics Consulting";"2023-12-15";"3-5 years"
202301787;1787;2023;"Non-manager";"Sweden";"Data & Analytics Consulting";"2023-12-15";"1-2 years"
202301788;1788;2023;"Manager";"Spain";"Technology & IT Strategy";"2023-12-15";"1-2 years"
202301789;1789;2023;"Manager";"Sweden";"Transformation & Change Management";"2023-12-15";"1-2 years"
202301790;1790;2023;"Non-manager";"Denmark";"Finance & Operations";"2023-12-15";"1-2 years"
202301791;1791;2023;"Non-manager";"Denmark";"Sales & Business Development";"2023-12-15";"10-15 years"
202301792;1792;2023;"Non-manager";"Spain";"Customer Experience & Design";"2023-12-15";"1-2 years"
202301793;1793;2023;"Manager";"Sweden";"Transformation & Change Management";"2023-12-15";"1-2 years"
202301794;1794;2023;"Non-manager";"Sweden";"Digital Marketing & Growth";"2023-12-15";"1-2 years"
202301795;1795;2023;"Manager";"Denmark";"Digital Marketing & Growth";"2023-12-15";"1-2 years"
202301796;1796;2023;"Manager";"France";"Digital Strategy Consulting";"2023-12-15";"6-9 years"
202301797;1797;2023;"Non-manager";"Sweden";"Digital Marketing & Growth";"2023-12-15";"3-5 years"
202301798;1798;2023;"Manager";"Sweden";"Cybersecurity & Digital Risk";"2023-12-15";"10-15 years"
202301799;1799;2023;"Non-manager";"Sweden";"Cybersecurity & Digital Risk";"2023-12-15";"1-2 years"
202301800;1800;2023;"Manager";"Sweden";"Transformation & Change Management";"2023-12-15";"6-9 years"
202301801;1801;2023;"Non-manager";"Sweden";"Cybersecurity & Digital Risk";"2023-12-15";"3-5 years"
202301802;1802;2023;"Non-manager";"Spain";"Transformation & Change Management";"2023-12-15";"1-2 years"
202301803;1803;2023;"Non-manager";"Sweden";"Data & Analytics Consulting";"2023-12-15";"15+ years"
202301804;1804;2023;"Non-manager";"Sweden";"Data & Analytics Consulting";"2023-12-15";"3-5 years"
202301805;1805;2023;"Non-manager";"Spain";"Transformation & Change Management";"2023-12-15";"6-9 years"
202301806;1806;2023;"Non-manager";"Sweden";"Data & Analytics Consulting";"2023-12-15";"1-2 years"
202301807;1807;2023;"Non-manager";"Denmark";"Human Resources";"2023-12-15";"6-9 years"
202301808;1808;2023;"Non-manager";"Germany";"Digital Marketing & Growth";"2023-12-15";"3-5 years"
202301809;1809;2023;"Non-manager";"Denmark";"Technology & IT Strategy";"2023-12-15";"3-5 years"
202301810;1810;2023;"Non-manager";"Sweden";"Finance & Operations";"2023-12-15";"1-2 years"
202301811;1811;2023;"Non-manager";"France";"Finance & Operations";"2023-12-15";"3-5 years"
202301812;1812;2023;"Non-manager";"Sweden";"Digital Strategy Consulting";"2023-12-15";"3-5 years"
202301813;1813;2023;"Manager";"France";"Finance & Operations";"2023-12-15";"10-15 years"
202301814;1814;2023;"Manager";"Spain";"Finance & Operations";"2023-12-15";"3-5 years"
202301815;1815;2023;"Non-manager";"France";"Finance & Operations";"2023-12-15";"3-5 years"
202301816;1816;2023;"Manager";"Sweden";"Digital Strategy Consulting";"2023-12-15";"Less than 1 year"
202301817;1817;2023;"Non-manager";"Spain";"Data & Analytics Consulting";"2023-12-15";"3-5 years"
202301818;1818;2023;"Manager";"Spain";"Sales & Business Development";"2023-12-15";"1-2 years"
202301819;1819;2023;"Non-manager";"France";"Transformation & Change Management";"2023-12-15";"1-2 years"
202301820;1820;2023;"Non-manager";"Sweden";"Cybersecurity & Digital Risk";"2023-12-15";"6-9 years"
202301821;1821;2023;"Non-manager";"Sweden";"Digital Strategy Consulting";"2023-12-15";"10-15 years"
202301822;1822;2023;"Non-manager";"Germany";"Digital Strategy Consulting";"2023-12-15";"3-5 years"
202301823;1823;2023;"Non-manager";"Denmark";"Cybersecurity & Digital Risk";"2023-12-15";"3-5 years"
202301824;1824;2023;"Non-manager";"Germany";"Transformation & Change Management";"2023-12-15";"3-5 years"
202301825;1825;2023;"Non-manager";"Sweden";"Customer Experience & Design";"2023-12-15";"1-2 years"
202301826;1826;2023;"Manager";"France";"Data & Analytics Consulting";"2023-12-15";"1-2 years"
202301827;1827;2023;"Non-manager";"France";"Finance & Operations";"2023-12-15";"3-5 years"
202301828;1828;2023;"Non-manager";"Sweden";"Finance & Operations";"2023-12-15";"3-5 years"
202301829;1829;2023;"Non-manager";"Spain";"Digital Marketing & Growth";"2023-12-15";"3-5 years"
202301830;1830;2023;"Non-manager";"Germany";"Digital Marketing & Growth";"2023-12-15";"6-9 years"
202301831;1831;2023;"Non-manager";"Sweden";"Human Resources";"2023-12-15";"3-5 years"
202301832;1832;2023;"Manager";"France";"Data & Analytics Consulting";"2023-12-15";"1-2 years"
202301833;1833;2023;"Manager";"Denmark";"Customer Experience & Design";"2023-12-15";"3-5 years"
202301834;1834;2023;"Non-manager";"Sweden";"Digital Strategy Consulting";"2023-12-15";"3-5 years"
202301835;1835;2023;"Non-manager";"France";"Data & Analytics Consulting";"2023-12-15";"3-5 years"
202301836;1836;2023;"Non-manager";"Germany";"Digital Strategy Consulting";"2023-12-15";"1-2 years"
202301837;1837;2023;"Non-manager";"Sweden";"Customer Experience & Design";"2023-12-15";"3-5 years"
202301838;1838;2023;"Non-manager";"Denmark";"Technology & IT Strategy";"2023-12-15";"Less than 1 year"
202301839;1839;2023;"Manager";"Germany";"Sales & Business Development";"2023-12-15";"10-15 years"
202301840;1840;2023;"Non-manager";"Sweden";"Digital Strategy Consulting";"2023-12-15";"3-5 years"
202301841;1841;2023;"Manager";"Germany";"Human Resources";"2023-12-15";"3-5 years"
202301842;1842;2023;"Manager";"Germany";"Transformation & Change Management";"2023-12-15";"1-2 years"
202301843;1843;2023;"Manager";"Sweden";"Digital Marketing & Growth";"2023-12-15";"6-9 years"
202301844;1844;2023;"Manager";"Sweden";"Data & Analytics Consulting";"2023-12-15";"1-2 years"
202301845;1845;2023;"Manager";"Sweden";"Finance & Operations";"2023-12-15";"6-9 years"
202301846;1846;2023;"Manager";"Sweden";"Data & Analytics Consulting";"2023-12-15";"1-2 years"
202301847;1847;2023;"Non-manager";"Sweden";"Digital Strategy Consulting";"2023-12-15";"3-5 years"
202301848;1848;2023;"Non-manager";"Sweden";"Data & Analytics Consulting";"2023-12-15";"3-5 years"
202301849;1849;2023;"Non-manager";"Sweden";"Digital Strategy Consulting";"2023-12-15";"6-9 years"
202301850;1850;2023;"Manager";"Sweden";"Finance & Operations";"2023-12-15";"1-2 years"
202301851;1851;2023;"Non-manager";"Germany";"Data & Analytics Consulting";"2023-12-15";"Less than 1 year"
202301852;1852;2023;"Non-manager";"Germany";"Sales & Business Development";"2023-12-15";"1-2 years"
202301853;1853;2023;"Manager";"Sweden";"Transformation & Change Management";"2023-12-15";"Less than 1 year"
202301854;1854;2023;"Non-manager";"Spain";"Transformation & Change Management";"2023-12-15";"1-2 years"
202301855;1855;2023;"Manager";"Spain";"Finance & Operations";"2023-12-15";"3-5 years"
202301856;1856;2023;"Non-manager";"Sweden";"Data & Analytics Consulting";"2023-12-15";"3-5 years"
202301857;1857;2023;"Non-manager";"Spain";"Technology & IT Strategy";"2023-12-15";"1-2 years"
202301858;1858;2023;"Non-manager";"Sweden";"Cybersecurity & Digital Risk";"2023-12-15";"15+ years"
202301859;1859;2023;"Non-manager";"Sweden";"Transformation & Change Management";"2023-12-15";"10-15 years"
202301860;1860;2023;"Non-manager";"Denmark";"Human Resources";"2023-12-15";"3-5 years"
202301861;1861;2023;"Non-manager";"Sweden";"Sales & Business Development";"2023-12-15";"3-5 years"
202301862;1862;2023;"Non-manager";"Sweden";"Digital Strategy Consulting";"2023-12-15";"Less than 1 year"
202301863;1863;2023;"Manager";"Denmark";"Finance & Operations";"2023-12-15";"1-2 years"
202301864;1864;2023;"Manager";"Spain";"Human Resources";"2023-12-15";"1-2 years"
202301865;1865;2023;"Non-manager";"Spain";"Data & Analytics Consulting";"2023-12-15";"1-2 years"
202301866;1866;2023;"Non-manager";"Spain";"Digital Marketing & Growth";"2023-12-15";"3-5 years"
202301867;1867;2023;"Non-manager";"France";"Technology & IT Strategy";"2023-12-15";"6-9 years"
202301868;1868;2023;"Manager";"Sweden";"Transformation & Change Management";"2023-12-15";"3-5 years"
202301869;1869;2023;"Non-manager";"France";"Technology & IT Strategy";"2023-12-15";"3-5 years"
202301870;1870;2023;"Manager";"Denmark";"Finance & Operations";"2023-12-15";"10-15 years"
202301871;1871;2023;"Non-manager";"Spain";"Cybersecurity & Digital Risk";"2023-12-15";"Less than 1 year"
202301872;1872;2023;"Non-manager";"Sweden";"Digital Marketing & Growth";"2023-12-15";"Less than 1 year"
202301873;1873;2023;"Non-manager";"Sweden";"Sales & Business Development";"2023-12-15";"Less than 1 year"
202301874;1874;2023;"Manager";"Germany";"Transformation & Change Management";"2023-12-15";"10-15 years"
202301875;1875;2023;"Non-manager";"Sweden";"Customer Experience & Design";"2023-12-15";"10-15 years"
202301876;1876;2023;"Non-manager";"Sweden";"Digital Strategy Consulting";"2023-12-15";"Less than 1 year"
202301877;1877;2023;"Non-manager";"Germany";"Digital Marketing & Growth";"2023-12-15";"6-9 years"
202301878;1878;2023;"Non-manager";"Denmark";"Customer Experience & Design";"2023-12-15";"Less than 1 year"
202301879;1879;2023;"Non-manager";"Germany";"Transformation & Change Management";"2023-12-15";"Less than 1 year"
202301880;1880;2023;"Non-manager";"Sweden";"Transformation & Change Management";"2023-12-15";"1-2 years"
202301881;1881;2023;"Non-manager";"Denmark";"Digital Strategy Consulting";"2023-12-15";"1-2 years"
202301882;1882;2023;"Manager";"Denmark";"Digital Strategy Consulting";"2023-12-15";"3-5 years"
202301883;1883;2023;"Non-manager";"Sweden";"Digital Strategy Consulting";"2023-12-15";"1-2 years"
202301884;1884;2023;"Non-manager";"France";"Technology & IT Strategy";"2023-12-15";"1-2 years"
202301885;1885;2023;"Non-manager";"Sweden";"Digital Marketing & Growth";"2023-12-15";"Less than 1 year"
202301886;1886;2023;"Non-manager";"France";"Digital Strategy Consulting";"2023-12-15";"1-2 years"
202301887;1887;2023;"Non-manager";"Spain";"Customer Experience & Design";"2023-12-15";"3-5 years"
202301888;1888;2023;"Manager";"Denmark";"Finance & Operations";"2023-12-15";"1-2 years"
202301889;1889;2023;"Non-manager";"Sweden";"Sales & Business Development";"2023-12-15";"3-5 years"
202301890;1890;2023;"Manager";"Sweden";"Cybersecurity & Digital Risk";"2023-12-15";"3-5 years"
202301891;1891;2023;"Non-manager";"Sweden";"Digital Strategy Consulting";"2023-12-15";"1-2 years"
202301892;1892;2023;"Non-manager";"Germany";"Sales & Business Development";"2023-12-15";"3-5 years"
202301893;1893;2023;"Non-manager";"Sweden";"Digital Strategy Consulting";"2023-12-15";"6-9 years"
202301894;1894;2023;"Non-manager";"Denmark";"Transformation & Change Management";"2023-12-15";"1-2 years"
202301895;1895;2023;"Non-manager";"Spain";"Transformation & Change Management";"2023-12-15";"3-5 years"
202301896;1896;2023;"Non-manager";"Sweden";"Data & Analytics Consulting";"2023-12-15";"6-9 years"
202301897;1897;2023;"Manager";"Sweden";"Sales & Business Development";"2023-12-15";"3-5 years"
202301898;1898;2023;"Manager";"Germany";"Digital Strategy Consulting";"2023-12-15";"10-15 years"
202301899;1899;2023;"Manager";"Sweden";"Digital Strategy Consulting";"2023-12-15";"10-15 years"
202301900;1900;2023;"Non-manager";"Denmark";"Digital Marketing & Growth";"2023-12-15";"1-2 years"
202400001;1;2024;"Manager";"Sweden";"Digital Strategy Consulting";"2024-12-15";"10-15 years"
202400002;2;2024;"Manager";"Denmark";"Finance & Operations";"2024-12-15";"1-2 years"
202400003;3;2024;"Manager";"Sweden";"Technology & IT Strategy";"2024-12-15";"1-2 years"
202400004;4;2024;"Manager";"Sweden";"Transformation & Change Management";"2024-12-15";"6-9 years"
202400005;5;2024;"Manager";"Sweden";"Digital Strategy Consulting";"2024-12-15";"10-15 years"
202400006;6;2024;"Non-manager";"Sweden";"Digital Marketing & Growth";"2024-12-15";"3-5 years"
202400007;7;2024;"Manager";"Sweden";"Sales & Business Development";"2024-12-15";"3-5 years"
202400008;8;2024;"Manager";"Sweden";"Customer Experience & Design";"2024-12-15";"1-2 years"
202400009;9;2024;"Manager";"Sweden";"Digital Strategy Consulting";"2024-12-15";"6-9 years"
202400010;10;2024;"Non-manager";"Sweden";"Transformation & Change Management";"2024-12-15";"1-2 years"
202400011;11;2024;"Manager";"Germany";"Transformation & Change Management";"2024-12-15";"3-5 years"
202400012;12;2024;"Non-manager";"Sweden";"Finance & Operations";"2024-12-15";"3-5 years"
202400013;13;2024;"Non-manager";"Spain";"Customer Experience & Design";"2024-12-15";"6-9 years"
202400014;14;2024;"Non-manager";"Sweden";"Technology & IT Strategy";"2024-12-15";"1-2 years"
202400015;15;2024;"Manager";"Sweden";"Transformation & Change Management";"2024-12-15";"3-5 years"
202400016;16;2024;"Non-manager";"Sweden";"Sales & Business Development";"2024-12-15";"6-9 years"
202400017;17;2024;"Manager";"Sweden";"Finance & Operations";"2024-12-15";"10-15 years"
202400018;18;2024;"Manager";"Germany";"Technology & IT Strategy";"2024-12-15";"1-2 years"
202400019;19;2024;"Manager";"Spain";"Technology & IT Strategy";"2024-12-15";"10-15 years"
202400020;20;2024;"Non-manager";"Sweden";"Transformation & Change Management";"2024-12-15";"10-15 years"
202400022;22;2024;"Non-manager";"Sweden";"Transformation & Change Management";"2024-12-15";"6-9 years"
202400023;23;2024;"Non-manager";"Germany";"Data & Analytics Consulting";"2024-12-15";"3-5 years"
202400024;24;2024;"Non-manager";"Germany";"Transformation & Change Management";"2024-12-15";"3-5 years"
202400025;25;2024;"Manager";"Denmark";"Finance & Operations";"2024-12-15";"3-5 years"
202400026;26;2024;"Non-manager";"Sweden";"Finance & Operations";"2024-12-15";"3-5 years"
202400027;27;2024;"Manager";"Sweden";"Technology & IT Strategy";"2024-12-15";"3-5 years"
202400028;28;2024;"Non-manager";"Denmark";"Transformation & Change Management";"2024-12-15";"1-2 years"
202400029;29;2024;"Non-manager";"Spain";"Human Resources";"2024-12-15";"10-15 years"
202400031;31;2024;"Non-manager";"France";"Customer Experience & Design";"2024-12-15";"1-2 years"
202400032;32;2024;"Non-manager";"Germany";"Customer Experience & Design";"2024-12-15";"1-2 years"
202400033;33;2024;"Non-manager";"Denmark";"Digital Strategy Consulting";"2024-12-15";"3-5 years"
202400034;34;2024;"Manager";"Denmark";"Sales & Business Development";"2024-12-15";"3-5 years"
202400035;35;2024;"Non-manager";"France";"Digital Strategy Consulting";"2024-12-15";"1-2 years"
202400036;36;2024;"Manager";"Sweden";"Finance & Operations";"2024-12-15";"10-15 years"
202400037;37;2024;"Manager";"Germany";"Data & Analytics Consulting";"2024-12-15";"1-2 years"
202400038;38;2024;"Non-manager";"Denmark";"Finance & Operations";"2024-12-15";"3-5 years"
202400039;39;2024;"Non-manager";"Germany";"Digital Strategy Consulting";"2024-12-15";"1-2 years"
202400041;41;2024;"Non-manager";"Germany";"Digital Marketing & Growth";"2024-12-15";"3-5 years"
202400042;42;2024;"Non-manager";"Spain";"Technology & IT Strategy";"2024-12-15";"1-2 years"
202400043;43;2024;"Non-manager";"Sweden";"Digital Strategy Consulting";"2024-12-15";"3-5 years"
202400044;44;2024;"Non-manager";"Sweden";"Transformation & Change Management";"2024-12-15";"3-5 years"
202400045;45;2024;"Non-manager";"Denmark";"Finance & Operations";"2024-12-15";"1-2 years"
202400046;46;2024;"Non-manager";"Germany";"Technology & IT Strategy";"2024-12-15";"3-5 years"
202400047;47;2024;"Non-manager";"Sweden";"Transformation & Change Management";"2024-12-15";"10-15 years"
202400048;48;2024;"Non-manager";"Germany";"Data & Analytics Consulting";"2024-12-15";"1-2 years"
202400049;49;2024;"Non-manager";"Spain";"Technology & IT Strategy";"2024-12-15";"10-15 years"
202400050;50;2024;"Non-manager";"France";"Human Resources";"2024-12-15";"3-5 years"
202400051;51;2024;"Non-manager";"Germany";"Digital Strategy Consulting";"2024-12-15";"1-2 years"
202400052;52;2024;"Manager";"Sweden";"Technology & IT Strategy";"2024-12-15";"1-2 years"
202400053;53;2024;"Manager";"Sweden";"Transformation & Change Management";"2024-12-15";"1-2 years"
202400054;54;2024;"Manager";"Germany";"Digital Strategy Consulting";"2024-12-15";"6-9 years"
202400055;55;2024;"Non-manager";"Sweden";"Technology & IT Strategy";"2024-12-15";"6-9 years"
202400056;56;2024;"Manager";"Sweden";"Human Resources";"2024-12-15";"6-9 years"
202400058;58;2024;"Non-manager";"Denmark";"Finance & Operations";"2024-12-15";"1-2 years"
202400059;59;2024;"Manager";"Germany";"Finance & Operations";"2024-12-15";"3-5 years"
202400060;60;2024;"Non-manager";"Germany";"Customer Experience & Design";"2024-12-15";"1-2 years"
202400061;61;2024;"Non-manager";"Sweden";"Technology & IT Strategy";"2024-12-15";"1-2 years"
202400062;62;2024;"Non-manager";"Germany";"Human Resources";"2024-12-15";"10-15 years"
202400063;63;2024;"Manager";"Sweden";"Finance & Operations";"2024-12-15";"3-5 years"
202400064;64;2024;"Non-manager";"Spain";"Data & Analytics Consulting";"2024-12-15";"1-2 years"
202400065;65;2024;"Manager";"Sweden";"Data & Analytics Consulting";"2024-12-15";"15+ years"
202400066;66;2024;"Manager";"Sweden";"Technology & IT Strategy";"2024-12-15";"3-5 years"
202400067;67;2024;"Non-manager";"Spain";"Technology & IT Strategy";"2024-12-15";"1-2 years"
202400068;68;2024;"Manager";"Sweden";"Finance & Operations";"2024-12-15";"3-5 years"
202400069;69;2024;"Manager";"Denmark";"Digital Strategy Consulting";"2024-12-15";"1-2 years"
202400070;70;2024;"Non-manager";"France";"Sales & Business Development";"2024-12-15";"3-5 years"
202400071;71;2024;"Manager";"Spain";"Digital Marketing & Growth";"2024-12-15";"1-2 years"
202400072;72;2024;"Non-manager";"France";"Sales & Business Development";"2024-12-15";"1-2 years"
202400073;73;2024;"Manager";"Sweden";"Data & Analytics Consulting";"2024-12-15";"3-5 years"
202400075;75;2024;"Non-manager";"Sweden";"Finance & Operations";"2024-12-15";"1-2 years"
202400076;76;2024;"Non-manager";"Denmark";"Transformation & Change Management";"2024-12-15";"3-5 years"
202400077;77;2024;"Non-manager";"Germany";"Cybersecurity & Digital Risk";"2024-12-15";"3-5 years"
202400078;78;2024;"Manager";"Sweden";"Digital Strategy Consulting";"2024-12-15";"1-2 years"
202400079;79;2024;"Non-manager";"Spain";"Sales & Business Development";"2024-12-15";"1-2 years"
202400080;80;2024;"Manager";"France";"Cybersecurity & Digital Risk";"2024-12-15";"10-15 years"
202400081;81;2024;"Non-manager";"France";"Finance & Operations";"2024-12-15";"1-2 years"
202400082;82;2024;"Manager";"Sweden";"Finance & Operations";"2024-12-15";"3-5 years"
202400083;83;2024;"Non-manager";"Germany";"Digital Strategy Consulting";"2024-12-15";"10-15 years"
202400085;85;2024;"Non-manager";"Spain";"Digital Strategy Consulting";"2024-12-15";"1-2 years"
202400086;86;2024;"Non-manager";"Spain";"Technology & IT Strategy";"2024-12-15";"6-9 years"
202400087;87;2024;"Non-manager";"Spain";"Finance & Operations";"2024-12-15";"15+ years"
202400088;88;2024;"Manager";"Sweden";"Digital Marketing & Growth";"2024-12-15";"1-2 years"
202400089;89;2024;"Manager";"Sweden";"Digital Strategy Consulting";"2024-12-15";"1-2 years"
202400090;90;2024;"Non-manager";"Germany";"Human Resources";"2024-12-15";"10-15 years"
202400091;91;2024;"Manager";"Spain";"Finance & Operations";"2024-12-15";"3-5 years"
202400092;92;2024;"Manager";"France";"Sales & Business Development";"2024-12-15";"15+ years"
202400093;93;2024;"Non-manager";"Sweden";"Digital Strategy Consulting";"2024-12-15";"3-5 years"
202400094;94;2024;"Manager";"Denmark";"Cybersecurity & Digital Risk";"2024-12-15";"6-9 years"
202400095;95;2024;"Non-manager";"Sweden";"Customer Experience & Design";"2024-12-15";"3-5 years"
202400096;96;2024;"Non-manager";"Denmark";"Technology & IT Strategy";"2024-12-15";"10-15 years"
202400098;98;2024;"Non-manager";"Denmark";"Digital Marketing & Growth";"2024-12-15";"3-5 years"
202400099;99;2024;"Non-manager";"Sweden";"Digital Strategy Consulting";"2024-12-15";"10-15 years"
202400100;100;2024;"Non-manager";"Sweden";"Digital Strategy Consulting";"2024-12-15";"1-2 years"
202400101;101;2024;"Non-manager";"Sweden";"Digital Strategy Consulting";"2024-12-15";"3-5 years"
202400102;102;2024;"Manager";"Spain";"Finance & Operations";"2024-12-15";"6-9 years"
202400103;103;2024;"Non-manager";"Sweden";"Human Resources";"2024-12-15";"3-5 years"
202400104;104;2024;"Manager";"Sweden";"Data & Analytics Consulting";"2024-12-15";"1-2 years"
202400105;105;2024;"Manager";"Sweden";"Sales & Business Development";"2024-12-15";"3-5 years"
202400106;106;2024;"Manager";"Denmark";"Sales & Business Development";"2024-12-15";"6-9 years"
202400108;108;2024;"Non-manager";"Spain";"Data & Analytics Consulting";"2024-12-15";"1-2 years"
202400109;109;2024;"Non-manager";"Denmark";"Technology & IT Strategy";"2024-12-15";"3-5 years"
202400110;110;2024;"Manager";"Sweden";"Data & Analytics Consulting";"2024-12-15";"6-9 years"
202400111;111;2024;"Non-manager";"Sweden";"Data & Analytics Consulting";"2024-12-15";"1-2 years"
202400112;112;2024;"Manager";"Sweden";"Digital Marketing & Growth";"2024-12-15";"3-5 years"
202400113;113;2024;"Manager";"Sweden";"Cybersecurity & Digital Risk";"2024-12-15";"3-5 years"
202400114;114;2024;"Non-manager";"France";"Technology & IT Strategy";"2024-12-15";"3-5 years"
202400115;115;2024;"Non-manager";"Spain";"Digital Marketing & Growth";"2024-12-15";"1-2 years"
202400116;116;2024;"Manager";"Sweden";"Sales & Business Development";"2024-12-15";"6-9 years"
202400117;117;2024;"Manager";"Sweden";"Human Resources";"2024-12-15";"6-9 years"
202400118;118;2024;"Manager";"Sweden";"Sales & Business Development";"2024-12-15";"3-5 years"
202400119;119;2024;"Manager";"Sweden";"Data & Analytics Consulting";"2024-12-15";"15+ years"
202400120;120;2024;"Non-manager";"Germany";"Customer Experience & Design";"2024-12-15";"3-5 years"
202400121;121;2024;"Non-manager";"Sweden";"Technology & IT Strategy";"2024-12-15";"3-5 years"
202400122;122;2024;"Manager";"Sweden";"Customer Experience & Design";"2024-12-15";"1-2 years"
202400123;123;2024;"Non-manager";"Denmark";"Data & Analytics Consulting";"2024-12-15";"3-5 years"
202400124;124;2024;"Non-manager";"France";"Transformation & Change Management";"2024-12-15";"6-9 years"
202400125;125;2024;"Manager";"Sweden";"Digital Strategy Consulting";"2024-12-15";"3-5 years"
202400127;127;2024;"Non-manager";"Germany";"Cybersecurity & Digital Risk";"2024-12-15";"1-2 years"
202400128;128;2024;"Non-manager";"France";"Technology & IT Strategy";"2024-12-15";"10-15 years"
202400129;129;2024;"Manager";"Spain";"Data & Analytics Consulting";"2024-12-15";"6-9 years"
202400130;130;2024;"Manager";"Sweden";"Digital Strategy Consulting";"2024-12-15";"3-5 years"
202400131;131;2024;"Non-manager";"France";"Sales & Business Development";"2024-12-15";"3-5 years"
202400133;133;2024;"Manager";"Sweden";"Data & Analytics Consulting";"2024-12-15";"3-5 years"
202400134;134;2024;"Manager";"France";"Transformation & Change Management";"2024-12-15";"3-5 years"
202400135;135;2024;"Non-manager";"Sweden";"Technology & IT Strategy";"2024-12-15";"3-5 years"
202400136;136;2024;"Non-manager";"Sweden";"Customer Experience & Design";"2024-12-15";"6-9 years"
202400137;137;2024;"Manager";"Germany";"Customer Experience & Design";"2024-12-15";"1-2 years"
202400138;138;2024;"Manager";"Sweden";"Finance & Operations";"2024-12-15";"10-15 years"
202400139;139;2024;"Manager";"Denmark";"Digital Marketing & Growth";"2024-12-15";"1-2 years"
202400140;140;2024;"Non-manager";"France";"Digital Strategy Consulting";"2024-12-15";"1-2 years"
202400141;141;2024;"Non-manager";"Spain";"Finance & Operations";"2024-12-15";"1-2 years"
202400142;142;2024;"Manager";"Sweden";"Technology & IT Strategy";"2024-12-15";"1-2 years"
202400143;143;2024;"Manager";"Sweden";"Transformation & Change Management";"2024-12-15";"10-15 years"
202400144;144;2024;"Manager";"Sweden";"Customer Experience & Design";"2024-12-15";"15+ years"
202400145;145;2024;"Non-manager";"Spain";"Digital Marketing & Growth";"2024-12-15";"3-5 years"
202400147;147;2024;"Non-manager";"Sweden";"Sales & Business Development";"2024-12-15";"3-5 years"
202400148;148;2024;"Non-manager";"Denmark";"Technology & IT Strategy";"2024-12-15";"3-5 years"
202400149;149;2024;"Non-manager";"Spain";"Digital Strategy Consulting";"2024-12-15";"15+ years"
202400150;150;2024;"Manager";"Sweden";"Sales & Business Development";"2024-12-15";"10-15 years"
202400151;151;2024;"Non-manager";"France";"Data & Analytics Consulting";"2024-12-15";"15+ years"
202400152;152;2024;"Manager";"Denmark";"Digital Marketing & Growth";"2024-12-15";"1-2 years"
202400153;153;2024;"Manager";"Sweden";"Transformation & Change Management";"2024-12-15";"3-5 years"
202400154;154;2024;"Manager";"Denmark";"Transformation & Change Management";"2024-12-15";"1-2 years"
202400155;155;2024;"Non-manager";"Germany";"Digital Strategy Consulting";"2024-12-15";"1-2 years"
202400156;156;2024;"Manager";"Denmark";"Digital Strategy Consulting";"2024-12-15";"10-15 years"
202400157;157;2024;"Non-manager";"Spain";"Data & Analytics Consulting";"2024-12-15";"10-15 years"
202400158;158;2024;"Non-manager";"Sweden";"Finance & Operations";"2024-12-15";"1-2 years"
202400160;160;2024;"Non-manager";"Sweden";"Digital Strategy Consulting";"2024-12-15";"6-9 years"
202400161;161;2024;"Manager";"Sweden";"Data & Analytics Consulting";"2024-12-15";"3-5 years"
202400162;162;2024;"Manager";"Denmark";"Transformation & Change Management";"2024-12-15";"10-15 years"
202400163;163;2024;"Manager";"France";"Digital Strategy Consulting";"2024-12-15";"1-2 years"
202400164;164;2024;"Non-manager";"Sweden";"Transformation & Change Management";"2024-12-15";"1-2 years"
202400165;165;2024;"Manager";"Sweden";"Sales & Business Development";"2024-12-15";"10-15 years"
202400166;166;2024;"Manager";"Sweden";"Human Resources";"2024-12-15";"10-15 years"
202400167;167;2024;"Non-manager";"Spain";"Customer Experience & Design";"2024-12-15";"3-5 years"
202400168;168;2024;"Manager";"Sweden";"Data & Analytics Consulting";"2024-12-15";"6-9 years"
202400169;169;2024;"Non-manager";"Sweden";"Customer Experience & Design";"2024-12-15";"1-2 years"
202400170;170;2024;"Non-manager";"Sweden";"Human Resources";"2024-12-15";"1-2 years"
202400171;171;2024;"Manager";"Sweden";"Sales & Business Development";"2024-12-15";"10-15 years"
202400172;172;2024;"Manager";"Spain";"Data & Analytics Consulting";"2024-12-15";"3-5 years"
202400173;173;2024;"Manager";"Spain";"Human Resources";"2024-12-15";"3-5 years"
202400174;174;2024;"Non-manager";"Germany";"Human Resources";"2024-12-15";"3-5 years"
202400175;175;2024;"Non-manager";"Sweden";"Data & Analytics Consulting";"2024-12-15";"3-5 years"
202400176;176;2024;"Manager";"Sweden";"Digital Strategy Consulting";"2024-12-15";"15+ years"
202400177;177;2024;"Non-manager";"Sweden";"Digital Strategy Consulting";"2024-12-15";"1-2 years"
202400178;178;2024;"Manager";"Denmark";"Sales & Business Development";"2024-12-15";"3-5 years"
202400179;179;2024;"Manager";"Sweden";"Customer Experience & Design";"2024-12-15";"3-5 years"
202400180;180;2024;"Non-manager";"Spain";"Cybersecurity & Digital Risk";"2024-12-15";"1-2 years"
202400181;181;2024;"Manager";"Spain";"Data & Analytics Consulting";"2024-12-15";"3-5 years"
202400182;182;2024;"Non-manager";"Denmark";"Finance & Operations";"2024-12-15";"3-5 years"
202400184;184;2024;"Non-manager";"Spain";"Finance & Operations";"2024-12-15";"6-9 years"
202400185;185;2024;"Non-manager";"Sweden";"Data & Analytics Consulting";"2024-12-15";"10-15 years"
202400186;186;2024;"Non-manager";"Denmark";"Digital Strategy Consulting";"2024-12-15";"3-5 years"
202400187;187;2024;"Non-manager";"Sweden";"Finance & Operations";"2024-12-15";"3-5 years"
202400188;188;2024;"Manager";"France";"Human Resources";"2024-12-15";"1-2 years"
202400189;189;2024;"Non-manager";"Spain";"Finance & Operations";"2024-12-15";"3-5 years"
202400191;191;2024;"Manager";"Sweden";"Data & Analytics Consulting";"2024-12-15";"1-2 years"
202400192;192;2024;"Manager";"Spain";"Sales & Business Development";"2024-12-15";"6-9 years"
202400193;193;2024;"Manager";"Sweden";"Digital Strategy Consulting";"2024-12-15";"6-9 years"
202400194;194;2024;"Manager";"Germany";"Transformation & Change Management";"2024-12-15";"10-15 years"
202400195;195;2024;"Manager";"Denmark";"Customer Experience & Design";"2024-12-15";"15+ years"
202400196;196;2024;"Non-manager";"Spain";"Data & Analytics Consulting";"2024-12-15";"3-5 years"
202400197;197;2024;"Non-manager";"Germany";"Finance & Operations";"2024-12-15";"3-5 years"
202400199;199;2024;"Non-manager";"Spain";"Finance & Operations";"2024-12-15";"3-5 years"
202400200;200;2024;"Manager";"Germany";"Cybersecurity & Digital Risk";"2024-12-15";"3-5 years"
202400201;201;2024;"Non-manager";"France";"Sales & Business Development";"2024-12-15";"3-5 years"
202400202;202;2024;"Non-manager";"Sweden";"Digital Strategy Consulting";"2024-12-15";"1-2 years"
202400203;203;2024;"Manager";"Spain";"Transformation & Change Management";"2024-12-15";"3-5 years"
202400204;204;2024;"Non-manager";"Denmark";"Digital Marketing & Growth";"2024-12-15";"6-9 years"
202400205;205;2024;"Non-manager";"Spain";"Technology & IT Strategy";"2024-12-15";"6-9 years"
202400206;206;2024;"Manager";"Sweden";"Customer Experience & Design";"2024-12-15";"1-2 years"
202400207;207;2024;"Non-manager";"Germany";"Data & Analytics Consulting";"2024-12-15";"1-2 years"
202400208;208;2024;"Manager";"Sweden";"Data & Analytics Consulting";"2024-12-15";"3-5 years"
202400209;209;2024;"Non-manager";"Sweden";"Transformation & Change Management";"2024-12-15";"1-2 years"
202400210;210;2024;"Manager";"Germany";"Digital Marketing & Growth";"2024-12-15";"1-2 years"
202400211;211;2024;"Non-manager";"Germany";"Transformation & Change Management";"2024-12-15";"3-5 years"
202400212;212;2024;"Manager";"Sweden";"Digital Strategy Consulting";"2024-12-15";"3-5 years"
202400213;213;2024;"Non-manager";"Germany";"Technology & IT Strategy";"2024-12-15";"3-5 years"
202400214;214;2024;"Manager";"Sweden";"Digital Marketing & Growth";"2024-12-15";"3-5 years"
202400215;215;2024;"Non-manager";"Sweden";"Cybersecurity & Digital Risk";"2024-12-15";"1-2 years"
202400216;216;2024;"Non-manager";"France";"Sales & Business Development";"2024-12-15";"6-9 years"
202400217;217;2024;"Manager";"Spain";"Data & Analytics Consulting";"2024-12-15";"3-5 years"
202400218;218;2024;"Non-manager";"Denmark";"Data & Analytics Consulting";"2024-12-15";"1-2 years"
202400219;219;2024;"Non-manager";"Sweden";"Digital Marketing & Growth";"2024-12-15";"3-5 years"
202400220;220;2024;"Manager";"Spain";"Sales & Business Development";"2024-12-15";"6-9 years"
202400221;221;2024;"Non-manager";"Sweden";"Transformation & Change Management";"2024-12-15";"3-5 years"
202400222;222;2024;"Non-manager";"Sweden";"Sales & Business Development";"2024-12-15";"3-5 years"
202400223;223;2024;"Manager";"France";"Digital Strategy Consulting";"2024-12-15";"6-9 years"
202400224;224;2024;"Non-manager";"Denmark";"Customer Experience & Design";"2024-12-15";"1-2 years"
202400225;225;2024;"Manager";"Sweden";"Human Resources";"2024-12-15";"3-5 years"
202400226;226;2024;"Non-manager";"Sweden";"Transformation & Change Management";"2024-12-15";"3-5 years"
202400227;227;2024;"Manager";"Sweden";"Data & Analytics Consulting";"2024-12-15";"3-5 years"
202400228;228;2024;"Non-manager";"Spain";"Finance & Operations";"2024-12-15";"1-2 years"
202400229;229;2024;"Non-manager";"Sweden";"Data & Analytics Consulting";"2024-12-15";"3-5 years"
202400230;230;2024;"Manager";"Sweden";"Sales & Business Development";"2024-12-15";"1-2 years"
202400231;231;2024;"Non-manager";"Germany";"Sales & Business Development";"2024-12-15";"1-2 years"
202400232;232;2024;"Non-manager";"Spain";"Technology & IT Strategy";"2024-12-15";"1-2 years"
202400233;233;2024;"Non-manager";"Germany";"Transformation & Change Management";"2024-12-15";"3-5 years"
202400234;234;2024;"Non-manager";"Sweden";"Finance & Operations";"2024-12-15";"1-2 years"
202400235;235;2024;"Manager";"Sweden";"Transformation & Change Management";"2024-12-15";"1-2 years"
202400236;236;2024;"Manager";"Sweden";"Cybersecurity & Digital Risk";"2024-12-15";"10-15 years"
202400237;237;2024;"Manager";"Sweden";"Sales & Business Development";"2024-12-15";"3-5 years"
202400238;238;2024;"Manager";"Sweden";"Cybersecurity & Digital Risk";"2024-12-15";"1-2 years"
202400239;239;2024;"Manager";"Spain";"Sales & Business Development";"2024-12-15";"6-9 years"
202400240;240;2024;"Manager";"Sweden";"Technology & IT Strategy";"2024-12-15";"3-5 years"
202400241;241;2024;"Manager";"Denmark";"Digital Marketing & Growth";"2024-12-15";"3-5 years"
202400242;242;2024;"Manager";"Germany";"Human Resources";"2024-12-15";"10-15 years"
202400243;243;2024;"Manager";"Sweden";"Data & Analytics Consulting";"2024-12-15";"1-2 years"
202400244;244;2024;"Manager";"Sweden";"Data & Analytics Consulting";"2024-12-15";"Less than 1 year"
202400246;246;2024;"Manager";"Sweden";"Technology & IT Strategy";"2024-12-15";"1-2 years"
202400247;247;2024;"Non-manager";"Germany";"Finance & Operations";"2024-12-15";"1-2 years"
202400248;248;2024;"Non-manager";"Sweden";"Customer Experience & Design";"2024-12-15";"1-2 years"
202400249;249;2024;"Manager";"France";"Digital Strategy Consulting";"2024-12-15";"3-5 years"
202400250;250;2024;"Manager";"France";"Transformation & Change Management";"2024-12-15";"6-9 years"
202400251;251;2024;"Manager";"Germany";"Data & Analytics Consulting";"2024-12-15";"3-5 years"
202400252;252;2024;"Manager";"Spain";"Transformation & Change Management";"2024-12-15";"10-15 years"
202400253;253;2024;"Manager";"Sweden";"Data & Analytics Consulting";"2024-12-15";"10-15 years"
202400254;254;2024;"Non-manager";"Sweden";"Sales & Business Development";"2024-12-15";"3-5 years"
202400255;255;2024;"Non-manager";"France";"Digital Strategy Consulting";"2024-12-15";"3-5 years"
202400256;256;2024;"Manager";"Sweden";"Transformation & Change Management";"2024-12-15";"6-9 years"
202400257;257;2024;"Non-manager";"Denmark";"Cybersecurity & Digital Risk";"2024-12-15";"6-9 years"
202400258;258;2024;"Non-manager";"Sweden";"Technology & IT Strategy";"2024-12-15";"6-9 years"
202400259;259;2024;"Non-manager";"Sweden";"Technology & IT Strategy";"2024-12-15";"1-2 years"
202400261;261;2024;"Non-manager";"Denmark";"Sales & Business Development";"2024-12-15";"3-5 years"
202400262;262;2024;"Non-manager";"Sweden";"Customer Experience & Design";"2024-12-15";"3-5 years"
202400263;263;2024;"Manager";"Spain";"Human Resources";"2024-12-15";"1-2 years"
202400264;264;2024;"Non-manager";"Sweden";"Sales & Business Development";"2024-12-15";"3-5 years"
202400265;265;2024;"Non-manager";"Sweden";"Cybersecurity & Digital Risk";"2024-12-15";"1-2 years"
202400266;266;2024;"Non-manager";"France";"Transformation & Change Management";"2024-12-15";"3-5 years"
202400267;267;2024;"Non-manager";"Germany";"Customer Experience & Design";"2024-12-15";"10-15 years"
202400268;268;2024;"Manager";"France";"Cybersecurity & Digital Risk";"2024-12-15";"6-9 years"
202400269;269;2024;"Manager";"Sweden";"Transformation & Change Management";"2024-12-15";"3-5 years"
202400270;270;2024;"Non-manager";"Spain";"Customer Experience & Design";"2024-12-15";"1-2 years"
202400271;271;2024;"Manager";"Sweden";"Technology & IT Strategy";"2024-12-15";"6-9 years"
202400272;272;2024;"Non-manager";"Germany";"Digital Strategy Consulting";"2024-12-15";"1-2 years"
202400273;273;2024;"Non-manager";"Sweden";"Human Resources";"2024-12-15";"10-15 years"
202400274;274;2024;"Manager";"Germany";"Finance & Operations";"2024-12-15";"3-5 years"
202400275;275;2024;"Non-manager";"Sweden";"Technology & IT Strategy";"2024-12-15";"6-9 years"
202400276;276;2024;"Non-manager";"Spain";"Data & Analytics Consulting";"2024-12-15";"3-5 years"
202400277;277;2024;"Non-manager";"Sweden";"Digital Marketing & Growth";"2024-12-15";"3-5 years"
202400278;278;2024;"Non-manager";"Sweden";"Data & Analytics Consulting";"2024-12-15";"3-5 years"
202400279;279;2024;"Non-manager";"Sweden";"Human Resources";"2024-12-15";"3-5 years"
202400280;280;2024;"Manager";"Spain";"Digital Strategy Consulting";"2024-12-15";"6-9 years"
202400281;281;2024;"Manager";"France";"Cybersecurity & Digital Risk";"2024-12-15";"6-9 years"
202400282;282;2024;"Non-manager";"Sweden";"Human Resources";"2024-12-15";"3-5 years"
202400283;283;2024;"Non-manager";"Sweden";"Digital Marketing & Growth";"2024-12-15";"1-2 years"
202400285;285;2024;"Non-manager";"Sweden";"Transformation & Change Management";"2024-12-15";"1-2 years"
202400286;286;2024;"Non-manager";"Sweden";"Digital Strategy Consulting";"2024-12-15";"6-9 years"
202400287;287;2024;"Manager";"Denmark";"Digital Marketing & Growth";"2024-12-15";"3-5 years"
202400288;288;2024;"Non-manager";"Sweden";"Cybersecurity & Digital Risk";"2024-12-15";"1-2 years"
202400289;289;2024;"Non-manager";"Spain";"Finance & Operations";"2024-12-15";"3-5 years"
202400290;290;2024;"Non-manager";"France";"Technology & IT Strategy";"2024-12-15";"3-5 years"
202400291;291;2024;"Manager";"Sweden";"Customer Experience & Design";"2024-12-15";"10-15 years"
202400292;292;2024;"Manager";"Sweden";"Technology & IT Strategy";"2024-12-15";"3-5 years"
202400293;293;2024;"Manager";"Sweden";"Sales & Business Development";"2024-12-15";"6-9 years"
202400294;294;2024;"Manager";"Germany";"Sales & Business Development";"2024-12-15";"1-2 years"
202400295;295;2024;"Manager";"Germany";"Finance & Operations";"2024-12-15";"10-15 years"
202400296;296;2024;"Non-manager";"Sweden";"Transformation & Change Management";"2024-12-15";"3-5 years"
202400297;297;2024;"Non-manager";"Spain";"Digital Strategy Consulting";"2024-12-15";"1-2 years"
202400298;298;2024;"Manager";"Sweden";"Transformation & Change Management";"2024-12-15";"3-5 years"
202400299;299;2024;"Non-manager";"Spain";"Finance & Operations";"2024-12-15";"3-5 years"
202400300;300;2024;"Non-manager";"Sweden";"Cybersecurity & Digital Risk";"2024-12-15";"6-9 years"
202400301;301;2024;"Non-manager";"Sweden";"Digital Marketing & Growth";"2024-12-15";"6-9 years"
202400302;302;2024;"Non-manager";"Germany";"Data & Analytics Consulting";"2024-12-15";"1-2 years"
202400303;303;2024;"Manager";"Denmark";"Transformation & Change Management";"2024-12-15";"6-9 years"
202400304;304;2024;"Non-manager";"Spain";"Digital Strategy Consulting";"2024-12-15";"1-2 years"
202400305;305;2024;"Non-manager";"Spain";"Data & Analytics Consulting";"2024-12-15";"1-2 years"
202400306;306;2024;"Non-manager";"Spain";"Data & Analytics Consulting";"2024-12-15";"10-15 years"
202400307;307;2024;"Non-manager";"Germany";"Sales & Business Development";"2024-12-15";"1-2 years"
202400308;308;2024;"Manager";"France";"Customer Experience & Design";"2024-12-15";"3-5 years"
202400309;309;2024;"Manager";"Sweden";"Finance & Operations";"2024-12-15";"3-5 years"
202400310;310;2024;"Non-manager";"Denmark";"Technology & IT Strategy";"2024-12-15";"10-15 years"
202400311;311;2024;"Non-manager";"Spain";"Data & Analytics Consulting";"2024-12-15";"3-5 years"
202400312;312;2024;"Manager";"Sweden";"Transformation & Change Management";"2024-12-15";"6-9 years"
202400313;313;2024;"Non-manager";"France";"Digital Marketing & Growth";"2024-12-15";"6-9 years"
202400314;314;2024;"Manager";"Sweden";"Digital Marketing & Growth";"2024-12-15";"10-15 years"
202400315;315;2024;"Non-manager";"Sweden";"Transformation & Change Management";"2024-12-15";"6-9 years"
202400316;316;2024;"Non-manager";"France";"Human Resources";"2024-12-15";"3-5 years"
202400317;317;2024;"Non-manager";"Sweden";"Transformation & Change Management";"2024-12-15";"1-2 years"
202400318;318;2024;"Manager";"France";"Transformation & Change Management";"2024-12-15";"1-2 years"
202400319;319;2024;"Manager";"Sweden";"Cybersecurity & Digital Risk";"2024-12-15";"6-9 years"
202400320;320;2024;"Manager";"Spain";"Data & Analytics Consulting";"2024-12-15";"10-15 years"
202400321;321;2024;"Manager";"Sweden";"Human Resources";"2024-12-15";"1-2 years"
202400322;322;2024;"Non-manager";"Spain";"Finance & Operations";"2024-12-15";"6-9 years"
202400323;323;2024;"Manager";"Germany";"Digital Strategy Consulting";"2024-12-15";"3-5 years"
202400324;324;2024;"Non-manager";"Germany";"Customer Experience & Design";"2024-12-15";"1-2 years"
202400325;325;2024;"Manager";"France";"Finance & Operations";"2024-12-15";"3-5 years"
202400326;326;2024;"Non-manager";"Spain";"Finance & Operations";"2024-12-15";"3-5 years"
202400327;327;2024;"Non-manager";"Sweden";"Technology & IT Strategy";"2024-12-15";"6-9 years"
202400328;328;2024;"Non-manager";"Germany";"Digital Marketing & Growth";"2024-12-15";"1-2 years"
202400329;329;2024;"Manager";"France";"Transformation & Change Management";"2024-12-15";"10-15 years"
202400330;330;2024;"Non-manager";"Sweden";"Cybersecurity & Digital Risk";"2024-12-15";"1-2 years"
202400331;331;2024;"Manager";"Spain";"Digital Strategy Consulting";"2024-12-15";"10-15 years"
202400332;332;2024;"Manager";"Sweden";"Digital Marketing & Growth";"2024-12-15";"3-5 years"
202400333;333;2024;"Non-manager";"Germany";"Cybersecurity & Digital Risk";"2024-12-15";"10-15 years"
202400334;334;2024;"Manager";"Germany";"Transformation & Change Management";"2024-12-15";"1-2 years"
202400335;335;2024;"Non-manager";"France";"Technology & IT Strategy";"2024-12-15";"3-5 years"
202400336;336;2024;"Manager";"Sweden";"Cybersecurity & Digital Risk";"2024-12-15";"3-5 years"
202400337;337;2024;"Manager";"Sweden";"Customer Experience & Design";"2024-12-15";"10-15 years"
202400338;338;2024;"Non-manager";"Sweden";"Finance & Operations";"2024-12-15";"6-9 years"
202400339;339;2024;"Non-manager";"Sweden";"Finance & Operations";"2024-12-15";"15+ years"
202400340;340;2024;"Non-manager";"France";"Technology & IT Strategy";"2024-12-15";"3-5 years"
202400341;341;2024;"Non-manager";"Sweden";"Data & Analytics Consulting";"2024-12-15";"3-5 years"
202400342;342;2024;"Non-manager";"Sweden";"Sales & Business Development";"2024-12-15";"1-2 years"
202400343;343;2024;"Manager";"Sweden";"Digital Strategy Consulting";"2024-12-15";"1-2 years"
202400344;344;2024;"Manager";"Germany";"Customer Experience & Design";"2024-12-15";"1-2 years"
202400345;345;2024;"Manager";"Germany";"Digital Marketing & Growth";"2024-12-15";"3-5 years"
202400346;346;2024;"Manager";"Sweden";"Digital Strategy Consulting";"2024-12-15";"15+ years"
202400347;347;2024;"Non-manager";"Germany";"Digital Strategy Consulting";"2024-12-15";"3-5 years"
202400349;349;2024;"Non-manager";"Germany";"Transformation & Change Management";"2024-12-15";"10-15 years"
202400350;350;2024;"Manager";"France";"Customer Experience & Design";"2024-12-15";"10-15 years"
202400351;351;2024;"Manager";"France";"Data & Analytics Consulting";"2024-12-15";"6-9 years"
202400352;352;2024;"Non-manager";"Germany";"Technology & IT Strategy";"2024-12-15";"3-5 years"
202400353;353;2024;"Non-manager";"Spain";"Data & Analytics Consulting";"2024-12-15";"3-5 years"
202400354;354;2024;"Non-manager";"Germany";"Digital Strategy Consulting";"2024-12-15";"15+ years"
202400355;355;2024;"Manager";"Germany";"Cybersecurity & Digital Risk";"2024-12-15";"6-9 years"
202400356;356;2024;"Manager";"France";"Transformation & Change Management";"2024-12-15";"1-2 years"
202400357;357;2024;"Manager";"Sweden";"Customer Experience & Design";"2024-12-15";"10-15 years"
202400358;358;2024;"Manager";"Sweden";"Sales & Business Development";"2024-12-15";"1-2 years"
202400359;359;2024;"Manager";"Denmark";"Data & Analytics Consulting";"2024-12-15";"3-5 years"
202400360;360;2024;"Manager";"Sweden";"Human Resources";"2024-12-15";"3-5 years"
202400361;361;2024;"Non-manager";"Spain";"Customer Experience & Design";"2024-12-15";"6-9 years"
202400362;362;2024;"Non-manager";"Sweden";"Human Resources";"2024-12-15";"3-5 years"
202400363;363;2024;"Non-manager";"France";"Technology & IT Strategy";"2024-12-15";"6-9 years"
202400364;364;2024;"Manager";"Sweden";"Transformation & Change Management";"2024-12-15";"10-15 years"
202400365;365;2024;"Non-manager";"Germany";"Customer Experience & Design";"2024-12-15";"15+ years"
202400366;366;2024;"Manager";"Spain";"Digital Strategy Consulting";"2024-12-15";"1-2 years"
202400367;367;2024;"Manager";"Denmark";"Customer Experience & Design";"2024-12-15";"15+ years"
202400368;368;2024;"Non-manager";"Denmark";"Customer Experience & Design";"2024-12-15";"6-9 years"
202400369;369;2024;"Non-manager";"Germany";"Human Resources";"2024-12-15";"1-2 years"
202400370;370;2024;"Non-manager";"Spain";"Customer Experience & Design";"2024-12-15";"10-15 years"
202400371;371;2024;"Non-manager";"Sweden";"Data & Analytics Consulting";"2024-12-15";"1-2 years"
202400372;372;2024;"Manager";"Germany";"Data & Analytics Consulting";"2024-12-15";"1-2 years"
202400373;373;2024;"Non-manager";"Sweden";"Data & Analytics Consulting";"2024-12-15";"3-5 years"
202400374;374;2024;"Manager";"Sweden";"Sales & Business Development";"2024-12-15";"15+ years"
202400376;376;2024;"Non-manager";"Sweden";"Human Resources";"2024-12-15";"6-9 years"
202400378;378;2024;"Non-manager";"Spain";"Human Resources";"2024-12-15";"10-15 years"
202400379;379;2024;"Manager";"Spain";"Finance & Operations";"2024-12-15";"15+ years"
202400380;380;2024;"Manager";"Sweden";"Finance & Operations";"2024-12-15";"3-5 years"
202400381;381;2024;"Manager";"Germany";"Cybersecurity & Digital Risk";"2024-12-15";"6-9 years"
202400382;382;2024;"Non-manager";"Sweden";"Data & Analytics Consulting";"2024-12-15";"1-2 years"
202400383;383;2024;"Non-manager";"Sweden";"Customer Experience & Design";"2024-12-15";"3-5 years"
202400384;384;2024;"Manager";"Spain";"Human Resources";"2024-12-15";"6-9 years"
202400385;385;2024;"Manager";"Germany";"Sales & Business Development";"2024-12-15";"3-5 years"
202400386;386;2024;"Manager";"France";"Digital Marketing & Growth";"2024-12-15";"6-9 years"
202400387;387;2024;"Manager";"Germany";"Digital Strategy Consulting";"2024-12-15";"3-5 years"
202400389;389;2024;"Non-manager";"Denmark";"Technology & IT Strategy";"2024-12-15";"3-5 years"
202400390;390;2024;"Non-manager";"Sweden";"Transformation & Change Management";"2024-12-15";"3-5 years"
202400391;391;2024;"Manager";"Spain";"Transformation & Change Management";"2024-12-15";"10-15 years"
202400392;392;2024;"Non-manager";"Sweden";"Transformation & Change Management";"2024-12-15";"10-15 years"
202400394;394;2024;"Manager";"Sweden";"Data & Analytics Consulting";"2024-12-15";"3-5 years"
202400395;395;2024;"Non-manager";"Germany";"Finance & Operations";"2024-12-15";"1-2 years"
202400396;396;2024;"Non-manager";"France";"Finance & Operations";"2024-12-15";"3-5 years"
202400397;397;2024;"Manager";"Sweden";"Human Resources";"2024-12-15";"10-15 years"
202400398;398;2024;"Non-manager";"Germany";"Transformation & Change Management";"2024-12-15";"10-15 years"
202400399;399;2024;"Manager";"France";"Customer Experience & Design";"2024-12-15";"1-2 years"
202400401;401;2024;"Manager";"France";"Transformation & Change Management";"2024-12-15";"6-9 years"
202400402;402;2024;"Non-manager";"France";"Technology & IT Strategy";"2024-12-15";"10-15 years"
202400403;403;2024;"Non-manager";"France";"Customer Experience & Design";"2024-12-15";"3-5 years"
202400404;404;2024;"Non-manager";"Sweden";"Sales & Business Development";"2024-12-15";"10-15 years"
202400406;406;2024;"Manager";"Sweden";"Data & Analytics Consulting";"2024-12-15";"1-2 years"
202400407;407;2024;"Manager";"Sweden";"Data & Analytics Consulting";"2024-12-15";"10-15 years"
202400408;408;2024;"Manager";"Germany";"Digital Strategy Consulting";"2024-12-15";"3-5 years"
202400409;409;2024;"Manager";"Sweden";"Transformation & Change Management";"2024-12-15";"3-5 years"
202400410;410;2024;"Non-manager";"France";"Digital Strategy Consulting";"2024-12-15";"3-5 years"
202400411;411;2024;"Non-manager";"Sweden";"Technology & IT Strategy";"2024-12-15";"10-15 years"
202400412;412;2024;"Manager";"Sweden";"Finance & Operations";"2024-12-15";"10-15 years"
202400413;413;2024;"Non-manager";"Sweden";"Transformation & Change Management";"2024-12-15";"10-15 years"
202400414;414;2024;"Non-manager";"France";"Sales & Business Development";"2024-12-15";"10-15 years"
202400415;415;2024;"Non-manager";"Denmark";"Cybersecurity & Digital Risk";"2024-12-15";"3-5 years"
202400416;416;2024;"Non-manager";"Sweden";"Transformation & Change Management";"2024-12-15";"3-5 years"
202400417;417;2024;"Manager";"Denmark";"Transformation & Change Management";"2024-12-15";"3-5 years"
202400418;418;2024;"Non-manager";"Sweden";"Transformation & Change Management";"2024-12-15";"3-5 years"
202400419;419;2024;"Manager";"France";"Technology & IT Strategy";"2024-12-15";"3-5 years"
202400421;421;2024;"Manager";"Sweden";"Human Resources";"2024-12-15";"6-9 years"
202400422;422;2024;"Manager";"Denmark";"Digital Strategy Consulting";"2024-12-15";"1-2 years"
202400423;423;2024;"Non-manager";"Sweden";"Transformation & Change Management";"2024-12-15";"3-5 years"
202400424;424;2024;"Manager";"Sweden";"Digital Strategy Consulting";"2024-12-15";"6-9 years"
202400425;425;2024;"Manager";"Germany";"Sales & Business Development";"2024-12-15";"10-15 years"
202400426;426;2024;"Non-manager";"Sweden";"Transformation & Change Management";"2024-12-15";"3-5 years"
202400427;427;2024;"Manager";"Sweden";"Digital Marketing & Growth";"2024-12-15";"3-5 years"
202400428;428;2024;"Manager";"Spain";"Digital Marketing & Growth";"2024-12-15";"6-9 years"
202400429;429;2024;"Manager";"Sweden";"Technology & IT Strategy";"2024-12-15";"3-5 years"
202400430;430;2024;"Manager";"Sweden";"Digital Strategy Consulting";"2024-12-15";"3-5 years"
202400431;431;2024;"Non-manager";"Sweden";"Data & Analytics Consulting";"2024-12-15";"1-2 years"
202400432;432;2024;"Manager";"Denmark";"Data & Analytics Consulting";"2024-12-15";"1-2 years"
202400434;434;2024;"Non-manager";"Sweden";"Cybersecurity & Digital Risk";"2024-12-15";"3-5 years"
202400435;435;2024;"Manager";"Denmark";"Digital Strategy Consulting";"2024-12-15";"6-9 years"
202400436;436;2024;"Non-manager";"Sweden";"Technology & IT Strategy";"2024-12-15";"6-9 years"
202400437;437;2024;"Manager";"Sweden";"Transformation & Change Management";"2024-12-15";"10-15 years"
202400438;438;2024;"Non-manager";"Germany";"Customer Experience & Design";"2024-12-15";"3-5 years"
202400439;439;2024;"Manager";"Sweden";"Cybersecurity & Digital Risk";"2024-12-15";"3-5 years"
202400440;440;2024;"Non-manager";"Sweden";"Technology & IT Strategy";"2024-12-15";"6-9 years"
202400441;441;2024;"Non-manager";"Germany";"Digital Strategy Consulting";"2024-12-15";"3-5 years"
202400442;442;2024;"Manager";"Germany";"Human Resources";"2024-12-15";"6-9 years"
202400443;443;2024;"Non-manager";"France";"Data & Analytics Consulting";"2024-12-15";"3-5 years"
202400445;445;2024;"Non-manager";"Denmark";"Cybersecurity & Digital Risk";"2024-12-15";"10-15 years"
202400446;446;2024;"Non-manager";"France";"Human Resources";"2024-12-15";"1-2 years"
202400447;447;2024;"Manager";"Sweden";"Technology & IT Strategy";"2024-12-15";"15+ years"
202400448;448;2024;"Non-manager";"Germany";"Finance & Operations";"2024-12-15";"3-5 years"
202400449;449;2024;"Manager";"Denmark";"Cybersecurity & Digital Risk";"2024-12-15";"10-15 years"
202400450;450;2024;"Non-manager";"Germany";"Digital Strategy Consulting";"2024-12-15";"6-9 years"
202400451;451;2024;"Manager";"Sweden";"Digital Strategy Consulting";"2024-12-15";"3-5 years"
202400452;452;2024;"Manager";"Sweden";"Transformation & Change Management";"2024-12-15";"15+ years"
202400453;453;2024;"Manager";"France";"Customer Experience & Design";"2024-12-15";"10-15 years"
202400454;454;2024;"Non-manager";"Sweden";"Digital Strategy Consulting";"2024-12-15";"1-2 years"
202400455;455;2024;"Manager";"Sweden";"Digital Strategy Consulting";"2024-12-15";"6-9 years"
202400456;456;2024;"Non-manager";"Spain";"Transformation & Change Management";"2024-12-15";"3-5 years"
202400457;457;2024;"Non-manager";"Sweden";"Technology & IT Strategy";"2024-12-15";"10-15 years"
202400459;459;2024;"Non-manager";"Denmark";"Customer Experience & Design";"2024-12-15";"3-5 years"
202400460;460;2024;"Non-manager";"Germany";"Cybersecurity & Digital Risk";"2024-12-15";"6-9 years"
202400461;461;2024;"Manager";"Germany";"Data & Analytics Consulting";"2024-12-15";"3-5 years"
202400462;462;2024;"Non-manager";"Sweden";"Digital Marketing & Growth";"2024-12-15";"1-2 years"
202400463;463;2024;"Non-manager";"France";"Digital Marketing & Growth";"2024-12-15";"3-5 years"
202400464;464;2024;"Manager";"Sweden";"Technology & IT Strategy";"2024-12-15";"10-15 years"
202400465;465;2024;"Non-manager";"Denmark";"Cybersecurity & Digital Risk";"2024-12-15";"6-9 years"
202400466;466;2024;"Non-manager";"France";"Data & Analytics Consulting";"2024-12-15";"1-2 years"
202400467;467;2024;"Manager";"France";"Digital Strategy Consulting";"2024-12-15";"6-9 years"
202400468;468;2024;"Manager";"Spain";"Sales & Business Development";"2024-12-15";"1-2 years"
202400469;469;2024;"Manager";"Sweden";"Digital Strategy Consulting";"2024-12-15";"1-2 years"
202400470;470;2024;"Manager";"Sweden";"Finance & Operations";"2024-12-15";"6-9 years"
202400471;471;2024;"Non-manager";"Spain";"Digital Marketing & Growth";"2024-12-15";"1-2 years"
202400472;472;2024;"Non-manager";"Sweden";"Digital Marketing & Growth";"2024-12-15";"3-5 years"
202400473;473;2024;"Non-manager";"Denmark";"Cybersecurity & Digital Risk";"2024-12-15";"1-2 years"
202400474;474;2024;"Non-manager";"Germany";"Digital Strategy Consulting";"2024-12-15";"3-5 years"
202400475;475;2024;"Non-manager";"France";"Customer Experience & Design";"2024-12-15";"3-5 years"
202400476;476;2024;"Non-manager";"Denmark";"Digital Strategy Consulting";"2024-12-15";"3-5 years"
202400477;477;2024;"Manager";"Germany";"Digital Strategy Consulting";"2024-12-15";"10-15 years"
202400478;478;2024;"Non-manager";"Sweden";"Human Resources";"2024-12-15";"1-2 years"
202400479;479;2024;"Manager";"France";"Digital Strategy Consulting";"2024-12-15";"1-2 years"
202400480;480;2024;"Manager";"Spain";"Technology & IT Strategy";"2024-12-15";"3-5 years"
202400481;481;2024;"Manager";"Sweden";"Cybersecurity & Digital Risk";"2024-12-15";"3-5 years"
202400482;482;2024;"Manager";"Sweden";"Technology & IT Strategy";"2024-12-15";"10-15 years"
202400483;483;2024;"Manager";"Germany";"Technology & IT Strategy";"2024-12-15";"6-9 years"
202400484;484;2024;"Manager";"Sweden";"Sales & Business Development";"2024-12-15";"1-2 years"
202400485;485;2024;"Manager";"Sweden";"Finance & Operations";"2024-12-15";"10-15 years"
202400486;486;2024;"Manager";"Sweden";"Data & Analytics Consulting";"2024-12-15";"10-15 years"
202400487;487;2024;"Manager";"Sweden";"Transformation & Change Management";"2024-12-15";"3-5 years"
202400488;488;2024;"Manager";"Sweden";"Sales & Business Development";"2024-12-15";"1-2 years"
202400489;489;2024;"Non-manager";"France";"Finance & Operations";"2024-12-15";"Less than 1 year"
202400490;490;2024;"Non-manager";"Sweden";"Sales & Business Development";"2024-12-15";"3-5 years"
202400491;491;2024;"Non-manager";"Sweden";"Cybersecurity & Digital Risk";"2024-12-15";"1-2 years"
202400493;493;2024;"Non-manager";"Denmark";"Data & Analytics Consulting";"2024-12-15";"1-2 years"
202400494;494;2024;"Manager";"Germany";"Customer Experience & Design";"2024-12-15";"1-2 years"
202400495;495;2024;"Non-manager";"Sweden";"Sales & Business Development";"2024-12-15";"3-5 years"
202400496;496;2024;"Manager";"Spain";"Data & Analytics Consulting";"2024-12-15";"1-2 years"
202400497;497;2024;"Non-manager";"Sweden";"Transformation & Change Management";"2024-12-15";"3-5 years"
202400498;498;2024;"Non-manager";"Sweden";"Customer Experience & Design";"2024-12-15";"3-5 years"
202400499;499;2024;"Non-manager";"France";"Technology & IT Strategy";"2024-12-15";"3-5 years"
202400500;500;2024;"Manager";"France";"Data & Analytics Consulting";"2024-12-15";"6-9 years"
202400501;501;2024;"Manager";"France";"Data & Analytics Consulting";"2024-12-15";"10-15 years"
202400502;502;2024;"Non-manager";"Sweden";"Finance & Operations";"2024-12-15";"3-5 years"
202400503;503;2024;"Manager";"France";"Data & Analytics Consulting";"2024-12-15";"1-2 years"
202400504;504;2024;"Manager";"Sweden";"Cybersecurity & Digital Risk";"2024-12-15";"3-5 years"
202400505;505;2024;"Manager";"France";"Transformation & Change Management";"2024-12-15";"15+ years"
202400506;506;2024;"Manager";"France";"Human Resources";"2024-12-15";"3-5 years"
202400507;507;2024;"Manager";"Denmark";"Digital Strategy Consulting";"2024-12-15";"3-5 years"
202400508;508;2024;"Manager";"Spain";"Customer Experience & Design";"2024-12-15";"1-2 years"
202400509;509;2024;"Manager";"Sweden";"Data & Analytics Consulting";"2024-12-15";"10-15 years"
202400510;510;2024;"Manager";"Germany";"Finance & Operations";"2024-12-15";"1-2 years"
202400511;511;2024;"Non-manager";"Denmark";"Technology & IT Strategy";"2024-12-15";"10-15 years"
202400512;512;2024;"Non-manager";"France";"Human Resources";"2024-12-15";"3-5 years"
202400513;513;2024;"Non-manager";"Germany";"Technology & IT Strategy";"2024-12-15";"3-5 years"
202400514;514;2024;"Non-manager";"Germany";"Finance & Operations";"2024-12-15";"3-5 years"
202400515;515;2024;"Non-manager";"Spain";"Digital Strategy Consulting";"2024-12-15";"6-9 years"
202400516;516;2024;"Manager";"Sweden";"Cybersecurity & Digital Risk";"2024-12-15";"3-5 years"
202400518;518;2024;"Manager";"Sweden";"Human Resources";"2024-12-15";"10-15 years"
202400519;519;2024;"Manager";"Sweden";"Digital Strategy Consulting";"2024-12-15";"3-5 years"
202400520;520;2024;"Non-manager";"Germany";"Customer Experience & Design";"2024-12-15";"1-2 years"
202400521;521;2024;"Non-manager";"Germany";"Transformation & Change Management";"2024-12-15";"1-2 years"
202400522;522;2024;"Non-manager";"Sweden";"Digital Marketing & Growth";"2024-12-15";"3-5 years"
202400523;523;2024;"Manager";"Germany";"Transformation & Change Management";"2024-12-15";"1-2 years"
202400524;524;2024;"Manager";"Germany";"Digital Strategy Consulting";"2024-12-15";"3-5 years"
202400525;525;2024;"Non-manager";"Sweden";"Cybersecurity & Digital Risk";"2024-12-15";"6-9 years"
202400526;526;2024;"Non-manager";"Germany";"Digital Marketing & Growth";"2024-12-15";"6-9 years"
202400527;527;2024;"Manager";"Denmark";"Digital Marketing & Growth";"2024-12-15";"6-9 years"
202400528;528;2024;"Non-manager";"France";"Cybersecurity & Digital Risk";"2024-12-15";"6-9 years"
202400529;529;2024;"Manager";"Sweden";"Technology & IT Strategy";"2024-12-15";"1-2 years"
202400531;531;2024;"Non-manager";"Sweden";"Digital Marketing & Growth";"2024-12-15";"6-9 years"
202400533;533;2024;"Non-manager";"France";"Digital Marketing & Growth";"2024-12-15";"1-2 years"
202400534;534;2024;"Non-manager";"Denmark";"Cybersecurity & Digital Risk";"2024-12-15";"6-9 years"
202400535;535;2024;"Non-manager";"France";"Technology & IT Strategy";"2024-12-15";"1-2 years"
202400536;536;2024;"Non-manager";"Sweden";"Finance & Operations";"2024-12-15";"3-5 years"
202400537;537;2024;"Manager";"Germany";"Finance & Operations";"2024-12-15";"3-5 years"
202400538;538;2024;"Non-manager";"Sweden";"Technology & IT Strategy";"2024-12-15";"10-15 years"
202400540;540;2024;"Non-manager";"Germany";"Sales & Business Development";"2024-12-15";"6-9 years"
202400541;541;2024;"Manager";"Germany";"Data & Analytics Consulting";"2024-12-15";"10-15 years"
202400542;542;2024;"Non-manager";"France";"Technology & IT Strategy";"2024-12-15";"1-2 years"
202400543;543;2024;"Non-manager";"Spain";"Technology & IT Strategy";"2024-12-15";"10-15 years"
202400544;544;2024;"Manager";"Sweden";"Sales & Business Development";"2024-12-15";"10-15 years"
202400545;545;2024;"Manager";"France";"Sales & Business Development";"2024-12-15";"6-9 years"
202400546;546;2024;"Non-manager";"Sweden";"Digital Strategy Consulting";"2024-12-15";"1-2 years"
202400547;547;2024;"Manager";"Germany";"Digital Strategy Consulting";"2024-12-15";"3-5 years"
202400548;548;2024;"Manager";"Denmark";"Digital Marketing & Growth";"2024-12-15";"3-5 years"
202400549;549;2024;"Non-manager";"Sweden";"Sales & Business Development";"2024-12-15";"3-5 years"
202400550;550;2024;"Non-manager";"Sweden";"Technology & IT Strategy";"2024-12-15";"3-5 years"
202400551;551;2024;"Non-manager";"Sweden";"Data & Analytics Consulting";"2024-12-15";"3-5 years"
202400552;552;2024;"Non-manager";"Spain";"Transformation & Change Management";"2024-12-15";"1-2 years"
202400553;553;2024;"Manager";"Sweden";"Sales & Business Development";"2024-12-15";"3-5 years"
202400554;554;2024;"Non-manager";"Sweden";"Digital Strategy Consulting";"2024-12-15";"10-15 years"
202400555;555;2024;"Manager";"France";"Finance & Operations";"2024-12-15";"3-5 years"
202400556;556;2024;"Manager";"Denmark";"Customer Experience & Design";"2024-12-15";"1-2 years"
202400557;557;2024;"Non-manager";"Spain";"Transformation & Change Management";"2024-12-15";"3-5 years"
202400558;558;2024;"Manager";"Sweden";"Data & Analytics Consulting";"2024-12-15";"3-5 years"
202400559;559;2024;"Non-manager";"Sweden";"Finance & Operations";"2024-12-15";"10-15 years"
202400560;560;2024;"Non-manager";"Denmark";"Finance & Operations";"2024-12-15";"1-2 years"
202400561;561;2024;"Manager";"France";"Finance & Operations";"2024-12-15";"6-9 years"
202400562;562;2024;"Non-manager";"Sweden";"Sales & Business Development";"2024-12-15";"3-5 years"
202400563;563;2024;"Non-manager";"France";"Transformation & Change Management";"2024-12-15";"1-2 years"
202400564;564;2024;"Non-manager";"Germany";"Customer Experience & Design";"2024-12-15";"1-2 years"
202400565;565;2024;"Non-manager";"Spain";"Digital Strategy Consulting";"2024-12-15";"3-5 years"
202400566;566;2024;"Non-manager";"Sweden";"Customer Experience & Design";"2024-12-15";"3-5 years"
202400567;567;2024;"Manager";"Denmark";"Technology & IT Strategy";"2024-12-15";"3-5 years"
202400568;568;2024;"Non-manager";"France";"Digital Marketing & Growth";"2024-12-15";"10-15 years"
202400569;569;2024;"Manager";"Sweden";"Transformation & Change Management";"2024-12-15";"3-5 years"
202400570;570;2024;"Non-manager";"Spain";"Data & Analytics Consulting";"2024-12-15";"10-15 years"
202400571;571;2024;"Manager";"Sweden";"Data & Analytics Consulting";"2024-12-15";"3-5 years"
202400572;572;2024;"Manager";"France";"Cybersecurity & Digital Risk";"2024-12-15";"1-2 years"
202400573;573;2024;"Non-manager";"Denmark";"Customer Experience & Design";"2024-12-15";"1-2 years"
202400574;574;2024;"Manager";"France";"Technology & IT Strategy";"2024-12-15";"3-5 years"
202400575;575;2024;"Manager";"Sweden";"Digital Strategy Consulting";"2024-12-15";"6-9 years"
202400576;576;2024;"Non-manager";"Sweden";"Digital Strategy Consulting";"2024-12-15";"1-2 years"
202400577;577;2024;"Non-manager";"Denmark";"Cybersecurity & Digital Risk";"2024-12-15";"1-2 years"
202400578;578;2024;"Non-manager";"Germany";"Finance & Operations";"2024-12-15";"3-5 years"
202400579;579;2024;"Manager";"Denmark";"Finance & Operations";"2024-12-15";"3-5 years"
202400580;580;2024;"Manager";"Denmark";"Finance & Operations";"2024-12-15";"3-5 years"
202400581;581;2024;"Manager";"Sweden";"Human Resources";"2024-12-15";"6-9 years"
202400582;582;2024;"Manager";"France";"Digital Strategy Consulting";"2024-12-15";"6-9 years"
202400583;583;2024;"Manager";"Sweden";"Digital Strategy Consulting";"2024-12-15";"6-9 years"
202400584;584;2024;"Non-manager";"Sweden";"Data & Analytics Consulting";"2024-12-15";"6-9 years"
202400585;585;2024;"Non-manager";"Sweden";"Transformation & Change Management";"2024-12-15";"15+ years"
202400586;586;2024;"Manager";"Denmark";"Customer Experience & Design";"2024-12-15";"3-5 years"
202400587;587;2024;"Non-manager";"Spain";"Transformation & Change Management";"2024-12-15";"3-5 years"
202400588;588;2024;"Non-manager";"Spain";"Technology & IT Strategy";"2024-12-15";"6-9 years"
202400589;589;2024;"Manager";"Sweden";"Finance & Operations";"2024-12-15";"3-5 years"
202400590;590;2024;"Manager";"Sweden";"Finance & Operations";"2024-12-15";"15+ years"
202400591;591;2024;"Non-manager";"Spain";"Data & Analytics Consulting";"2024-12-15";"3-5 years"
202400592;592;2024;"Non-manager";"Germany";"Technology & IT Strategy";"2024-12-15";"1-2 years"
202400593;593;2024;"Non-manager";"Denmark";"Finance & Operations";"2024-12-15";"6-9 years"
202400594;594;2024;"Non-manager";"France";"Customer Experience & Design";"2024-12-15";"1-2 years"
202400595;595;2024;"Manager";"Denmark";"Digital Marketing & Growth";"2024-12-15";"3-5 years"
202400596;596;2024;"Manager";"Germany";"Data & Analytics Consulting";"2024-12-15";"6-9 years"
202400597;597;2024;"Manager";"France";"Transformation & Change Management";"2024-12-15";"15+ years"
202400598;598;2024;"Manager";"Sweden";"Finance & Operations";"2024-12-15";"3-5 years"
202400599;599;2024;"Non-manager";"Sweden";"Digital Strategy Consulting";"2024-12-15";"3-5 years"
202400600;600;2024;"Non-manager";"Sweden";"Technology & IT Strategy";"2024-12-15";"1-2 years"
202400601;601;2024;"Non-manager";"Sweden";"Cybersecurity & Digital Risk";"2024-12-15";"3-5 years"
202400602;602;2024;"Non-manager";"Sweden";"Technology & IT Strategy";"2024-12-15";"6-9 years"
202400603;603;2024;"Manager";"Denmark";"Digital Strategy Consulting";"2024-12-15";"1-2 years"
202400605;605;2024;"Manager";"Sweden";"Data & Analytics Consulting";"2024-12-15";"1-2 years"
202400606;606;2024;"Non-manager";"Sweden";"Digital Strategy Consulting";"2024-12-15";"3-5 years"
202400607;607;2024;"Manager";"Sweden";"Finance & Operations";"2024-12-15";"3-5 years"
202400608;608;2024;"Manager";"Sweden";"Customer Experience & Design";"2024-12-15";"6-9 years"
202400609;609;2024;"Manager";"Germany";"Digital Strategy Consulting";"2024-12-15";"1-2 years"
202400610;610;2024;"Non-manager";"Sweden";"Digital Strategy Consulting";"2024-12-15";"15+ years"
202400611;611;2024;"Non-manager";"Sweden";"Cybersecurity & Digital Risk";"2024-12-15";"3-5 years"
202400612;612;2024;"Non-manager";"Sweden";"Digital Marketing & Growth";"2024-12-15";"3-5 years"
202400613;613;2024;"Non-manager";"Germany";"Data & Analytics Consulting";"2024-12-15";"3-5 years"
202400614;614;2024;"Non-manager";"Germany";"Digital Strategy Consulting";"2024-12-15";"1-2 years"
202400615;615;2024;"Manager";"Sweden";"Digital Strategy Consulting";"2024-12-15";"1-2 years"
202400616;616;2024;"Non-manager";"France";"Transformation & Change Management";"2024-12-15";"6-9 years"
202400617;617;2024;"Non-manager";"Denmark";"Digital Strategy Consulting";"2024-12-15";"10-15 years"
202400618;618;2024;"Manager";"Sweden";"Customer Experience & Design";"2024-12-15";"3-5 years"
202400619;619;2024;"Manager";"France";"Digital Marketing & Growth";"2024-12-15";"1-2 years"
202400620;620;2024;"Manager";"Sweden";"Data & Analytics Consulting";"2024-12-15";"6-9 years"
202400621;621;2024;"Manager";"Germany";"Data & Analytics Consulting";"2024-12-15";"3-5 years"
202400622;622;2024;"Manager";"Spain";"Data & Analytics Consulting";"2024-12-15";"6-9 years"
202400623;623;2024;"Non-manager";"Spain";"Technology & IT Strategy";"2024-12-15";"3-5 years"
202400624;624;2024;"Non-manager";"Spain";"Digital Strategy Consulting";"2024-12-15";"3-5 years"
202400625;625;2024;"Manager";"Sweden";"Digital Strategy Consulting";"2024-12-15";"1-2 years"
202400626;626;2024;"Manager";"France";"Data & Analytics Consulting";"2024-12-15";"6-9 years"
202400627;627;2024;"Manager";"Sweden";"Finance & Operations";"2024-12-15";"6-9 years"
202400628;628;2024;"Non-manager";"Sweden";"Digital Strategy Consulting";"2024-12-15";"1-2 years"
202400629;629;2024;"Non-manager";"Spain";"Transformation & Change Management";"2024-12-15";"6-9 years"
202400630;630;2024;"Non-manager";"Sweden";"Finance & Operations";"2024-12-15";"3-5 years"
202400631;631;2024;"Manager";"Germany";"Technology & IT Strategy";"2024-12-15";"6-9 years"
202400632;632;2024;"Non-manager";"Sweden";"Customer Experience & Design";"2024-12-15";"3-5 years"
202400633;633;2024;"Manager";"Germany";"Data & Analytics Consulting";"2024-12-15";"10-15 years"
202400634;634;2024;"Manager";"France";"Data & Analytics Consulting";"2024-12-15";"3-5 years"
202400635;635;2024;"Non-manager";"Sweden";"Finance & Operations";"2024-12-15";"1-2 years"
202400636;636;2024;"Manager";"Sweden";"Digital Marketing & Growth";"2024-12-15";"15+ years"
202400637;637;2024;"Manager";"Sweden";"Digital Marketing & Growth";"2024-12-15";"15+ years"
202400638;638;2024;"Non-manager";"Sweden";"Human Resources";"2024-12-15";"3-5 years"
202400639;639;2024;"Non-manager";"Germany";"Data & Analytics Consulting";"2024-12-15";"3-5 years"
202400640;640;2024;"Non-manager";"France";"Cybersecurity & Digital Risk";"2024-12-15";"3-5 years"
202400641;641;2024;"Manager";"Sweden";"Finance & Operations";"2024-12-15";"6-9 years"
202400642;642;2024;"Manager";"Sweden";"Digital Strategy Consulting";"2024-12-15";"3-5 years"
202400643;643;2024;"Non-manager";"Sweden";"Customer Experience & Design";"2024-12-15";"1-2 years"
202400644;644;2024;"Non-manager";"Sweden";"Transformation & Change Management";"2024-12-15";"3-5 years"
202400645;645;2024;"Non-manager";"Sweden";"Digital Marketing & Growth";"2024-12-15";"15+ years"
202400646;646;2024;"Manager";"Denmark";"Data & Analytics Consulting";"2024-12-15";"6-9 years"
202400647;647;2024;"Non-manager";"Sweden";"Digital Marketing & Growth";"2024-12-15";"1-2 years"
202400648;648;2024;"Manager";"Denmark";"Finance & Operations";"2024-12-15";"3-5 years"
202400649;649;2024;"Non-manager";"France";"Data & Analytics Consulting";"2024-12-15";"3-5 years"
202400650;650;2024;"Manager";"Denmark";"Sales & Business Development";"2024-12-15";"3-5 years"
202400651;651;2024;"Manager";"Sweden";"Digital Strategy Consulting";"2024-12-15";"6-9 years"
202400652;652;2024;"Non-manager";"Spain";"Data & Analytics Consulting";"2024-12-15";"3-5 years"
202400653;653;2024;"Manager";"Denmark";"Customer Experience & Design";"2024-12-15";"1-2 years"
202400654;654;2024;"Manager";"Denmark";"Sales & Business Development";"2024-12-15";"1-2 years"
202400655;655;2024;"Non-manager";"Germany";"Digital Strategy Consulting";"2024-12-15";"1-2 years"
202400656;656;2024;"Manager";"Germany";"Finance & Operations";"2024-12-15";"10-15 years"
202400657;657;2024;"Manager";"Sweden";"Digital Strategy Consulting";"2024-12-15";"Less than 1 year"
202400658;658;2024;"Manager";"Denmark";"Digital Strategy Consulting";"2024-12-15";"6-9 years"
202400659;659;2024;"Manager";"Sweden";"Cybersecurity & Digital Risk";"2024-12-15";"3-5 years"
202400660;660;2024;"Non-manager";"France";"Technology & IT Strategy";"2024-12-15";"3-5 years"
202400661;661;2024;"Non-manager";"France";"Digital Marketing & Growth";"2024-12-15";"3-5 years"
202400662;662;2024;"Manager";"France";"Digital Strategy Consulting";"2024-12-15";"3-5 years"
202400663;663;2024;"Non-manager";"Germany";"Digital Marketing & Growth";"2024-12-15";"6-9 years"
202400664;664;2024;"Non-manager";"Sweden";"Transformation & Change Management";"2024-12-15";"3-5 years"
202400665;665;2024;"Manager";"Denmark";"Transformation & Change Management";"2024-12-15";"6-9 years"
202400666;666;2024;"Non-manager";"Denmark";"Sales & Business Development";"2024-12-15";"10-15 years"
202400667;667;2024;"Manager";"Spain";"Digital Strategy Consulting";"2024-12-15";"15+ years"
202400669;669;2024;"Manager";"Spain";"Cybersecurity & Digital Risk";"2024-12-15";"1-2 years"
202400670;670;2024;"Non-manager";"France";"Digital Strategy Consulting";"2024-12-15";"3-5 years"
202400671;671;2024;"Non-manager";"Sweden";"Technology & IT Strategy";"2024-12-15";"1-2 years"
202400672;672;2024;"Non-manager";"Sweden";"Transformation & Change Management";"2024-12-15";"3-5 years"
202400673;673;2024;"Manager";"France";"Digital Strategy Consulting";"2024-12-15";"3-5 years"
202400674;674;2024;"Manager";"France";"Transformation & Change Management";"2024-12-15";"6-9 years"
202400675;675;2024;"Manager";"Germany";"Data & Analytics Consulting";"2024-12-15";"6-9 years"
202400676;676;2024;"Non-manager";"Sweden";"Data & Analytics Consulting";"2024-12-15";"3-5 years"
202400677;677;2024;"Non-manager";"France";"Digital Strategy Consulting";"2024-12-15";"3-5 years"
202400678;678;2024;"Manager";"France";"Transformation & Change Management";"2024-12-15";"6-9 years"
202400679;679;2024;"Non-manager";"Sweden";"Digital Strategy Consulting";"2024-12-15";"6-9 years"
202400680;680;2024;"Manager";"France";"Digital Strategy Consulting";"2024-12-15";"3-5 years"
202400681;681;2024;"Non-manager";"Sweden";"Finance & Operations";"2024-12-15";"3-5 years"
202400682;682;2024;"Manager";"Spain";"Customer Experience & Design";"2024-12-15";"6-9 years"
202400683;683;2024;"Manager";"Sweden";"Digital Strategy Consulting";"2024-12-15";"3-5 years"
202400684;684;2024;"Non-manager";"Denmark";"Digital Strategy Consulting";"2024-12-15";"1-2 years"
202400685;685;2024;"Manager";"Spain";"Data & Analytics Consulting";"2024-12-15";"Less than 1 year"
202400687;687;2024;"Non-manager";"Sweden";"Customer Experience & Design";"2024-12-15";"3-5 years"
202400688;688;2024;"Manager";"France";"Customer Experience & Design";"2024-12-15";"1-2 years"
202400689;689;2024;"Non-manager";"France";"Data & Analytics Consulting";"2024-12-15";"6-9 years"
202400690;690;2024;"Manager";"Spain";"Transformation & Change Management";"2024-12-15";"3-5 years"
202400691;691;2024;"Non-manager";"Spain";"Sales & Business Development";"2024-12-15";"6-9 years"
202400692;692;2024;"Manager";"Germany";"Sales & Business Development";"2024-12-15";"3-5 years"
202400693;693;2024;"Non-manager";"Germany";"Technology & IT Strategy";"2024-12-15";"3-5 years"
202400694;694;2024;"Manager";"France";"Transformation & Change Management";"2024-12-15";"3-5 years"
202400695;695;2024;"Non-manager";"Denmark";"Digital Marketing & Growth";"2024-12-15";"3-5 years"
202400696;696;2024;"Non-manager";"Sweden";"Customer Experience & Design";"2024-12-15";"1-2 years"
202400697;697;2024;"Manager";"France";"Digital Marketing & Growth";"2024-12-15";"15+ years"
202400698;698;2024;"Non-manager";"Sweden";"Customer Experience & Design";"2024-12-15";"3-5 years"
202400699;699;2024;"Manager";"Sweden";"Transformation & Change Management";"2024-12-15";"6-9 years"
202400700;700;2024;"Manager";"Sweden";"Finance & Operations";"2024-12-15";"1-2 years"
202400701;701;2024;"Non-manager";"Sweden";"Technology & IT Strategy";"2024-12-15";"10-15 years"
202400702;702;2024;"Manager";"Sweden";"Cybersecurity & Digital Risk";"2024-12-15";"10-15 years"
202400703;703;2024;"Manager";"Sweden";"Human Resources";"2024-12-15";"10-15 years"
202400704;704;2024;"Non-manager";"Sweden";"Customer Experience & Design";"2024-12-15";"1-2 years"
202400705;705;2024;"Manager";"Sweden";"Transformation & Change Management";"2024-12-15";"6-9 years"
202400706;706;2024;"Non-manager";"France";"Digital Strategy Consulting";"2024-12-15";"1-2 years"
202400707;707;2024;"Manager";"Germany";"Digital Strategy Consulting";"2024-12-15";"10-15 years"
202400708;708;2024;"Manager";"Denmark";"Technology & IT Strategy";"2024-12-15";"6-9 years"
202400709;709;2024;"Manager";"France";"Finance & Operations";"2024-12-15";"10-15 years"
202400710;710;2024;"Non-manager";"Sweden";"Finance & Operations";"2024-12-15";"1-2 years"
202400711;711;2024;"Manager";"Sweden";"Transformation & Change Management";"2024-12-15";"6-9 years"
202400712;712;2024;"Manager";"Sweden";"Finance & Operations";"2024-12-15";"3-5 years"
202400713;713;2024;"Non-manager";"Sweden";"Transformation & Change Management";"2024-12-15";"3-5 years"
202400714;714;2024;"Non-manager";"Germany";"Data & Analytics Consulting";"2024-12-15";"3-5 years"
202400715;715;2024;"Non-manager";"Denmark";"Digital Marketing & Growth";"2024-12-15";"1-2 years"
202400716;716;2024;"Non-manager";"Denmark";"Technology & IT Strategy";"2024-12-15";"1-2 years"
202400718;718;2024;"Manager";"Sweden";"Technology & IT Strategy";"2024-12-15";"3-5 years"
202400719;719;2024;"Non-manager";"France";"Technology & IT Strategy";"2024-12-15";"1-2 years"
202400720;720;2024;"Non-manager";"Germany";"Sales & Business Development";"2024-12-15";"3-5 years"
202400721;721;2024;"Manager";"Sweden";"Data & Analytics Consulting";"2024-12-15";"1-2 years"
202400722;722;2024;"Manager";"Sweden";"Cybersecurity & Digital Risk";"2024-12-15";"15+ years"
202400723;723;2024;"Manager";"Denmark";"Transformation & Change Management";"2024-12-15";"3-5 years"
202400724;724;2024;"Manager";"Germany";"Data & Analytics Consulting";"2024-12-15";"10-15 years"
202400725;725;2024;"Manager";"Germany";"Cybersecurity & Digital Risk";"2024-12-15";"1-2 years"
202400726;726;2024;"Non-manager";"Spain";"Digital Marketing & Growth";"2024-12-15";"6-9 years"
202400728;728;2024;"Non-manager";"Germany";"Transformation & Change Management";"2024-12-15";"1-2 years"
202400730;730;2024;"Manager";"Sweden";"Data & Analytics Consulting";"2024-12-15";"3-5 years"
202400731;731;2024;"Manager";"Sweden";"Digital Marketing & Growth";"2024-12-15";"3-5 years"
202400732;732;2024;"Non-manager";"Sweden";"Customer Experience & Design";"2024-12-15";"3-5 years"
202400733;733;2024;"Manager";"Denmark";"Technology & IT Strategy";"2024-12-15";"3-5 years"
202400734;734;2024;"Non-manager";"Sweden";"Sales & Business Development";"2024-12-15";"10-15 years"
202400735;735;2024;"Non-manager";"Germany";"Transformation & Change Management";"2024-12-15";"3-5 years"
202400736;736;2024;"Manager";"Denmark";"Cybersecurity & Digital Risk";"2024-12-15";"10-15 years"
202400737;737;2024;"Manager";"Sweden";"Transformation & Change Management";"2024-12-15";"3-5 years"
202400738;738;2024;"Manager";"Sweden";"Digital Marketing & Growth";"2024-12-15";"6-9 years"
202400739;739;2024;"Non-manager";"Denmark";"Data & Analytics Consulting";"2024-12-15";"1-2 years"
202400740;740;2024;"Non-manager";"Denmark";"Human Resources";"2024-12-15";"1-2 years"
202400741;741;2024;"Non-manager";"Germany";"Transformation & Change Management";"2024-12-15";"15+ years"
202400742;742;2024;"Non-manager";"Germany";"Transformation & Change Management";"2024-12-15";"3-5 years"
202400743;743;2024;"Non-manager";"France";"Data & Analytics Consulting";"2024-12-15";"3-5 years"
202400744;744;2024;"Non-manager";"Spain";"Finance & Operations";"2024-12-15";"1-2 years"
202400745;745;2024;"Manager";"Sweden";"Technology & IT Strategy";"2024-12-15";"1-2 years"
202400746;746;2024;"Manager";"Spain";"Digital Marketing & Growth";"2024-12-15";"6-9 years"
202400747;747;2024;"Manager";"Sweden";"Data & Analytics Consulting";"2024-12-15";"10-15 years"
202400748;748;2024;"Non-manager";"Spain";"Data & Analytics Consulting";"2024-12-15";"3-5 years"
202400749;749;2024;"Non-manager";"Spain";"Technology & IT Strategy";"2024-12-15";"3-5 years"
202400750;750;2024;"Manager";"Denmark";"Cybersecurity & Digital Risk";"2024-12-15";"6-9 years"
202400751;751;2024;"Non-manager";"Sweden";"Human Resources";"2024-12-15";"3-5 years"
202400752;752;2024;"Manager";"Sweden";"Customer Experience & Design";"2024-12-15";"1-2 years"
202400753;753;2024;"Manager";"Spain";"Finance & Operations";"2024-12-15";"6-9 years"
202400754;754;2024;"Manager";"Denmark";"Data & Analytics Consulting";"2024-12-15";"3-5 years"
202400755;755;2024;"Non-manager";"Sweden";"Transformation & Change Management";"2024-12-15";"10-15 years"
202400756;756;2024;"Non-manager";"Denmark";"Digital Marketing & Growth";"2024-12-15";"6-9 years"
202400757;757;2024;"Manager";"Sweden";"Transformation & Change Management";"2024-12-15";"3-5 years"
202400758;758;2024;"Manager";"Sweden";"Digital Strategy Consulting";"2024-12-15";"3-5 years"
202400759;759;2024;"Manager";"Sweden";"Digital Strategy Consulting";"2024-12-15";"10-15 years"
202400760;760;2024;"Non-manager";"Spain";"Sales & Business Development";"2024-12-15";"3-5 years"
202400761;761;2024;"Non-manager";"France";"Transformation & Change Management";"2024-12-15";"1-2 years"
202400762;762;2024;"Non-manager";"Sweden";"Cybersecurity & Digital Risk";"2024-12-15";"3-5 years"
202400763;763;2024;"Manager";"Sweden";"Digital Strategy Consulting";"2024-12-15";"1-2 years"
202400764;764;2024;"Manager";"Spain";"Human Resources";"2024-12-15";"10-15 years"
202400765;765;2024;"Non-manager";"France";"Sales & Business Development";"2024-12-15";"3-5 years"
202400766;766;2024;"Non-manager";"France";"Data & Analytics Consulting";"2024-12-15";"3-5 years"
202400767;767;2024;"Manager";"Sweden";"Transformation & Change Management";"2024-12-15";"3-5 years"
202400768;768;2024;"Non-manager";"Germany";"Digital Strategy Consulting";"2024-12-15";"1-2 years"
202400769;769;2024;"Non-manager";"Denmark";"Transformation & Change Management";"2024-12-15";"1-2 years"
202400770;770;2024;"Manager";"Sweden";"Customer Experience & Design";"2024-12-15";"6-9 years"
202400771;771;2024;"Non-manager";"Spain";"Transformation & Change Management";"2024-12-15";"6-9 years"
202400772;772;2024;"Non-manager";"Spain";"Digital Strategy Consulting";"2024-12-15";"10-15 years"
202400773;773;2024;"Non-manager";"Denmark";"Data & Analytics Consulting";"2024-12-15";"1-2 years"
202400774;774;2024;"Manager";"Denmark";"Digital Marketing & Growth";"2024-12-15";"3-5 years"
202400775;775;2024;"Manager";"Sweden";"Digital Marketing & Growth";"2024-12-15";"6-9 years"
202400776;776;2024;"Non-manager";"Sweden";"Data & Analytics Consulting";"2024-12-15";"1-2 years"
202400777;777;2024;"Non-manager";"Denmark";"Data & Analytics Consulting";"2024-12-15";"6-9 years"
202400778;778;2024;"Manager";"Sweden";"Digital Strategy Consulting";"2024-12-15";"10-15 years"
202400779;779;2024;"Non-manager";"Spain";"Technology & IT Strategy";"2024-12-15";"1-2 years"
202400780;780;2024;"Non-manager";"Spain";"Sales & Business Development";"2024-12-15";"3-5 years"
202400781;781;2024;"Non-manager";"Germany";"Customer Experience & Design";"2024-12-15";"6-9 years"
202400782;782;2024;"Manager";"Sweden";"Technology & IT Strategy";"2024-12-15";"3-5 years"
202400783;783;2024;"Manager";"Denmark";"Technology & IT Strategy";"2024-12-15";"3-5 years"
202400784;784;2024;"Manager";"Sweden";"Digital Strategy Consulting";"2024-12-15";"1-2 years"
202400785;785;2024;"Manager";"Germany";"Transformation & Change Management";"2024-12-15";"3-5 years"
202400786;786;2024;"Manager";"Denmark";"Technology & IT Strategy";"2024-12-15";"10-15 years"
202400787;787;2024;"Non-manager";"Germany";"Sales & Business Development";"2024-12-15";"3-5 years"
202400788;788;2024;"Manager";"Germany";"Data & Analytics Consulting";"2024-12-15";"6-9 years"
202400789;789;2024;"Non-manager";"Sweden";"Cybersecurity & Digital Risk";"2024-12-15";"10-15 years"
202400790;790;2024;"Manager";"Germany";"Digital Strategy Consulting";"2024-12-15";"6-9 years"
202400791;791;2024;"Non-manager";"France";"Customer Experience & Design";"2024-12-15";"3-5 years"
202400792;792;2024;"Non-manager";"Sweden";"Customer Experience & Design";"2024-12-15";"1-2 years"
202400793;793;2024;"Non-manager";"Spain";"Data & Analytics Consulting";"2024-12-15";"3-5 years"
202400794;794;2024;"Non-manager";"Germany";"Data & Analytics Consulting";"2024-12-15";"1-2 years"
202400795;795;2024;"Manager";"Sweden";"Digital Strategy Consulting";"2024-12-15";"6-9 years"
202400796;796;2024;"Manager";"Sweden";"Sales & Business Development";"2024-12-15";"3-5 years"
202400798;798;2024;"Non-manager";"Germany";"Data & Analytics Consulting";"2024-12-15";"1-2 years"
202400799;799;2024;"Manager";"Sweden";"Technology & IT Strategy";"2024-12-15";"3-5 years"
202400800;800;2024;"Non-manager";"Denmark";"Digital Strategy Consulting";"2024-12-15";"3-5 years"
202400801;801;2024;"Non-manager";"Sweden";"Digital Strategy Consulting";"2024-12-15";"3-5 years"
202400802;802;2024;"Non-manager";"Germany";"Digital Marketing & Growth";"2024-12-15";"3-5 years"
202400803;803;2024;"Non-manager";"Germany";"Digital Marketing & Growth";"2024-12-15";"1-2 years"
202400804;804;2024;"Manager";"Denmark";"Customer Experience & Design";"2024-12-15";"3-5 years"
202400805;805;2024;"Manager";"Germany";"Technology & IT Strategy";"2024-12-15";"10-15 years"
202400806;806;2024;"Non-manager";"Spain";"Digital Marketing & Growth";"2024-12-15";"1-2 years"
202400807;807;2024;"Non-manager";"Spain";"Technology & IT Strategy";"2024-12-15";"6-9 years"
202400808;808;2024;"Non-manager";"Sweden";"Finance & Operations";"2024-12-15";"3-5 years"
202400809;809;2024;"Non-manager";"Spain";"Cybersecurity & Digital Risk";"2024-12-15";"1-2 years"
202400810;810;2024;"Manager";"Denmark";"Customer Experience & Design";"2024-12-15";"10-15 years"
202400811;811;2024;"Manager";"France";"Cybersecurity & Digital Risk";"2024-12-15";"10-15 years"
202400812;812;2024;"Non-manager";"Sweden";"Transformation & Change Management";"2024-12-15";"3-5 years"
202400813;813;2024;"Manager";"Sweden";"Digital Marketing & Growth";"2024-12-15";"10-15 years"
202400814;814;2024;"Non-manager";"Sweden";"Digital Strategy Consulting";"2024-12-15";"3-5 years"
202400815;815;2024;"Manager";"Sweden";"Customer Experience & Design";"2024-12-15";"3-5 years"
202400816;816;2024;"Non-manager";"Denmark";"Human Resources";"2024-12-15";"1-2 years"
202400817;817;2024;"Non-manager";"Spain";"Digital Marketing & Growth";"2024-12-15";"6-9 years"
202400818;818;2024;"Manager";"France";"Data & Analytics Consulting";"2024-12-15";"6-9 years"
202400819;819;2024;"Manager";"Sweden";"Data & Analytics Consulting";"2024-12-15";"1-2 years"
202400820;820;2024;"Non-manager";"Sweden";"Human Resources";"2024-12-15";"3-5 years"
202400821;821;2024;"Non-manager";"Spain";"Transformation & Change Management";"2024-12-15";"1-2 years"
202400822;822;2024;"Manager";"Spain";"Transformation & Change Management";"2024-12-15";"10-15 years"
202400823;823;2024;"Non-manager";"Sweden";"Data & Analytics Consulting";"2024-12-15";"1-2 years"
202400824;824;2024;"Manager";"Sweden";"Human Resources";"2024-12-15";"6-9 years"
202400825;825;2024;"Manager";"Sweden";"Transformation & Change Management";"2024-12-15";"3-5 years"
202400826;826;2024;"Manager";"France";"Technology & IT Strategy";"2024-12-15";"10-15 years"
202400827;827;2024;"Manager";"Denmark";"Sales & Business Development";"2024-12-15";"3-5 years"
202400828;828;2024;"Non-manager";"Germany";"Digital Marketing & Growth";"2024-12-15";"10-15 years"
202400830;830;2024;"Non-manager";"Germany";"Digital Strategy Consulting";"2024-12-15";"3-5 years"
202400831;831;2024;"Non-manager";"Sweden";"Finance & Operations";"2024-12-15";"1-2 years"
202400832;832;2024;"Manager";"Sweden";"Finance & Operations";"2024-12-15";"3-5 years"
202400833;833;2024;"Manager";"France";"Customer Experience & Design";"2024-12-15";"6-9 years"
202400834;834;2024;"Manager";"Sweden";"Cybersecurity & Digital Risk";"2024-12-15";"6-9 years"
202400835;835;2024;"Manager";"Sweden";"Technology & IT Strategy";"2024-12-15";"3-5 years"
202400836;836;2024;"Non-manager";"France";"Human Resources";"2024-12-15";"1-2 years"
202400837;837;2024;"Manager";"Denmark";"Data & Analytics Consulting";"2024-12-15";"1-2 years"
202400838;838;2024;"Manager";"Denmark";"Transformation & Change Management";"2024-12-15";"1-2 years"
202400839;839;2024;"Non-manager";"Spain";"Sales & Business Development";"2024-12-15";"1-2 years"
202400840;840;2024;"Non-manager";"Sweden";"Sales & Business Development";"2024-12-15";"3-5 years"
202400841;841;2024;"Manager";"Spain";"Digital Strategy Consulting";"2024-12-15";"3-5 years"
202400842;842;2024;"Non-manager";"Sweden";"Digital Marketing & Growth";"2024-12-15";"1-2 years"
202400843;843;2024;"Non-manager";"Spain";"Transformation & Change Management";"2024-12-15";"1-2 years"
202400844;844;2024;"Manager";"Sweden";"Transformation & Change Management";"2024-12-15";"6-9 years"
202400845;845;2024;"Manager";"Sweden";"Finance & Operations";"2024-12-15";"6-9 years"
202400846;846;2024;"Non-manager";"Sweden";"Digital Marketing & Growth";"2024-12-15";"1-2 years"
202400847;847;2024;"Manager";"Spain";"Finance & Operations";"2024-12-15";"3-5 years"
202400848;848;2024;"Manager";"Sweden";"Technology & IT Strategy";"2024-12-15";"15+ years"
202400849;849;2024;"Manager";"Spain";"Technology & IT Strategy";"2024-12-15";"6-9 years"
202400850;850;2024;"Manager";"Germany";"Sales & Business Development";"2024-12-15";"3-5 years"
202400851;851;2024;"Manager";"Denmark";"Data & Analytics Consulting";"2024-12-15";"1-2 years"
202400852;852;2024;"Non-manager";"Denmark";"Customer Experience & Design";"2024-12-15";"3-5 years"
202400853;853;2024;"Non-manager";"Sweden";"Data & Analytics Consulting";"2024-12-15";"3-5 years"
202400854;854;2024;"Manager";"Sweden";"Digital Strategy Consulting";"2024-12-15";"10-15 years"
202400855;855;2024;"Manager";"Sweden";"Digital Strategy Consulting";"2024-12-15";"3-5 years"
202400856;856;2024;"Non-manager";"Spain";"Transformation & Change Management";"2024-12-15";"Less than 1 year"
202400857;857;2024;"Manager";"Sweden";"Data & Analytics Consulting";"2024-12-15";"6-9 years"
202400858;858;2024;"Non-manager";"Sweden";"Transformation & Change Management";"2024-12-15";"6-9 years"
202400859;859;2024;"Non-manager";"Sweden";"Technology & IT Strategy";"2024-12-15";"3-5 years"
202400860;860;2024;"Manager";"Denmark";"Digital Strategy Consulting";"2024-12-15";"1-2 years"
202400861;861;2024;"Manager";"Sweden";"Data & Analytics Consulting";"2024-12-15";"10-15 years"
202400862;862;2024;"Non-manager";"Germany";"Technology & IT Strategy";"2024-12-15";"1-2 years"
202400863;863;2024;"Non-manager";"Sweden";"Customer Experience & Design";"2024-12-15";"10-15 years"
202400864;864;2024;"Non-manager";"Germany";"Customer Experience & Design";"2024-12-15";"1-2 years"
202400865;865;2024;"Non-manager";"Sweden";"Cybersecurity & Digital Risk";"2024-12-15";"1-2 years"
202400867;867;2024;"Manager";"Sweden";"Customer Experience & Design";"2024-12-15";"3-5 years"
202400868;868;2024;"Non-manager";"Sweden";"Cybersecurity & Digital Risk";"2024-12-15";"3-5 years"
202400869;869;2024;"Non-manager";"Germany";"Digital Strategy Consulting";"2024-12-15";"1-2 years"
202400870;870;2024;"Manager";"Spain";"Human Resources";"2024-12-15";"3-5 years"
202400871;871;2024;"Manager";"Denmark";"Data & Analytics Consulting";"2024-12-15";"6-9 years"
202400872;872;2024;"Non-manager";"Denmark";"Technology & IT Strategy";"2024-12-15";"1-2 years"
202400873;873;2024;"Manager";"Denmark";"Data & Analytics Consulting";"2024-12-15";"3-5 years"
202400874;874;2024;"Non-manager";"Sweden";"Cybersecurity & Digital Risk";"2024-12-15";"3-5 years"
202400875;875;2024;"Non-manager";"Sweden";"Technology & IT Strategy";"2024-12-15";"1-2 years"
202400876;876;2024;"Manager";"Spain";"Digital Strategy Consulting";"2024-12-15";"6-9 years"
202400877;877;2024;"Non-manager";"France";"Digital Strategy Consulting";"2024-12-15";"1-2 years"
202400878;878;2024;"Non-manager";"France";"Data & Analytics Consulting";"2024-12-15";"3-5 years"
202400879;879;2024;"Non-manager";"Denmark";"Cybersecurity & Digital Risk";"2024-12-15";"3-5 years"
202400880;880;2024;"Manager";"Germany";"Data & Analytics Consulting";"2024-12-15";"10-15 years"
202400881;881;2024;"Manager";"Sweden";"Transformation & Change Management";"2024-12-15";"10-15 years"
202400882;882;2024;"Non-manager";"Sweden";"Digital Marketing & Growth";"2024-12-15";"6-9 years"
202400883;883;2024;"Manager";"France";"Data & Analytics Consulting";"2024-12-15";"6-9 years"
202400884;884;2024;"Manager";"Denmark";"Human Resources";"2024-12-15";"10-15 years"
202400885;885;2024;"Manager";"Denmark";"Digital Marketing & Growth";"2024-12-15";"6-9 years"
202400886;886;2024;"Manager";"Sweden";"Finance & Operations";"2024-12-15";"3-5 years"
202400887;887;2024;"Non-manager";"Sweden";"Finance & Operations";"2024-12-15";"3-5 years"
202400888;888;2024;"Manager";"Sweden";"Transformation & Change Management";"2024-12-15";"3-5 years"
202400889;889;2024;"Non-manager";"Denmark";"Digital Strategy Consulting";"2024-12-15";"10-15 years"
202400890;890;2024;"Manager";"Sweden";"Transformation & Change Management";"2024-12-15";"3-5 years"
202400891;891;2024;"Non-manager";"Sweden";"Finance & Operations";"2024-12-15";"6-9 years"
202400892;892;2024;"Non-manager";"Denmark";"Technology & IT Strategy";"2024-12-15";"3-5 years"
202400894;894;2024;"Manager";"Sweden";"Transformation & Change Management";"2024-12-15";"3-5 years"
202400895;895;2024;"Manager";"Spain";"Human Resources";"2024-12-15";"3-5 years"
202400896;896;2024;"Non-manager";"Sweden";"Digital Marketing & Growth";"2024-12-15";"1-2 years"
202400897;897;2024;"Non-manager";"Spain";"Human Resources";"2024-12-15";"3-5 years"
202400898;898;2024;"Non-manager";"Sweden";"Technology & IT Strategy";"2024-12-15";"6-9 years"
202400899;899;2024;"Manager";"Spain";"Cybersecurity & Digital Risk";"2024-12-15";"1-2 years"
202400900;900;2024;"Manager";"Germany";"Data & Analytics Consulting";"2024-12-15";"10-15 years"
202400901;901;2024;"Non-manager";"Sweden";"Data & Analytics Consulting";"2024-12-15";"3-5 years"
202400902;902;2024;"Manager";"Sweden";"Transformation & Change Management";"2024-12-15";"3-5 years"
202400903;903;2024;"Manager";"Germany";"Data & Analytics Consulting";"2024-12-15";"1-2 years"
202400904;904;2024;"Non-manager";"France";"Digital Strategy Consulting";"2024-12-15";"1-2 years"
202400905;905;2024;"Manager";"Sweden";"Digital Marketing & Growth";"2024-12-15";"3-5 years"
202400906;906;2024;"Non-manager";"France";"Cybersecurity & Digital Risk";"2024-12-15";"1-2 years"
202400907;907;2024;"Non-manager";"Sweden";"Sales & Business Development";"2024-12-15";"1-2 years"
202400908;908;2024;"Non-manager";"Sweden";"Technology & IT Strategy";"2024-12-15";"3-5 years"
202400909;909;2024;"Manager";"Denmark";"Digital Strategy Consulting";"2024-12-15";"3-5 years"
202400910;910;2024;"Manager";"Sweden";"Technology & IT Strategy";"2024-12-15";"10-15 years"
202400911;911;2024;"Non-manager";"Sweden";"Human Resources";"2024-12-15";"1-2 years"
202400912;912;2024;"Non-manager";"Denmark";"Digital Strategy Consulting";"2024-12-15";"3-5 years"
202400913;913;2024;"Manager";"Sweden";"Cybersecurity & Digital Risk";"2024-12-15";"6-9 years"
202400914;914;2024;"Manager";"Spain";"Sales & Business Development";"2024-12-15";"3-5 years"
202400915;915;2024;"Manager";"Germany";"Finance & Operations";"2024-12-15";"1-2 years"
202400916;916;2024;"Non-manager";"Denmark";"Digital Strategy Consulting";"2024-12-15";"6-9 years"
202400917;917;2024;"Manager";"Sweden";"Technology & IT Strategy";"2024-12-15";"10-15 years"
202400918;918;2024;"Non-manager";"Spain";"Customer Experience & Design";"2024-12-15";"10-15 years"
202400919;919;2024;"Non-manager";"France";"Data & Analytics Consulting";"2024-12-15";"10-15 years"
202400920;920;2024;"Manager";"Sweden";"Digital Marketing & Growth";"2024-12-15";"10-15 years"
202400921;921;2024;"Non-manager";"Spain";"Sales & Business Development";"2024-12-15";"1-2 years"
202400922;922;2024;"Manager";"Spain";"Customer Experience & Design";"2024-12-15";"1-2 years"
202400923;923;2024;"Manager";"Germany";"Technology & IT Strategy";"2024-12-15";"1-2 years"
202400924;924;2024;"Manager";"Denmark";"Digital Strategy Consulting";"2024-12-15";"1-2 years"
202400925;925;2024;"Non-manager";"Denmark";"Data & Analytics Consulting";"2024-12-15";"3-5 years"
202400926;926;2024;"Non-manager";"Sweden";"Digital Strategy Consulting";"2024-12-15";"3-5 years"
202400927;927;2024;"Manager";"France";"Transformation & Change Management";"2024-12-15";"3-5 years"
202400928;928;2024;"Manager";"France";"Digital Marketing & Growth";"2024-12-15";"6-9 years"
202400929;929;2024;"Non-manager";"Germany";"Cybersecurity & Digital Risk";"2024-12-15";"1-2 years"
202400930;930;2024;"Manager";"Spain";"Digital Strategy Consulting";"2024-12-15";"3-5 years"
202400931;931;2024;"Manager";"Spain";"Data & Analytics Consulting";"2024-12-15";"3-5 years"
202400932;932;2024;"Manager";"France";"Digital Strategy Consulting";"2024-12-15";"3-5 years"
202400934;934;2024;"Non-manager";"Sweden";"Digital Strategy Consulting";"2024-12-15";"1-2 years"
202400935;935;2024;"Non-manager";"Germany";"Digital Strategy Consulting";"2024-12-15";"3-5 years"
202400936;936;2024;"Manager";"Sweden";"Human Resources";"2024-12-15";"6-9 years"
202400937;937;2024;"Manager";"France";"Data & Analytics Consulting";"2024-12-15";"10-15 years"
202400938;938;2024;"Non-manager";"Germany";"Data & Analytics Consulting";"2024-12-15";"1-2 years"
202400939;939;2024;"Non-manager";"Spain";"Technology & IT Strategy";"2024-12-15";"3-5 years"
202400940;940;2024;"Non-manager";"Germany";"Human Resources";"2024-12-15";"10-15 years"
202400941;941;2024;"Manager";"Sweden";"Digital Strategy Consulting";"2024-12-15";"10-15 years"
202400942;942;2024;"Non-manager";"Denmark";"Finance & Operations";"2024-12-15";"6-9 years"
202400943;943;2024;"Non-manager";"Sweden";"Digital Strategy Consulting";"2024-12-15";"10-15 years"
202400944;944;2024;"Manager";"Denmark";"Customer Experience & Design";"2024-12-15";"10-15 years"
202400945;945;2024;"Non-manager";"Sweden";"Customer Experience & Design";"2024-12-15";"1-2 years"
202400947;947;2024;"Non-manager";"Sweden";"Digital Strategy Consulting";"2024-12-15";"1-2 years"
202400948;948;2024;"Non-manager";"Germany";"Digital Strategy Consulting";"2024-12-15";"3-5 years"
202400949;949;2024;"Manager";"Spain";"Sales & Business Development";"2024-12-15";"10-15 years"
202400950;950;2024;"Non-manager";"Germany";"Sales & Business Development";"2024-12-15";"6-9 years"
202400951;951;2024;"Non-manager";"Sweden";"Human Resources";"2024-12-15";"3-5 years"
202400952;952;2024;"Manager";"Sweden";"Data & Analytics Consulting";"2024-12-15";"3-5 years"
202400953;953;2024;"Non-manager";"Spain";"Cybersecurity & Digital Risk";"2024-12-15";"3-5 years"
202400954;954;2024;"Manager";"Sweden";"Human Resources";"2024-12-15";"3-5 years"
202400955;955;2024;"Non-manager";"Spain";"Digital Strategy Consulting";"2024-12-15";"6-9 years"
202400956;956;2024;"Manager";"Spain";"Data & Analytics Consulting";"2024-12-15";"6-9 years"
202400957;957;2024;"Manager";"Sweden";"Data & Analytics Consulting";"2024-12-15";"6-9 years"
202400958;958;2024;"Non-manager";"Denmark";"Finance & Operations";"2024-12-15";"3-5 years"
202400959;959;2024;"Non-manager";"Denmark";"Digital Marketing & Growth";"2024-12-15";"3-5 years"
202400960;960;2024;"Non-manager";"Sweden";"Data & Analytics Consulting";"2024-12-15";"3-5 years"
202400961;961;2024;"Manager";"Spain";"Cybersecurity & Digital Risk";"2024-12-15";"1-2 years"
202400962;962;2024;"Non-manager";"Germany";"Transformation & Change Management";"2024-12-15";"3-5 years"
202400963;963;2024;"Manager";"Sweden";"Digital Marketing & Growth";"2024-12-15";"1-2 years"
202400964;964;2024;"Manager";"Germany";"Digital Marketing & Growth";"2024-12-15";"1-2 years"
202400965;965;2024;"Manager";"Sweden";"Transformation & Change Management";"2024-12-15";"1-2 years"
202400966;966;2024;"Non-manager";"Sweden";"Human Resources";"2024-12-15";"10-15 years"
202400967;967;2024;"Non-manager";"Sweden";"Technology & IT Strategy";"2024-12-15";"1-2 years"
202400968;968;2024;"Non-manager";"Germany";"Transformation & Change Management";"2024-12-15";"1-2 years"
202400969;969;2024;"Manager";"Sweden";"Digital Marketing & Growth";"2024-12-15";"3-5 years"
202400970;970;2024;"Manager";"Denmark";"Transformation & Change Management";"2024-12-15";"15+ years"
202400971;971;2024;"Non-manager";"Germany";"Data & Analytics Consulting";"2024-12-15";"1-2 years"
202400972;972;2024;"Manager";"Sweden";"Digital Strategy Consulting";"2024-12-15";"3-5 years"
202400973;973;2024;"Manager";"Spain";"Digital Marketing & Growth";"2024-12-15";"3-5 years"
202400974;974;2024;"Non-manager";"Sweden";"Data & Analytics Consulting";"2024-12-15";"1-2 years"
202400975;975;2024;"Non-manager";"Sweden";"Data & Analytics Consulting";"2024-12-15";"3-5 years"
202400976;976;2024;"Manager";"Sweden";"Data & Analytics Consulting";"2024-12-15";"6-9 years"
202400977;977;2024;"Manager";"Spain";"Transformation & Change Management";"2024-12-15";"15+ years"
202400978;978;2024;"Manager";"Spain";"Data & Analytics Consulting";"2024-12-15";"15+ years"
202400979;979;2024;"Non-manager";"Sweden";"Human Resources";"2024-12-15";"1-2 years"
202400980;980;2024;"Non-manager";"Sweden";"Digital Strategy Consulting";"2024-12-15";"3-5 years"
202400981;981;2024;"Manager";"Denmark";"Digital Strategy Consulting";"2024-12-15";"15+ years"
202400982;982;2024;"Manager";"Denmark";"Digital Strategy Consulting";"2024-12-15";"6-9 years"
202400983;983;2024;"Manager";"Denmark";"Transformation & Change Management";"2024-12-15";"6-9 years"
202400984;984;2024;"Manager";"Sweden";"Technology & IT Strategy";"2024-12-15";"10-15 years"
202400985;985;2024;"Manager";"Denmark";"Data & Analytics Consulting";"2024-12-15";"1-2 years"
202400986;986;2024;"Non-manager";"Sweden";"Technology & IT Strategy";"2024-12-15";"6-9 years"
202400987;987;2024;"Manager";"Germany";"Digital Strategy Consulting";"2024-12-15";"6-9 years"
202400988;988;2024;"Non-manager";"Spain";"Digital Marketing & Growth";"2024-12-15";"3-5 years"
202400990;990;2024;"Non-manager";"Denmark";"Cybersecurity & Digital Risk";"2024-12-15";"3-5 years"
202400991;991;2024;"Manager";"Sweden";"Finance & Operations";"2024-12-15";"6-9 years"
202400992;992;2024;"Non-manager";"Spain";"Data & Analytics Consulting";"2024-12-15";"3-5 years"
202400993;993;2024;"Non-manager";"Sweden";"Digital Strategy Consulting";"2024-12-15";"1-2 years"
202400994;994;2024;"Manager";"Spain";"Transformation & Change Management";"2024-12-15";"10-15 years"
202400995;995;2024;"Non-manager";"Sweden";"Transformation & Change Management";"2024-12-15";"3-5 years"
202400996;996;2024;"Non-manager";"Sweden";"Digital Strategy Consulting";"2024-12-15";"3-5 years"
202400997;997;2024;"Manager";"Sweden";"Sales & Business Development";"2024-12-15";"1-2 years"
202400998;998;2024;"Non-manager";"Spain";"Sales & Business Development";"2024-12-15";"3-5 years"
202401000;1000;2024;"Manager";"Sweden";"Sales & Business Development";"2024-12-15";"6-9 years"
202401001;1001;2024;"Manager";"Denmark";"Sales & Business Development";"2024-12-15";"3-5 years"
202401002;1002;2024;"Non-manager";"Denmark";"Customer Experience & Design";"2024-12-15";"3-5 years"
202401003;1003;2024;"Non-manager";"Germany";"Sales & Business Development";"2024-12-15";"3-5 years"
202401004;1004;2024;"Non-manager";"Sweden";"Technology & IT Strategy";"2024-12-15";"10-15 years"
202401005;1005;2024;"Non-manager";"Sweden";"Digital Strategy Consulting";"2024-12-15";"6-9 years"
202401006;1006;2024;"Non-manager";"Germany";"Transformation & Change Management";"2024-12-15";"6-9 years"
202401008;1008;2024;"Non-manager";"Denmark";"Human Resources";"2024-12-15";"6-9 years"
202401009;1009;2024;"Non-manager";"Spain";"Digital Marketing & Growth";"2024-12-15";"6-9 years"
202401010;1010;2024;"Manager";"Spain";"Digital Strategy Consulting";"2024-12-15";"6-9 years"
202401011;1011;2024;"Non-manager";"Denmark";"Cybersecurity & Digital Risk";"2024-12-15";"3-5 years"
202401012;1012;2024;"Manager";"Germany";"Digital Marketing & Growth";"2024-12-15";"1-2 years"
202401014;1014;2024;"Non-manager";"Sweden";"Digital Strategy Consulting";"2024-12-15";"1-2 years"
202401015;1015;2024;"Non-manager";"Sweden";"Customer Experience & Design";"2024-12-15";"1-2 years"
202401016;1016;2024;"Non-manager";"France";"Data & Analytics Consulting";"2024-12-15";"1-2 years"
202401017;1017;2024;"Non-manager";"Sweden";"Digital Marketing & Growth";"2024-12-15";"3-5 years"
202401018;1018;2024;"Manager";"France";"Data & Analytics Consulting";"2024-12-15";"10-15 years"
202401019;1019;2024;"Non-manager";"Sweden";"Digital Strategy Consulting";"2024-12-15";"1-2 years"
202401020;1020;2024;"Non-manager";"Sweden";"Technology & IT Strategy";"2024-12-15";"3-5 years"
202401021;1021;2024;"Manager";"Sweden";"Sales & Business Development";"2024-12-15";"6-9 years"
202401022;1022;2024;"Non-manager";"Sweden";"Digital Strategy Consulting";"2024-12-15";"1-2 years"
202401023;1023;2024;"Manager";"Sweden";"Digital Marketing & Growth";"2024-12-15";"10-15 years"
202401024;1024;2024;"Non-manager";"Sweden";"Digital Strategy Consulting";"2024-12-15";"1-2 years"
202401025;1025;2024;"Manager";"Sweden";"Finance & Operations";"2024-12-15";"1-2 years"
202401026;1026;2024;"Non-manager";"France";"Data & Analytics Consulting";"2024-12-15";"3-5 years"
202401027;1027;2024;"Manager";"Spain";"Digital Strategy Consulting";"2024-12-15";"10-15 years"
202401028;1028;2024;"Non-manager";"Sweden";"Digital Strategy Consulting";"2024-12-15";"3-5 years"
202401029;1029;2024;"Non-manager";"France";"Human Resources";"2024-12-15";"1-2 years"
202401030;1030;2024;"Manager";"Sweden";"Cybersecurity & Digital Risk";"2024-12-15";"3-5 years"
202401031;1031;2024;"Manager";"Sweden";"Data & Analytics Consulting";"2024-12-15";"6-9 years"
202401032;1032;2024;"Non-manager";"France";"Transformation & Change Management";"2024-12-15";"3-5 years"
202401033;1033;2024;"Non-manager";"France";"Data & Analytics Consulting";"2024-12-15";"6-9 years"
202401034;1034;2024;"Non-manager";"Germany";"Transformation & Change Management";"2024-12-15";"1-2 years"
202401036;1036;2024;"Non-manager";"Sweden";"Data & Analytics Consulting";"2024-12-15";"6-9 years"
202401037;1037;2024;"Non-manager";"Denmark";"Cybersecurity & Digital Risk";"2024-12-15";"3-5 years"
202401038;1038;2024;"Non-manager";"Sweden";"Technology & IT Strategy";"2024-12-15";"3-5 years"
202401039;1039;2024;"Manager";"Germany";"Transformation & Change Management";"2024-12-15";"15+ years"
202401040;1040;2024;"Manager";"Sweden";"Finance & Operations";"2024-12-15";"3-5 years"
202401041;1041;2024;"Manager";"Sweden";"Transformation & Change Management";"2024-12-15";"15+ years"
202401042;1042;2024;"Non-manager";"Sweden";"Digital Strategy Consulting";"2024-12-15";"1-2 years"
202401043;1043;2024;"Non-manager";"Denmark";"Finance & Operations";"2024-12-15";"1-2 years"
202401044;1044;2024;"Non-manager";"Spain";"Transformation & Change Management";"2024-12-15";"3-5 years"
202401045;1045;2024;"Manager";"Sweden";"Customer Experience & Design";"2024-12-15";"3-5 years"
202401046;1046;2024;"Manager";"Denmark";"Transformation & Change Management";"2024-12-15";"10-15 years"
202401047;1047;2024;"Non-manager";"Sweden";"Cybersecurity & Digital Risk";"2024-12-15";"6-9 years"
202401048;1048;2024;"Manager";"Sweden";"Customer Experience & Design";"2024-12-15";"1-2 years"
202401049;1049;2024;"Non-manager";"Sweden";"Data & Analytics Consulting";"2024-12-15";"3-5 years"
202401050;1050;2024;"Manager";"France";"Human Resources";"2024-12-15";"1-2 years"
202401051;1051;2024;"Manager";"Sweden";"Sales & Business Development";"2024-12-15";"6-9 years"
202401052;1052;2024;"Manager";"Sweden";"Finance & Operations";"2024-12-15";"1-2 years"
202401053;1053;2024;"Manager";"Sweden";"Technology & IT Strategy";"2024-12-15";"3-5 years"
202401054;1054;2024;"Manager";"Denmark";"Finance & Operations";"2024-12-15";"6-9 years"
202401055;1055;2024;"Non-manager";"Sweden";"Sales & Business Development";"2024-12-15";"1-2 years"
202401056;1056;2024;"Non-manager";"Germany";"Cybersecurity & Digital Risk";"2024-12-15";"15+ years"
202401057;1057;2024;"Manager";"Spain";"Data & Analytics Consulting";"2024-12-15";"10-15 years"
202401058;1058;2024;"Non-manager";"Sweden";"Transformation & Change Management";"2024-12-15";"1-2 years"
202401059;1059;2024;"Manager";"Sweden";"Finance & Operations";"2024-12-15";"3-5 years"
202401060;1060;2024;"Non-manager";"Sweden";"Transformation & Change Management";"2024-12-15";"1-2 years"
202401061;1061;2024;"Manager";"Sweden";"Data & Analytics Consulting";"2024-12-15";"3-5 years"
202401062;1062;2024;"Manager";"Germany";"Digital Strategy Consulting";"2024-12-15";"1-2 years"
202401063;1063;2024;"Non-manager";"Sweden";"Digital Strategy Consulting";"2024-12-15";"6-9 years"
202401064;1064;2024;"Non-manager";"Sweden";"Technology & IT Strategy";"2024-12-15";"6-9 years"
202401065;1065;2024;"Non-manager";"Sweden";"Technology & IT Strategy";"2024-12-15";"15+ years"
202401066;1066;2024;"Non-manager";"Sweden";"Technology & IT Strategy";"2024-12-15";"3-5 years"
202401067;1067;2024;"Non-manager";"Sweden";"Transformation & Change Management";"2024-12-15";"3-5 years"
202401068;1068;2024;"Non-manager";"Sweden";"Cybersecurity & Digital Risk";"2024-12-15";"3-5 years"
202401069;1069;2024;"Manager";"France";"Cybersecurity & Digital Risk";"2024-12-15";"1-2 years"
202401070;1070;2024;"Manager";"Sweden";"Transformation & Change Management";"2024-12-15";"3-5 years"
202401073;1073;2024;"Manager";"Spain";"Customer Experience & Design";"2024-12-15";"3-5 years"
202401074;1074;2024;"Manager";"Germany";"Digital Strategy Consulting";"2024-12-15";"6-9 years"
202401075;1075;2024;"Manager";"Sweden";"Data & Analytics Consulting";"2024-12-15";"6-9 years"
202401076;1076;2024;"Non-manager";"Germany";"Data & Analytics Consulting";"2024-12-15";"6-9 years"
202401077;1077;2024;"Manager";"Spain";"Data & Analytics Consulting";"2024-12-15";"1-2 years"
202401078;1078;2024;"Manager";"Sweden";"Transformation & Change Management";"2024-12-15";"6-9 years"
202401080;1080;2024;"Manager";"Sweden";"Transformation & Change Management";"2024-12-15";"3-5 years"
202401081;1081;2024;"Manager";"Spain";"Technology & IT Strategy";"2024-12-15";"3-5 years"
202401082;1082;2024;"Non-manager";"Sweden";"Customer Experience & Design";"2024-12-15";"3-5 years"
202401083;1083;2024;"Manager";"Sweden";"Data & Analytics Consulting";"2024-12-15";"3-5 years"
202401084;1084;2024;"Manager";"Sweden";"Digital Marketing & Growth";"2024-12-15";"1-2 years"
202401085;1085;2024;"Manager";"Sweden";"Digital Strategy Consulting";"2024-12-15";"10-15 years"
202401086;1086;2024;"Non-manager";"Spain";"Customer Experience & Design";"2024-12-15";"1-2 years"
202401087;1087;2024;"Non-manager";"Sweden";"Customer Experience & Design";"2024-12-15";"3-5 years"
202401088;1088;2024;"Non-manager";"Sweden";"Human Resources";"2024-12-15";"3-5 years"
202401089;1089;2024;"Non-manager";"Germany";"Digital Marketing & Growth";"2024-12-15";"1-2 years"
202401090;1090;2024;"Manager";"Spain";"Technology & IT Strategy";"2024-12-15";"10-15 years"
202401091;1091;2024;"Non-manager";"Sweden";"Cybersecurity & Digital Risk";"2024-12-15";"1-2 years"
202401092;1092;2024;"Manager";"Germany";"Digital Strategy Consulting";"2024-12-15";"3-5 years"
202401093;1093;2024;"Non-manager";"Germany";"Transformation & Change Management";"2024-12-15";"3-5 years"
202401094;1094;2024;"Non-manager";"Sweden";"Data & Analytics Consulting";"2024-12-15";"6-9 years"
202401095;1095;2024;"Non-manager";"Sweden";"Transformation & Change Management";"2024-12-15";"1-2 years"
202401096;1096;2024;"Non-manager";"Denmark";"Sales & Business Development";"2024-12-15";"3-5 years"
202401097;1097;2024;"Manager";"Spain";"Human Resources";"2024-12-15";"3-5 years"
202401098;1098;2024;"Non-manager";"Sweden";"Technology & IT Strategy";"2024-12-15";"1-2 years"
202401099;1099;2024;"Non-manager";"Spain";"Data & Analytics Consulting";"2024-12-15";"6-9 years"
202401100;1100;2024;"Non-manager";"Sweden";"Customer Experience & Design";"2024-12-15";"3-5 years"
202401101;1101;2024;"Manager";"Sweden";"Digital Marketing & Growth";"2024-12-15";"3-5 years"
202401102;1102;2024;"Non-manager";"Germany";"Technology & IT Strategy";"2024-12-15";"10-15 years"
202401103;1103;2024;"Non-manager";"France";"Human Resources";"2024-12-15";"6-9 years"
202401104;1104;2024;"Non-manager";"Sweden";"Technology & IT Strategy";"2024-12-15";"3-5 years"
202401105;1105;2024;"Manager";"Germany";"Finance & Operations";"2024-12-15";"6-9 years"
202401106;1106;2024;"Manager";"France";"Technology & IT Strategy";"2024-12-15";"6-9 years"
202401107;1107;2024;"Non-manager";"Denmark";"Digital Strategy Consulting";"2024-12-15";"3-5 years"
202401108;1108;2024;"Non-manager";"Sweden";"Technology & IT Strategy";"2024-12-15";"3-5 years"
202401109;1109;2024;"Non-manager";"Germany";"Digital Marketing & Growth";"2024-12-15";"1-2 years"
202401110;1110;2024;"Manager";"Denmark";"Digital Strategy Consulting";"2024-12-15";"10-15 years"
202401111;1111;2024;"Manager";"Sweden";"Data & Analytics Consulting";"2024-12-15";"10-15 years"
202401112;1112;2024;"Non-manager";"France";"Sales & Business Development";"2024-12-15";"6-9 years"
202401113;1113;2024;"Non-manager";"Spain";"Human Resources";"2024-12-15";"10-15 years"
202401114;1114;2024;"Non-manager";"Spain";"Finance & Operations";"2024-12-15";"1-2 years"
202401115;1115;2024;"Non-manager";"Germany";"Customer Experience & Design";"2024-12-15";"6-9 years"
202401116;1116;2024;"Manager";"Denmark";"Customer Experience & Design";"2024-12-15";"6-9 years"
202401117;1117;2024;"Manager";"Sweden";"Data & Analytics Consulting";"2024-12-15";"3-5 years"
202401118;1118;2024;"Non-manager";"Germany";"Digital Strategy Consulting";"2024-12-15";"3-5 years"
202401119;1119;2024;"Non-manager";"Germany";"Human Resources";"2024-12-15";"3-5 years"
202401120;1120;2024;"Non-manager";"France";"Data & Analytics Consulting";"2024-12-15";"1-2 years"
202401121;1121;2024;"Non-manager";"Sweden";"Digital Strategy Consulting";"2024-12-15";"3-5 years"
202401122;1122;2024;"Non-manager";"Sweden";"Sales & Business Development";"2024-12-15";"3-5 years"
202401123;1123;2024;"Manager";"Sweden";"Digital Strategy Consulting";"2024-12-15";"6-9 years"
202401124;1124;2024;"Manager";"Sweden";"Transformation & Change Management";"2024-12-15";"6-9 years"
202401125;1125;2024;"Manager";"Sweden";"Data & Analytics Consulting";"2024-12-15";"1-2 years"
202401127;1127;2024;"Non-manager";"France";"Human Resources";"2024-12-15";"3-5 years"
202401128;1128;2024;"Manager";"Sweden";"Digital Strategy Consulting";"2024-12-15";"1-2 years"
202401129;1129;2024;"Non-manager";"Germany";"Cybersecurity & Digital Risk";"2024-12-15";"6-9 years"
202401130;1130;2024;"Non-manager";"Germany";"Data & Analytics Consulting";"2024-12-15";"1-2 years"
202401131;1131;2024;"Manager";"Germany";"Transformation & Change Management";"2024-12-15";"10-15 years"
202401132;1132;2024;"Non-manager";"Sweden";"Customer Experience & Design";"2024-12-15";"6-9 years"
202401133;1133;2024;"Non-manager";"Sweden";"Transformation & Change Management";"2024-12-15";"10-15 years"
202401134;1134;2024;"Non-manager";"Denmark";"Data & Analytics Consulting";"2024-12-15";"15+ years"
202401135;1135;2024;"Manager";"Sweden";"Transformation & Change Management";"2024-12-15";"10-15 years"
202401136;1136;2024;"Non-manager";"Germany";"Digital Marketing & Growth";"2024-12-15";"1-2 years"
202401137;1137;2024;"Non-manager";"France";"Transformation & Change Management";"2024-12-15";"1-2 years"
202401138;1138;2024;"Non-manager";"France";"Human Resources";"2024-12-15";"1-2 years"
202401139;1139;2024;"Manager";"Denmark";"Digital Marketing & Growth";"2024-12-15";"6-9 years"
202401140;1140;2024;"Non-manager";"Sweden";"Digital Strategy Consulting";"2024-12-15";"3-5 years"
202401141;1141;2024;"Non-manager";"Germany";"Sales & Business Development";"2024-12-15";"3-5 years"
202401142;1142;2024;"Non-manager";"Sweden";"Digital Marketing & Growth";"2024-12-15";"6-9 years"
202401143;1143;2024;"Non-manager";"Sweden";"Digital Strategy Consulting";"2024-12-15";"3-5 years"
202401144;1144;2024;"Non-manager";"Sweden";"Finance & Operations";"2024-12-15";"6-9 years"
202401145;1145;2024;"Non-manager";"Sweden";"Digital Marketing & Growth";"2024-12-15";"6-9 years"
202401146;1146;2024;"Non-manager";"Sweden";"Digital Strategy Consulting";"2024-12-15";"3-5 years"
202401147;1147;2024;"Manager";"Germany";"Digital Strategy Consulting";"2024-12-15";"15+ years"
202401148;1148;2024;"Manager";"Sweden";"Sales & Business Development";"2024-12-15";"6-9 years"
202401149;1149;2024;"Manager";"Sweden";"Transformation & Change Management";"2024-12-15";"10-15 years"
202401150;1150;2024;"Non-manager";"Sweden";"Sales & Business Development";"2024-12-15";"1-2 years"
202401151;1151;2024;"Non-manager";"France";"Digital Strategy Consulting";"2024-12-15";"3-5 years"
202401152;1152;2024;"Manager";"Germany";"Sales & Business Development";"2024-12-15";"1-2 years"
202401153;1153;2024;"Non-manager";"Sweden";"Human Resources";"2024-12-15";"3-5 years"
202401154;1154;2024;"Non-manager";"Denmark";"Cybersecurity & Digital Risk";"2024-12-15";"3-5 years"
202401155;1155;2024;"Non-manager";"Denmark";"Sales & Business Development";"2024-12-15";"10-15 years"
202401156;1156;2024;"Non-manager";"Sweden";"Transformation & Change Management";"2024-12-15";"6-9 years"
202401157;1157;2024;"Non-manager";"Germany";"Technology & IT Strategy";"2024-12-15";"1-2 years"
202401158;1158;2024;"Manager";"Denmark";"Finance & Operations";"2024-12-15";"3-5 years"
202401159;1159;2024;"Non-manager";"France";"Customer Experience & Design";"2024-12-15";"3-5 years"
202401161;1161;2024;"Non-manager";"Denmark";"Data & Analytics Consulting";"2024-12-15";"6-9 years"
202401162;1162;2024;"Manager";"Germany";"Sales & Business Development";"2024-12-15";"3-5 years"
202401163;1163;2024;"Non-manager";"Spain";"Finance & Operations";"2024-12-15";"1-2 years"
202401164;1164;2024;"Manager";"Denmark";"Data & Analytics Consulting";"2024-12-15";"6-9 years"
202401165;1165;2024;"Non-manager";"Sweden";"Human Resources";"2024-12-15";"1-2 years"
202401166;1166;2024;"Manager";"Sweden";"Transformation & Change Management";"2024-12-15";"1-2 years"
202401167;1167;2024;"Non-manager";"Denmark";"Digital Marketing & Growth";"2024-12-15";"3-5 years"
202401168;1168;2024;"Manager";"Sweden";"Transformation & Change Management";"2024-12-15";"3-5 years"
202401169;1169;2024;"Manager";"Denmark";"Technology & IT Strategy";"2024-12-15";"3-5 years"
202401170;1170;2024;"Manager";"Sweden";"Digital Strategy Consulting";"2024-12-15";"6-9 years"
202401171;1171;2024;"Non-manager";"France";"Finance & Operations";"2024-12-15";"1-2 years"
202401172;1172;2024;"Non-manager";"Sweden";"Digital Strategy Consulting";"2024-12-15";"6-9 years"
202401173;1173;2024;"Non-manager";"Germany";"Customer Experience & Design";"2024-12-15";"3-5 years"
202401174;1174;2024;"Non-manager";"Germany";"Customer Experience & Design";"2024-12-15";"3-5 years"
202401175;1175;2024;"Non-manager";"Denmark";"Data & Analytics Consulting";"2024-12-15";"3-5 years"
202401176;1176;2024;"Manager";"Denmark";"Digital Strategy Consulting";"2024-12-15";"6-9 years"
202401177;1177;2024;"Manager";"Sweden";"Finance & Operations";"2024-12-15";"3-5 years"
202401178;1178;2024;"Non-manager";"Germany";"Cybersecurity & Digital Risk";"2024-12-15";"3-5 years"
202401179;1179;2024;"Non-manager";"Spain";"Technology & IT Strategy";"2024-12-15";"6-9 years"
202401180;1180;2024;"Manager";"Sweden";"Human Resources";"2024-12-15";"3-5 years"
202401181;1181;2024;"Non-manager";"Spain";"Technology & IT Strategy";"2024-12-15";"10-15 years"
202401182;1182;2024;"Manager";"Spain";"Data & Analytics Consulting";"2024-12-15";"6-9 years"
202401183;1183;2024;"Non-manager";"Denmark";"Data & Analytics Consulting";"2024-12-15";"1-2 years"
202401184;1184;2024;"Manager";"Sweden";"Digital Strategy Consulting";"2024-12-15";"15+ years"
202401185;1185;2024;"Manager";"Spain";"Sales & Business Development";"2024-12-15";"6-9 years"
202401186;1186;2024;"Manager";"Denmark";"Technology & IT Strategy";"2024-12-15";"15+ years"
202401188;1188;2024;"Non-manager";"Spain";"Finance & Operations";"2024-12-15";"10-15 years"
202401189;1189;2024;"Manager";"Sweden";"Technology & IT Strategy";"2024-12-15";"3-5 years"
202401190;1190;2024;"Manager";"France";"Human Resources";"2024-12-15";"6-9 years"
202401191;1191;2024;"Manager";"Sweden";"Customer Experience & Design";"2024-12-15";"10-15 years"
202401192;1192;2024;"Non-manager";"Sweden";"Digital Marketing & Growth";"2024-12-15";"3-5 years"
202401193;1193;2024;"Manager";"Sweden";"Sales & Business Development";"2024-12-15";"10-15 years"
202401194;1194;2024;"Non-manager";"Denmark";"Data & Analytics Consulting";"2024-12-15";"6-9 years"
202401195;1195;2024;"Manager";"Spain";"Human Resources";"2024-12-15";"6-9 years"
202401196;1196;2024;"Non-manager";"France";"Data & Analytics Consulting";"2024-12-15";"3-5 years"
202401197;1197;2024;"Non-manager";"Germany";"Digital Strategy Consulting";"2024-12-15";"10-15 years"
202401198;1198;2024;"Manager";"Spain";"Sales & Business Development";"2024-12-15";"3-5 years"
202401199;1199;2024;"Non-manager";"Germany";"Data & Analytics Consulting";"2024-12-15";"1-2 years"
202401200;1200;2024;"Manager";"France";"Customer Experience & Design";"2024-12-15";"6-9 years"
202401201;1201;2024;"Non-manager";"Germany";"Digital Strategy Consulting";"2024-12-15";"6-9 years"
202401202;1202;2024;"Non-manager";"France";"Sales & Business Development";"2024-12-15";"1-2 years"
202401203;1203;2024;"Non-manager";"Sweden";"Data & Analytics Consulting";"2024-12-15";"10-15 years"
202401204;1204;2024;"Non-manager";"Germany";"Technology & IT Strategy";"2024-12-15";"3-5 years"
202401205;1205;2024;"Manager";"Sweden";"Transformation & Change Management";"2024-12-15";"3-5 years"
202401206;1206;2024;"Manager";"France";"Digital Strategy Consulting";"2024-12-15";"1-2 years"
202401207;1207;2024;"Non-manager";"Sweden";"Technology & IT Strategy";"2024-12-15";"6-9 years"
202401208;1208;2024;"Non-manager";"Spain";"Technology & IT Strategy";"2024-12-15";"3-5 years"
202401209;1209;2024;"Non-manager";"Denmark";"Customer Experience & Design";"2024-12-15";"3-5 years"
202401210;1210;2024;"Non-manager";"Germany";"Data & Analytics Consulting";"2024-12-15";"3-5 years"
202401211;1211;2024;"Manager";"Spain";"Technology & IT Strategy";"2024-12-15";"6-9 years"
202401212;1212;2024;"Manager";"Sweden";"Technology & IT Strategy";"2024-12-15";"3-5 years"
202401213;1213;2024;"Non-manager";"Denmark";"Human Resources";"2024-12-15";"1-2 years"
202401214;1214;2024;"Manager";"Germany";"Sales & Business Development";"2024-12-15";"3-5 years"
202401215;1215;2024;"Manager";"Sweden";"Transformation & Change Management";"2024-12-15";"3-5 years"
202401216;1216;2024;"Manager";"France";"Data & Analytics Consulting";"2024-12-15";"3-5 years"
202401217;1217;2024;"Non-manager";"France";"Transformation & Change Management";"2024-12-15";"3-5 years"
202401218;1218;2024;"Manager";"Spain";"Transformation & Change Management";"2024-12-15";"3-5 years"
202401219;1219;2024;"Non-manager";"Denmark";"Finance & Operations";"2024-12-15";"10-15 years"
202401220;1220;2024;"Manager";"Spain";"Digital Strategy Consulting";"2024-12-15";"3-5 years"
202401223;1223;2024;"Non-manager";"Spain";"Data & Analytics Consulting";"2024-12-15";"6-9 years"
202401224;1224;2024;"Manager";"Spain";"Data & Analytics Consulting";"2024-12-15";"1-2 years"
202401225;1225;2024;"Non-manager";"Denmark";"Transformation & Change Management";"2024-12-15";"1-2 years"
202401226;1226;2024;"Manager";"Germany";"Data & Analytics Consulting";"2024-12-15";"3-5 years"
202401227;1227;2024;"Manager";"Sweden";"Digital Strategy Consulting";"2024-12-15";"1-2 years"
202401228;1228;2024;"Non-manager";"Spain";"Technology & IT Strategy";"2024-12-15";"1-2 years"
202401229;1229;2024;"Manager";"Sweden";"Data & Analytics Consulting";"2024-12-15";"6-9 years"
202401230;1230;2024;"Non-manager";"Sweden";"Transformation & Change Management";"2024-12-15";"3-5 years"
202401231;1231;2024;"Manager";"Denmark";"Technology & IT Strategy";"2024-12-15";"3-5 years"
202401232;1232;2024;"Manager";"Sweden";"Customer Experience & Design";"2024-12-15";"10-15 years"
202401233;1233;2024;"Non-manager";"Spain";"Data & Analytics Consulting";"2024-12-15";"10-15 years"
202401234;1234;2024;"Manager";"Denmark";"Transformation & Change Management";"2024-12-15";"6-9 years"
202401235;1235;2024;"Non-manager";"Sweden";"Transformation & Change Management";"2024-12-15";"1-2 years"
202401236;1236;2024;"Non-manager";"Sweden";"Technology & IT Strategy";"2024-12-15";"3-5 years"
202401237;1237;2024;"Non-manager";"Germany";"Technology & IT Strategy";"2024-12-15";"1-2 years"
202401238;1238;2024;"Non-manager";"Sweden";"Transformation & Change Management";"2024-12-15";"3-5 years"
202401239;1239;2024;"Non-manager";"Sweden";"Technology & IT Strategy";"2024-12-15";"6-9 years"
202401240;1240;2024;"Manager";"Germany";"Digital Marketing & Growth";"2024-12-15";"3-5 years"
202401241;1241;2024;"Manager";"Germany";"Technology & IT Strategy";"2024-12-15";"10-15 years"
202401242;1242;2024;"Non-manager";"Sweden";"Customer Experience & Design";"2024-12-15";"1-2 years"
202401243;1243;2024;"Non-manager";"Denmark";"Technology & IT Strategy";"2024-12-15";"15+ years"
202401244;1244;2024;"Manager";"Spain";"Data & Analytics Consulting";"2024-12-15";"3-5 years"
202401245;1245;2024;"Manager";"Germany";"Digital Marketing & Growth";"2024-12-15";"3-5 years"
202401246;1246;2024;"Manager";"France";"Customer Experience & Design";"2024-12-15";"6-9 years"
202401247;1247;2024;"Manager";"Sweden";"Sales & Business Development";"2024-12-15";"6-9 years"
202401248;1248;2024;"Non-manager";"Denmark";"Digital Marketing & Growth";"2024-12-15";"1-2 years"
202401249;1249;2024;"Manager";"Spain";"Digital Strategy Consulting";"2024-12-15";"10-15 years"
202401250;1250;2024;"Manager";"Germany";"Technology & IT Strategy";"2024-12-15";"1-2 years"
202401251;1251;2024;"Non-manager";"Denmark";"Digital Strategy Consulting";"2024-12-15";"1-2 years"
202401252;1252;2024;"Non-manager";"Germany";"Transformation & Change Management";"2024-12-15";"1-2 years"
202401253;1253;2024;"Non-manager";"Sweden";"Customer Experience & Design";"2024-12-15";"1-2 years"
202401254;1254;2024;"Manager";"Sweden";"Finance & Operations";"2024-12-15";"1-2 years"
202401255;1255;2024;"Non-manager";"Sweden";"Technology & IT Strategy";"2024-12-15";"10-15 years"
202401256;1256;2024;"Manager";"Germany";"Customer Experience & Design";"2024-12-15";"6-9 years"
202401257;1257;2024;"Manager";"Sweden";"Transformation & Change Management";"2024-12-15";"10-15 years"
202401258;1258;2024;"Manager";"Denmark";"Transformation & Change Management";"2024-12-15";"3-5 years"
202401259;1259;2024;"Non-manager";"Sweden";"Technology & IT Strategy";"2024-12-15";"6-9 years"
202401260;1260;2024;"Non-manager";"Denmark";"Digital Strategy Consulting";"2024-12-15";"3-5 years"
202401261;1261;2024;"Manager";"Sweden";"Digital Strategy Consulting";"2024-12-15";"1-2 years"
202401262;1262;2024;"Manager";"Sweden";"Digital Strategy Consulting";"2024-12-15";"3-5 years"
202401263;1263;2024;"Manager";"France";"Transformation & Change Management";"2024-12-15";"6-9 years"
202401264;1264;2024;"Non-manager";"Sweden";"Sales & Business Development";"2024-12-15";"3-5 years"
202401265;1265;2024;"Manager";"Germany";"Technology & IT Strategy";"2024-12-15";"3-5 years"
202401266;1266;2024;"Manager";"Spain";"Data & Analytics Consulting";"2024-12-15";"6-9 years"
202401267;1267;2024;"Non-manager";"Sweden";"Transformation & Change Management";"2024-12-15";"3-5 years"
202401268;1268;2024;"Manager";"Germany";"Customer Experience & Design";"2024-12-15";"1-2 years"
202401269;1269;2024;"Non-manager";"France";"Technology & IT Strategy";"2024-12-15";"3-5 years"
202401270;1270;2024;"Manager";"Germany";"Technology & IT Strategy";"2024-12-15";"6-9 years"
202401271;1271;2024;"Manager";"Denmark";"Digital Strategy Consulting";"2024-12-15";"3-5 years"
202401272;1272;2024;"Non-manager";"Germany";"Digital Marketing & Growth";"2024-12-15";"1-2 years"
202401273;1273;2024;"Manager";"Sweden";"Finance & Operations";"2024-12-15";"6-9 years"
202401274;1274;2024;"Non-manager";"Spain";"Finance & Operations";"2024-12-15";"3-5 years"
202401275;1275;2024;"Manager";"Sweden";"Digital Strategy Consulting";"2024-12-15";"3-5 years"
202401276;1276;2024;"Manager";"Denmark";"Finance & Operations";"2024-12-15";"10-15 years"
202401277;1277;2024;"Non-manager";"Sweden";"Digital Strategy Consulting";"2024-12-15";"3-5 years"
202401278;1278;2024;"Manager";"Sweden";"Human Resources";"2024-12-15";"Less than 1 year"
202401279;1279;2024;"Non-manager";"France";"Human Resources";"2024-12-15";"3-5 years"
202401280;1280;2024;"Manager";"Sweden";"Data & Analytics Consulting";"2024-12-15";"10-15 years"
202401281;1281;2024;"Non-manager";"Sweden";"Sales & Business Development";"2024-12-15";"10-15 years"
202401282;1282;2024;"Non-manager";"Denmark";"Finance & Operations";"2024-12-15";"1-2 years"
202401283;1283;2024;"Manager";"Sweden";"Data & Analytics Consulting";"2024-12-15";"3-5 years"
202401284;1284;2024;"Manager";"Spain";"Sales & Business Development";"2024-12-15";"3-5 years"
202401285;1285;2024;"Non-manager";"Sweden";"Customer Experience & Design";"2024-12-15";"3-5 years"
202401286;1286;2024;"Manager";"Germany";"Data & Analytics Consulting";"2024-12-15";"10-15 years"
202401287;1287;2024;"Manager";"Sweden";"Digital Strategy Consulting";"2024-12-15";"1-2 years"
202401288;1288;2024;"Manager";"France";"Transformation & Change Management";"2024-12-15";"10-15 years"
202401289;1289;2024;"Non-manager";"Germany";"Technology & IT Strategy";"2024-12-15";"3-5 years"
202401290;1290;2024;"Non-manager";"Denmark";"Customer Experience & Design";"2024-12-15";"6-9 years"
202401291;1291;2024;"Manager";"Sweden";"Sales & Business Development";"2024-12-15";"15+ years"
202401292;1292;2024;"Non-manager";"France";"Technology & IT Strategy";"2024-12-15";"3-5 years"
202401293;1293;2024;"Manager";"France";"Cybersecurity & Digital Risk";"2024-12-15";"10-15 years"
202401294;1294;2024;"Non-manager";"Sweden";"Technology & IT Strategy";"2024-12-15";"1-2 years"
202401295;1295;2024;"Non-manager";"Sweden";"Data & Analytics Consulting";"2024-12-15";"6-9 years"
202401296;1296;2024;"Manager";"Spain";"Human Resources";"2024-12-15";"3-5 years"
202401297;1297;2024;"Non-manager";"Spain";"Customer Experience & Design";"2024-12-15";"3-5 years"
202401298;1298;2024;"Manager";"Sweden";"Cybersecurity & Digital Risk";"2024-12-15";"3-5 years"
202401299;1299;2024;"Non-manager";"Spain";"Finance & Operations";"2024-12-15";"1-2 years"
202401300;1300;2024;"Manager";"Sweden";"Data & Analytics Consulting";"2024-12-15";"3-5 years"
202401301;1301;2024;"Non-manager";"Denmark";"Data & Analytics Consulting";"2024-12-15";"10-15 years"
202401302;1302;2024;"Manager";"Denmark";"Digital Strategy Consulting";"2024-12-15";"6-9 years"
202401303;1303;2024;"Manager";"Denmark";"Customer Experience & Design";"2024-12-15";"6-9 years"
202401304;1304;2024;"Non-manager";"France";"Technology & IT Strategy";"2024-12-15";"3-5 years"
202401305;1305;2024;"Non-manager";"Spain";"Data & Analytics Consulting";"2024-12-15";"10-15 years"
202401306;1306;2024;"Non-manager";"Sweden";"Customer Experience & Design";"2024-12-15";"3-5 years"
202401307;1307;2024;"Manager";"Sweden";"Digital Marketing & Growth";"2024-12-15";"6-9 years"
202401308;1308;2024;"Manager";"Sweden";"Transformation & Change Management";"2024-12-15";"10-15 years"
202401309;1309;2024;"Manager";"France";"Sales & Business Development";"2024-12-15";"1-2 years"
202401310;1310;2024;"Manager";"Germany";"Technology & IT Strategy";"2024-12-15";"3-5 years"
202401311;1311;2024;"Non-manager";"France";"Sales & Business Development";"2024-12-15";"3-5 years"
202401312;1312;2024;"Manager";"Sweden";"Digital Strategy Consulting";"2024-12-15";"3-5 years"
202401313;1313;2024;"Non-manager";"Sweden";"Cybersecurity & Digital Risk";"2024-12-15";"1-2 years"
202401314;1314;2024;"Manager";"Germany";"Data & Analytics Consulting";"2024-12-15";"3-5 years"
202401315;1315;2024;"Non-manager";"Germany";"Finance & Operations";"2024-12-15";"1-2 years"
202401316;1316;2024;"Manager";"Sweden";"Data & Analytics Consulting";"2024-12-15";"3-5 years"
202401317;1317;2024;"Non-manager";"Sweden";"Technology & IT Strategy";"2024-12-15";"6-9 years"
202401318;1318;2024;"Manager";"Sweden";"Data & Analytics Consulting";"2024-12-15";"6-9 years"
202401319;1319;2024;"Manager";"Sweden";"Customer Experience & Design";"2024-12-15";"3-5 years"
202401320;1320;2024;"Manager";"Sweden";"Data & Analytics Consulting";"2024-12-15";"1-2 years"
202401321;1321;2024;"Non-manager";"France";"Finance & Operations";"2024-12-15";"1-2 years"
202401322;1322;2024;"Non-manager";"Denmark";"Digital Marketing & Growth";"2024-12-15";"1-2 years"
202401323;1323;2024;"Non-manager";"Denmark";"Digital Marketing & Growth";"2024-12-15";"3-5 years"
202401324;1324;2024;"Manager";"Spain";"Sales & Business Development";"2024-12-15";"10-15 years"
202401325;1325;2024;"Manager";"Sweden";"Digital Strategy Consulting";"2024-12-15";"15+ years"
202401326;1326;2024;"Non-manager";"Sweden";"Technology & IT Strategy";"2024-12-15";"1-2 years"
202401327;1327;2024;"Non-manager";"Germany";"Data & Analytics Consulting";"2024-12-15";"1-2 years"
202401328;1328;2024;"Non-manager";"France";"Transformation & Change Management";"2024-12-15";"1-2 years"
202401329;1329;2024;"Manager";"Denmark";"Customer Experience & Design";"2024-12-15";"10-15 years"
202401330;1330;2024;"Non-manager";"Spain";"Customer Experience & Design";"2024-12-15";"6-9 years"
202401331;1331;2024;"Non-manager";"Denmark";"Digital Strategy Consulting";"2024-12-15";"1-2 years"
202401332;1332;2024;"Non-manager";"Sweden";"Digital Marketing & Growth";"2024-12-15";"3-5 years"
202401333;1333;2024;"Non-manager";"Spain";"Cybersecurity & Digital Risk";"2024-12-15";"3-5 years"
202401334;1334;2024;"Non-manager";"Sweden";"Transformation & Change Management";"2024-12-15";"6-9 years"
202401335;1335;2024;"Manager";"Germany";"Sales & Business Development";"2024-12-15";"3-5 years"
202401336;1336;2024;"Non-manager";"Sweden";"Sales & Business Development";"2024-12-15";"10-15 years"
202401337;1337;2024;"Non-manager";"Germany";"Finance & Operations";"2024-12-15";"3-5 years"
202401338;1338;2024;"Manager";"Sweden";"Cybersecurity & Digital Risk";"2024-12-15";"1-2 years"
202401339;1339;2024;"Non-manager";"France";"Customer Experience & Design";"2024-12-15";"3-5 years"
202401340;1340;2024;"Non-manager";"France";"Digital Marketing & Growth";"2024-12-15";"3-5 years"
202401341;1341;2024;"Manager";"Sweden";"Technology & IT Strategy";"2024-12-15";"3-5 years"
202401342;1342;2024;"Manager";"France";"Sales & Business Development";"2024-12-15";"1-2 years"
202401343;1343;2024;"Manager";"Germany";"Data & Analytics Consulting";"2024-12-15";"3-5 years"
202401344;1344;2024;"Manager";"Sweden";"Technology & IT Strategy";"2024-12-15";"6-9 years"
202401345;1345;2024;"Non-manager";"Spain";"Human Resources";"2024-12-15";"15+ years"
202401346;1346;2024;"Non-manager";"Sweden";"Digital Strategy Consulting";"2024-12-15";"3-5 years"
202401347;1347;2024;"Non-manager";"France";"Digital Strategy Consulting";"2024-12-15";"1-2 years"
202401349;1349;2024;"Non-manager";"Denmark";"Customer Experience & Design";"2024-12-15";"3-5 years"
202401350;1350;2024;"Manager";"Sweden";"Human Resources";"2024-12-15";"3-5 years"
202401351;1351;2024;"Non-manager";"Germany";"Sales & Business Development";"2024-12-15";"3-5 years"
202401352;1352;2024;"Manager";"Spain";"Cybersecurity & Digital Risk";"2024-12-15";"1-2 years"
202401353;1353;2024;"Non-manager";"Denmark";"Digital Strategy Consulting";"2024-12-15";"3-5 years"
202401354;1354;2024;"Manager";"Spain";"Data & Analytics Consulting";"2024-12-15";"1-2 years"
202401355;1355;2024;"Non-manager";"Sweden";"Sales & Business Development";"2024-12-15";"3-5 years"
202401356;1356;2024;"Manager";"France";"Technology & IT Strategy";"2024-12-15";"6-9 years"
202401357;1357;2024;"Non-manager";"France";"Finance & Operations";"2024-12-15";"1-2 years"
202401358;1358;2024;"Manager";"Denmark";"Digital Marketing & Growth";"2024-12-15";"1-2 years"
202401359;1359;2024;"Manager";"Sweden";"Data & Analytics Consulting";"2024-12-15";"10-15 years"
202401360;1360;2024;"Non-manager";"Germany";"Data & Analytics Consulting";"2024-12-15";"3-5 years"
202401361;1361;2024;"Non-manager";"Germany";"Finance & Operations";"2024-12-15";"3-5 years"
202401362;1362;2024;"Manager";"Sweden";"Sales & Business Development";"2024-12-15";"3-5 years"
202401363;1363;2024;"Manager";"France";"Data & Analytics Consulting";"2024-12-15";"3-5 years"
202401364;1364;2024;"Non-manager";"Sweden";"Data & Analytics Consulting";"2024-12-15";"6-9 years"
202401365;1365;2024;"Manager";"Sweden";"Transformation & Change Management";"2024-12-15";"1-2 years"
202401366;1366;2024;"Non-manager";"France";"Human Resources";"2024-12-15";"1-2 years"
202401367;1367;2024;"Manager";"Spain";"Digital Strategy Consulting";"2024-12-15";"6-9 years"
202401368;1368;2024;"Non-manager";"Sweden";"Transformation & Change Management";"2024-12-15";"3-5 years"
202401369;1369;2024;"Non-manager";"Sweden";"Finance & Operations";"2024-12-15";"3-5 years"
202401370;1370;2024;"Manager";"Sweden";"Data & Analytics Consulting";"2024-12-15";"6-9 years"
202401371;1371;2024;"Manager";"Denmark";"Data & Analytics Consulting";"2024-12-15";"3-5 years"
202401373;1373;2024;"Non-manager";"France";"Transformation & Change Management";"2024-12-15";"1-2 years"
202401374;1374;2024;"Non-manager";"Sweden";"Transformation & Change Management";"2024-12-15";"1-2 years"
202401375;1375;2024;"Manager";"Sweden";"Technology & IT Strategy";"2024-12-15";"1-2 years"
202401376;1376;2024;"Non-manager";"Denmark";"Digital Strategy Consulting";"2024-12-15";"6-9 years"
202401377;1377;2024;"Non-manager";"Sweden";"Data & Analytics Consulting";"2024-12-15";"1-2 years"
202401378;1378;2024;"Non-manager";"Sweden";"Digital Strategy Consulting";"2024-12-15";"3-5 years"
202401379;1379;2024;"Manager";"Sweden";"Finance & Operations";"2024-12-15";"3-5 years"
202401380;1380;2024;"Manager";"Sweden";"Human Resources";"2024-12-15";"3-5 years"
202401381;1381;2024;"Non-manager";"Denmark";"Transformation & Change Management";"2024-12-15";"6-9 years"
202401382;1382;2024;"Manager";"Sweden";"Sales & Business Development";"2024-12-15";"1-2 years"
202401383;1383;2024;"Non-manager";"Germany";"Technology & IT Strategy";"2024-12-15";"3-5 years"
202401384;1384;2024;"Manager";"Sweden";"Data & Analytics Consulting";"2024-12-15";"6-9 years"
202401385;1385;2024;"Non-manager";"Germany";"Transformation & Change Management";"2024-12-15";"3-5 years"
202401386;1386;2024;"Manager";"Sweden";"Digital Strategy Consulting";"2024-12-15";"10-15 years"
202401387;1387;2024;"Non-manager";"Sweden";"Technology & IT Strategy";"2024-12-15";"1-2 years"
202401389;1389;2024;"Manager";"Sweden";"Transformation & Change Management";"2024-12-15";"6-9 years"
202401390;1390;2024;"Non-manager";"Sweden";"Sales & Business Development";"2024-12-15";"1-2 years"
202401391;1391;2024;"Non-manager";"Denmark";"Transformation & Change Management";"2024-12-15";"3-5 years"
202401392;1392;2024;"Manager";"Sweden";"Digital Marketing & Growth";"2024-12-15";"6-9 years"
202401393;1393;2024;"Non-manager";"France";"Sales & Business Development";"2024-12-15";"3-5 years"
202401394;1394;2024;"Non-manager";"Germany";"Customer Experience & Design";"2024-12-15";"6-9 years"
202401395;1395;2024;"Non-manager";"Spain";"Data & Analytics Consulting";"2024-12-15";"3-5 years"
202401396;1396;2024;"Manager";"Sweden";"Digital Strategy Consulting";"2024-12-15";"6-9 years"
202401397;1397;2024;"Non-manager";"France";"Cybersecurity & Digital Risk";"2024-12-15";"6-9 years"
202401398;1398;2024;"Manager";"Sweden";"Sales & Business Development";"2024-12-15";"10-15 years"
202401399;1399;2024;"Non-manager";"Spain";"Human Resources";"2024-12-15";"3-5 years"
202401400;1400;2024;"Manager";"Spain";"Transformation & Change Management";"2024-12-15";"1-2 years"
202401401;1401;2024;"Manager";"France";"Data & Analytics Consulting";"2024-12-15";"6-9 years"
202401402;1402;2024;"Manager";"Sweden";"Sales & Business Development";"2024-12-15";"1-2 years"
202401403;1403;2024;"Non-manager";"Sweden";"Data & Analytics Consulting";"2024-12-15";"6-9 years"
202401404;1404;2024;"Manager";"France";"Data & Analytics Consulting";"2024-12-15";"1-2 years"
202401405;1405;2024;"Non-manager";"Sweden";"Digital Strategy Consulting";"2024-12-15";"1-2 years"
202401406;1406;2024;"Manager";"Spain";"Digital Strategy Consulting";"2024-12-15";"15+ years"
202401407;1407;2024;"Non-manager";"Sweden";"Technology & IT Strategy";"2024-12-15";"6-9 years"
202401408;1408;2024;"Non-manager";"Denmark";"Digital Strategy Consulting";"2024-12-15";"3-5 years"
202401409;1409;2024;"Non-manager";"Denmark";"Customer Experience & Design";"2024-12-15";"3-5 years"
202401410;1410;2024;"Manager";"Sweden";"Customer Experience & Design";"2024-12-15";"1-2 years"
202401411;1411;2024;"Manager";"Denmark";"Sales & Business Development";"2024-12-15";"6-9 years"
202401412;1412;2024;"Manager";"Sweden";"Digital Strategy Consulting";"2024-12-15";"3-5 years"
202401413;1413;2024;"Non-manager";"Germany";"Customer Experience & Design";"2024-12-15";"10-15 years"
202401414;1414;2024;"Non-manager";"Germany";"Transformation & Change Management";"2024-12-15";"3-5 years"
202401415;1415;2024;"Non-manager";"Sweden";"Human Resources";"2024-12-15";"3-5 years"
202401416;1416;2024;"Manager";"Denmark";"Human Resources";"2024-12-15";"3-5 years"
202401417;1417;2024;"Manager";"Sweden";"Sales & Business Development";"2024-12-15";"3-5 years"
202401418;1418;2024;"Manager";"France";"Customer Experience & Design";"2024-12-15";"10-15 years"
202401419;1419;2024;"Manager";"Sweden";"Technology & IT Strategy";"2024-12-15";"6-9 years"
202401420;1420;2024;"Non-manager";"Germany";"Customer Experience & Design";"2024-12-15";"1-2 years"
202401421;1421;2024;"Manager";"Sweden";"Technology & IT Strategy";"2024-12-15";"3-5 years"
202401422;1422;2024;"Non-manager";"Sweden";"Human Resources";"2024-12-15";"3-5 years"
202401423;1423;2024;"Non-manager";"Sweden";"Transformation & Change Management";"2024-12-15";"3-5 years"
202401424;1424;2024;"Non-manager";"Sweden";"Digital Marketing & Growth";"2024-12-15";"3-5 years"
202401425;1425;2024;"Manager";"Germany";"Digital Strategy Consulting";"2024-12-15";"6-9 years"
202401426;1426;2024;"Manager";"Sweden";"Data & Analytics Consulting";"2024-12-15";"10-15 years"
202401427;1427;2024;"Non-manager";"Germany";"Digital Strategy Consulting";"2024-12-15";"10-15 years"
202401428;1428;2024;"Manager";"Sweden";"Digital Strategy Consulting";"2024-12-15";"3-5 years"
202401429;1429;2024;"Non-manager";"Sweden";"Data & Analytics Consulting";"2024-12-15";"3-5 years"
202401430;1430;2024;"Non-manager";"Germany";"Sales & Business Development";"2024-12-15";"10-15 years"
202401432;1432;2024;"Non-manager";"France";"Finance & Operations";"2024-12-15";"10-15 years"
202401433;1433;2024;"Manager";"Spain";"Digital Strategy Consulting";"2024-12-15";"1-2 years"
202401434;1434;2024;"Non-manager";"Sweden";"Human Resources";"2024-12-15";"1-2 years"
202401435;1435;2024;"Non-manager";"Germany";"Human Resources";"2024-12-15";"3-5 years"
202401436;1436;2024;"Non-manager";"Denmark";"Customer Experience & Design";"2024-12-15";"1-2 years"
202401437;1437;2024;"Non-manager";"France";"Transformation & Change Management";"2024-12-15";"3-5 years"
202401438;1438;2024;"Non-manager";"Germany";"Digital Marketing & Growth";"2024-12-15";"6-9 years"
202401439;1439;2024;"Non-manager";"France";"Cybersecurity & Digital Risk";"2024-12-15";"3-5 years"
202401440;1440;2024;"Non-manager";"Sweden";"Transformation & Change Management";"2024-12-15";"3-5 years"
202401441;1441;2024;"Non-manager";"France";"Data & Analytics Consulting";"2024-12-15";"1-2 years"
202401442;1442;2024;"Manager";"Sweden";"Transformation & Change Management";"2024-12-15";"3-5 years"
202401443;1443;2024;"Manager";"Spain";"Digital Marketing & Growth";"2024-12-15";"6-9 years"
202401444;1444;2024;"Non-manager";"Sweden";"Data & Analytics Consulting";"2024-12-15";"1-2 years"
202401445;1445;2024;"Non-manager";"Spain";"Data & Analytics Consulting";"2024-12-15";"3-5 years"
202401446;1446;2024;"Non-manager";"France";"Finance & Operations";"2024-12-15";"3-5 years"
202401447;1447;2024;"Non-manager";"France";"Human Resources";"2024-12-15";"3-5 years"
202401448;1448;2024;"Non-manager";"Spain";"Digital Strategy Consulting";"2024-12-15";"3-5 years"
202401449;1449;2024;"Non-manager";"Sweden";"Digital Strategy Consulting";"2024-12-15";"3-5 years"
202401450;1450;2024;"Non-manager";"Denmark";"Finance & Operations";"2024-12-15";"15+ years"
202401451;1451;2024;"Non-manager";"Spain";"Digital Strategy Consulting";"2024-12-15";"1-2 years"
202401452;1452;2024;"Non-manager";"Germany";"Digital Strategy Consulting";"2024-12-15";"1-2 years"
202401453;1453;2024;"Non-manager";"Spain";"Cybersecurity & Digital Risk";"2024-12-15";"1-2 years"
202401454;1454;2024;"Non-manager";"Sweden";"Data & Analytics Consulting";"2024-12-15";"1-2 years"
202401455;1455;2024;"Manager";"Sweden";"Customer Experience & Design";"2024-12-15";"10-15 years"
202401456;1456;2024;"Non-manager";"Sweden";"Cybersecurity & Digital Risk";"2024-12-15";"1-2 years"
202401457;1457;2024;"Manager";"Sweden";"Digital Strategy Consulting";"2024-12-15";"6-9 years"
202401458;1458;2024;"Non-manager";"Denmark";"Human Resources";"2024-12-15";"6-9 years"
202401459;1459;2024;"Non-manager";"Sweden";"Digital Marketing & Growth";"2024-12-15";"6-9 years"
202401460;1460;2024;"Non-manager";"Sweden";"Digital Marketing & Growth";"2024-12-15";"Less than 1 year"
202401461;1461;2024;"Manager";"France";"Data & Analytics Consulting";"2024-12-15";"1-2 years"
202401462;1462;2024;"Non-manager";"Sweden";"Cybersecurity & Digital Risk";"2024-12-15";"10-15 years"
202401463;1463;2024;"Non-manager";"Germany";"Customer Experience & Design";"2024-12-15";"6-9 years"
202401464;1464;2024;"Non-manager";"Sweden";"Human Resources";"2024-12-15";"3-5 years"
202401465;1465;2024;"Manager";"Sweden";"Human Resources";"2024-12-15";"3-5 years"
202401466;1466;2024;"Non-manager";"Sweden";"Data & Analytics Consulting";"2024-12-15";"3-5 years"
202401467;1467;2024;"Manager";"Sweden";"Data & Analytics Consulting";"2024-12-15";"6-9 years"
202401468;1468;2024;"Non-manager";"Sweden";"Transformation & Change Management";"2024-12-15";"6-9 years"
202401469;1469;2024;"Manager";"Sweden";"Sales & Business Development";"2024-12-15";"3-5 years"
202401470;1470;2024;"Non-manager";"Germany";"Data & Analytics Consulting";"2024-12-15";"1-2 years"
202401471;1471;2024;"Manager";"France";"Digital Strategy Consulting";"2024-12-15";"6-9 years"
202401472;1472;2024;"Non-manager";"Germany";"Sales & Business Development";"2024-12-15";"3-5 years"
202401473;1473;2024;"Manager";"Germany";"Customer Experience & Design";"2024-12-15";"3-5 years"
202401474;1474;2024;"Manager";"Spain";"Transformation & Change Management";"2024-12-15";"10-15 years"
202401475;1475;2024;"Manager";"Sweden";"Customer Experience & Design";"2024-12-15";"10-15 years"
202401476;1476;2024;"Non-manager";"France";"Digital Strategy Consulting";"2024-12-15";"1-2 years"
202401477;1477;2024;"Non-manager";"France";"Digital Strategy Consulting";"2024-12-15";"6-9 years"
202401478;1478;2024;"Manager";"Sweden";"Customer Experience & Design";"2024-12-15";"10-15 years"
202401479;1479;2024;"Manager";"France";"Digital Marketing & Growth";"2024-12-15";"10-15 years"
202401480;1480;2024;"Manager";"Denmark";"Technology & IT Strategy";"2024-12-15";"1-2 years"
202401481;1481;2024;"Non-manager";"France";"Digital Strategy Consulting";"2024-12-15";"1-2 years"
202401482;1482;2024;"Manager";"Germany";"Digital Strategy Consulting";"2024-12-15";"1-2 years"
202401483;1483;2024;"Manager";"Germany";"Sales & Business Development";"2024-12-15";"10-15 years"
202401484;1484;2024;"Manager";"Spain";"Technology & IT Strategy";"2024-12-15";"3-5 years"
202401485;1485;2024;"Non-manager";"Germany";"Data & Analytics Consulting";"2024-12-15";"3-5 years"
202401486;1486;2024;"Manager";"Germany";"Digital Marketing & Growth";"2024-12-15";"1-2 years"
202401487;1487;2024;"Manager";"Sweden";"Human Resources";"2024-12-15";"1-2 years"
202401488;1488;2024;"Non-manager";"Germany";"Digital Strategy Consulting";"2024-12-15";"15+ years"
202401489;1489;2024;"Manager";"Sweden";"Finance & Operations";"2024-12-15";"6-9 years"
202401490;1490;2024;"Manager";"Sweden";"Finance & Operations";"2024-12-15";"1-2 years"
202401491;1491;2024;"Non-manager";"Spain";"Transformation & Change Management";"2024-12-15";"3-5 years"
202401492;1492;2024;"Non-manager";"Sweden";"Data & Analytics Consulting";"2024-12-15";"3-5 years"
202401493;1493;2024;"Manager";"Denmark";"Finance & Operations";"2024-12-15";"1-2 years"
202401494;1494;2024;"Non-manager";"Sweden";"Cybersecurity & Digital Risk";"2024-12-15";"3-5 years"
202401495;1495;2024;"Non-manager";"France";"Transformation & Change Management";"2024-12-15";"3-5 years"
202401496;1496;2024;"Manager";"Germany";"Transformation & Change Management";"2024-12-15";"3-5 years"
202401497;1497;2024;"Manager";"Sweden";"Data & Analytics Consulting";"2024-12-15";"3-5 years"
202401498;1498;2024;"Non-manager";"Denmark";"Customer Experience & Design";"2024-12-15";"1-2 years"
202401499;1499;2024;"Non-manager";"France";"Customer Experience & Design";"2024-12-15";"3-5 years"
202401500;1500;2024;"Non-manager";"Sweden";"Finance & Operations";"2024-12-15";"3-5 years"
202401502;1502;2024;"Manager";"Sweden";"Technology & IT Strategy";"2024-12-15";"6-9 years"
202401503;1503;2024;"Manager";"Sweden";"Digital Strategy Consulting";"2024-12-15";"1-2 years"
202401504;1504;2024;"Manager";"Spain";"Digital Marketing & Growth";"2024-12-15";"3-5 years"
202401505;1505;2024;"Non-manager";"Sweden";"Digital Strategy Consulting";"2024-12-15";"3-5 years"
202401506;1506;2024;"Non-manager";"Spain";"Digital Marketing & Growth";"2024-12-15";"3-5 years"
202401507;1507;2024;"Non-manager";"Germany";"Customer Experience & Design";"2024-12-15";"10-15 years"
202401508;1508;2024;"Non-manager";"Germany";"Transformation & Change Management";"2024-12-15";"3-5 years"
202401509;1509;2024;"Non-manager";"Sweden";"Customer Experience & Design";"2024-12-15";"6-9 years"
202401510;1510;2024;"Manager";"Denmark";"Digital Strategy Consulting";"2024-12-15";"15+ years"
202401511;1511;2024;"Non-manager";"Sweden";"Technology & IT Strategy";"2024-12-15";"10-15 years"
202401512;1512;2024;"Non-manager";"Denmark";"Transformation & Change Management";"2024-12-15";"1-2 years"
202401513;1513;2024;"Non-manager";"Sweden";"Cybersecurity & Digital Risk";"2024-12-15";"1-2 years"
202401514;1514;2024;"Manager";"Sweden";"Digital Strategy Consulting";"2024-12-15";"3-5 years"
202401515;1515;2024;"Manager";"Spain";"Digital Marketing & Growth";"2024-12-15";"3-5 years"
202401516;1516;2024;"Manager";"Spain";"Digital Strategy Consulting";"2024-12-15";"6-9 years"
202401517;1517;2024;"Non-manager";"Sweden";"Transformation & Change Management";"2024-12-15";"3-5 years"
202401518;1518;2024;"Manager";"Germany";"Digital Strategy Consulting";"2024-12-15";"1-2 years"
202401519;1519;2024;"Non-manager";"Denmark";"Customer Experience & Design";"2024-12-15";"1-2 years"
202401520;1520;2024;"Non-manager";"Sweden";"Digital Strategy Consulting";"2024-12-15";"10-15 years"
202401521;1521;2024;"Non-manager";"Germany";"Transformation & Change Management";"2024-12-15";"1-2 years"
202401522;1522;2024;"Manager";"Germany";"Customer Experience & Design";"2024-12-15";"1-2 years"
202401523;1523;2024;"Manager";"Sweden";"Customer Experience & Design";"2024-12-15";"10-15 years"
202401524;1524;2024;"Manager";"Sweden";"Technology & IT Strategy";"2024-12-15";"1-2 years"
202401525;1525;2024;"Manager";"Sweden";"Customer Experience & Design";"2024-12-15";"6-9 years"
202401526;1526;2024;"Non-manager";"Sweden";"Digital Strategy Consulting";"2024-12-15";"3-5 years"
202401527;1527;2024;"Manager";"Spain";"Digital Strategy Consulting";"2024-12-15";"6-9 years"
202401529;1529;2024;"Non-manager";"Sweden";"Sales & Business Development";"2024-12-15";"3-5 years"
202401530;1530;2024;"Non-manager";"Germany";"Customer Experience & Design";"2024-12-15";"1-2 years"
202401531;1531;2024;"Manager";"Germany";"Sales & Business Development";"2024-12-15";"15+ years"
202401532;1532;2024;"Manager";"Spain";"Customer Experience & Design";"2024-12-15";"10-15 years"
202401533;1533;2024;"Non-manager";"Sweden";"Digital Strategy Consulting";"2024-12-15";"1-2 years"
202401534;1534;2024;"Manager";"Germany";"Transformation & Change Management";"2024-12-15";"3-5 years"
202401535;1535;2024;"Non-manager";"Denmark";"Data & Analytics Consulting";"2024-12-15";"6-9 years"
202401536;1536;2024;"Non-manager";"Sweden";"Transformation & Change Management";"2024-12-15";"1-2 years"
202401537;1537;2024;"Non-manager";"Denmark";"Transformation & Change Management";"2024-12-15";"3-5 years"
202401538;1538;2024;"Non-manager";"Sweden";"Technology & IT Strategy";"2024-12-15";"15+ years"
202401539;1539;2024;"Non-manager";"Spain";"Sales & Business Development";"2024-12-15";"3-5 years"
202401540;1540;2024;"Manager";"Sweden";"Cybersecurity & Digital Risk";"2024-12-15";"3-5 years"
202401541;1541;2024;"Non-manager";"France";"Customer Experience & Design";"2024-12-15";"3-5 years"
202401542;1542;2024;"Non-manager";"Denmark";"Sales & Business Development";"2024-12-15";"3-5 years"
202401543;1543;2024;"Non-manager";"Germany";"Cybersecurity & Digital Risk";"2024-12-15";"3-5 years"
202401544;1544;2024;"Non-manager";"Sweden";"Human Resources";"2024-12-15";"15+ years"
202401545;1545;2024;"Manager";"Germany";"Data & Analytics Consulting";"2024-12-15";"15+ years"
202401546;1546;2024;"Manager";"Germany";"Technology & IT Strategy";"2024-12-15";"6-9 years"
202401547;1547;2024;"Manager";"Sweden";"Transformation & Change Management";"2024-12-15";"10-15 years"
202401548;1548;2024;"Non-manager";"Germany";"Data & Analytics Consulting";"2024-12-15";"6-9 years"
202401549;1549;2024;"Non-manager";"Spain";"Digital Strategy Consulting";"2024-12-15";"3-5 years"
202401550;1550;2024;"Non-manager";"France";"Data & Analytics Consulting";"2024-12-15";"3-5 years"
202401551;1551;2024;"Manager";"Spain";"Transformation & Change Management";"2024-12-15";"3-5 years"
202401552;1552;2024;"Manager";"Denmark";"Sales & Business Development";"2024-12-15";"3-5 years"
202401553;1553;2024;"Manager";"Sweden";"Finance & Operations";"2024-12-15";"10-15 years"
202401554;1554;2024;"Non-manager";"Sweden";"Transformation & Change Management";"2024-12-15";"1-2 years"
202401555;1555;2024;"Non-manager";"France";"Technology & IT Strategy";"2024-12-15";"1-2 years"
202401556;1556;2024;"Manager";"Denmark";"Sales & Business Development";"2024-12-15";"10-15 years"
202401557;1557;2024;"Non-manager";"Spain";"Technology & IT Strategy";"2024-12-15";"10-15 years"
202401558;1558;2024;"Manager";"Sweden";"Transformation & Change Management";"2024-12-15";"3-5 years"
202401559;1559;2024;"Manager";"Germany";"Transformation & Change Management";"2024-12-15";"3-5 years"
202401560;1560;2024;"Non-manager";"Sweden";"Sales & Business Development";"2024-12-15";"1-2 years"
202401561;1561;2024;"Manager";"Spain";"Finance & Operations";"2024-12-15";"10-15 years"
202401562;1562;2024;"Non-manager";"Sweden";"Digital Strategy Consulting";"2024-12-15";"1-2 years"
202401563;1563;2024;"Non-manager";"Sweden";"Customer Experience & Design";"2024-12-15";"3-5 years"
202401564;1564;2024;"Non-manager";"Germany";"Digital Marketing & Growth";"2024-12-15";"6-9 years"
202401565;1565;2024;"Non-manager";"Sweden";"Digital Strategy Consulting";"2024-12-15";"3-5 years"
202401566;1566;2024;"Manager";"Sweden";"Digital Strategy Consulting";"2024-12-15";"3-5 years"
202401567;1567;2024;"Manager";"Sweden";"Customer Experience & Design";"2024-12-15";"3-5 years"
202401568;1568;2024;"Manager";"Sweden";"Technology & IT Strategy";"2024-12-15";"3-5 years"
202401569;1569;2024;"Manager";"France";"Digital Strategy Consulting";"2024-12-15";"6-9 years"
202401570;1570;2024;"Non-manager";"France";"Transformation & Change Management";"2024-12-15";"1-2 years"
202401571;1571;2024;"Non-manager";"Spain";"Technology & IT Strategy";"2024-12-15";"6-9 years"
202401572;1572;2024;"Non-manager";"Germany";"Sales & Business Development";"2024-12-15";"1-2 years"
202401573;1573;2024;"Manager";"Sweden";"Transformation & Change Management";"2024-12-15";"6-9 years"
202401574;1574;2024;"Manager";"Sweden";"Finance & Operations";"2024-12-15";"3-5 years"
202401575;1575;2024;"Non-manager";"Sweden";"Digital Strategy Consulting";"2024-12-15";"3-5 years"
202401576;1576;2024;"Non-manager";"Sweden";"Technology & IT Strategy";"2024-12-15";"3-5 years"
202401577;1577;2024;"Non-manager";"Sweden";"Finance & Operations";"2024-12-15";"3-5 years"
202401578;1578;2024;"Manager";"Spain";"Sales & Business Development";"2024-12-15";"3-5 years"
202401579;1579;2024;"Non-manager";"Sweden";"Transformation & Change Management";"2024-12-15";"1-2 years"
202401580;1580;2024;"Manager";"Germany";"Transformation & Change Management";"2024-12-15";"10-15 years"
202401581;1581;2024;"Manager";"France";"Digital Strategy Consulting";"2024-12-15";"1-2 years"
202401582;1582;2024;"Non-manager";"Sweden";"Data & Analytics Consulting";"2024-12-15";"1-2 years"
202401583;1583;2024;"Manager";"Sweden";"Sales & Business Development";"2024-12-15";"6-9 years"
202401584;1584;2024;"Non-manager";"Germany";"Technology & IT Strategy";"2024-12-15";"1-2 years"
202401585;1585;2024;"Manager";"Sweden";"Digital Strategy Consulting";"2024-12-15";"10-15 years"
202401586;1586;2024;"Manager";"Sweden";"Digital Strategy Consulting";"2024-12-15";"1-2 years"
202401587;1587;2024;"Non-manager";"Sweden";"Digital Marketing & Growth";"2024-12-15";"1-2 years"
202401588;1588;2024;"Non-manager";"Sweden";"Digital Marketing & Growth";"2024-12-15";"3-5 years"
202401589;1589;2024;"Non-manager";"France";"Cybersecurity & Digital Risk";"2024-12-15";"3-5 years"
202401590;1590;2024;"Manager";"Sweden";"Digital Strategy Consulting";"2024-12-15";"6-9 years"
202401591;1591;2024;"Non-manager";"Sweden";"Finance & Operations";"2024-12-15";"6-9 years"
202401592;1592;2024;"Manager";"France";"Technology & IT Strategy";"2024-12-15";"10-15 years"
202401593;1593;2024;"Manager";"France";"Technology & IT Strategy";"2024-12-15";"10-15 years"
202401594;1594;2024;"Non-manager";"France";"Technology & IT Strategy";"2024-12-15";"3-5 years"
202401595;1595;2024;"Manager";"Spain";"Data & Analytics Consulting";"2024-12-15";"3-5 years"
202401596;1596;2024;"Manager";"Sweden";"Technology & IT Strategy";"2024-12-15";"3-5 years"
202401597;1597;2024;"Non-manager";"Germany";"Cybersecurity & Digital Risk";"2024-12-15";"3-5 years"
202401598;1598;2024;"Manager";"Spain";"Finance & Operations";"2024-12-15";"6-9 years"
202401599;1599;2024;"Non-manager";"Sweden";"Digital Strategy Consulting";"2024-12-15";"3-5 years"
202401600;1600;2024;"Manager";"France";"Transformation & Change Management";"2024-12-15";"10-15 years"
202401601;1601;2024;"Non-manager";"Sweden";"Technology & IT Strategy";"2024-12-15";"3-5 years"
202401602;1602;2024;"Non-manager";"France";"Sales & Business Development";"2024-12-15";"15+ years"
202401603;1603;2024;"Non-manager";"Sweden";"Transformation & Change Management";"2024-12-15";"1-2 years"
202401605;1605;2024;"Non-manager";"Sweden";"Customer Experience & Design";"2024-12-15";"3-5 years"
202401606;1606;2024;"Manager";"France";"Customer Experience & Design";"2024-12-15";"1-2 years"
202401607;1607;2024;"Non-manager";"Germany";"Sales & Business Development";"2024-12-15";"10-15 years"
202401608;1608;2024;"Non-manager";"Spain";"Digital Strategy Consulting";"2024-12-15";"6-9 years"
202401609;1609;2024;"Non-manager";"Sweden";"Human Resources";"2024-12-15";"6-9 years"
202401610;1610;2024;"Non-manager";"Sweden";"Transformation & Change Management";"2024-12-15";"15+ years"
202401611;1611;2024;"Non-manager";"Denmark";"Technology & IT Strategy";"2024-12-15";"10-15 years"
202401612;1612;2024;"Non-manager";"Sweden";"Cybersecurity & Digital Risk";"2024-12-15";"1-2 years"
202401613;1613;2024;"Non-manager";"Germany";"Data & Analytics Consulting";"2024-12-15";"3-5 years"
202401615;1615;2024;"Non-manager";"Sweden";"Customer Experience & Design";"2024-12-15";"10-15 years"
202401616;1616;2024;"Non-manager";"Spain";"Sales & Business Development";"2024-12-15";"1-2 years"
202401617;1617;2024;"Non-manager";"Sweden";"Data & Analytics Consulting";"2024-12-15";"3-5 years"
202401618;1618;2024;"Non-manager";"Denmark";"Digital Strategy Consulting";"2024-12-15";"6-9 years"
202401619;1619;2024;"Manager";"Sweden";"Digital Strategy Consulting";"2024-12-15";"3-5 years"
202401620;1620;2024;"Manager";"France";"Transformation & Change Management";"2024-12-15";"10-15 years"
202401621;1621;2024;"Non-manager";"Spain";"Digital Strategy Consulting";"2024-12-15";"3-5 years"
202401622;1622;2024;"Manager";"Denmark";"Digital Marketing & Growth";"2024-12-15";"15+ years"
202401623;1623;2024;"Manager";"Denmark";"Cybersecurity & Digital Risk";"2024-12-15";"3-5 years"
202401624;1624;2024;"Non-manager";"France";"Digital Strategy Consulting";"2024-12-15";"3-5 years"
202401625;1625;2024;"Manager";"Denmark";"Digital Strategy Consulting";"2024-12-15";"15+ years"
202401626;1626;2024;"Non-manager";"Denmark";"Finance & Operations";"2024-12-15";"3-5 years"
202401627;1627;2024;"Non-manager";"Denmark";"Digital Marketing & Growth";"2024-12-15";"3-5 years"
202401628;1628;2024;"Manager";"Sweden";"Transformation & Change Management";"2024-12-15";"1-2 years"
202401630;1630;2024;"Non-manager";"Spain";"Digital Marketing & Growth";"2024-12-15";"10-15 years"
202401631;1631;2024;"Manager";"Sweden";"Digital Strategy Consulting";"2024-12-15";"10-15 years"
202401632;1632;2024;"Manager";"France";"Data & Analytics Consulting";"2024-12-15";"10-15 years"
202401633;1633;2024;"Non-manager";"Sweden";"Digital Strategy Consulting";"2024-12-15";"1-2 years"
202401634;1634;2024;"Manager";"Sweden";"Transformation & Change Management";"2024-12-15";"10-15 years"
202401635;1635;2024;"Manager";"Sweden";"Transformation & Change Management";"2024-12-15";"3-5 years"
202401636;1636;2024;"Manager";"France";"Digital Strategy Consulting";"2024-12-15";"3-5 years"
202401637;1637;2024;"Non-manager";"France";"Technology & IT Strategy";"2024-12-15";"10-15 years"
202401638;1638;2024;"Non-manager";"Spain";"Customer Experience & Design";"2024-12-15";"3-5 years"
202401639;1639;2024;"Manager";"Sweden";"Technology & IT Strategy";"2024-12-15";"3-5 years"
202401640;1640;2024;"Non-manager";"Sweden";"Data & Analytics Consulting";"2024-12-15";"3-5 years"
202401641;1641;2024;"Non-manager";"Sweden";"Finance & Operations";"2024-12-15";"1-2 years"
202401642;1642;2024;"Manager";"Spain";"Cybersecurity & Digital Risk";"2024-12-15";"3-5 years"
202401643;1643;2024;"Manager";"Sweden";"Finance & Operations";"2024-12-15";"15+ years"
202401644;1644;2024;"Manager";"Germany";"Data & Analytics Consulting";"2024-12-15";"6-9 years"
202401645;1645;2024;"Non-manager";"Sweden";"Cybersecurity & Digital Risk";"2024-12-15";"6-9 years"
202401646;1646;2024;"Manager";"Spain";"Transformation & Change Management";"2024-12-15";"6-9 years"
202401647;1647;2024;"Non-manager";"Sweden";"Cybersecurity & Digital Risk";"2024-12-15";"6-9 years"
202401648;1648;2024;"Non-manager";"Spain";"Finance & Operations";"2024-12-15";"3-5 years"
202401649;1649;2024;"Manager";"Germany";"Sales & Business Development";"2024-12-15";"15+ years"
202401650;1650;2024;"Non-manager";"Sweden";"Human Resources";"2024-12-15";"1-2 years"
202401651;1651;2024;"Non-manager";"Germany";"Transformation & Change Management";"2024-12-15";"1-2 years"
202401652;1652;2024;"Non-manager";"Sweden";"Technology & IT Strategy";"2024-12-15";"1-2 years"
202401654;1654;2024;"Non-manager";"France";"Customer Experience & Design";"2024-12-15";"6-9 years"
202401655;1655;2024;"Manager";"France";"Finance & Operations";"2024-12-15";"1-2 years"
202401656;1656;2024;"Manager";"Sweden";"Transformation & Change Management";"2024-12-15";"1-2 years"
202401657;1657;2024;"Manager";"France";"Customer Experience & Design";"2024-12-15";"6-9 years"
202401658;1658;2024;"Non-manager";"Spain";"Technology & IT Strategy";"2024-12-15";"3-5 years"
202401659;1659;2024;"Non-manager";"Sweden";"Cybersecurity & Digital Risk";"2024-12-15";"3-5 years"
202401660;1660;2024;"Non-manager";"France";"Digital Strategy Consulting";"2024-12-15";"1-2 years"
202401661;1661;2024;"Non-manager";"Sweden";"Digital Strategy Consulting";"2024-12-15";"3-5 years"
202401662;1662;2024;"Manager";"Spain";"Sales & Business Development";"2024-12-15";"10-15 years"
202401663;1663;2024;"Manager";"Sweden";"Customer Experience & Design";"2024-12-15";"1-2 years"
202401664;1664;2024;"Non-manager";"Denmark";"Sales & Business Development";"2024-12-15";"3-5 years"
202401665;1665;2024;"Non-manager";"Sweden";"Digital Strategy Consulting";"2024-12-15";"10-15 years"
202401666;1666;2024;"Manager";"Spain";"Technology & IT Strategy";"2024-12-15";"6-9 years"
202401667;1667;2024;"Manager";"Sweden";"Sales & Business Development";"2024-12-15";"1-2 years"
202401668;1668;2024;"Manager";"Sweden";"Digital Strategy Consulting";"2024-12-15";"15+ years"
202401669;1669;2024;"Manager";"Sweden";"Finance & Operations";"2024-12-15";"10-15 years"
202401670;1670;2024;"Non-manager";"Sweden";"Finance & Operations";"2024-12-15";"6-9 years"
202401672;1672;2024;"Non-manager";"Sweden";"Digital Strategy Consulting";"2024-12-15";"3-5 years"
202401673;1673;2024;"Non-manager";"Sweden";"Transformation & Change Management";"2024-12-15";"3-5 years"
202401674;1674;2024;"Manager";"Spain";"Data & Analytics Consulting";"2024-12-15";"1-2 years"
202401675;1675;2024;"Manager";"Spain";"Finance & Operations";"2024-12-15";"6-9 years"
202401676;1676;2024;"Non-manager";"Sweden";"Data & Analytics Consulting";"2024-12-15";"3-5 years"
202401677;1677;2024;"Manager";"Denmark";"Digital Strategy Consulting";"2024-12-15";"6-9 years"
202401678;1678;2024;"Manager";"Sweden";"Digital Strategy Consulting";"2024-12-15";"1-2 years"
202401679;1679;2024;"Manager";"Sweden";"Technology & IT Strategy";"2024-12-15";"6-9 years"
202401680;1680;2024;"Non-manager";"Sweden";"Data & Analytics Consulting";"2024-12-15";"15+ years"
202401681;1681;2024;"Manager";"France";"Digital Marketing & Growth";"2024-12-15";"6-9 years"
202401682;1682;2024;"Non-manager";"Germany";"Digital Strategy Consulting";"2024-12-15";"6-9 years"
202401683;1683;2024;"Non-manager";"Denmark";"Customer Experience & Design";"2024-12-15";"3-5 years"
202401684;1684;2024;"Non-manager";"Spain";"Sales & Business Development";"2024-12-15";"1-2 years"
202401685;1685;2024;"Non-manager";"Sweden";"Customer Experience & Design";"2024-12-15";"3-5 years"
202401686;1686;2024;"Non-manager";"Germany";"Transformation & Change Management";"2024-12-15";"6-9 years"
202401687;1687;2024;"Manager";"Sweden";"Sales & Business Development";"2024-12-15";"1-2 years"
202401688;1688;2024;"Manager";"France";"Data & Analytics Consulting";"2024-12-15";"6-9 years"
202401689;1689;2024;"Manager";"Sweden";"Finance & Operations";"2024-12-15";"3-5 years"
202401690;1690;2024;"Non-manager";"Denmark";"Finance & Operations";"2024-12-15";"3-5 years"
202401691;1691;2024;"Non-manager";"Spain";"Finance & Operations";"2024-12-15";"3-5 years"
202401692;1692;2024;"Non-manager";"Spain";"Human Resources";"2024-12-15";"3-5 years"
202401693;1693;2024;"Non-manager";"Sweden";"Digital Marketing & Growth";"2024-12-15";"6-9 years"
202401694;1694;2024;"Manager";"France";"Data & Analytics Consulting";"2024-12-15";"1-2 years"
202401695;1695;2024;"Manager";"Sweden";"Digital Marketing & Growth";"2024-12-15";"10-15 years"
202401696;1696;2024;"Manager";"Germany";"Digital Strategy Consulting";"2024-12-15";"6-9 years"
202401697;1697;2024;"Manager";"Sweden";"Customer Experience & Design";"2024-12-15";"1-2 years"
202401698;1698;2024;"Manager";"France";"Transformation & Change Management";"2024-12-15";"10-15 years"
202401699;1699;2024;"Manager";"Sweden";"Sales & Business Development";"2024-12-15";"1-2 years"
202401700;1700;2024;"Manager";"Spain";"Technology & IT Strategy";"2024-12-15";"6-9 years"
202401701;1701;2024;"Manager";"France";"Transformation & Change Management";"2024-12-15";"1-2 years"
202401702;1702;2024;"Manager";"Spain";"Sales & Business Development";"2024-12-15";"1-2 years"
202401703;1703;2024;"Manager";"France";"Sales & Business Development";"2024-12-15";"1-2 years"
202401704;1704;2024;"Non-manager";"Sweden";"Digital Strategy Consulting";"2024-12-15";"10-15 years"
202401705;1705;2024;"Non-manager";"Sweden";"Technology & IT Strategy";"2024-12-15";"1-2 years"
202401706;1706;2024;"Manager";"Sweden";"Transformation & Change Management";"2024-12-15";"1-2 years"
202401707;1707;2024;"Non-manager";"Sweden";"Technology & IT Strategy";"2024-12-15";"3-5 years"
202401708;1708;2024;"Manager";"Sweden";"Data & Analytics Consulting";"2024-12-15";"6-9 years"
202401709;1709;2024;"Manager";"Sweden";"Finance & Operations";"2024-12-15";"6-9 years"
202401710;1710;2024;"Manager";"Sweden";"Finance & Operations";"2024-12-15";"3-5 years"
202401711;1711;2024;"Non-manager";"Sweden";"Digital Marketing & Growth";"2024-12-15";"10-15 years"
202401712;1712;2024;"Manager";"Germany";"Sales & Business Development";"2024-12-15";"3-5 years"
202401713;1713;2024;"Non-manager";"Sweden";"Finance & Operations";"2024-12-15";"15+ years"
202401714;1714;2024;"Non-manager";"France";"Sales & Business Development";"2024-12-15";"3-5 years"
202401716;1716;2024;"Manager";"Sweden";"Cybersecurity & Digital Risk";"2024-12-15";"1-2 years"
202401717;1717;2024;"Manager";"Germany";"Digital Strategy Consulting";"2024-12-15";"6-9 years"
202401718;1718;2024;"Manager";"Sweden";"Sales & Business Development";"2024-12-15";"10-15 years"
202401719;1719;2024;"Non-manager";"Germany";"Finance & Operations";"2024-12-15";"6-9 years"
202401720;1720;2024;"Manager";"Germany";"Digital Strategy Consulting";"2024-12-15";"3-5 years"
202401721;1721;2024;"Non-manager";"Sweden";"Customer Experience & Design";"2024-12-15";"3-5 years"
202401722;1722;2024;"Non-manager";"Sweden";"Transformation & Change Management";"2024-12-15";"15+ years"
202401723;1723;2024;"Manager";"Denmark";"Customer Experience & Design";"2024-12-15";"1-2 years"
202401724;1724;2024;"Manager";"Spain";"Technology & IT Strategy";"2024-12-15";"6-9 years"
202401725;1725;2024;"Manager";"Sweden";"Digital Marketing & Growth";"2024-12-15";"3-5 years"
202401726;1726;2024;"Manager";"Denmark";"Data & Analytics Consulting";"2024-12-15";"15+ years"
202401727;1727;2024;"Manager";"Spain";"Data & Analytics Consulting";"2024-12-15";"3-5 years"
202401728;1728;2024;"Manager";"Denmark";"Digital Strategy Consulting";"2024-12-15";"3-5 years"
202401729;1729;2024;"Manager";"France";"Digital Marketing & Growth";"2024-12-15";"3-5 years"
202401730;1730;2024;"Manager";"Sweden";"Finance & Operations";"2024-12-15";"3-5 years"
202401731;1731;2024;"Non-manager";"France";"Cybersecurity & Digital Risk";"2024-12-15";"6-9 years"
202401732;1732;2024;"Non-manager";"Germany";"Sales & Business Development";"2024-12-15";"6-9 years"
202401733;1733;2024;"Manager";"Sweden";"Transformation & Change Management";"2024-12-15";"6-9 years"
202401734;1734;2024;"Manager";"France";"Digital Marketing & Growth";"2024-12-15";"15+ years"
202401735;1735;2024;"Manager";"Denmark";"Transformation & Change Management";"2024-12-15";"3-5 years"
202401736;1736;2024;"Manager";"Germany";"Digital Strategy Consulting";"2024-12-15";"1-2 years"
202401738;1738;2024;"Manager";"Sweden";"Sales & Business Development";"2024-12-15";"1-2 years"
202401739;1739;2024;"Manager";"Sweden";"Digital Strategy Consulting";"2024-12-15";"3-5 years"
202401740;1740;2024;"Manager";"France";"Technology & IT Strategy";"2024-12-15";"6-9 years"
202401741;1741;2024;"Non-manager";"Germany";"Customer Experience & Design";"2024-12-15";"1-2 years"
202401742;1742;2024;"Non-manager";"Spain";"Digital Strategy Consulting";"2024-12-15";"1-2 years"
202401743;1743;2024;"Manager";"Germany";"Finance & Operations";"2024-12-15";"6-9 years"
202401744;1744;2024;"Manager";"Sweden";"Data & Analytics Consulting";"2024-12-15";"10-15 years"
202401745;1745;2024;"Manager";"Germany";"Technology & IT Strategy";"2024-12-15";"3-5 years"
202401746;1746;2024;"Non-manager";"Germany";"Customer Experience & Design";"2024-12-15";"1-2 years"
202401747;1747;2024;"Non-manager";"Denmark";"Technology & IT Strategy";"2024-12-15";"3-5 years"
202401748;1748;2024;"Non-manager";"Sweden";"Digital Marketing & Growth";"2024-12-15";"6-9 years"
202401749;1749;2024;"Non-manager";"Sweden";"Sales & Business Development";"2024-12-15";"3-5 years"
202401750;1750;2024;"Non-manager";"Denmark";"Transformation & Change Management";"2024-12-15";"3-5 years"
202401751;1751;2024;"Non-manager";"Sweden";"Customer Experience & Design";"2024-12-15";"3-5 years"
202401752;1752;2024;"Manager";"Denmark";"Finance & Operations";"2024-12-15";"10-15 years"
202401753;1753;2024;"Manager";"Denmark";"Sales & Business Development";"2024-12-15";"3-5 years"
202401754;1754;2024;"Non-manager";"Sweden";"Transformation & Change Management";"2024-12-15";"1-2 years"
202401755;1755;2024;"Non-manager";"Germany";"Finance & Operations";"2024-12-15";"3-5 years"
202401756;1756;2024;"Manager";"Sweden";"Transformation & Change Management";"2024-12-15";"10-15 years"
202401757;1757;2024;"Non-manager";"Germany";"Digital Strategy Consulting";"2024-12-15";"3-5 years"
202401758;1758;2024;"Non-manager";"France";"Technology & IT Strategy";"2024-12-15";"6-9 years"
202401759;1759;2024;"Manager";"Spain";"Digital Marketing & Growth";"2024-12-15";"10-15 years"
202401760;1760;2024;"Non-manager";"Sweden";"Data & Analytics Consulting";"2024-12-15";"3-5 years"
202401761;1761;2024;"Non-manager";"Germany";"Technology & IT Strategy";"2024-12-15";"3-5 years"
202401762;1762;2024;"Manager";"Sweden";"Digital Marketing & Growth";"2024-12-15";"10-15 years"
202401763;1763;2024;"Non-manager";"Denmark";"Transformation & Change Management";"2024-12-15";"1-2 years"
202401765;1765;2024;"Manager";"Germany";"Sales & Business Development";"2024-12-15";"6-9 years"
202401766;1766;2024;"Non-manager";"Sweden";"Customer Experience & Design";"2024-12-15";"3-5 years"
202401767;1767;2024;"Non-manager";"Sweden";"Transformation & Change Management";"2024-12-15";"1-2 years"
202401768;1768;2024;"Non-manager";"Spain";"Digital Strategy Consulting";"2024-12-15";"1-2 years"
202401769;1769;2024;"Non-manager";"France";"Transformation & Change Management";"2024-12-15";"1-2 years"
202401770;1770;2024;"Manager";"Sweden";"Technology & IT Strategy";"2024-12-15";"10-15 years"
202401771;1771;2024;"Non-manager";"Sweden";"Data & Analytics Consulting";"2024-12-15";"1-2 years"
202401772;1772;2024;"Manager";"Germany";"Human Resources";"2024-12-15";"3-5 years"
202401773;1773;2024;"Non-manager";"Germany";"Finance & Operations";"2024-12-15";"10-15 years"
202401774;1774;2024;"Manager";"Sweden";"Human Resources";"2024-12-15";"1-2 years"
202401775;1775;2024;"Manager";"Sweden";"Transformation & Change Management";"2024-12-15";"3-5 years"
202401776;1776;2024;"Non-manager";"Denmark";"Digital Strategy Consulting";"2024-12-15";"6-9 years"
202401777;1777;2024;"Non-manager";"Denmark";"Sales & Business Development";"2024-12-15";"3-5 years"
202401778;1778;2024;"Manager";"Sweden";"Sales & Business Development";"2024-12-15";"10-15 years"
202401780;1780;2024;"Non-manager";"Sweden";"Data & Analytics Consulting";"2024-12-15";"1-2 years"
202401781;1781;2024;"Manager";"France";"Cybersecurity & Digital Risk";"2024-12-15";"1-2 years"
202401782;1782;2024;"Manager";"Sweden";"Transformation & Change Management";"2024-12-15";"3-5 years"
202401783;1783;2024;"Manager";"Spain";"Customer Experience & Design";"2024-12-15";"10-15 years"
202401784;1784;2024;"Manager";"Germany";"Cybersecurity & Digital Risk";"2024-12-15";"3-5 years"
202401785;1785;2024;"Manager";"Sweden";"Digital Marketing & Growth";"2024-12-15";"3-5 years"
202401786;1786;2024;"Manager";"Sweden";"Data & Analytics Consulting";"2024-12-15";"3-5 years"
202401787;1787;2024;"Non-manager";"Sweden";"Data & Analytics Consulting";"2024-12-15";"1-2 years"
202401788;1788;2024;"Manager";"Spain";"Technology & IT Strategy";"2024-12-15";"3-5 years"
202401789;1789;2024;"Manager";"Sweden";"Transformation & Change Management";"2024-12-15";"3-5 years"
202401790;1790;2024;"Non-manager";"Denmark";"Finance & Operations";"2024-12-15";"3-5 years"
202401791;1791;2024;"Non-manager";"Denmark";"Sales & Business Development";"2024-12-15";"10-15 years"
202401792;1792;2024;"Non-manager";"Spain";"Customer Experience & Design";"2024-12-15";"3-5 years"
202401793;1793;2024;"Manager";"Sweden";"Transformation & Change Management";"2024-12-15";"3-5 years"
202401794;1794;2024;"Non-manager";"Sweden";"Digital Marketing & Growth";"2024-12-15";"3-5 years"
202401795;1795;2024;"Manager";"Denmark";"Digital Marketing & Growth";"2024-12-15";"3-5 years"
202401796;1796;2024;"Non-manager";"France";"Digital Strategy Consulting";"2024-12-15";"6-9 years"
202401797;1797;2024;"Non-manager";"Sweden";"Digital Marketing & Growth";"2024-12-15";"3-5 years"
202401799;1799;2024;"Non-manager";"Sweden";"Cybersecurity & Digital Risk";"2024-12-15";"3-5 years"
202401800;1800;2024;"Manager";"Sweden";"Transformation & Change Management";"2024-12-15";"6-9 years"
202401801;1801;2024;"Non-manager";"Sweden";"Cybersecurity & Digital Risk";"2024-12-15";"3-5 years"
202401802;1802;2024;"Manager";"Spain";"Transformation & Change Management";"2024-12-15";"3-5 years"
202401803;1803;2024;"Manager";"Sweden";"Data & Analytics Consulting";"2024-12-15";"15+ years"
202401804;1804;2024;"Manager";"Sweden";"Data & Analytics Consulting";"2024-12-15";"6-9 years"
202401805;1805;2024;"Non-manager";"Spain";"Transformation & Change Management";"2024-12-15";"6-9 years"
202401806;1806;2024;"Non-manager";"Sweden";"Data & Analytics Consulting";"2024-12-15";"1-2 years"
202401807;1807;2024;"Non-manager";"Denmark";"Human Resources";"2024-12-15";"10-15 years"
202401808;1808;2024;"Non-manager";"Germany";"Digital Marketing & Growth";"2024-12-15";"6-9 years"
202401809;1809;2024;"Non-manager";"Denmark";"Technology & IT Strategy";"2024-12-15";"3-5 years"
202401811;1811;2024;"Non-manager";"France";"Finance & Operations";"2024-12-15";"3-5 years"
202401812;1812;2024;"Non-manager";"Sweden";"Digital Strategy Consulting";"2024-12-15";"6-9 years"
202401813;1813;2024;"Manager";"France";"Finance & Operations";"2024-12-15";"10-15 years"
202401814;1814;2024;"Manager";"Spain";"Finance & Operations";"2024-12-15";"3-5 years"
202401815;1815;2024;"Non-manager";"France";"Finance & Operations";"2024-12-15";"6-9 years"
202401816;1816;2024;"Manager";"Sweden";"Digital Strategy Consulting";"2024-12-15";"1-2 years"
202401817;1817;2024;"Non-manager";"Spain";"Data & Analytics Consulting";"2024-12-15";"3-5 years"
202401818;1818;2024;"Manager";"Spain";"Sales & Business Development";"2024-12-15";"3-5 years"
202401819;1819;2024;"Non-manager";"France";"Transformation & Change Management";"2024-12-15";"3-5 years"
202401820;1820;2024;"Manager";"Sweden";"Cybersecurity & Digital Risk";"2024-12-15";"10-15 years"
202401821;1821;2024;"Non-manager";"Sweden";"Digital Strategy Consulting";"2024-12-15";"10-15 years"
202401822;1822;2024;"Manager";"Germany";"Digital Strategy Consulting";"2024-12-15";"3-5 years"
202401823;1823;2024;"Non-manager";"Denmark";"Cybersecurity & Digital Risk";"2024-12-15";"3-5 years"
202401825;1825;2024;"Manager";"Sweden";"Customer Experience & Design";"2024-12-15";"3-5 years"
202401826;1826;2024;"Manager";"France";"Data & Analytics Consulting";"2024-12-15";"1-2 years"
202401827;1827;2024;"Non-manager";"France";"Finance & Operations";"2024-12-15";"3-5 years"
202401828;1828;2024;"Non-manager";"Sweden";"Finance & Operations";"2024-12-15";"3-5 years"
202401829;1829;2024;"Non-manager";"Spain";"Digital Marketing & Growth";"2024-12-15";"3-5 years"
202401830;1830;2024;"Manager";"Germany";"Digital Marketing & Growth";"2024-12-15";"6-9 years"
202401831;1831;2024;"Non-manager";"Sweden";"Human Resources";"2024-12-15";"3-5 years"
202401832;1832;2024;"Manager";"France";"Data & Analytics Consulting";"2024-12-15";"1-2 years"
202401833;1833;2024;"Manager";"Denmark";"Customer Experience & Design";"2024-12-15";"3-5 years"
202401834;1834;2024;"Manager";"Sweden";"Digital Strategy Consulting";"2024-12-15";"3-5 years"
202401835;1835;2024;"Non-manager";"France";"Data & Analytics Consulting";"2024-12-15";"3-5 years"
202401836;1836;2024;"Non-manager";"Germany";"Digital Strategy Consulting";"2024-12-15";"3-5 years"
202401837;1837;2024;"Manager";"Sweden";"Customer Experience & Design";"2024-12-15";"6-9 years"
202401838;1838;2024;"Non-manager";"Denmark";"Technology & IT Strategy";"2024-12-15";"1-2 years"
202401839;1839;2024;"Manager";"Germany";"Sales & Business Development";"2024-12-15";"10-15 years"
202401840;1840;2024;"Manager";"Sweden";"Digital Strategy Consulting";"2024-12-15";"6-9 years"
202401841;1841;2024;"Manager";"Germany";"Human Resources";"2024-12-15";"6-9 years"
202401842;1842;2024;"Manager";"Germany";"Transformation & Change Management";"2024-12-15";"3-5 years"
202401843;1843;2024;"Manager";"Sweden";"Digital Marketing & Growth";"2024-12-15";"6-9 years"
202401844;1844;2024;"Manager";"Sweden";"Data & Analytics Consulting";"2024-12-15";"3-5 years"
202401845;1845;2024;"Non-manager";"Sweden";"Finance & Operations";"2024-12-15";"6-9 years"
202401846;1846;2024;"Manager";"Sweden";"Data & Analytics Consulting";"2024-12-15";"3-5 years"
202401847;1847;2024;"Non-manager";"Sweden";"Digital Strategy Consulting";"2024-12-15";"3-5 years"
202401848;1848;2024;"Non-manager";"Sweden";"Data & Analytics Consulting";"2024-12-15";"6-9 years"
202401849;1849;2024;"Non-manager";"Sweden";"Digital Strategy Consulting";"2024-12-15";"6-9 years"
202401850;1850;2024;"Manager";"Sweden";"Finance & Operations";"2024-12-15";"1-2 years"
202401851;1851;2024;"Non-manager";"Germany";"Data & Analytics Consulting";"2024-12-15";"1-2 years"
202401852;1852;2024;"Non-manager";"Germany";"Sales & Business Development";"2024-12-15";"3-5 years"
202401853;1853;2024;"Manager";"Sweden";"Transformation & Change Management";"2024-12-15";"1-2 years"
202401854;1854;2024;"Non-manager";"Spain";"Transformation & Change Management";"2024-12-15";"1-2 years"
202401855;1855;2024;"Manager";"Spain";"Finance & Operations";"2024-12-15";"3-5 years"
202401856;1856;2024;"Non-manager";"Sweden";"Data & Analytics Consulting";"2024-12-15";"6-9 years"
202401857;1857;2024;"Manager";"Spain";"Technology & IT Strategy";"2024-12-15";"1-2 years"
202401858;1858;2024;"Manager";"Sweden";"Cybersecurity & Digital Risk";"2024-12-15";"15+ years"
202401859;1859;2024;"Manager";"Sweden";"Transformation & Change Management";"2024-12-15";"10-15 years"
202401860;1860;2024;"Non-manager";"Denmark";"Human Resources";"2024-12-15";"3-5 years"
202401861;1861;2024;"Non-manager";"Sweden";"Sales & Business Development";"2024-12-15";"3-5 years"
202401862;1862;2024;"Non-manager";"Sweden";"Digital Strategy Consulting";"2024-12-15";"1-2 years"
202401863;1863;2024;"Manager";"Denmark";"Finance & Operations";"2024-12-15";"3-5 years"
202401864;1864;2024;"Manager";"Spain";"Human Resources";"2024-12-15";"1-2 years"
202401865;1865;2024;"Non-manager";"Spain";"Data & Analytics Consulting";"2024-12-15";"3-5 years"
202401866;1866;2024;"Non-manager";"Spain";"Digital Marketing & Growth";"2024-12-15";"3-5 years"
202401867;1867;2024;"Non-manager";"France";"Technology & IT Strategy";"2024-12-15";"6-9 years"
202401868;1868;2024;"Manager";"Sweden";"Transformation & Change Management";"2024-12-15";"3-5 years"
202401869;1869;2024;"Manager";"France";"Technology & IT Strategy";"2024-12-15";"3-5 years"
202401870;1870;2024;"Manager";"Denmark";"Finance & Operations";"2024-12-15";"10-15 years"
202401871;1871;2024;"Non-manager";"Spain";"Cybersecurity & Digital Risk";"2024-12-15";"1-2 years"
202401872;1872;2024;"Non-manager";"Sweden";"Digital Marketing & Growth";"2024-12-15";"1-2 years"
202401873;1873;2024;"Non-manager";"Sweden";"Sales & Business Development";"2024-12-15";"1-2 years"
202401874;1874;2024;"Non-manager";"Germany";"Transformation & Change Management";"2024-12-15";"15+ years"
202401875;1875;2024;"Manager";"Sweden";"Customer Experience & Design";"2024-12-15";"10-15 years"
202401876;1876;2024;"Non-manager";"Sweden";"Digital Strategy Consulting";"2024-12-15";"1-2 years"
202401877;1877;2024;"Non-manager";"Germany";"Digital Marketing & Growth";"2024-12-15";"10-15 years"
202401878;1878;2024;"Non-manager";"Denmark";"Customer Experience & Design";"2024-12-15";"1-2 years"
202401879;1879;2024;"Non-manager";"Germany";"Transformation & Change Management";"2024-12-15";"1-2 years"
202401880;1880;2024;"Manager";"Sweden";"Transformation & Change Management";"2024-12-15";"3-5 years"
202401881;1881;2024;"Non-manager";"Denmark";"Digital Strategy Consulting";"2024-12-15";"1-2 years"
202401882;1882;2024;"Manager";"Denmark";"Digital Strategy Consulting";"2024-12-15";"3-5 years"
202401883;1883;2024;"Non-manager";"Sweden";"Digital Strategy Consulting";"2024-12-15";"1-2 years"
202401884;1884;2024;"Non-manager";"France";"Technology & IT Strategy";"2024-12-15";"3-5 years"
202401885;1885;2024;"Non-manager";"Sweden";"Digital Marketing & Growth";"2024-12-15";"1-2 years"
202401886;1886;2024;"Non-manager";"France";"Digital Strategy Consulting";"2024-12-15";"3-5 years"
202401887;1887;2024;"Non-manager";"Spain";"Customer Experience & Design";"2024-12-15";"3-5 years"
202401888;1888;2024;"Manager";"Denmark";"Finance & Operations";"2024-12-15";"3-5 years"
202401889;1889;2024;"Manager";"Sweden";"Sales & Business Development";"2024-12-15";"3-5 years"
202401891;1891;2024;"Non-manager";"Sweden";"Digital Strategy Consulting";"2024-12-15";"3-5 years"
202401892;1892;2024;"Manager";"Germany";"Sales & Business Development";"2024-12-15";"6-9 years"
202401893;1893;2024;"Non-manager";"Sweden";"Digital Strategy Consulting";"2024-12-15";"6-9 years"
202401894;1894;2024;"Non-manager";"Denmark";"Transformation & Change Management";"2024-12-15";"3-5 years"
202401895;1895;2024;"Manager";"Spain";"Transformation & Change Management";"2024-12-15";"6-9 years"
202401897;1897;2024;"Manager";"Sweden";"Sales & Business Development";"2024-12-15";"3-5 years"
202401898;1898;2024;"Manager";"Germany";"Digital Strategy Consulting";"2024-12-15";"10-15 years"
202401900;1900;2024;"Non-manager";"Denmark";"Digital Marketing & Growth";"2024-12-15";"3-5 years"
202401901;1901;2024;"Manager";"Sweden";"Digital Strategy Consulting";"2024-12-15";"Less than 1 year"
202401902;1902;2024;"Non-manager";"Sweden";"Digital Strategy Consulting";"2024-12-15";"Less than 1 year"
202401903;1903;2024;"Non-manager";"Sweden";"Data & Analytics Consulting";"2024-12-15";"Less than 1 year"
202401904;1904;2024;"Manager";"Germany";"Technology & IT Strategy";"2024-12-15";"Less than 1 year"
202401905;1905;2024;"Manager";"Sweden";"Data & Analytics Consulting";"2024-12-15";"Less than 1 year"
202401906;1906;2024;"Non-manager";"Sweden";"Cybersecurity & Digital Risk";"2024-12-15";"Less than 1 year"
202401907;1907;2024;"Non-manager";"France";"Finance & Operations";"2024-12-15";"Less than 1 year"
202401908;1908;2024;"Non-manager";"Sweden";"Transformation & Change Management";"2024-12-15";"Less than 1 year"
202401909;1909;2024;"Non-manager";"Spain";"Human Resources";"2024-12-15";"Less than 1 year"
202401910;1910;2024;"Non-manager";"Sweden";"Transformation & Change Management";"2024-12-15";"Less than 1 year"
202401911;1911;2024;"Non-manager";"Sweden";"Cybersecurity & Digital Risk";"2024-12-15";"Less than 1 year"
202401912;1912;2024;"Manager";"Sweden";"Digital Strategy Consulting";"2024-12-15";"Less than 1 year"
202401913;1913;2024;"Non-manager";"Denmark";"Digital Strategy Consulting";"2024-12-15";"Less than 1 year"
202401914;1914;2024;"Non-manager";"France";"Cybersecurity & Digital Risk";"2024-12-15";"Less than 1 year"
202401915;1915;2024;"Manager";"Sweden";"Digital Strategy Consulting";"2024-12-15";"Less than 1 year"
202401916;1916;2024;"Non-manager";"Denmark";"Digital Strategy Consulting";"2024-12-15";"Less than 1 year"
202401917;1917;2024;"Non-manager";"Sweden";"Sales & Business Development";"2024-12-15";"Less than 1 year"
202401918;1918;2024;"Non-manager";"Sweden";"Finance & Operations";"2024-12-15";"Less than 1 year"
202401919;1919;2024;"Non-manager";"Denmark";"Finance & Operations";"2024-12-15";"Less than 1 year"
202401920;1920;2024;"Non-manager";"France";"Finance & Operations";"2024-12-15";"Less than 1 year"
202401921;1921;2024;"Non-manager";"Sweden";"Finance & Operations";"2024-12-15";"Less than 1 year"
202401922;1922;2024;"Manager";"Germany";"Data & Analytics Consulting";"2024-12-15";"Less than 1 year"
202401923;1923;2024;"Non-manager";"Sweden";"Digital Strategy Consulting";"2024-12-15";"Less than 1 year"
202401924;1924;2024;"Non-manager";"Germany";"Transformation & Change Management";"2024-12-15";"Less than 1 year"
202401925;1925;2024;"Manager";"Germany";"Transformation & Change Management";"2024-12-15";"Less than 1 year"
202401926;1926;2024;"Non-manager";"Germany";"Customer Experience & Design";"2024-12-15";"Less than 1 year"
202401927;1927;2024;"Non-manager";"Germany";"Digital Strategy Consulting";"2024-12-15";"Less than 1 year"
202401928;1928;2024;"Non-manager";"Germany";"Customer Experience & Design";"2024-12-15";"Less than 1 year"
202401929;1929;2024;"Non-manager";"Sweden";"Digital Marketing & Growth";"2024-12-15";"Less than 1 year"
202401930;1930;2024;"Non-manager";"Spain";"Transformation & Change Management";"2024-12-15";"Less than 1 year"
202401931;1931;2024;"Non-manager";"Sweden";"Data & Analytics Consulting";"2024-12-15";"Less than 1 year"
202401932;1932;2024;"Non-manager";"Spain";"Transformation & Change Management";"2024-12-15";"Less than 1 year"
202401933;1933;2024;"Manager";"Sweden";"Data & Analytics Consulting";"2024-12-15";"Less than 1 year"
202401934;1934;2024;"Non-manager";"Sweden";"Transformation & Change Management";"2024-12-15";"Less than 1 year"
202401935;1935;2024;"Non-manager";"Sweden";"Cybersecurity & Digital Risk";"2024-12-15";"Less than 1 year"
202401936;1936;2024;"Manager";"Denmark";"Human Resources";"2024-12-15";"Less than 1 year"
202401937;1937;2024;"Non-manager";"France";"Transformation & Change Management";"2024-12-15";"Less than 1 year"
202401938;1938;2024;"Non-manager";"Germany";"Data & Analytics Consulting";"2024-12-15";"Less than 1 year"
202401939;1939;2024;"Non-manager";"Sweden";"Digital Strategy Consulting";"2024-12-15";"Less than 1 year"
202401940;1940;2024;"Non-manager";"Germany";"Finance & Operations";"2024-12-15";"Less than 1 year"
202401941;1941;2024;"Non-manager";"Sweden";"Sales & Business Development";"2024-12-15";"Less than 1 year"
202401942;1942;2024;"Non-manager";"Spain";"Cybersecurity & Digital Risk";"2024-12-15";"Less than 1 year"
202401943;1943;2024;"Non-manager";"Sweden";"Digital Strategy Consulting";"2024-12-15";"Less than 1 year"
202401944;1944;2024;"Non-manager";"Germany";"Sales & Business Development";"2024-12-15";"Less than 1 year"
202401945;1945;2024;"Non-manager";"France";"Customer Experience & Design";"2024-12-15";"Less than 1 year"
202401946;1946;2024;"Non-manager";"France";"Cybersecurity & Digital Risk";"2024-12-15";"Less than 1 year"
202401947;1947;2024;"Non-manager";"Denmark";"Technology & IT Strategy";"2024-12-15";"Less than 1 year"
202401948;1948;2024;"Non-manager";"Sweden";"Data & Analytics Consulting";"2024-12-15";"Less than 1 year"
202401949;1949;2024;"Non-manager";"Sweden";"Data & Analytics Consulting";"2024-12-15";"Less than 1 year"
202401950;1950;2024;"Manager";"Sweden";"Data & Analytics Consulting";"2024-12-15";"Less than 1 year"
202401951;1951;2024;"Manager";"Sweden";"Transformation & Change Management";"2024-12-15";"Less than 1 year"
202401952;1952;2024;"Non-manager";"Denmark";"Transformation & Change Management";"2024-12-15";"Less than 1 year"
202401953;1953;2024;"Manager";"Sweden";"Data & Analytics Consulting";"2024-12-15";"Less than 1 year"
202401954;1954;2024;"Non-manager";"Denmark";"Human Resources";"2024-12-15";"Less than 1 year"
202401955;1955;2024;"Non-manager";"Spain";"Transformation & Change Management";"2024-12-15";"Less than 1 year"
202401956;1956;2024;"Manager";"Sweden";"Sales & Business Development";"2024-12-15";"Less than 1 year"
202401957;1957;2024;"Non-manager";"Spain";"Cybersecurity & Digital Risk";"2024-12-15";"Less than 1 year"
202401958;1958;2024;"Non-manager";"Sweden";"Sales & Business Development";"2024-12-15";"Less than 1 year"
202401959;1959;2024;"Non-manager";"Sweden";"Technology & IT Strategy";"2024-12-15";"Less than 1 year"
202401960;1960;2024;"Non-manager";"Sweden";"Finance & Operations";"2024-12-15";"Less than 1 year"
202401961;1961;2024;"Non-manager";"Spain";"Sales & Business Development";"2024-12-15";"Less than 1 year"
202401962;1962;2024;"Non-manager";"France";"Finance & Operations";"2024-12-15";"Less than 1 year"
202401963;1963;2024;"Non-manager";"Spain";"Transformation & Change Management";"2024-12-15";"Less than 1 year"
202401964;1964;2024;"Non-manager";"Sweden";"Customer Experience & Design";"2024-12-15";"Less than 1 year"
202401965;1965;2024;"Non-manager";"France";"Cybersecurity & Digital Risk";"2024-12-15";"Less than 1 year"
202401966;1966;2024;"Manager";"Sweden";"Digital Strategy Consulting";"2024-12-15";"Less than 1 year"
202401967;1967;2024;"Non-manager";"Spain";"Finance & Operations";"2024-12-15";"Less than 1 year"
202401968;1968;2024;"Non-manager";"Sweden";"Sales & Business Development";"2024-12-15";"Less than 1 year"
202401969;1969;2024;"Non-manager";"Sweden";"Transformation & Change Management";"2024-12-15";"Less than 1 year"
202401970;1970;2024;"Non-manager";"Germany";"Digital Strategy Consulting";"2024-12-15";"Less than 1 year"
202401971;1971;2024;"Non-manager";"Denmark";"Data & Analytics Consulting";"2024-12-15";"Less than 1 year"
202401972;1972;2024;"Non-manager";"Sweden";"Data & Analytics Consulting";"2024-12-15";"Less than 1 year"
202401973;1973;2024;"Non-manager";"Sweden";"Finance & Operations";"2024-12-15";"Less than 1 year"
202401974;1974;2024;"Manager";"Sweden";"Digital Strategy Consulting";"2024-12-15";"Less than 1 year"
202401975;1975;2024;"Non-manager";"Sweden";"Finance & Operations";"2024-12-15";"Less than 1 year"
202401976;1976;2024;"Non-manager";"Spain";"Customer Experience & Design";"2024-12-15";"Less than 1 year"
202401977;1977;2024;"Non-manager";"Germany";"Human Resources";"2024-12-15";"Less than 1 year"
202401978;1978;2024;"Non-manager";"France";"Data & Analytics Consulting";"2024-12-15";"Less than 1 year"
202401979;1979;2024;"Non-manager";"Germany";"Digital Marketing & Growth";"2024-12-15";"Less than 1 year"
202401980;1980;2024;"Non-manager";"Spain";"Digital Marketing & Growth";"2024-12-15";"Less than 1 year"
202401981;1981;2024;"Non-manager";"Germany";"Sales & Business Development";"2024-12-15";"Less than 1 year"
202401982;1982;2024;"Non-manager";"Sweden";"Transformation & Change Management";"2024-12-15";"Less than 1 year"
202401983;1983;2024;"Non-manager";"France";"Digital Strategy Consulting";"2024-12-15";"Less than 1 year"
202401984;1984;2024;"Non-manager";"Germany";"Transformation & Change Management";"2024-12-15";"Less than 1 year"
202401985;1985;2024;"Non-manager";"Germany";"Data & Analytics Consulting";"2024-12-15";"Less than 1 year"
202401986;1986;2024;"Non-manager";"Denmark";"Finance & Operations";"2024-12-15";"Less than 1 year"
202401987;1987;2024;"Manager";"Sweden";"Transformation & Change Management";"2024-12-15";"Less than 1 year"
202401988;1988;2024;"Non-manager";"Sweden";"Digital Marketing & Growth";"2024-12-15";"Less than 1 year"
202401989;1989;2024;"Non-manager";"Germany";"Data & Analytics Consulting";"2024-12-15";"Less than 1 year"
202401990;1990;2024;"Non-manager";"Sweden";"Data & Analytics Consulting";"2024-12-15";"Less than 1 year"
202401991;1991;2024;"Non-manager";"Denmark";"Cybersecurity & Digital Risk";"2024-12-15";"Less than 1 year"
202401992;1992;2024;"Non-manager";"Sweden";"Cybersecurity & Digital Risk";"2024-12-15";"Less than 1 year"
202401993;1993;2024;"Non-manager";"Spain";"Transformation & Change Management";"2024-12-15";"Less than 1 year"
202401994;1994;2024;"Non-manager";"France";"Cybersecurity & Digital Risk";"2024-12-15";"Less than 1 year"
202401995;1995;2024;"Non-manager";"Denmark";"Cybersecurity & Digital Risk";"2024-12-15";"Less than 1 year"
202401996;1996;2024;"Manager";"France";"Customer Experience & Design";"2024-12-15";"Less than 1 year"
202401997;1997;2024;"Non-manager";"France";"Finance & Operations";"2024-12-15";"Less than 1 year"
202401998;1998;2024;"Manager";"Denmark";"Finance & Operations";"2024-12-15";"Less than 1 year"
202401999;1999;2024;"Manager";"France";"Digital Strategy Consulting";"2024-12-15";"Less than 1 year"
202402000;2000;2024;"Non-manager";"Sweden";"Customer Experience & Design";"2024-12-15";"Less than 1 year"
202402001;2001;2024;"Non-manager";"Sweden";"Customer Experience & Design";"2024-12-15";"Less than 1 year"
202402002;2002;2024;"Non-manager";"Sweden";"Finance & Operations";"2024-12-15";"Less than 1 year"
202402003;2003;2024;"Non-manager";"Denmark";"Digital Strategy Consulting";"2024-12-15";"Less than 1 year"
202402004;2004;2024;"Non-manager";"Germany";"Data & Analytics Consulting";"2024-12-15";"Less than 1 year"
202402005;2005;2024;"Non-manager";"Sweden";"Digital Marketing & Growth";"2024-12-15";"Less than 1 year"
202402006;2006;2024;"Non-manager";"Spain";"Digital Strategy Consulting";"2024-12-15";"Less than 1 year"
202402007;2007;2024;"Non-manager";"Germany";"Finance & Operations";"2024-12-15";"Less than 1 year"
202402008;2008;2024;"Manager";"Denmark";"Technology & IT Strategy";"2024-12-15";"Less than 1 year"
202402009;2009;2024;"Non-manager";"France";"Digital Strategy Consulting";"2024-12-15";"Less than 1 year"
202402010;2010;2024;"Non-manager";"Germany";"Transformation & Change Management";"2024-12-15";"Less than 1 year"
202402011;2011;2024;"Non-manager";"Spain";"Technology & IT Strategy";"2024-12-15";"Less than 1 year"
202402012;2012;2024;"Non-manager";"Sweden";"Transformation & Change Management";"2024-12-15";"Less than 1 year"
202402013;2013;2024;"Non-manager";"France";"Finance & Operations";"2024-12-15";"Less than 1 year"
202402014;2014;2024;"Non-manager";"Germany";"Customer Experience & Design";"2024-12-15";"Less than 1 year"
202402015;2015;2024;"Non-manager";"Denmark";"Data & Analytics Consulting";"2024-12-15";"Less than 1 year"
202402016;2016;2024;"Manager";"Sweden";"Cybersecurity & Digital Risk";"2024-12-15";"Less than 1 year"
202402017;2017;2024;"Non-manager";"Spain";"Digital Strategy Consulting";"2024-12-15";"Less than 1 year"
202402018;2018;2024;"Non-manager";"Sweden";"Finance & Operations";"2024-12-15";"Less than 1 year"
202402019;2019;2024;"Non-manager";"Spain";"Transformation & Change Management";"2024-12-15";"Less than 1 year"
202402020;2020;2024;"Manager";"Spain";"Transformation & Change Management";"2024-12-15";"Less than 1 year"
202402021;2021;2024;"Non-manager";"France";"Sales & Business Development";"2024-12-15";"Less than 1 year"
202402022;2022;2024;"Non-manager";"Germany";"Customer Experience & Design";"2024-12-15";"Less than 1 year"
202402023;2023;2024;"Manager";"France";"Digital Marketing & Growth";"2024-12-15";"Less than 1 year"
202402024;2024;2024;"Non-manager";"Sweden";"Data & Analytics Consulting";"2024-12-15";"Less than 1 year"
202402025;2025;2024;"Non-manager";"Sweden";"Data & Analytics Consulting";"2024-12-15";"Less than 1 year"
202402026;2026;2024;"Non-manager";"Sweden";"Digital Strategy Consulting";"2024-12-15";"Less than 1 year"
202402027;2027;2024;"Non-manager";"Sweden";"Digital Strategy Consulting";"2024-12-15";"Less than 1 year"
202402028;2028;2024;"Non-manager";"France";"Cybersecurity & Digital Risk";"2024-12-15";"Less than 1 year"
202402029;2029;2024;"Manager";"Germany";"Transformation & Change Management";"2024-12-15";"Less than 1 year"
202402030;2030;2024;"Non-manager";"Sweden";"Data & Analytics Consulting";"2024-12-15";"Less than 1 year"
202500001;1;2025;"Manager";"Sweden";"Digital Strategy Consulting";"2025-12-15";"15+ years"
202500002;2;2025;"Manager";"Denmark";"Finance & Operations";"2025-12-15";"1-2 years"
202500003;3;2025;"Manager";"Sweden";"Technology & IT Strategy";"2025-12-15";"1-2 years"
202500004;4;2025;"Manager";"Sweden";"Transformation & Change Management";"2025-12-15";"6-9 years"
202500005;5;2025;"Manager";"Sweden";"Digital Strategy Consulting";"2025-12-15";"15+ years"
202500006;6;2025;"Non-manager";"Sweden";"Digital Marketing & Growth";"2025-12-15";"3-5 years"
202500007;7;2025;"Manager";"Sweden";"Sales & Business Development";"2025-12-15";"3-5 years"
202500008;8;2025;"Manager";"Sweden";"Customer Experience & Design";"2025-12-15";"1-2 years"
202500009;9;2025;"Non-manager";"Sweden";"Digital Strategy Consulting";"2025-12-15";"6-9 years"
202500010;10;2025;"Non-manager";"Sweden";"Transformation & Change Management";"2025-12-15";"1-2 years"
202500011;11;2025;"Manager";"Germany";"Transformation & Change Management";"2025-12-15";"6-9 years"
202500012;12;2025;"Non-manager";"Sweden";"Finance & Operations";"2025-12-15";"6-9 years"
202500013;13;2025;"Non-manager";"Spain";"Customer Experience & Design";"2025-12-15";"6-9 years"
202500014;14;2025;"Non-manager";"Sweden";"Technology & IT Strategy";"2025-12-15";"1-2 years"
202500015;15;2025;"Manager";"Sweden";"Transformation & Change Management";"2025-12-15";"3-5 years"
202500016;16;2025;"Non-manager";"Sweden";"Sales & Business Development";"2025-12-15";"10-15 years"
202500017;17;2025;"Manager";"Sweden";"Finance & Operations";"2025-12-15";"10-15 years"
202500018;18;2025;"Manager";"Germany";"Technology & IT Strategy";"2025-12-15";"3-5 years"
202500019;19;2025;"Manager";"Spain";"Technology & IT Strategy";"2025-12-15";"10-15 years"
202500020;20;2025;"Manager";"Sweden";"Transformation & Change Management";"2025-12-15";"10-15 years"
202500022;22;2025;"Manager";"Sweden";"Transformation & Change Management";"2025-12-15";"6-9 years"
202500023;23;2025;"Non-manager";"Germany";"Data & Analytics Consulting";"2025-12-15";"3-5 years"
202500024;24;2025;"Non-manager";"Germany";"Transformation & Change Management";"2025-12-15";"3-5 years"
202500025;25;2025;"Manager";"Denmark";"Finance & Operations";"2025-12-15";"3-5 years"
202500026;26;2025;"Non-manager";"Sweden";"Finance & Operations";"2025-12-15";"3-5 years"
202500027;27;2025;"Manager";"Sweden";"Technology & IT Strategy";"2025-12-15";"6-9 years"
202500028;28;2025;"Non-manager";"Denmark";"Transformation & Change Management";"2025-12-15";"1-2 years"
202500029;29;2025;"Manager";"Spain";"Human Resources";"2025-12-15";"10-15 years"
202500031;31;2025;"Non-manager";"France";"Customer Experience & Design";"2025-12-15";"3-5 years"
202500032;32;2025;"Non-manager";"Germany";"Customer Experience & Design";"2025-12-15";"3-5 years"
202500033;33;2025;"Non-manager";"Denmark";"Digital Strategy Consulting";"2025-12-15";"6-9 years"
202500034;34;2025;"Manager";"Denmark";"Sales & Business Development";"2025-12-15";"6-9 years"
202500035;35;2025;"Non-manager";"France";"Digital Strategy Consulting";"2025-12-15";"3-5 years"
202500036;36;2025;"Manager";"Sweden";"Finance & Operations";"2025-12-15";"10-15 years"
202500037;37;2025;"Manager";"Germany";"Data & Analytics Consulting";"2025-12-15";"3-5 years"
202500038;38;2025;"Non-manager";"Denmark";"Finance & Operations";"2025-12-15";"3-5 years"
202500039;39;2025;"Manager";"Germany";"Digital Strategy Consulting";"2025-12-15";"1-2 years"
202500042;42;2025;"Non-manager";"Spain";"Technology & IT Strategy";"2025-12-15";"3-5 years"
202500043;43;2025;"Non-manager";"Sweden";"Digital Strategy Consulting";"2025-12-15";"3-5 years"
202500044;44;2025;"Manager";"Sweden";"Transformation & Change Management";"2025-12-15";"3-5 years"
202500046;46;2025;"Non-manager";"Germany";"Technology & IT Strategy";"2025-12-15";"3-5 years"
202500047;47;2025;"Manager";"Sweden";"Transformation & Change Management";"2025-12-15";"10-15 years"
202500048;48;2025;"Manager";"Germany";"Data & Analytics Consulting";"2025-12-15";"1-2 years"
202500049;49;2025;"Manager";"Spain";"Technology & IT Strategy";"2025-12-15";"15+ years"
202500050;50;2025;"Non-manager";"France";"Human Resources";"2025-12-15";"6-9 years"
202500051;51;2025;"Non-manager";"Germany";"Digital Strategy Consulting";"2025-12-15";"3-5 years"
202500052;52;2025;"Manager";"Sweden";"Technology & IT Strategy";"2025-12-15";"3-5 years"
202500053;53;2025;"Manager";"Sweden";"Transformation & Change Management";"2025-12-15";"3-5 years"
202500054;54;2025;"Manager";"Germany";"Digital Strategy Consulting";"2025-12-15";"6-9 years"
202500055;55;2025;"Manager";"Sweden";"Technology & IT Strategy";"2025-12-15";"6-9 years"
202500056;56;2025;"Manager";"Sweden";"Human Resources";"2025-12-15";"6-9 years"
202500058;58;2025;"Non-manager";"Denmark";"Finance & Operations";"2025-12-15";"3-5 years"
202500059;59;2025;"Manager";"Germany";"Finance & Operations";"2025-12-15";"3-5 years"
202500060;60;2025;"Non-manager";"Germany";"Customer Experience & Design";"2025-12-15";"3-5 years"
202500061;61;2025;"Manager";"Sweden";"Technology & IT Strategy";"2025-12-15";"3-5 years"
202500062;62;2025;"Non-manager";"Germany";"Human Resources";"2025-12-15";"10-15 years"
202500063;63;2025;"Manager";"Sweden";"Finance & Operations";"2025-12-15";"3-5 years"
202500064;64;2025;"Non-manager";"Spain";"Data & Analytics Consulting";"2025-12-15";"3-5 years"
202500065;65;2025;"Manager";"Sweden";"Data & Analytics Consulting";"2025-12-15";"15+ years"
202500066;66;2025;"Manager";"Sweden";"Technology & IT Strategy";"2025-12-15";"6-9 years"
202500067;67;2025;"Non-manager";"Spain";"Technology & IT Strategy";"2025-12-15";"1-2 years"
202500068;68;2025;"Manager";"Sweden";"Finance & Operations";"2025-12-15";"3-5 years"
202500069;69;2025;"Manager";"Denmark";"Digital Strategy Consulting";"2025-12-15";"3-5 years"
202500070;70;2025;"Non-manager";"France";"Sales & Business Development";"2025-12-15";"3-5 years"
202500071;71;2025;"Manager";"Spain";"Digital Marketing & Growth";"2025-12-15";"3-5 years"
202500072;72;2025;"Manager";"France";"Sales & Business Development";"2025-12-15";"1-2 years"
202500073;73;2025;"Manager";"Sweden";"Data & Analytics Consulting";"2025-12-15";"3-5 years"
202500075;75;2025;"Manager";"Sweden";"Finance & Operations";"2025-12-15";"1-2 years"
202500076;76;2025;"Manager";"Denmark";"Transformation & Change Management";"2025-12-15";"6-9 years"
202500077;77;2025;"Non-manager";"Germany";"Cybersecurity & Digital Risk";"2025-12-15";"6-9 years"
202500078;78;2025;"Manager";"Sweden";"Digital Strategy Consulting";"2025-12-15";"1-2 years"
202500079;79;2025;"Manager";"Spain";"Sales & Business Development";"2025-12-15";"3-5 years"
202500080;80;2025;"Manager";"France";"Cybersecurity & Digital Risk";"2025-12-15";"10-15 years"
202500081;81;2025;"Non-manager";"France";"Finance & Operations";"2025-12-15";"3-5 years"
202500082;82;2025;"Manager";"Sweden";"Finance & Operations";"2025-12-15";"6-9 years"
202500083;83;2025;"Manager";"Germany";"Digital Strategy Consulting";"2025-12-15";"10-15 years"
202500085;85;2025;"Non-manager";"Spain";"Digital Strategy Consulting";"2025-12-15";"3-5 years"
202500086;86;2025;"Manager";"Spain";"Technology & IT Strategy";"2025-12-15";"6-9 years"
202500087;87;2025;"Non-manager";"Spain";"Finance & Operations";"2025-12-15";"15+ years"
202500088;88;2025;"Manager";"Sweden";"Digital Marketing & Growth";"2025-12-15";"1-2 years"
202500089;89;2025;"Manager";"Sweden";"Digital Strategy Consulting";"2025-12-15";"1-2 years"
202500090;90;2025;"Manager";"Germany";"Human Resources";"2025-12-15";"10-15 years"
202500091;91;2025;"Manager";"Spain";"Finance & Operations";"2025-12-15";"6-9 years"
202500092;92;2025;"Manager";"France";"Sales & Business Development";"2025-12-15";"15+ years"
202500093;93;2025;"Non-manager";"Sweden";"Digital Strategy Consulting";"2025-12-15";"3-5 years"
202500094;94;2025;"Manager";"Denmark";"Cybersecurity & Digital Risk";"2025-12-15";"6-9 years"
202500095;95;2025;"Non-manager";"Sweden";"Customer Experience & Design";"2025-12-15";"6-9 years"
202500096;96;2025;"Manager";"Denmark";"Technology & IT Strategy";"2025-12-15";"10-15 years"
202500098;98;2025;"Non-manager";"Denmark";"Digital Marketing & Growth";"2025-12-15";"6-9 years"
202500099;99;2025;"Non-manager";"Sweden";"Digital Strategy Consulting";"2025-12-15";"10-15 years"
202500100;100;2025;"Manager";"Sweden";"Digital Strategy Consulting";"2025-12-15";"1-2 years"
202500101;101;2025;"Non-manager";"Sweden";"Digital Strategy Consulting";"2025-12-15";"6-9 years"
202500102;102;2025;"Manager";"Spain";"Finance & Operations";"2025-12-15";"6-9 years"
202500103;103;2025;"Non-manager";"Sweden";"Human Resources";"2025-12-15";"3-5 years"
202500104;104;2025;"Manager";"Sweden";"Data & Analytics Consulting";"2025-12-15";"3-5 years"
202500105;105;2025;"Manager";"Sweden";"Sales & Business Development";"2025-12-15";"3-5 years"
202500106;106;2025;"Manager";"Denmark";"Sales & Business Development";"2025-12-15";"6-9 years"
202500108;108;2025;"Non-manager";"Spain";"Data & Analytics Consulting";"2025-12-15";"3-5 years"
202500109;109;2025;"Manager";"Denmark";"Technology & IT Strategy";"2025-12-15";"3-5 years"
202500110;110;2025;"Manager";"Sweden";"Data & Analytics Consulting";"2025-12-15";"6-9 years"
202500111;111;2025;"Non-manager";"Sweden";"Data & Analytics Consulting";"2025-12-15";"1-2 years"
202500112;112;2025;"Manager";"Sweden";"Digital Marketing & Growth";"2025-12-15";"6-9 years"
202500113;113;2025;"Manager";"Sweden";"Cybersecurity & Digital Risk";"2025-12-15";"3-5 years"
202500115;115;2025;"Non-manager";"Spain";"Digital Marketing & Growth";"2025-12-15";"3-5 years"
202500116;116;2025;"Manager";"Sweden";"Sales & Business Development";"2025-12-15";"6-9 years"
202500117;117;2025;"Manager";"Sweden";"Human Resources";"2025-12-15";"6-9 years"
202500118;118;2025;"Manager";"Sweden";"Sales & Business Development";"2025-12-15";"3-5 years"
202500119;119;2025;"Manager";"Sweden";"Data & Analytics Consulting";"2025-12-15";"15+ years"
202500120;120;2025;"Non-manager";"Germany";"Customer Experience & Design";"2025-12-15";"6-9 years"
202500121;121;2025;"Manager";"Sweden";"Technology & IT Strategy";"2025-12-15";"6-9 years"
202500122;122;2025;"Manager";"Sweden";"Customer Experience & Design";"2025-12-15";"3-5 years"
202500123;123;2025;"Non-manager";"Denmark";"Data & Analytics Consulting";"2025-12-15";"6-9 years"
202500124;124;2025;"Non-manager";"France";"Transformation & Change Management";"2025-12-15";"6-9 years"
202500125;125;2025;"Manager";"Sweden";"Digital Strategy Consulting";"2025-12-15";"3-5 years"
202500127;127;2025;"Non-manager";"Germany";"Cybersecurity & Digital Risk";"2025-12-15";"3-5 years"
202500128;128;2025;"Manager";"France";"Technology & IT Strategy";"2025-12-15";"10-15 years"
202500129;129;2025;"Manager";"Spain";"Data & Analytics Consulting";"2025-12-15";"6-9 years"
202500130;130;2025;"Manager";"Sweden";"Digital Strategy Consulting";"2025-12-15";"3-5 years"
202500131;131;2025;"Manager";"France";"Sales & Business Development";"2025-12-15";"3-5 years"
202500133;133;2025;"Manager";"Sweden";"Data & Analytics Consulting";"2025-12-15";"3-5 years"
202500134;134;2025;"Manager";"France";"Transformation & Change Management";"2025-12-15";"6-9 years"
202500135;135;2025;"Non-manager";"Sweden";"Technology & IT Strategy";"2025-12-15";"6-9 years"
202500136;136;2025;"Non-manager";"Sweden";"Customer Experience & Design";"2025-12-15";"6-9 years"
202500137;137;2025;"Manager";"Germany";"Customer Experience & Design";"2025-12-15";"3-5 years"
202500138;138;2025;"Manager";"Sweden";"Finance & Operations";"2025-12-15";"10-15 years"
202500139;139;2025;"Manager";"Denmark";"Digital Marketing & Growth";"2025-12-15";"3-5 years"
202500140;140;2025;"Manager";"France";"Digital Strategy Consulting";"2025-12-15";"1-2 years"
202500141;141;2025;"Manager";"Spain";"Finance & Operations";"2025-12-15";"1-2 years"
202500142;142;2025;"Manager";"Sweden";"Technology & IT Strategy";"2025-12-15";"3-5 years"
202500143;143;2025;"Manager";"Sweden";"Transformation & Change Management";"2025-12-15";"10-15 years"
202500144;144;2025;"Manager";"Sweden";"Customer Experience & Design";"2025-12-15";"15+ years"
202500145;145;2025;"Manager";"Spain";"Digital Marketing & Growth";"2025-12-15";"3-5 years"
202500147;147;2025;"Non-manager";"Sweden";"Sales & Business Development";"2025-12-15";"3-5 years"
202500148;148;2025;"Non-manager";"Denmark";"Technology & IT Strategy";"2025-12-15";"3-5 years"
202500149;149;2025;"Non-manager";"Spain";"Digital Strategy Consulting";"2025-12-15";"15+ years"
202500150;150;2025;"Manager";"Sweden";"Sales & Business Development";"2025-12-15";"10-15 years"
202500151;151;2025;"Non-manager";"France";"Data & Analytics Consulting";"2025-12-15";"15+ years"
202500152;152;2025;"Manager";"Denmark";"Digital Marketing & Growth";"2025-12-15";"3-5 years"
202500153;153;2025;"Manager";"Sweden";"Transformation & Change Management";"2025-12-15";"3-5 years"
202500154;154;2025;"Manager";"Denmark";"Transformation & Change Management";"2025-12-15";"3-5 years"
202500155;155;2025;"Non-manager";"Germany";"Digital Strategy Consulting";"2025-12-15";"3-5 years"
202500156;156;2025;"Manager";"Denmark";"Digital Strategy Consulting";"2025-12-15";"10-15 years"
202500157;157;2025;"Non-manager";"Spain";"Data & Analytics Consulting";"2025-12-15";"15+ years"
202500158;158;2025;"Non-manager";"Sweden";"Finance & Operations";"2025-12-15";"1-2 years"
202500160;160;2025;"Manager";"Sweden";"Digital Strategy Consulting";"2025-12-15";"6-9 years"
202500161;161;2025;"Manager";"Sweden";"Data & Analytics Consulting";"2025-12-15";"3-5 years"
202500162;162;2025;"Manager";"Denmark";"Transformation & Change Management";"2025-12-15";"10-15 years"
202500163;163;2025;"Manager";"France";"Digital Strategy Consulting";"2025-12-15";"1-2 years"
202500164;164;2025;"Non-manager";"Sweden";"Transformation & Change Management";"2025-12-15";"3-5 years"
202500166;166;2025;"Manager";"Sweden";"Human Resources";"2025-12-15";"10-15 years"
202500167;167;2025;"Non-manager";"Spain";"Customer Experience & Design";"2025-12-15";"3-5 years"
202500168;168;2025;"Manager";"Sweden";"Data & Analytics Consulting";"2025-12-15";"6-9 years"
202500169;169;2025;"Non-manager";"Sweden";"Customer Experience & Design";"2025-12-15";"3-5 years"
202500170;170;2025;"Non-manager";"Sweden";"Human Resources";"2025-12-15";"3-5 years"
202500171;171;2025;"Manager";"Sweden";"Sales & Business Development";"2025-12-15";"15+ years"
202500172;172;2025;"Manager";"Spain";"Data & Analytics Consulting";"2025-12-15";"3-5 years"
202500173;173;2025;"Manager";"Spain";"Human Resources";"2025-12-15";"6-9 years"
202500174;174;2025;"Manager";"Germany";"Human Resources";"2025-12-15";"3-5 years"
202500175;175;2025;"Non-manager";"Sweden";"Data & Analytics Consulting";"2025-12-15";"6-9 years"
202500176;176;2025;"Manager";"Sweden";"Digital Strategy Consulting";"2025-12-15";"15+ years"
202500178;178;2025;"Manager";"Denmark";"Sales & Business Development";"2025-12-15";"3-5 years"
202500179;179;2025;"Manager";"Sweden";"Customer Experience & Design";"2025-12-15";"6-9 years"
202500180;180;2025;"Non-manager";"Spain";"Cybersecurity & Digital Risk";"2025-12-15";"1-2 years"
202500181;181;2025;"Manager";"Spain";"Data & Analytics Consulting";"2025-12-15";"3-5 years"
202500182;182;2025;"Non-manager";"Denmark";"Finance & Operations";"2025-12-15";"3-5 years"
202500184;184;2025;"Manager";"Spain";"Finance & Operations";"2025-12-15";"6-9 years"
202500185;185;2025;"Non-manager";"Sweden";"Data & Analytics Consulting";"2025-12-15";"10-15 years"
202500187;187;2025;"Manager";"Sweden";"Finance & Operations";"2025-12-15";"6-9 years"
202500188;188;2025;"Manager";"France";"Human Resources";"2025-12-15";"3-5 years"
202500189;189;2025;"Non-manager";"Spain";"Finance & Operations";"2025-12-15";"6-9 years"
202500191;191;2025;"Manager";"Sweden";"Data & Analytics Consulting";"2025-12-15";"3-5 years"
202500192;192;2025;"Manager";"Spain";"Sales & Business Development";"2025-12-15";"10-15 years"
202500194;194;2025;"Manager";"Germany";"Transformation & Change Management";"2025-12-15";"10-15 years"
202500195;195;2025;"Manager";"Denmark";"Customer Experience & Design";"2025-12-15";"15+ years"
202500196;196;2025;"Non-manager";"Spain";"Data & Analytics Consulting";"2025-12-15";"6-9 years"
202500197;197;2025;"Non-manager";"Germany";"Finance & Operations";"2025-12-15";"3-5 years"
202500199;199;2025;"Non-manager";"Spain";"Finance & Operations";"2025-12-15";"3-5 years"
202500200;200;2025;"Manager";"Germany";"Cybersecurity & Digital Risk";"2025-12-15";"6-9 years"
202500201;201;2025;"Non-manager";"France";"Sales & Business Development";"2025-12-15";"3-5 years"
202500202;202;2025;"Non-manager";"Sweden";"Digital Strategy Consulting";"2025-12-15";"1-2 years"
202500203;203;2025;"Manager";"Spain";"Transformation & Change Management";"2025-12-15";"3-5 years"
202500204;204;2025;"Manager";"Denmark";"Digital Marketing & Growth";"2025-12-15";"6-9 years"
202500205;205;2025;"Non-manager";"Spain";"Technology & IT Strategy";"2025-12-15";"6-9 years"
202500206;206;2025;"Manager";"Sweden";"Customer Experience & Design";"2025-12-15";"1-2 years"
202500207;207;2025;"Manager";"Germany";"Data & Analytics Consulting";"2025-12-15";"1-2 years"
202500208;208;2025;"Manager";"Sweden";"Data & Analytics Consulting";"2025-12-15";"3-5 years"
202500209;209;2025;"Manager";"Sweden";"Transformation & Change Management";"2025-12-15";"1-2 years"
202500210;210;2025;"Manager";"Germany";"Digital Marketing & Growth";"2025-12-15";"1-2 years"
202500212;212;2025;"Manager";"Sweden";"Digital Strategy Consulting";"2025-12-15";"3-5 years"
202500213;213;2025;"Non-manager";"Germany";"Technology & IT Strategy";"2025-12-15";"6-9 years"
202500214;214;2025;"Manager";"Sweden";"Digital Marketing & Growth";"2025-12-15";"3-5 years"
202500215;215;2025;"Manager";"Sweden";"Cybersecurity & Digital Risk";"2025-12-15";"1-2 years"
202500218;218;2025;"Non-manager";"Denmark";"Data & Analytics Consulting";"2025-12-15";"1-2 years"
202500219;219;2025;"Non-manager";"Sweden";"Digital Marketing & Growth";"2025-12-15";"6-9 years"
202500220;220;2025;"Manager";"Spain";"Sales & Business Development";"2025-12-15";"6-9 years"
202500221;221;2025;"Non-manager";"Sweden";"Transformation & Change Management";"2025-12-15";"6-9 years"
202500223;223;2025;"Manager";"France";"Digital Strategy Consulting";"2025-12-15";"6-9 years"
202500224;224;2025;"Non-manager";"Denmark";"Customer Experience & Design";"2025-12-15";"1-2 years"
202500225;225;2025;"Manager";"Sweden";"Human Resources";"2025-12-15";"6-9 years"
202500226;226;2025;"Non-manager";"Sweden";"Transformation & Change Management";"2025-12-15";"3-5 years"
202500227;227;2025;"Manager";"Sweden";"Data & Analytics Consulting";"2025-12-15";"6-9 years"
202500228;228;2025;"Non-manager";"Spain";"Finance & Operations";"2025-12-15";"3-5 years"
202500229;229;2025;"Non-manager";"Sweden";"Data & Analytics Consulting";"2025-12-15";"3-5 years"
202500230;230;2025;"Non-manager";"Sweden";"Sales & Business Development";"2025-12-15";"1-2 years"
202500231;231;2025;"Non-manager";"Germany";"Sales & Business Development";"2025-12-15";"3-5 years"
202500232;232;2025;"Manager";"Spain";"Technology & IT Strategy";"2025-12-15";"1-2 years"
202500233;233;2025;"Manager";"Germany";"Transformation & Change Management";"2025-12-15";"3-5 years"
202500234;234;2025;"Non-manager";"Sweden";"Finance & Operations";"2025-12-15";"3-5 years"
202500235;235;2025;"Manager";"Sweden";"Transformation & Change Management";"2025-12-15";"3-5 years"
202500236;236;2025;"Manager";"Sweden";"Cybersecurity & Digital Risk";"2025-12-15";"10-15 years"
202500237;237;2025;"Manager";"Sweden";"Sales & Business Development";"2025-12-15";"3-5 years"
202500238;238;2025;"Manager";"Sweden";"Cybersecurity & Digital Risk";"2025-12-15";"3-5 years"
202500239;239;2025;"Manager";"Spain";"Sales & Business Development";"2025-12-15";"6-9 years"
202500240;240;2025;"Manager";"Sweden";"Technology & IT Strategy";"2025-12-15";"3-5 years"
202500241;241;2025;"Manager";"Denmark";"Digital Marketing & Growth";"2025-12-15";"3-5 years"
202500242;242;2025;"Manager";"Germany";"Human Resources";"2025-12-15";"10-15 years"
202500244;244;2025;"Non-manager";"Sweden";"Data & Analytics Consulting";"2025-12-15";"1-2 years"
202500246;246;2025;"Manager";"Sweden";"Technology & IT Strategy";"2025-12-15";"1-2 years"
202500247;247;2025;"Manager";"Germany";"Finance & Operations";"2025-12-15";"1-2 years"
202500248;248;2025;"Non-manager";"Sweden";"Customer Experience & Design";"2025-12-15";"1-2 years"
202500249;249;2025;"Manager";"France";"Digital Strategy Consulting";"2025-12-15";"3-5 years"
202500250;250;2025;"Manager";"France";"Transformation & Change Management";"2025-12-15";"10-15 years"
202500251;251;2025;"Manager";"Germany";"Data & Analytics Consulting";"2025-12-15";"3-5 years"
202500252;252;2025;"Manager";"Spain";"Transformation & Change Management";"2025-12-15";"10-15 years"
202500253;253;2025;"Manager";"Sweden";"Data & Analytics Consulting";"2025-12-15";"10-15 years"
202500254;254;2025;"Manager";"Sweden";"Sales & Business Development";"2025-12-15";"3-5 years"
202500255;255;2025;"Non-manager";"France";"Digital Strategy Consulting";"2025-12-15";"3-5 years"
202500256;256;2025;"Manager";"Sweden";"Transformation & Change Management";"2025-12-15";"6-9 years"
202500258;258;2025;"Non-manager";"Sweden";"Technology & IT Strategy";"2025-12-15";"6-9 years"
202500261;261;2025;"Non-manager";"Denmark";"Sales & Business Development";"2025-12-15";"3-5 years"
202500262;262;2025;"Manager";"Sweden";"Customer Experience & Design";"2025-12-15";"3-5 years"
202500263;263;2025;"Manager";"Spain";"Human Resources";"2025-12-15";"1-2 years"
202500264;264;2025;"Non-manager";"Sweden";"Sales & Business Development";"2025-12-15";"3-5 years"
202500265;265;2025;"Manager";"Sweden";"Cybersecurity & Digital Risk";"2025-12-15";"3-5 years"
202500266;266;2025;"Manager";"France";"Transformation & Change Management";"2025-12-15";"3-5 years"
202500267;267;2025;"Non-manager";"Germany";"Customer Experience & Design";"2025-12-15";"15+ years"
202500268;268;2025;"Manager";"France";"Cybersecurity & Digital Risk";"2025-12-15";"6-9 years"
202500269;269;2025;"Manager";"Sweden";"Transformation & Change Management";"2025-12-15";"6-9 years"
202500270;270;2025;"Non-manager";"Spain";"Customer Experience & Design";"2025-12-15";"1-2 years"
202500271;271;2025;"Manager";"Sweden";"Technology & IT Strategy";"2025-12-15";"6-9 years"
202500272;272;2025;"Non-manager";"Germany";"Digital Strategy Consulting";"2025-12-15";"1-2 years"
202500273;273;2025;"Manager";"Sweden";"Human Resources";"2025-12-15";"10-15 years"
202500274;274;2025;"Manager";"Germany";"Finance & Operations";"2025-12-15";"3-5 years"
202500275;275;2025;"Manager";"Sweden";"Technology & IT Strategy";"2025-12-15";"6-9 years"
202500277;277;2025;"Non-manager";"Sweden";"Digital Marketing & Growth";"2025-12-15";"6-9 years"
202500278;278;2025;"Non-manager";"Sweden";"Data & Analytics Consulting";"2025-12-15";"3-5 years"
202500279;279;2025;"Non-manager";"Sweden";"Human Resources";"2025-12-15";"6-9 years"
202500280;280;2025;"Manager";"Spain";"Digital Strategy Consulting";"2025-12-15";"10-15 years"
202500281;281;2025;"Manager";"France";"Cybersecurity & Digital Risk";"2025-12-15";"10-15 years"
202500282;282;2025;"Manager";"Sweden";"Human Resources";"2025-12-15";"3-5 years"
202500283;283;2025;"Non-manager";"Sweden";"Digital Marketing & Growth";"2025-12-15";"3-5 years"
202500285;285;2025;"Non-manager";"Sweden";"Transformation & Change Management";"2025-12-15";"1-2 years"
202500286;286;2025;"Non-manager";"Sweden";"Digital Strategy Consulting";"2025-12-15";"6-9 years"
202500287;287;2025;"Manager";"Denmark";"Digital Marketing & Growth";"2025-12-15";"3-5 years"
202500288;288;2025;"Non-manager";"Sweden";"Cybersecurity & Digital Risk";"2025-12-15";"3-5 years"
202500289;289;2025;"Manager";"Spain";"Finance & Operations";"2025-12-15";"6-9 years"
202500290;290;2025;"Manager";"France";"Technology & IT Strategy";"2025-12-15";"3-5 years"
202500291;291;2025;"Manager";"Sweden";"Customer Experience & Design";"2025-12-15";"10-15 years"
202500292;292;2025;"Manager";"Sweden";"Technology & IT Strategy";"2025-12-15";"6-9 years"
202500293;293;2025;"Manager";"Sweden";"Sales & Business Development";"2025-12-15";"6-9 years"
202500294;294;2025;"Manager";"Germany";"Sales & Business Development";"2025-12-15";"3-5 years"
202500295;295;2025;"Manager";"Germany";"Finance & Operations";"2025-12-15";"15+ years"
202500296;296;2025;"Manager";"Sweden";"Transformation & Change Management";"2025-12-15";"3-5 years"
202500297;297;2025;"Non-manager";"Spain";"Digital Strategy Consulting";"2025-12-15";"3-5 years"
202500298;298;2025;"Manager";"Sweden";"Transformation & Change Management";"2025-12-15";"3-5 years"
202500299;299;2025;"Non-manager";"Spain";"Finance & Operations";"2025-12-15";"6-9 years"
202500300;300;2025;"Manager";"Sweden";"Cybersecurity & Digital Risk";"2025-12-15";"10-15 years"
202500301;301;2025;"Non-manager";"Sweden";"Digital Marketing & Growth";"2025-12-15";"6-9 years"
202500302;302;2025;"Non-manager";"Germany";"Data & Analytics Consulting";"2025-12-15";"3-5 years"
202500303;303;2025;"Manager";"Denmark";"Transformation & Change Management";"2025-12-15";"6-9 years"
202500304;304;2025;"Non-manager";"Spain";"Digital Strategy Consulting";"2025-12-15";"3-5 years"
202500305;305;2025;"Non-manager";"Spain";"Data & Analytics Consulting";"2025-12-15";"1-2 years"
202500306;306;2025;"Non-manager";"Spain";"Data & Analytics Consulting";"2025-12-15";"10-15 years"
202500307;307;2025;"Non-manager";"Germany";"Sales & Business Development";"2025-12-15";"1-2 years"
202500308;308;2025;"Manager";"France";"Customer Experience & Design";"2025-12-15";"3-5 years"
202500309;309;2025;"Manager";"Sweden";"Finance & Operations";"2025-12-15";"3-5 years"
202500311;311;2025;"Manager";"Spain";"Data & Analytics Consulting";"2025-12-15";"3-5 years"
202500312;312;2025;"Manager";"Sweden";"Transformation & Change Management";"2025-12-15";"10-15 years"
202500313;313;2025;"Non-manager";"France";"Digital Marketing & Growth";"2025-12-15";"6-9 years"
202500314;314;2025;"Non-manager";"Sweden";"Digital Marketing & Growth";"2025-12-15";"10-15 years"
202500315;315;2025;"Non-manager";"Sweden";"Transformation & Change Management";"2025-12-15";"6-9 years"
202500316;316;2025;"Non-manager";"France";"Human Resources";"2025-12-15";"3-5 years"
202500317;317;2025;"Non-manager";"Sweden";"Transformation & Change Management";"2025-12-15";"3-5 years"
202500318;318;2025;"Manager";"France";"Transformation & Change Management";"2025-12-15";"3-5 years"
202500319;319;2025;"Manager";"Sweden";"Cybersecurity & Digital Risk";"2025-12-15";"10-15 years"
202500320;320;2025;"Non-manager";"Spain";"Data & Analytics Consulting";"2025-12-15";"10-15 years"
202500321;321;2025;"Manager";"Sweden";"Human Resources";"2025-12-15";"1-2 years"
202500322;322;2025;"Non-manager";"Spain";"Finance & Operations";"2025-12-15";"6-9 years"
202500323;323;2025;"Manager";"Germany";"Digital Strategy Consulting";"2025-12-15";"6-9 years"
202500324;324;2025;"Non-manager";"Germany";"Customer Experience & Design";"2025-12-15";"3-5 years"
202500325;325;2025;"Manager";"France";"Finance & Operations";"2025-12-15";"6-9 years"
202500326;326;2025;"Non-manager";"Spain";"Finance & Operations";"2025-12-15";"3-5 years"
202500327;327;2025;"Manager";"Sweden";"Technology & IT Strategy";"2025-12-15";"10-15 years"
202500328;328;2025;"Non-manager";"Germany";"Digital Marketing & Growth";"2025-12-15";"3-5 years"
202500329;329;2025;"Manager";"France";"Transformation & Change Management";"2025-12-15";"10-15 years"
202500330;330;2025;"Non-manager";"Sweden";"Cybersecurity & Digital Risk";"2025-12-15";"1-2 years"
202500331;331;2025;"Manager";"Spain";"Digital Strategy Consulting";"2025-12-15";"10-15 years"
202500332;332;2025;"Manager";"Sweden";"Digital Marketing & Growth";"2025-12-15";"6-9 years"
202500333;333;2025;"Non-manager";"Germany";"Cybersecurity & Digital Risk";"2025-12-15";"10-15 years"
202500334;334;2025;"Manager";"Germany";"Transformation & Change Management";"2025-12-15";"1-2 years"
202500336;336;2025;"Manager";"Sweden";"Cybersecurity & Digital Risk";"2025-12-15";"3-5 years"
202500337;337;2025;"Manager";"Sweden";"Customer Experience & Design";"2025-12-15";"10-15 years"
202500338;338;2025;"Non-manager";"Sweden";"Finance & Operations";"2025-12-15";"6-9 years"
202500339;339;2025;"Non-manager";"Sweden";"Finance & Operations";"2025-12-15";"15+ years"
202500340;340;2025;"Non-manager";"France";"Technology & IT Strategy";"2025-12-15";"3-5 years"
202500342;342;2025;"Non-manager";"Sweden";"Sales & Business Development";"2025-12-15";"3-5 years"
202500343;343;2025;"Manager";"Sweden";"Digital Strategy Consulting";"2025-12-15";"3-5 years"
202500344;344;2025;"Manager";"Germany";"Customer Experience & Design";"2025-12-15";"1-2 years"
202500345;345;2025;"Manager";"Germany";"Digital Marketing & Growth";"2025-12-15";"3-5 years"
202500346;346;2025;"Manager";"Sweden";"Digital Strategy Consulting";"2025-12-15";"15+ years"
202500347;347;2025;"Non-manager";"Germany";"Digital Strategy Consulting";"2025-12-15";"3-5 years"
202500349;349;2025;"Non-manager";"Germany";"Transformation & Change Management";"2025-12-15";"10-15 years"
202500350;350;2025;"Manager";"France";"Customer Experience & Design";"2025-12-15";"10-15 years"
202500351;351;2025;"Manager";"France";"Data & Analytics Consulting";"2025-12-15";"6-9 years"
202500352;352;2025;"Non-manager";"Germany";"Technology & IT Strategy";"2025-12-15";"6-9 years"
202500353;353;2025;"Non-manager";"Spain";"Data & Analytics Consulting";"2025-12-15";"3-5 years"
202500354;354;2025;"Manager";"Germany";"Digital Strategy Consulting";"2025-12-15";"15+ years"
202500355;355;2025;"Manager";"Germany";"Cybersecurity & Digital Risk";"2025-12-15";"6-9 years"
202500356;356;2025;"Manager";"France";"Transformation & Change Management";"2025-12-15";"3-5 years"
202500357;357;2025;"Manager";"Sweden";"Customer Experience & Design";"2025-12-15";"10-15 years"
202500358;358;2025;"Manager";"Sweden";"Sales & Business Development";"2025-12-15";"3-5 years"
202500359;359;2025;"Manager";"Denmark";"Data & Analytics Consulting";"2025-12-15";"3-5 years"
202500360;360;2025;"Manager";"Sweden";"Human Resources";"2025-12-15";"3-5 years"
202500361;361;2025;"Manager";"Spain";"Customer Experience & Design";"2025-12-15";"6-9 years"
202500362;362;2025;"Non-manager";"Sweden";"Human Resources";"2025-12-15";"3-5 years"
202500363;363;2025;"Manager";"France";"Technology & IT Strategy";"2025-12-15";"6-9 years"
202500364;364;2025;"Non-manager";"Sweden";"Transformation & Change Management";"2025-12-15";"10-15 years"
202500365;365;2025;"Non-manager";"Germany";"Customer Experience & Design";"2025-12-15";"15+ years"
202500366;366;2025;"Non-manager";"Spain";"Digital Strategy Consulting";"2025-12-15";"3-5 years"
202500367;367;2025;"Manager";"Denmark";"Customer Experience & Design";"2025-12-15";"15+ years"
202500368;368;2025;"Manager";"Denmark";"Customer Experience & Design";"2025-12-15";"6-9 years"
202500369;369;2025;"Non-manager";"Germany";"Human Resources";"2025-12-15";"3-5 years"
202500370;370;2025;"Non-manager";"Spain";"Customer Experience & Design";"2025-12-15";"10-15 years"
202500371;371;2025;"Non-manager";"Sweden";"Data & Analytics Consulting";"2025-12-15";"1-2 years"
202500372;372;2025;"Manager";"Germany";"Data & Analytics Consulting";"2025-12-15";"1-2 years"
202500373;373;2025;"Non-manager";"Sweden";"Data & Analytics Consulting";"2025-12-15";"6-9 years"
202500374;374;2025;"Manager";"Sweden";"Sales & Business Development";"2025-12-15";"15+ years"
202500376;376;2025;"Non-manager";"Sweden";"Human Resources";"2025-12-15";"10-15 years"
202500378;378;2025;"Non-manager";"Spain";"Human Resources";"2025-12-15";"10-15 years"
202500379;379;2025;"Manager";"Spain";"Finance & Operations";"2025-12-15";"15+ years"
202500380;380;2025;"Manager";"Sweden";"Finance & Operations";"2025-12-15";"3-5 years"
202500381;381;2025;"Manager";"Germany";"Cybersecurity & Digital Risk";"2025-12-15";"6-9 years"
202500382;382;2025;"Non-manager";"Sweden";"Data & Analytics Consulting";"2025-12-15";"1-2 years"
202500383;383;2025;"Non-manager";"Sweden";"Customer Experience & Design";"2025-12-15";"3-5 years"
202500384;384;2025;"Manager";"Spain";"Human Resources";"2025-12-15";"10-15 years"
202500385;385;2025;"Manager";"Germany";"Sales & Business Development";"2025-12-15";"3-5 years"
202500386;386;2025;"Manager";"France";"Digital Marketing & Growth";"2025-12-15";"6-9 years"
202500387;387;2025;"Manager";"Germany";"Digital Strategy Consulting";"2025-12-15";"3-5 years"
202500389;389;2025;"Manager";"Denmark";"Technology & IT Strategy";"2025-12-15";"3-5 years"
202500390;390;2025;"Non-manager";"Sweden";"Transformation & Change Management";"2025-12-15";"3-5 years"
202500391;391;2025;"Manager";"Spain";"Transformation & Change Management";"2025-12-15";"10-15 years"
202500392;392;2025;"Manager";"Sweden";"Transformation & Change Management";"2025-12-15";"10-15 years"
202500394;394;2025;"Manager";"Sweden";"Data & Analytics Consulting";"2025-12-15";"3-5 years"
202500395;395;2025;"Non-manager";"Germany";"Finance & Operations";"2025-12-15";"3-5 years"
202500396;396;2025;"Non-manager";"France";"Finance & Operations";"2025-12-15";"6-9 years"
202500397;397;2025;"Manager";"Sweden";"Human Resources";"2025-12-15";"10-15 years"
202500398;398;2025;"Non-manager";"Germany";"Transformation & Change Management";"2025-12-15";"10-15 years"
202500399;399;2025;"Manager";"France";"Customer Experience & Design";"2025-12-15";"1-2 years"
202500401;401;2025;"Manager";"France";"Transformation & Change Management";"2025-12-15";"6-9 years"
202500402;402;2025;"Manager";"France";"Technology & IT Strategy";"2025-12-15";"10-15 years"
202500403;403;2025;"Manager";"France";"Customer Experience & Design";"2025-12-15";"6-9 years"
202500404;404;2025;"Manager";"Sweden";"Sales & Business Development";"2025-12-15";"10-15 years"
202500406;406;2025;"Manager";"Sweden";"Data & Analytics Consulting";"2025-12-15";"3-5 years"
202500407;407;2025;"Manager";"Sweden";"Data & Analytics Consulting";"2025-12-15";"10-15 years"
202500408;408;2025;"Non-manager";"Germany";"Digital Strategy Consulting";"2025-12-15";"3-5 years"
202500409;409;2025;"Manager";"Sweden";"Transformation & Change Management";"2025-12-15";"3-5 years"
202500410;410;2025;"Manager";"France";"Digital Strategy Consulting";"2025-12-15";"6-9 years"
202500411;411;2025;"Manager";"Sweden";"Technology & IT Strategy";"2025-12-15";"10-15 years"
202500413;413;2025;"Manager";"Sweden";"Transformation & Change Management";"2025-12-15";"10-15 years"
202500415;415;2025;"Manager";"Denmark";"Cybersecurity & Digital Risk";"2025-12-15";"6-9 years"
202500416;416;2025;"Non-manager";"Sweden";"Transformation & Change Management";"2025-12-15";"3-5 years"
202500417;417;2025;"Manager";"Denmark";"Transformation & Change Management";"2025-12-15";"3-5 years"
202500418;418;2025;"Non-manager";"Sweden";"Transformation & Change Management";"2025-12-15";"6-9 years"
202500419;419;2025;"Manager";"France";"Technology & IT Strategy";"2025-12-15";"3-5 years"
202500421;421;2025;"Manager";"Sweden";"Human Resources";"2025-12-15";"10-15 years"
202500422;422;2025;"Manager";"Denmark";"Digital Strategy Consulting";"2025-12-15";"1-2 years"
202500423;423;2025;"Non-manager";"Sweden";"Transformation & Change Management";"2025-12-15";"6-9 years"
202500424;424;2025;"Manager";"Sweden";"Digital Strategy Consulting";"2025-12-15";"6-9 years"
202500425;425;2025;"Manager";"Germany";"Sales & Business Development";"2025-12-15";"10-15 years"
202500426;426;2025;"Non-manager";"Sweden";"Transformation & Change Management";"2025-12-15";"3-5 years"
202500427;427;2025;"Manager";"Sweden";"Digital Marketing & Growth";"2025-12-15";"3-5 years"
202500428;428;2025;"Non-manager";"Spain";"Digital Marketing & Growth";"2025-12-15";"6-9 years"
202500429;429;2025;"Manager";"Sweden";"Technology & IT Strategy";"2025-12-15";"3-5 years"
202500430;430;2025;"Manager";"Sweden";"Digital Strategy Consulting";"2025-12-15";"3-5 years"
202500431;431;2025;"Manager";"Sweden";"Data & Analytics Consulting";"2025-12-15";"1-2 years"
202500432;432;2025;"Manager";"Denmark";"Data & Analytics Consulting";"2025-12-15";"3-5 years"
202500434;434;2025;"Non-manager";"Sweden";"Cybersecurity & Digital Risk";"2025-12-15";"6-9 years"
202500436;436;2025;"Manager";"Sweden";"Technology & IT Strategy";"2025-12-15";"10-15 years"
202500437;437;2025;"Manager";"Sweden";"Transformation & Change Management";"2025-12-15";"10-15 years"
202500438;438;2025;"Manager";"Germany";"Customer Experience & Design";"2025-12-15";"3-5 years"
202500439;439;2025;"Manager";"Sweden";"Cybersecurity & Digital Risk";"2025-12-15";"3-5 years"
202500440;440;2025;"Non-manager";"Sweden";"Technology & IT Strategy";"2025-12-15";"6-9 years"
202500441;441;2025;"Non-manager";"Germany";"Digital Strategy Consulting";"2025-12-15";"3-5 years"
202500442;442;2025;"Manager";"Germany";"Human Resources";"2025-12-15";"6-9 years"
202500443;443;2025;"Non-manager";"France";"Data & Analytics Consulting";"2025-12-15";"6-9 years"
202500445;445;2025;"Non-manager";"Denmark";"Cybersecurity & Digital Risk";"2025-12-15";"10-15 years"
202500446;446;2025;"Manager";"France";"Human Resources";"2025-12-15";"3-5 years"
202500447;447;2025;"Manager";"Sweden";"Technology & IT Strategy";"2025-12-15";"15+ years"
202500448;448;2025;"Non-manager";"Germany";"Finance & Operations";"2025-12-15";"6-9 years"
202500449;449;2025;"Manager";"Denmark";"Cybersecurity & Digital Risk";"2025-12-15";"10-15 years"
202500451;451;2025;"Manager";"Sweden";"Digital Strategy Consulting";"2025-12-15";"3-5 years"
202500452;452;2025;"Manager";"Sweden";"Transformation & Change Management";"2025-12-15";"15+ years"
202500453;453;2025;"Manager";"France";"Customer Experience & Design";"2025-12-15";"10-15 years"
202500454;454;2025;"Manager";"Sweden";"Digital Strategy Consulting";"2025-12-15";"1-2 years"
202500455;455;2025;"Manager";"Sweden";"Digital Strategy Consulting";"2025-12-15";"10-15 years"
202500456;456;2025;"Non-manager";"Spain";"Transformation & Change Management";"2025-12-15";"3-5 years"
202500457;457;2025;"Non-manager";"Sweden";"Technology & IT Strategy";"2025-12-15";"10-15 years"
202500459;459;2025;"Manager";"Denmark";"Customer Experience & Design";"2025-12-15";"3-5 years"
202500460;460;2025;"Non-manager";"Germany";"Cybersecurity & Digital Risk";"2025-12-15";"6-9 years"
202500461;461;2025;"Manager";"Germany";"Data & Analytics Consulting";"2025-12-15";"3-5 years"
202500462;462;2025;"Non-manager";"Sweden";"Digital Marketing & Growth";"2025-12-15";"1-2 years"
202500463;463;2025;"Non-manager";"France";"Digital Marketing & Growth";"2025-12-15";"3-5 years"
202500464;464;2025;"Manager";"Sweden";"Technology & IT Strategy";"2025-12-15";"15+ years"
202500465;465;2025;"Manager";"Denmark";"Cybersecurity & Digital Risk";"2025-12-15";"6-9 years"
202500466;466;2025;"Non-manager";"France";"Data & Analytics Consulting";"2025-12-15";"1-2 years"
202500467;467;2025;"Manager";"France";"Digital Strategy Consulting";"2025-12-15";"6-9 years"
202500468;468;2025;"Manager";"Spain";"Sales & Business Development";"2025-12-15";"3-5 years"
202500469;469;2025;"Manager";"Sweden";"Digital Strategy Consulting";"2025-12-15";"1-2 years"
202500470;470;2025;"Manager";"Sweden";"Finance & Operations";"2025-12-15";"6-9 years"
202500471;471;2025;"Non-manager";"Spain";"Digital Marketing & Growth";"2025-12-15";"1-2 years"
202500472;472;2025;"Non-manager";"Sweden";"Digital Marketing & Growth";"2025-12-15";"3-5 years"
202500473;473;2025;"Non-manager";"Denmark";"Cybersecurity & Digital Risk";"2025-12-15";"3-5 years"
202500474;474;2025;"Non-manager";"Germany";"Digital Strategy Consulting";"2025-12-15";"3-5 years"
202500475;475;2025;"Non-manager";"France";"Customer Experience & Design";"2025-12-15";"3-5 years"
202500477;477;2025;"Manager";"Germany";"Digital Strategy Consulting";"2025-12-15";"10-15 years"
202500478;478;2025;"Non-manager";"Sweden";"Human Resources";"2025-12-15";"1-2 years"
202500479;479;2025;"Manager";"France";"Digital Strategy Consulting";"2025-12-15";"1-2 years"
202500480;480;2025;"Manager";"Spain";"Technology & IT Strategy";"2025-12-15";"3-5 years"
202500481;481;2025;"Non-manager";"Sweden";"Cybersecurity & Digital Risk";"2025-12-15";"6-9 years"
202500482;482;2025;"Manager";"Sweden";"Technology & IT Strategy";"2025-12-15";"10-15 years"
202500483;483;2025;"Manager";"Germany";"Technology & IT Strategy";"2025-12-15";"6-9 years"
202500484;484;2025;"Manager";"Sweden";"Sales & Business Development";"2025-12-15";"1-2 years"
202500485;485;2025;"Manager";"Sweden";"Finance & Operations";"2025-12-15";"10-15 years"
202500486;486;2025;"Non-manager";"Sweden";"Data & Analytics Consulting";"2025-12-15";"10-15 years"
202500487;487;2025;"Manager";"Sweden";"Transformation & Change Management";"2025-12-15";"6-9 years"
202500488;488;2025;"Manager";"Sweden";"Sales & Business Development";"2025-12-15";"3-5 years"
202500489;489;2025;"Non-manager";"France";"Finance & Operations";"2025-12-15";"1-2 years"
202500490;490;2025;"Non-manager";"Sweden";"Sales & Business Development";"2025-12-15";"6-9 years"
202500491;491;2025;"Non-manager";"Sweden";"Cybersecurity & Digital Risk";"2025-12-15";"1-2 years"
202500493;493;2025;"Non-manager";"Denmark";"Data & Analytics Consulting";"2025-12-15";"3-5 years"
202500494;494;2025;"Manager";"Germany";"Customer Experience & Design";"2025-12-15";"1-2 years"
202500495;495;2025;"Non-manager";"Sweden";"Sales & Business Development";"2025-12-15";"3-5 years"
202500496;496;2025;"Manager";"Spain";"Data & Analytics Consulting";"2025-12-15";"1-2 years"
202500497;497;2025;"Non-manager";"Sweden";"Transformation & Change Management";"2025-12-15";"3-5 years"
202500498;498;2025;"Manager";"Sweden";"Customer Experience & Design";"2025-12-15";"3-5 years"
202500499;499;2025;"Non-manager";"France";"Technology & IT Strategy";"2025-12-15";"3-5 years"
202500501;501;2025;"Manager";"France";"Data & Analytics Consulting";"2025-12-15";"10-15 years"
202500502;502;2025;"Manager";"Sweden";"Finance & Operations";"2025-12-15";"3-5 years"
202500503;503;2025;"Manager";"France";"Data & Analytics Consulting";"2025-12-15";"3-5 years"
202500504;504;2025;"Manager";"Sweden";"Cybersecurity & Digital Risk";"2025-12-15";"3-5 years"
202500505;505;2025;"Manager";"France";"Transformation & Change Management";"2025-12-15";"15+ years"
202500506;506;2025;"Manager";"France";"Human Resources";"2025-12-15";"3-5 years"
202500507;507;2025;"Manager";"Denmark";"Digital Strategy Consulting";"2025-12-15";"3-5 years"
202500508;508;2025;"Manager";"Spain";"Customer Experience & Design";"2025-12-15";"1-2 years"
202500509;509;2025;"Non-manager";"Sweden";"Data & Analytics Consulting";"2025-12-15";"10-15 years"
202500510;510;2025;"Manager";"Germany";"Finance & Operations";"2025-12-15";"1-2 years"
202500511;511;2025;"Manager";"Denmark";"Technology & IT Strategy";"2025-12-15";"10-15 years"
202500512;512;2025;"Non-manager";"France";"Human Resources";"2025-12-15";"3-5 years"
202500513;513;2025;"Manager";"Germany";"Technology & IT Strategy";"2025-12-15";"3-5 years"
202500514;514;2025;"Non-manager";"Germany";"Finance & Operations";"2025-12-15";"3-5 years"
202500515;515;2025;"Manager";"Spain";"Digital Strategy Consulting";"2025-12-15";"6-9 years"
202500516;516;2025;"Manager";"Sweden";"Cybersecurity & Digital Risk";"2025-12-15";"6-9 years"
202500518;518;2025;"Manager";"Sweden";"Human Resources";"2025-12-15";"10-15 years"
202500519;519;2025;"Manager";"Sweden";"Digital Strategy Consulting";"2025-12-15";"6-9 years"
202500520;520;2025;"Non-manager";"Germany";"Customer Experience & Design";"2025-12-15";"3-5 years"
202500521;521;2025;"Non-manager";"Germany";"Transformation & Change Management";"2025-12-15";"1-2 years"
202500522;522;2025;"Manager";"Sweden";"Digital Marketing & Growth";"2025-12-15";"3-5 years"
202500523;523;2025;"Manager";"Germany";"Transformation & Change Management";"2025-12-15";"3-5 years"
202500525;525;2025;"Manager";"Sweden";"Cybersecurity & Digital Risk";"2025-12-15";"6-9 years"
202500526;526;2025;"Non-manager";"Germany";"Digital Marketing & Growth";"2025-12-15";"6-9 years"
202500527;527;2025;"Manager";"Denmark";"Digital Marketing & Growth";"2025-12-15";"6-9 years"
202500528;528;2025;"Non-manager";"France";"Cybersecurity & Digital Risk";"2025-12-15";"6-9 years"
202500529;529;2025;"Manager";"Sweden";"Technology & IT Strategy";"2025-12-15";"1-2 years"
202500531;531;2025;"Non-manager";"Sweden";"Digital Marketing & Growth";"2025-12-15";"6-9 years"
202500533;533;2025;"Non-manager";"France";"Digital Marketing & Growth";"2025-12-15";"3-5 years"
202500535;535;2025;"Non-manager";"France";"Technology & IT Strategy";"2025-12-15";"1-2 years"
202500536;536;2025;"Non-manager";"Sweden";"Finance & Operations";"2025-12-15";"3-5 years"
202500537;537;2025;"Manager";"Germany";"Finance & Operations";"2025-12-15";"6-9 years"
202500538;538;2025;"Manager";"Sweden";"Technology & IT Strategy";"2025-12-15";"15+ years"
202500541;541;2025;"Manager";"Germany";"Data & Analytics Consulting";"2025-12-15";"10-15 years"
202500542;542;2025;"Non-manager";"France";"Technology & IT Strategy";"2025-12-15";"3-5 years"
202500543;543;2025;"Non-manager";"Spain";"Technology & IT Strategy";"2025-12-15";"10-15 years"
202500544;544;2025;"Manager";"Sweden";"Sales & Business Development";"2025-12-15";"10-15 years"
202500545;545;2025;"Manager";"France";"Sales & Business Development";"2025-12-15";"6-9 years"
202500546;546;2025;"Non-manager";"Sweden";"Digital Strategy Consulting";"2025-12-15";"3-5 years"
202500547;547;2025;"Manager";"Germany";"Digital Strategy Consulting";"2025-12-15";"6-9 years"
202500548;548;2025;"Manager";"Denmark";"Digital Marketing & Growth";"2025-12-15";"6-9 years"
202500550;550;2025;"Non-manager";"Sweden";"Technology & IT Strategy";"2025-12-15";"3-5 years"
202500551;551;2025;"Manager";"Sweden";"Data & Analytics Consulting";"2025-12-15";"3-5 years"
202500552;552;2025;"Non-manager";"Spain";"Transformation & Change Management";"2025-12-15";"3-5 years"
202500553;553;2025;"Non-manager";"Sweden";"Sales & Business Development";"2025-12-15";"3-5 years"
202500554;554;2025;"Non-manager";"Sweden";"Digital Strategy Consulting";"2025-12-15";"10-15 years"
202500555;555;2025;"Manager";"France";"Finance & Operations";"2025-12-15";"3-5 years"
202500556;556;2025;"Manager";"Denmark";"Customer Experience & Design";"2025-12-15";"3-5 years"
202500557;557;2025;"Non-manager";"Spain";"Transformation & Change Management";"2025-12-15";"3-5 years"
202500558;558;2025;"Manager";"Sweden";"Data & Analytics Consulting";"2025-12-15";"6-9 years"
202500559;559;2025;"Non-manager";"Sweden";"Finance & Operations";"2025-12-15";"10-15 years"
202500560;560;2025;"Non-manager";"Denmark";"Finance & Operations";"2025-12-15";"3-5 years"
202500561;561;2025;"Manager";"France";"Finance & Operations";"2025-12-15";"6-9 years"
202500562;562;2025;"Non-manager";"Sweden";"Sales & Business Development";"2025-12-15";"3-5 years"
202500563;563;2025;"Manager";"France";"Transformation & Change Management";"2025-12-15";"3-5 years"
202500564;564;2025;"Manager";"Germany";"Customer Experience & Design";"2025-12-15";"3-5 years"
202500565;565;2025;"Non-manager";"Spain";"Digital Strategy Consulting";"2025-12-15";"3-5 years"
202500566;566;2025;"Non-manager";"Sweden";"Customer Experience & Design";"2025-12-15";"6-9 years"
202500567;567;2025;"Manager";"Denmark";"Technology & IT Strategy";"2025-12-15";"3-5 years"
202500568;568;2025;"Non-manager";"France";"Digital Marketing & Growth";"2025-12-15";"10-15 years"
202500569;569;2025;"Manager";"Sweden";"Transformation & Change Management";"2025-12-15";"6-9 years"
202500570;570;2025;"Non-manager";"Spain";"Data & Analytics Consulting";"2025-12-15";"10-15 years"
202500571;571;2025;"Manager";"Sweden";"Data & Analytics Consulting";"2025-12-15";"3-5 years"
202500572;572;2025;"Manager";"France";"Cybersecurity & Digital Risk";"2025-12-15";"3-5 years"
202500573;573;2025;"Non-manager";"Denmark";"Customer Experience & Design";"2025-12-15";"3-5 years"
202500574;574;2025;"Manager";"France";"Technology & IT Strategy";"2025-12-15";"6-9 years"
202500575;575;2025;"Manager";"Sweden";"Digital Strategy Consulting";"2025-12-15";"6-9 years"
202500576;576;2025;"Non-manager";"Sweden";"Digital Strategy Consulting";"2025-12-15";"1-2 years"
202500577;577;2025;"Non-manager";"Denmark";"Cybersecurity & Digital Risk";"2025-12-15";"3-5 years"
202500578;578;2025;"Manager";"Germany";"Finance & Operations";"2025-12-15";"3-5 years"
202500579;579;2025;"Manager";"Denmark";"Finance & Operations";"2025-12-15";"3-5 years"
202500580;580;2025;"Manager";"Denmark";"Finance & Operations";"2025-12-15";"6-9 years"
202500581;581;2025;"Manager";"Sweden";"Human Resources";"2025-12-15";"10-15 years"
202500582;582;2025;"Manager";"France";"Digital Strategy Consulting";"2025-12-15";"6-9 years"
202500583;583;2025;"Manager";"Sweden";"Digital Strategy Consulting";"2025-12-15";"6-9 years"
202500584;584;2025;"Manager";"Sweden";"Data & Analytics Consulting";"2025-12-15";"6-9 years"
202500585;585;2025;"Manager";"Sweden";"Transformation & Change Management";"2025-12-15";"15+ years"
202500586;586;2025;"Manager";"Denmark";"Customer Experience & Design";"2025-12-15";"3-5 years"
202500587;587;2025;"Non-manager";"Spain";"Transformation & Change Management";"2025-12-15";"3-5 years"
202500588;588;2025;"Non-manager";"Spain";"Technology & IT Strategy";"2025-12-15";"6-9 years"
202500589;589;2025;"Manager";"Sweden";"Finance & Operations";"2025-12-15";"3-5 years"
202500590;590;2025;"Manager";"Sweden";"Finance & Operations";"2025-12-15";"15+ years"
202500591;591;2025;"Non-manager";"Spain";"Data & Analytics Consulting";"2025-12-15";"6-9 years"
202500592;592;2025;"Non-manager";"Germany";"Technology & IT Strategy";"2025-12-15";"1-2 years"
202500593;593;2025;"Non-manager";"Denmark";"Finance & Operations";"2025-12-15";"6-9 years"
202500594;594;2025;"Non-manager";"France";"Customer Experience & Design";"2025-12-15";"3-5 years"
202500595;595;2025;"Manager";"Denmark";"Digital Marketing & Growth";"2025-12-15";"6-9 years"
202500596;596;2025;"Manager";"Germany";"Data & Analytics Consulting";"2025-12-15";"10-15 years"
202500597;597;2025;"Manager";"France";"Transformation & Change Management";"2025-12-15";"15+ years"
202500598;598;2025;"Manager";"Sweden";"Finance & Operations";"2025-12-15";"3-5 years"
202500599;599;2025;"Manager";"Sweden";"Digital Strategy Consulting";"2025-12-15";"6-9 years"
202500600;600;2025;"Non-manager";"Sweden";"Technology & IT Strategy";"2025-12-15";"3-5 years"
202500601;601;2025;"Non-manager";"Sweden";"Cybersecurity & Digital Risk";"2025-12-15";"3-5 years"
202500602;602;2025;"Non-manager";"Sweden";"Technology & IT Strategy";"2025-12-15";"6-9 years"
202500603;603;2025;"Manager";"Denmark";"Digital Strategy Consulting";"2025-12-15";"3-5 years"
202500605;605;2025;"Manager";"Sweden";"Data & Analytics Consulting";"2025-12-15";"3-5 years"
202500606;606;2025;"Non-manager";"Sweden";"Digital Strategy Consulting";"2025-12-15";"6-9 years"
202500607;607;2025;"Manager";"Sweden";"Finance & Operations";"2025-12-15";"3-5 years"
202500609;609;2025;"Manager";"Germany";"Digital Strategy Consulting";"2025-12-15";"1-2 years"
202500610;610;2025;"Manager";"Sweden";"Digital Strategy Consulting";"2025-12-15";"15+ years"
202500611;611;2025;"Non-manager";"Sweden";"Cybersecurity & Digital Risk";"2025-12-15";"6-9 years"
202500612;612;2025;"Manager";"Sweden";"Digital Marketing & Growth";"2025-12-15";"6-9 years"
202500613;613;2025;"Non-manager";"Germany";"Data & Analytics Consulting";"2025-12-15";"6-9 years"
202500614;614;2025;"Non-manager";"Germany";"Digital Strategy Consulting";"2025-12-15";"3-5 years"
202500615;615;2025;"Manager";"Sweden";"Digital Strategy Consulting";"2025-12-15";"3-5 years"
202500616;616;2025;"Manager";"France";"Transformation & Change Management";"2025-12-15";"6-9 years"
202500617;617;2025;"Manager";"Denmark";"Digital Strategy Consulting";"2025-12-15";"10-15 years"
202500618;618;2025;"Manager";"Sweden";"Customer Experience & Design";"2025-12-15";"6-9 years"
202500619;619;2025;"Manager";"France";"Digital Marketing & Growth";"2025-12-15";"1-2 years"
202500620;620;2025;"Manager";"Sweden";"Data & Analytics Consulting";"2025-12-15";"6-9 years"
202500621;621;2025;"Manager";"Germany";"Data & Analytics Consulting";"2025-12-15";"3-5 years"
202500622;622;2025;"Manager";"Spain";"Data & Analytics Consulting";"2025-12-15";"6-9 years"
202500623;623;2025;"Non-manager";"Spain";"Technology & IT Strategy";"2025-12-15";"3-5 years"
202500624;624;2025;"Manager";"Spain";"Digital Strategy Consulting";"2025-12-15";"3-5 years"
202500625;625;2025;"Manager";"Sweden";"Digital Strategy Consulting";"2025-12-15";"1-2 years"
202500626;626;2025;"Manager";"France";"Data & Analytics Consulting";"2025-12-15";"6-9 years"
202500627;627;2025;"Manager";"Sweden";"Finance & Operations";"2025-12-15";"6-9 years"
202500628;628;2025;"Non-manager";"Sweden";"Digital Strategy Consulting";"2025-12-15";"3-5 years"
202500629;629;2025;"Manager";"Spain";"Transformation & Change Management";"2025-12-15";"6-9 years"
202500630;630;2025;"Non-manager";"Sweden";"Finance & Operations";"2025-12-15";"3-5 years"
202500631;631;2025;"Manager";"Germany";"Technology & IT Strategy";"2025-12-15";"6-9 years"
202500632;632;2025;"Non-manager";"Sweden";"Customer Experience & Design";"2025-12-15";"3-5 years"
202500633;633;2025;"Manager";"Germany";"Data & Analytics Consulting";"2025-12-15";"10-15 years"
202500634;634;2025;"Manager";"France";"Data & Analytics Consulting";"2025-12-15";"3-5 years"
202500635;635;2025;"Non-manager";"Sweden";"Finance & Operations";"2025-12-15";"3-5 years"
202500636;636;2025;"Manager";"Sweden";"Digital Marketing & Growth";"2025-12-15";"15+ years"
202500637;637;2025;"Manager";"Sweden";"Digital Marketing & Growth";"2025-12-15";"15+ years"
202500638;638;2025;"Non-manager";"Sweden";"Human Resources";"2025-12-15";"3-5 years"
202500639;639;2025;"Non-manager";"Germany";"Data & Analytics Consulting";"2025-12-15";"3-5 years"
202500640;640;2025;"Manager";"France";"Cybersecurity & Digital Risk";"2025-12-15";"6-9 years"
202500641;641;2025;"Manager";"Sweden";"Finance & Operations";"2025-12-15";"6-9 years"
202500642;642;2025;"Manager";"Sweden";"Digital Strategy Consulting";"2025-12-15";"3-5 years"
202500643;643;2025;"Non-manager";"Sweden";"Customer Experience & Design";"2025-12-15";"1-2 years"
202500644;644;2025;"Manager";"Sweden";"Transformation & Change Management";"2025-12-15";"6-9 years"
202500645;645;2025;"Non-manager";"Sweden";"Digital Marketing & Growth";"2025-12-15";"15+ years"
202500646;646;2025;"Manager";"Denmark";"Data & Analytics Consulting";"2025-12-15";"6-9 years"
202500647;647;2025;"Non-manager";"Sweden";"Digital Marketing & Growth";"2025-12-15";"1-2 years"
202500648;648;2025;"Manager";"Denmark";"Finance & Operations";"2025-12-15";"6-9 years"
202500649;649;2025;"Manager";"France";"Data & Analytics Consulting";"2025-12-15";"6-9 years"
202500650;650;2025;"Manager";"Denmark";"Sales & Business Development";"2025-12-15";"3-5 years"
202500651;651;2025;"Manager";"Sweden";"Digital Strategy Consulting";"2025-12-15";"6-9 years"
202500652;652;2025;"Manager";"Spain";"Data & Analytics Consulting";"2025-12-15";"3-5 years"
202500653;653;2025;"Manager";"Denmark";"Customer Experience & Design";"2025-12-15";"3-5 years"
202500654;654;2025;"Manager";"Denmark";"Sales & Business Development";"2025-12-15";"3-5 years"
202500655;655;2025;"Non-manager";"Germany";"Digital Strategy Consulting";"2025-12-15";"1-2 years"
202500656;656;2025;"Manager";"Germany";"Finance & Operations";"2025-12-15";"10-15 years"
202500657;657;2025;"Manager";"Sweden";"Digital Strategy Consulting";"2025-12-15";"1-2 years"
202500658;658;2025;"Manager";"Denmark";"Digital Strategy Consulting";"2025-12-15";"10-15 years"
202500659;659;2025;"Manager";"Sweden";"Cybersecurity & Digital Risk";"2025-12-15";"3-5 years"
202500660;660;2025;"Manager";"France";"Technology & IT Strategy";"2025-12-15";"3-5 years"
202500661;661;2025;"Non-manager";"France";"Digital Marketing & Growth";"2025-12-15";"3-5 years"
202500662;662;2025;"Manager";"France";"Digital Strategy Consulting";"2025-12-15";"3-5 years"
202500663;663;2025;"Non-manager";"Germany";"Digital Marketing & Growth";"2025-12-15";"6-9 years"
202500664;664;2025;"Manager";"Sweden";"Transformation & Change Management";"2025-12-15";"3-5 years"
202500665;665;2025;"Manager";"Denmark";"Transformation & Change Management";"2025-12-15";"6-9 years"
202500666;666;2025;"Non-manager";"Denmark";"Sales & Business Development";"2025-12-15";"10-15 years"
202500667;667;2025;"Manager";"Spain";"Digital Strategy Consulting";"2025-12-15";"15+ years"
202500669;669;2025;"Manager";"Spain";"Cybersecurity & Digital Risk";"2025-12-15";"1-2 years"
202500670;670;2025;"Manager";"France";"Digital Strategy Consulting";"2025-12-15";"3-5 years"
202500671;671;2025;"Manager";"Sweden";"Technology & IT Strategy";"2025-12-15";"3-5 years"
202500672;672;2025;"Manager";"Sweden";"Transformation & Change Management";"2025-12-15";"6-9 years"
202500673;673;2025;"Manager";"France";"Digital Strategy Consulting";"2025-12-15";"3-5 years"
202500674;674;2025;"Manager";"France";"Transformation & Change Management";"2025-12-15";"6-9 years"
202500675;675;2025;"Non-manager";"Germany";"Data & Analytics Consulting";"2025-12-15";"6-9 years"
202500676;676;2025;"Manager";"Sweden";"Data & Analytics Consulting";"2025-12-15";"6-9 years"
202500677;677;2025;"Non-manager";"France";"Digital Strategy Consulting";"2025-12-15";"3-5 years"
202500678;678;2025;"Manager";"France";"Transformation & Change Management";"2025-12-15";"10-15 years"
202500679;679;2025;"Non-manager";"Sweden";"Digital Strategy Consulting";"2025-12-15";"6-9 years"
202500680;680;2025;"Manager";"France";"Digital Strategy Consulting";"2025-12-15";"3-5 years"
202500682;682;2025;"Manager";"Spain";"Customer Experience & Design";"2025-12-15";"10-15 years"
202500683;683;2025;"Manager";"Sweden";"Digital Strategy Consulting";"2025-12-15";"6-9 years"
202500684;684;2025;"Non-manager";"Denmark";"Digital Strategy Consulting";"2025-12-15";"3-5 years"
202500685;685;2025;"Manager";"Spain";"Data & Analytics Consulting";"2025-12-15";"1-2 years"
202500687;687;2025;"Non-manager";"Sweden";"Customer Experience & Design";"2025-12-15";"3-5 years"
202500688;688;2025;"Manager";"France";"Customer Experience & Design";"2025-12-15";"1-2 years"
202500689;689;2025;"Non-manager";"France";"Data & Analytics Consulting";"2025-12-15";"6-9 years"
202500690;690;2025;"Manager";"Spain";"Transformation & Change Management";"2025-12-15";"3-5 years"
202500691;691;2025;"Manager";"Spain";"Sales & Business Development";"2025-12-15";"10-15 years"
202500692;692;2025;"Manager";"Germany";"Sales & Business Development";"2025-12-15";"6-9 years"
202500694;694;2025;"Manager";"France";"Transformation & Change Management";"2025-12-15";"6-9 years"
202500695;695;2025;"Non-manager";"Denmark";"Digital Marketing & Growth";"2025-12-15";"3-5 years"
202500696;696;2025;"Non-manager";"Sweden";"Customer Experience & Design";"2025-12-15";"3-5 years"
202500697;697;2025;"Manager";"France";"Digital Marketing & Growth";"2025-12-15";"15+ years"
202500698;698;2025;"Non-manager";"Sweden";"Customer Experience & Design";"2025-12-15";"3-5 years"
202500699;699;2025;"Manager";"Sweden";"Transformation & Change Management";"2025-12-15";"6-9 years"
202500700;700;2025;"Manager";"Sweden";"Finance & Operations";"2025-12-15";"1-2 years"
202500701;701;2025;"Non-manager";"Sweden";"Technology & IT Strategy";"2025-12-15";"10-15 years"
202500702;702;2025;"Manager";"Sweden";"Cybersecurity & Digital Risk";"2025-12-15";"10-15 years"
202500703;703;2025;"Manager";"Sweden";"Human Resources";"2025-12-15";"10-15 years"
202500704;704;2025;"Non-manager";"Sweden";"Customer Experience & Design";"2025-12-15";"1-2 years"
202500705;705;2025;"Manager";"Sweden";"Transformation & Change Management";"2025-12-15";"10-15 years"
202500706;706;2025;"Non-manager";"France";"Digital Strategy Consulting";"2025-12-15";"3-5 years"
202500707;707;2025;"Manager";"Germany";"Digital Strategy Consulting";"2025-12-15";"10-15 years"
202500708;708;2025;"Manager";"Denmark";"Technology & IT Strategy";"2025-12-15";"6-9 years"
202500709;709;2025;"Manager";"France";"Finance & Operations";"2025-12-15";"15+ years"
202500710;710;2025;"Non-manager";"Sweden";"Finance & Operations";"2025-12-15";"1-2 years"
202500711;711;2025;"Manager";"Sweden";"Transformation & Change Management";"2025-12-15";"10-15 years"
202500712;712;2025;"Manager";"Sweden";"Finance & Operations";"2025-12-15";"6-9 years"
202500713;713;2025;"Manager";"Sweden";"Transformation & Change Management";"2025-12-15";"6-9 years"
202500714;714;2025;"Non-manager";"Germany";"Data & Analytics Consulting";"2025-12-15";"6-9 years"
202500715;715;2025;"Non-manager";"Denmark";"Digital Marketing & Growth";"2025-12-15";"3-5 years"
202500716;716;2025;"Non-manager";"Denmark";"Technology & IT Strategy";"2025-12-15";"3-5 years"
202500718;718;2025;"Manager";"Sweden";"Technology & IT Strategy";"2025-12-15";"3-5 years"
202500719;719;2025;"Non-manager";"France";"Technology & IT Strategy";"2025-12-15";"1-2 years"
202500720;720;2025;"Manager";"Germany";"Sales & Business Development";"2025-12-15";"6-9 years"
202500721;721;2025;"Manager";"Sweden";"Data & Analytics Consulting";"2025-12-15";"1-2 years"
202500722;722;2025;"Manager";"Sweden";"Cybersecurity & Digital Risk";"2025-12-15";"15+ years"
202500723;723;2025;"Manager";"Denmark";"Transformation & Change Management";"2025-12-15";"6-9 years"
202500724;724;2025;"Manager";"Germany";"Data & Analytics Consulting";"2025-12-15";"10-15 years"
202500725;725;2025;"Manager";"Germany";"Cybersecurity & Digital Risk";"2025-12-15";"1-2 years"
202500726;726;2025;"Non-manager";"Spain";"Digital Marketing & Growth";"2025-12-15";"6-9 years"
202500728;728;2025;"Manager";"Germany";"Transformation & Change Management";"2025-12-15";"1-2 years"
202500730;730;2025;"Non-manager";"Sweden";"Data & Analytics Consulting";"2025-12-15";"3-5 years"
202500731;731;2025;"Manager";"Sweden";"Digital Marketing & Growth";"2025-12-15";"3-5 years"
202500732;732;2025;"Non-manager";"Sweden";"Customer Experience & Design";"2025-12-15";"6-9 years"
202500733;733;2025;"Manager";"Denmark";"Technology & IT Strategy";"2025-12-15";"3-5 years"
202500734;734;2025;"Non-manager";"Sweden";"Sales & Business Development";"2025-12-15";"10-15 years"
202500735;735;2025;"Manager";"Germany";"Transformation & Change Management";"2025-12-15";"3-5 years"
202500737;737;2025;"Manager";"Sweden";"Transformation & Change Management";"2025-12-15";"3-5 years"
202500738;738;2025;"Manager";"Sweden";"Digital Marketing & Growth";"2025-12-15";"10-15 years"
202500739;739;2025;"Manager";"Denmark";"Data & Analytics Consulting";"2025-12-15";"3-5 years"
202500740;740;2025;"Non-manager";"Denmark";"Human Resources";"2025-12-15";"1-2 years"
202500741;741;2025;"Non-manager";"Germany";"Transformation & Change Management";"2025-12-15";"15+ years"
202500742;742;2025;"Manager";"Germany";"Transformation & Change Management";"2025-12-15";"6-9 years"
202500743;743;2025;"Non-manager";"France";"Data & Analytics Consulting";"2025-12-15";"3-5 years"
202500744;744;2025;"Non-manager";"Spain";"Finance & Operations";"2025-12-15";"3-5 years"
202500745;745;2025;"Manager";"Sweden";"Technology & IT Strategy";"2025-12-15";"1-2 years"
202500746;746;2025;"Manager";"Spain";"Digital Marketing & Growth";"2025-12-15";"6-9 years"
202500747;747;2025;"Manager";"Sweden";"Data & Analytics Consulting";"2025-12-15";"10-15 years"
202500748;748;2025;"Non-manager";"Spain";"Data & Analytics Consulting";"2025-12-15";"3-5 years"
202500749;749;2025;"Non-manager";"Spain";"Technology & IT Strategy";"2025-12-15";"3-5 years"
202500750;750;2025;"Manager";"Denmark";"Cybersecurity & Digital Risk";"2025-12-15";"10-15 years"
202500751;751;2025;"Non-manager";"Sweden";"Human Resources";"2025-12-15";"3-5 years"
202500752;752;2025;"Manager";"Sweden";"Customer Experience & Design";"2025-12-15";"3-5 years"
202500754;754;2025;"Manager";"Denmark";"Data & Analytics Consulting";"2025-12-15";"3-5 years"
202500755;755;2025;"Manager";"Sweden";"Transformation & Change Management";"2025-12-15";"10-15 years"
202500756;756;2025;"Non-manager";"Denmark";"Digital Marketing & Growth";"2025-12-15";"6-9 years"
202500757;757;2025;"Manager";"Sweden";"Transformation & Change Management";"2025-12-15";"3-5 years"
202500758;758;2025;"Manager";"Sweden";"Digital Strategy Consulting";"2025-12-15";"3-5 years"
202500759;759;2025;"Manager";"Sweden";"Digital Strategy Consulting";"2025-12-15";"10-15 years"
202500760;760;2025;"Non-manager";"Spain";"Sales & Business Development";"2025-12-15";"6-9 years"
202500761;761;2025;"Non-manager";"France";"Transformation & Change Management";"2025-12-15";"1-2 years"
202500762;762;2025;"Non-manager";"Sweden";"Cybersecurity & Digital Risk";"2025-12-15";"6-9 years"
202500763;763;2025;"Manager";"Sweden";"Digital Strategy Consulting";"2025-12-15";"1-2 years"
202500764;764;2025;"Manager";"Spain";"Human Resources";"2025-12-15";"10-15 years"
202500765;765;2025;"Non-manager";"France";"Sales & Business Development";"2025-12-15";"6-9 years"
202500766;766;2025;"Manager";"France";"Data & Analytics Consulting";"2025-12-15";"3-5 years"
202500767;767;2025;"Manager";"Sweden";"Transformation & Change Management";"2025-12-15";"6-9 years"
202500768;768;2025;"Non-manager";"Germany";"Digital Strategy Consulting";"2025-12-15";"3-5 years"
202500769;769;2025;"Non-manager";"Denmark";"Transformation & Change Management";"2025-12-15";"1-2 years"
202500770;770;2025;"Manager";"Sweden";"Customer Experience & Design";"2025-12-15";"6-9 years"
202500771;771;2025;"Manager";"Spain";"Transformation & Change Management";"2025-12-15";"6-9 years"
202500772;772;2025;"Non-manager";"Spain";"Digital Strategy Consulting";"2025-12-15";"10-15 years"
202500773;773;2025;"Manager";"Denmark";"Data & Analytics Consulting";"2025-12-15";"3-5 years"
202500774;774;2025;"Manager";"Denmark";"Digital Marketing & Growth";"2025-12-15";"6-9 years"
202500775;775;2025;"Manager";"Sweden";"Digital Marketing & Growth";"2025-12-15";"6-9 years"
202500777;777;2025;"Manager";"Denmark";"Data & Analytics Consulting";"2025-12-15";"6-9 years"
202500779;779;2025;"Non-manager";"Spain";"Technology & IT Strategy";"2025-12-15";"3-5 years"
202500780;780;2025;"Non-manager";"Spain";"Sales & Business Development";"2025-12-15";"6-9 years"
202500781;781;2025;"Non-manager";"Germany";"Customer Experience & Design";"2025-12-15";"6-9 years"
202500782;782;2025;"Manager";"Sweden";"Technology & IT Strategy";"2025-12-15";"6-9 years"
202500783;783;2025;"Manager";"Denmark";"Technology & IT Strategy";"2025-12-15";"3-5 years"
202500784;784;2025;"Manager";"Sweden";"Digital Strategy Consulting";"2025-12-15";"1-2 years"
202500785;785;2025;"Manager";"Germany";"Transformation & Change Management";"2025-12-15";"3-5 years"
202500787;787;2025;"Non-manager";"Germany";"Sales & Business Development";"2025-12-15";"6-9 years"
202500788;788;2025;"Manager";"Germany";"Data & Analytics Consulting";"2025-12-15";"6-9 years"
202500789;789;2025;"Manager";"Sweden";"Cybersecurity & Digital Risk";"2025-12-15";"10-15 years"
202500790;790;2025;"Manager";"Germany";"Digital Strategy Consulting";"2025-12-15";"6-9 years"
202500791;791;2025;"Manager";"France";"Customer Experience & Design";"2025-12-15";"3-5 years"
202500792;792;2025;"Non-manager";"Sweden";"Customer Experience & Design";"2025-12-15";"3-5 years"
202500793;793;2025;"Non-manager";"Spain";"Data & Analytics Consulting";"2025-12-15";"3-5 years"
202500794;794;2025;"Non-manager";"Germany";"Data & Analytics Consulting";"2025-12-15";"1-2 years"
202500795;795;2025;"Manager";"Sweden";"Digital Strategy Consulting";"2025-12-15";"6-9 years"
202500796;796;2025;"Non-manager";"Sweden";"Sales & Business Development";"2025-12-15";"6-9 years"
202500798;798;2025;"Non-manager";"Germany";"Data & Analytics Consulting";"2025-12-15";"1-2 years"
202500799;799;2025;"Manager";"Sweden";"Technology & IT Strategy";"2025-12-15";"3-5 years"
202500800;800;2025;"Non-manager";"Denmark";"Digital Strategy Consulting";"2025-12-15";"3-5 years"
202500801;801;2025;"Non-manager";"Sweden";"Digital Strategy Consulting";"2025-12-15";"6-9 years"
202500802;802;2025;"Non-manager";"Germany";"Digital Marketing & Growth";"2025-12-15";"6-9 years"
202500803;803;2025;"Manager";"Germany";"Digital Marketing & Growth";"2025-12-15";"3-5 years"
202500804;804;2025;"Manager";"Denmark";"Customer Experience & Design";"2025-12-15";"3-5 years"
202500805;805;2025;"Manager";"Germany";"Technology & IT Strategy";"2025-12-15";"10-15 years"
202500806;806;2025;"Non-manager";"Spain";"Digital Marketing & Growth";"2025-12-15";"3-5 years"
202500807;807;2025;"Non-manager";"Spain";"Technology & IT Strategy";"2025-12-15";"6-9 years"
202500808;808;2025;"Non-manager";"Sweden";"Finance & Operations";"2025-12-15";"6-9 years"
202500809;809;2025;"Non-manager";"Spain";"Cybersecurity & Digital Risk";"2025-12-15";"1-2 years"
202500811;811;2025;"Manager";"France";"Cybersecurity & Digital Risk";"2025-12-15";"10-15 years"
202500812;812;2025;"Non-manager";"Sweden";"Transformation & Change Management";"2025-12-15";"3-5 years"
202500813;813;2025;"Manager";"Sweden";"Digital Marketing & Growth";"2025-12-15";"10-15 years"
202500814;814;2025;"Manager";"Sweden";"Digital Strategy Consulting";"2025-12-15";"6-9 years"
202500815;815;2025;"Manager";"Sweden";"Customer Experience & Design";"2025-12-15";"3-5 years"
202500816;816;2025;"Non-manager";"Denmark";"Human Resources";"2025-12-15";"1-2 years"
202500817;817;2025;"Non-manager";"Spain";"Digital Marketing & Growth";"2025-12-15";"6-9 years"
202500818;818;2025;"Manager";"France";"Data & Analytics Consulting";"2025-12-15";"10-15 years"
202500819;819;2025;"Manager";"Sweden";"Data & Analytics Consulting";"2025-12-15";"3-5 years"
202500820;820;2025;"Non-manager";"Sweden";"Human Resources";"2025-12-15";"6-9 years"
202500821;821;2025;"Non-manager";"Spain";"Transformation & Change Management";"2025-12-15";"1-2 years"
202500822;822;2025;"Manager";"Spain";"Transformation & Change Management";"2025-12-15";"10-15 years"
202500823;823;2025;"Non-manager";"Sweden";"Data & Analytics Consulting";"2025-12-15";"1-2 years"
202500824;824;2025;"Manager";"Sweden";"Human Resources";"2025-12-15";"6-9 years"
202500825;825;2025;"Manager";"Sweden";"Transformation & Change Management";"2025-12-15";"3-5 years"
202500826;826;2025;"Manager";"France";"Technology & IT Strategy";"2025-12-15";"10-15 years"
202500827;827;2025;"Manager";"Denmark";"Sales & Business Development";"2025-12-15";"6-9 years"
202500830;830;2025;"Non-manager";"Germany";"Digital Strategy Consulting";"2025-12-15";"3-5 years"
202500831;831;2025;"Non-manager";"Sweden";"Finance & Operations";"2025-12-15";"1-2 years"
202500832;832;2025;"Manager";"Sweden";"Finance & Operations";"2025-12-15";"3-5 years"
202500833;833;2025;"Manager";"France";"Customer Experience & Design";"2025-12-15";"6-9 years"
202500834;834;2025;"Manager";"Sweden";"Cybersecurity & Digital Risk";"2025-12-15";"6-9 years"
202500835;835;2025;"Non-manager";"Sweden";"Technology & IT Strategy";"2025-12-15";"3-5 years"
202500836;836;2025;"Non-manager";"France";"Human Resources";"2025-12-15";"3-5 years"
202500837;837;2025;"Manager";"Denmark";"Data & Analytics Consulting";"2025-12-15";"1-2 years"
202500838;838;2025;"Manager";"Denmark";"Transformation & Change Management";"2025-12-15";"3-5 years"
202500839;839;2025;"Non-manager";"Spain";"Sales & Business Development";"2025-12-15";"3-5 years"
202500840;840;2025;"Non-manager";"Sweden";"Sales & Business Development";"2025-12-15";"3-5 years"
202500841;841;2025;"Manager";"Spain";"Digital Strategy Consulting";"2025-12-15";"6-9 years"
202500842;842;2025;"Non-manager";"Sweden";"Digital Marketing & Growth";"2025-12-15";"1-2 years"
202500843;843;2025;"Non-manager";"Spain";"Transformation & Change Management";"2025-12-15";"1-2 years"
202500844;844;2025;"Manager";"Sweden";"Transformation & Change Management";"2025-12-15";"6-9 years"
202500845;845;2025;"Manager";"Sweden";"Finance & Operations";"2025-12-15";"10-15 years"
202500846;846;2025;"Non-manager";"Sweden";"Digital Marketing & Growth";"2025-12-15";"3-5 years"
202500847;847;2025;"Manager";"Spain";"Finance & Operations";"2025-12-15";"3-5 years"
202500848;848;2025;"Manager";"Sweden";"Technology & IT Strategy";"2025-12-15";"15+ years"
202500850;850;2025;"Manager";"Germany";"Sales & Business Development";"2025-12-15";"3-5 years"
202500851;851;2025;"Manager";"Denmark";"Data & Analytics Consulting";"2025-12-15";"3-5 years"
202500852;852;2025;"Non-manager";"Denmark";"Customer Experience & Design";"2025-12-15";"3-5 years"
202500853;853;2025;"Non-manager";"Sweden";"Data & Analytics Consulting";"2025-12-15";"3-5 years"
202500854;854;2025;"Manager";"Sweden";"Digital Strategy Consulting";"2025-12-15";"10-15 years"
202500855;855;2025;"Non-manager";"Sweden";"Digital Strategy Consulting";"2025-12-15";"3-5 years"
202500856;856;2025;"Non-manager";"Spain";"Transformation & Change Management";"2025-12-15";"1-2 years"
202500857;857;2025;"Manager";"Sweden";"Data & Analytics Consulting";"2025-12-15";"10-15 years"
202500858;858;2025;"Non-manager";"Sweden";"Transformation & Change Management";"2025-12-15";"6-9 years"
202500859;859;2025;"Manager";"Sweden";"Technology & IT Strategy";"2025-12-15";"3-5 years"
202500860;860;2025;"Manager";"Denmark";"Digital Strategy Consulting";"2025-12-15";"1-2 years"
202500861;861;2025;"Manager";"Sweden";"Data & Analytics Consulting";"2025-12-15";"15+ years"
202500862;862;2025;"Non-manager";"Germany";"Technology & IT Strategy";"2025-12-15";"3-5 years"
202500863;863;2025;"Non-manager";"Sweden";"Customer Experience & Design";"2025-12-15";"10-15 years"
202500864;864;2025;"Non-manager";"Germany";"Customer Experience & Design";"2025-12-15";"3-5 years"
202500865;865;2025;"Non-manager";"Sweden";"Cybersecurity & Digital Risk";"2025-12-15";"3-5 years"
202500867;867;2025;"Manager";"Sweden";"Customer Experience & Design";"2025-12-15";"3-5 years"
202500868;868;2025;"Non-manager";"Sweden";"Cybersecurity & Digital Risk";"2025-12-15";"6-9 years"
202500869;869;2025;"Non-manager";"Germany";"Digital Strategy Consulting";"2025-12-15";"3-5 years"
202500870;870;2025;"Manager";"Spain";"Human Resources";"2025-12-15";"6-9 years"
202500871;871;2025;"Manager";"Denmark";"Data & Analytics Consulting";"2025-12-15";"6-9 years"
202500872;872;2025;"Manager";"Denmark";"Technology & IT Strategy";"2025-12-15";"1-2 years"
202500873;873;2025;"Manager";"Denmark";"Data & Analytics Consulting";"2025-12-15";"3-5 years"
202500875;875;2025;"Non-manager";"Sweden";"Technology & IT Strategy";"2025-12-15";"3-5 years"
202500876;876;2025;"Manager";"Spain";"Digital Strategy Consulting";"2025-12-15";"6-9 years"
202500877;877;2025;"Manager";"France";"Digital Strategy Consulting";"2025-12-15";"1-2 years"
202500878;878;2025;"Non-manager";"France";"Data & Analytics Consulting";"2025-12-15";"3-5 years"
202500880;880;2025;"Manager";"Germany";"Data & Analytics Consulting";"2025-12-15";"10-15 years"
202500881;881;2025;"Manager";"Sweden";"Transformation & Change Management";"2025-12-15";"15+ years"
202500882;882;2025;"Non-manager";"Sweden";"Digital Marketing & Growth";"2025-12-15";"6-9 years"
202500883;883;2025;"Manager";"France";"Data & Analytics Consulting";"2025-12-15";"6-9 years"
202500884;884;2025;"Manager";"Denmark";"Human Resources";"2025-12-15";"10-15 years"
202500885;885;2025;"Manager";"Denmark";"Digital Marketing & Growth";"2025-12-15";"6-9 years"
202500886;886;2025;"Manager";"Sweden";"Finance & Operations";"2025-12-15";"3-5 years"
202500887;887;2025;"Non-manager";"Sweden";"Finance & Operations";"2025-12-15";"6-9 years"
202500888;888;2025;"Manager";"Sweden";"Transformation & Change Management";"2025-12-15";"3-5 years"
202500889;889;2025;"Manager";"Denmark";"Digital Strategy Consulting";"2025-12-15";"10-15 years"
202500890;890;2025;"Manager";"Sweden";"Transformation & Change Management";"2025-12-15";"6-9 years"
202500891;891;2025;"Non-manager";"Sweden";"Finance & Operations";"2025-12-15";"6-9 years"
202500892;892;2025;"Non-manager";"Denmark";"Technology & IT Strategy";"2025-12-15";"6-9 years"
202500894;894;2025;"Manager";"Sweden";"Transformation & Change Management";"2025-12-15";"3-5 years"
202500895;895;2025;"Manager";"Spain";"Human Resources";"2025-12-15";"3-5 years"
202500896;896;2025;"Non-manager";"Sweden";"Digital Marketing & Growth";"2025-12-15";"3-5 years"
202500897;897;2025;"Non-manager";"Spain";"Human Resources";"2025-12-15";"3-5 years"
202500898;898;2025;"Manager";"Sweden";"Technology & IT Strategy";"2025-12-15";"10-15 years"
202500899;899;2025;"Manager";"Spain";"Cybersecurity & Digital Risk";"2025-12-15";"3-5 years"
202500900;900;2025;"Manager";"Germany";"Data & Analytics Consulting";"2025-12-15";"10-15 years"
202500901;901;2025;"Non-manager";"Sweden";"Data & Analytics Consulting";"2025-12-15";"3-5 years"
202500902;902;2025;"Manager";"Sweden";"Transformation & Change Management";"2025-12-15";"3-5 years"
202500903;903;2025;"Manager";"Germany";"Data & Analytics Consulting";"2025-12-15";"3-5 years"
202500904;904;2025;"Non-manager";"France";"Digital Strategy Consulting";"2025-12-15";"1-2 years"
202500905;905;2025;"Manager";"Sweden";"Digital Marketing & Growth";"2025-12-15";"6-9 years"
202500906;906;2025;"Non-manager";"France";"Cybersecurity & Digital Risk";"2025-12-15";"3-5 years"
202500907;907;2025;"Non-manager";"Sweden";"Sales & Business Development";"2025-12-15";"3-5 years"
202500908;908;2025;"Non-manager";"Sweden";"Technology & IT Strategy";"2025-12-15";"3-5 years"
202500909;909;2025;"Manager";"Denmark";"Digital Strategy Consulting";"2025-12-15";"3-5 years"
202500910;910;2025;"Manager";"Sweden";"Technology & IT Strategy";"2025-12-15";"10-15 years"
202500911;911;2025;"Non-manager";"Sweden";"Human Resources";"2025-12-15";"1-2 years"
202500912;912;2025;"Manager";"Denmark";"Digital Strategy Consulting";"2025-12-15";"3-5 years"
202500913;913;2025;"Manager";"Sweden";"Cybersecurity & Digital Risk";"2025-12-15";"6-9 years"
202500914;914;2025;"Manager";"Spain";"Sales & Business Development";"2025-12-15";"6-9 years"
202500915;915;2025;"Manager";"Germany";"Finance & Operations";"2025-12-15";"1-2 years"
202500916;916;2025;"Manager";"Denmark";"Digital Strategy Consulting";"2025-12-15";"6-9 years"
202500917;917;2025;"Manager";"Sweden";"Technology & IT Strategy";"2025-12-15";"10-15 years"
202500918;918;2025;"Non-manager";"Spain";"Customer Experience & Design";"2025-12-15";"10-15 years"
202500919;919;2025;"Non-manager";"France";"Data & Analytics Consulting";"2025-12-15";"10-15 years"
202500920;920;2025;"Manager";"Sweden";"Digital Marketing & Growth";"2025-12-15";"10-15 years"
202500921;921;2025;"Non-manager";"Spain";"Sales & Business Development";"2025-12-15";"3-5 years"
202500922;922;2025;"Manager";"Spain";"Customer Experience & Design";"2025-12-15";"3-5 years"
202500923;923;2025;"Manager";"Germany";"Technology & IT Strategy";"2025-12-15";"1-2 years"
202500924;924;2025;"Manager";"Denmark";"Digital Strategy Consulting";"2025-12-15";"3-5 years"
202500925;925;2025;"Manager";"Denmark";"Data & Analytics Consulting";"2025-12-15";"6-9 years"
202500926;926;2025;"Non-manager";"Sweden";"Digital Strategy Consulting";"2025-12-15";"6-9 years"
202500927;927;2025;"Manager";"France";"Transformation & Change Management";"2025-12-15";"3-5 years"
202500928;928;2025;"Manager";"France";"Digital Marketing & Growth";"2025-12-15";"10-15 years"
202500929;929;2025;"Non-manager";"Germany";"Cybersecurity & Digital Risk";"2025-12-15";"3-5 years"
202500930;930;2025;"Manager";"Spain";"Digital Strategy Consulting";"2025-12-15";"3-5 years"
202500931;931;2025;"Manager";"Spain";"Data & Analytics Consulting";"2025-12-15";"6-9 years"
202500932;932;2025;"Manager";"France";"Digital Strategy Consulting";"2025-12-15";"6-9 years"
202500934;934;2025;"Non-manager";"Sweden";"Digital Strategy Consulting";"2025-12-15";"3-5 years"
202500935;935;2025;"Non-manager";"Germany";"Digital Strategy Consulting";"2025-12-15";"6-9 years"
202500937;937;2025;"Manager";"France";"Data & Analytics Consulting";"2025-12-15";"10-15 years"
202500938;938;2025;"Non-manager";"Germany";"Data & Analytics Consulting";"2025-12-15";"1-2 years"
202500939;939;2025;"Non-manager";"Spain";"Technology & IT Strategy";"2025-12-15";"6-9 years"
202500940;940;2025;"Non-manager";"Germany";"Human Resources";"2025-12-15";"15+ years"
202500941;941;2025;"Manager";"Sweden";"Digital Strategy Consulting";"2025-12-15";"10-15 years"
202500942;942;2025;"Non-manager";"Denmark";"Finance & Operations";"2025-12-15";"10-15 years"
202500943;943;2025;"Non-manager";"Sweden";"Digital Strategy Consulting";"2025-12-15";"10-15 years"
202500944;944;2025;"Manager";"Denmark";"Customer Experience & Design";"2025-12-15";"10-15 years"
202500945;945;2025;"Non-manager";"Sweden";"Customer Experience & Design";"2025-12-15";"3-5 years"
202500947;947;2025;"Non-manager";"Sweden";"Digital Strategy Consulting";"2025-12-15";"3-5 years"
202500948;948;2025;"Non-manager";"Germany";"Digital Strategy Consulting";"2025-12-15";"3-5 years"
202500949;949;2025;"Manager";"Spain";"Sales & Business Development";"2025-12-15";"10-15 years"
202500950;950;2025;"Non-manager";"Germany";"Sales & Business Development";"2025-12-15";"6-9 years"
202500951;951;2025;"Non-manager";"Sweden";"Human Resources";"2025-12-15";"3-5 years"
202500952;952;2025;"Manager";"Sweden";"Data & Analytics Consulting";"2025-12-15";"6-9 years"
202500953;953;2025;"Non-manager";"Spain";"Cybersecurity & Digital Risk";"2025-12-15";"3-5 years"
202500955;955;2025;"Manager";"Spain";"Digital Strategy Consulting";"2025-12-15";"10-15 years"
202500956;956;2025;"Manager";"Spain";"Data & Analytics Consulting";"2025-12-15";"6-9 years"
202500957;957;2025;"Manager";"Sweden";"Data & Analytics Consulting";"2025-12-15";"6-9 years"
202500958;958;2025;"Non-manager";"Denmark";"Finance & Operations";"2025-12-15";"6-9 years"
202500959;959;2025;"Manager";"Denmark";"Digital Marketing & Growth";"2025-12-15";"3-5 years"
202500960;960;2025;"Non-manager";"Sweden";"Data & Analytics Consulting";"2025-12-15";"3-5 years"
202500961;961;2025;"Manager";"Spain";"Cybersecurity & Digital Risk";"2025-12-15";"3-5 years"
202500962;962;2025;"Non-manager";"Germany";"Transformation & Change Management";"2025-12-15";"6-9 years"
202500964;964;2025;"Manager";"Germany";"Digital Marketing & Growth";"2025-12-15";"3-5 years"
202500965;965;2025;"Manager";"Sweden";"Transformation & Change Management";"2025-12-15";"1-2 years"
202500966;966;2025;"Non-manager";"Sweden";"Human Resources";"2025-12-15";"10-15 years"
202500967;967;2025;"Manager";"Sweden";"Technology & IT Strategy";"2025-12-15";"1-2 years"
202500968;968;2025;"Non-manager";"Germany";"Transformation & Change Management";"2025-12-15";"3-5 years"
202500969;969;2025;"Manager";"Sweden";"Digital Marketing & Growth";"2025-12-15";"6-9 years"
202500970;970;2025;"Manager";"Denmark";"Transformation & Change Management";"2025-12-15";"15+ years"
202500971;971;2025;"Non-manager";"Germany";"Data & Analytics Consulting";"2025-12-15";"3-5 years"
202500972;972;2025;"Manager";"Sweden";"Digital Strategy Consulting";"2025-12-15";"3-5 years"
202500973;973;2025;"Manager";"Spain";"Digital Marketing & Growth";"2025-12-15";"3-5 years"
202500974;974;2025;"Manager";"Sweden";"Data & Analytics Consulting";"2025-12-15";"1-2 years"
202500975;975;2025;"Manager";"Sweden";"Data & Analytics Consulting";"2025-12-15";"3-5 years"
202500976;976;2025;"Manager";"Sweden";"Data & Analytics Consulting";"2025-12-15";"10-15 years"
202500977;977;2025;"Manager";"Spain";"Transformation & Change Management";"2025-12-15";"15+ years"
202500978;978;2025;"Manager";"Spain";"Data & Analytics Consulting";"2025-12-15";"15+ years"
202500979;979;2025;"Manager";"Sweden";"Human Resources";"2025-12-15";"1-2 years"
202500980;980;2025;"Manager";"Sweden";"Digital Strategy Consulting";"2025-12-15";"3-5 years"
202500981;981;2025;"Manager";"Denmark";"Digital Strategy Consulting";"2025-12-15";"15+ years"
202500982;982;2025;"Manager";"Denmark";"Digital Strategy Consulting";"2025-12-15";"6-9 years"
202500984;984;2025;"Manager";"Sweden";"Technology & IT Strategy";"2025-12-15";"10-15 years"
202500985;985;2025;"Manager";"Denmark";"Data & Analytics Consulting";"2025-12-15";"3-5 years"
202500986;986;2025;"Manager";"Sweden";"Technology & IT Strategy";"2025-12-15";"6-9 years"
202500987;987;2025;"Manager";"Germany";"Digital Strategy Consulting";"2025-12-15";"6-9 years"
202500988;988;2025;"Manager";"Spain";"Digital Marketing & Growth";"2025-12-15";"6-9 years"
202500990;990;2025;"Non-manager";"Denmark";"Cybersecurity & Digital Risk";"2025-12-15";"3-5 years"
202500991;991;2025;"Manager";"Sweden";"Finance & Operations";"2025-12-15";"6-9 years"
202500992;992;2025;"Non-manager";"Spain";"Data & Analytics Consulting";"2025-12-15";"6-9 years"
202500993;993;2025;"Non-manager";"Sweden";"Digital Strategy Consulting";"2025-12-15";"1-2 years"
202500994;994;2025;"Manager";"Spain";"Transformation & Change Management";"2025-12-15";"10-15 years"
202500995;995;2025;"Non-manager";"Sweden";"Transformation & Change Management";"2025-12-15";"3-5 years"
202500996;996;2025;"Non-manager";"Sweden";"Digital Strategy Consulting";"2025-12-15";"3-5 years"
202500997;997;2025;"Manager";"Sweden";"Sales & Business Development";"2025-12-15";"1-2 years"
202500998;998;2025;"Non-manager";"Spain";"Sales & Business Development";"2025-12-15";"6-9 years"
202501000;1000;2025;"Manager";"Sweden";"Sales & Business Development";"2025-12-15";"6-9 years"
202501001;1001;2025;"Manager";"Denmark";"Sales & Business Development";"2025-12-15";"6-9 years"
202501002;1002;2025;"Non-manager";"Denmark";"Customer Experience & Design";"2025-12-15";"3-5 years"
202501003;1003;2025;"Manager";"Germany";"Sales & Business Development";"2025-12-15";"3-5 years"
202501004;1004;2025;"Non-manager";"Sweden";"Technology & IT Strategy";"2025-12-15";"10-15 years"
202501005;1005;2025;"Non-manager";"Sweden";"Digital Strategy Consulting";"2025-12-15";"6-9 years"
202501006;1006;2025;"Manager";"Germany";"Transformation & Change Management";"2025-12-15";"6-9 years"
202501008;1008;2025;"Non-manager";"Denmark";"Human Resources";"2025-12-15";"6-9 years"
202501009;1009;2025;"Non-manager";"Spain";"Digital Marketing & Growth";"2025-12-15";"6-9 years"
202501010;1010;2025;"Manager";"Spain";"Digital Strategy Consulting";"2025-12-15";"6-9 years"
202501012;1012;2025;"Manager";"Germany";"Digital Marketing & Growth";"2025-12-15";"3-5 years"
202501014;1014;2025;"Non-manager";"Sweden";"Digital Strategy Consulting";"2025-12-15";"1-2 years"
202501015;1015;2025;"Non-manager";"Sweden";"Customer Experience & Design";"2025-12-15";"3-5 years"
202501016;1016;2025;"Non-manager";"France";"Data & Analytics Consulting";"2025-12-15";"1-2 years"
202501017;1017;2025;"Manager";"Sweden";"Digital Marketing & Growth";"2025-12-15";"3-5 years"
202501018;1018;2025;"Manager";"France";"Data & Analytics Consulting";"2025-12-15";"10-15 years"
202501019;1019;2025;"Non-manager";"Sweden";"Digital Strategy Consulting";"2025-12-15";"1-2 years"
202501020;1020;2025;"Non-manager";"Sweden";"Technology & IT Strategy";"2025-12-15";"3-5 years"
202501021;1021;2025;"Manager";"Sweden";"Sales & Business Development";"2025-12-15";"6-9 years"
202501022;1022;2025;"Non-manager";"Sweden";"Digital Strategy Consulting";"2025-12-15";"1-2 years"
202501023;1023;2025;"Manager";"Sweden";"Digital Marketing & Growth";"2025-12-15";"10-15 years"
202501025;1025;2025;"Manager";"Sweden";"Finance & Operations";"2025-12-15";"1-2 years"
202501026;1026;2025;"Manager";"France";"Data & Analytics Consulting";"2025-12-15";"3-5 years"
202501027;1027;2025;"Manager";"Spain";"Digital Strategy Consulting";"2025-12-15";"10-15 years"
202501028;1028;2025;"Manager";"Sweden";"Digital Strategy Consulting";"2025-12-15";"3-5 years"
202501029;1029;2025;"Non-manager";"France";"Human Resources";"2025-12-15";"3-5 years"
202501030;1030;2025;"Manager";"Sweden";"Cybersecurity & Digital Risk";"2025-12-15";"6-9 years"
202501031;1031;2025;"Manager";"Sweden";"Data & Analytics Consulting";"2025-12-15";"6-9 years"
202501032;1032;2025;"Non-manager";"France";"Transformation & Change Management";"2025-12-15";"6-9 years"
202501033;1033;2025;"Non-manager";"France";"Data & Analytics Consulting";"2025-12-15";"6-9 years"
202501034;1034;2025;"Manager";"Germany";"Transformation & Change Management";"2025-12-15";"3-5 years"
202501036;1036;2025;"Manager";"Sweden";"Data & Analytics Consulting";"2025-12-15";"6-9 years"
202501037;1037;2025;"Non-manager";"Denmark";"Cybersecurity & Digital Risk";"2025-12-15";"6-9 years"
202501038;1038;2025;"Non-manager";"Sweden";"Technology & IT Strategy";"2025-12-15";"3-5 years"
202501039;1039;2025;"Manager";"Germany";"Transformation & Change Management";"2025-12-15";"15+ years"
202501040;1040;2025;"Manager";"Sweden";"Finance & Operations";"2025-12-15";"6-9 years"
202501041;1041;2025;"Manager";"Sweden";"Transformation & Change Management";"2025-12-15";"15+ years"
202501043;1043;2025;"Non-manager";"Denmark";"Finance & Operations";"2025-12-15";"3-5 years"
202501044;1044;2025;"Non-manager";"Spain";"Transformation & Change Management";"2025-12-15";"3-5 years"
202501045;1045;2025;"Manager";"Sweden";"Customer Experience & Design";"2025-12-15";"6-9 years"
202501046;1046;2025;"Manager";"Denmark";"Transformation & Change Management";"2025-12-15";"15+ years"
202501047;1047;2025;"Non-manager";"Sweden";"Cybersecurity & Digital Risk";"2025-12-15";"6-9 years"
202501048;1048;2025;"Manager";"Sweden";"Customer Experience & Design";"2025-12-15";"1-2 years"
202501049;1049;2025;"Non-manager";"Sweden";"Data & Analytics Consulting";"2025-12-15";"6-9 years"
202501050;1050;2025;"Manager";"France";"Human Resources";"2025-12-15";"1-2 years"
202501051;1051;2025;"Manager";"Sweden";"Sales & Business Development";"2025-12-15";"6-9 years"
202501052;1052;2025;"Manager";"Sweden";"Finance & Operations";"2025-12-15";"3-5 years"
202501053;1053;2025;"Manager";"Sweden";"Technology & IT Strategy";"2025-12-15";"3-5 years"
202501054;1054;2025;"Manager";"Denmark";"Finance & Operations";"2025-12-15";"6-9 years"
202501055;1055;2025;"Non-manager";"Sweden";"Sales & Business Development";"2025-12-15";"1-2 years"
202501056;1056;2025;"Non-manager";"Germany";"Cybersecurity & Digital Risk";"2025-12-15";"15+ years"
202501057;1057;2025;"Manager";"Spain";"Data & Analytics Consulting";"2025-12-15";"10-15 years"
202501058;1058;2025;"Non-manager";"Sweden";"Transformation & Change Management";"2025-12-15";"1-2 years"
202501059;1059;2025;"Manager";"Sweden";"Finance & Operations";"2025-12-15";"3-5 years"
202501060;1060;2025;"Non-manager";"Sweden";"Transformation & Change Management";"2025-12-15";"3-5 years"
202501061;1061;2025;"Manager";"Sweden";"Data & Analytics Consulting";"2025-12-15";"3-5 years"
202501062;1062;2025;"Manager";"Germany";"Digital Strategy Consulting";"2025-12-15";"3-5 years"
202501063;1063;2025;"Non-manager";"Sweden";"Digital Strategy Consulting";"2025-12-15";"6-9 years"
202501064;1064;2025;"Manager";"Sweden";"Technology & IT Strategy";"2025-12-15";"6-9 years"
202501065;1065;2025;"Non-manager";"Sweden";"Technology & IT Strategy";"2025-12-15";"15+ years"
202501067;1067;2025;"Non-manager";"Sweden";"Transformation & Change Management";"2025-12-15";"3-5 years"
202501068;1068;2025;"Non-manager";"Sweden";"Cybersecurity & Digital Risk";"2025-12-15";"6-9 years"
202501069;1069;2025;"Manager";"France";"Cybersecurity & Digital Risk";"2025-12-15";"3-5 years"
202501070;1070;2025;"Manager";"Sweden";"Transformation & Change Management";"2025-12-15";"6-9 years"
202501073;1073;2025;"Manager";"Spain";"Customer Experience & Design";"2025-12-15";"3-5 years"
202501074;1074;2025;"Manager";"Germany";"Digital Strategy Consulting";"2025-12-15";"6-9 years"
202501075;1075;2025;"Manager";"Sweden";"Data & Analytics Consulting";"2025-12-15";"6-9 years"
202501076;1076;2025;"Non-manager";"Germany";"Data & Analytics Consulting";"2025-12-15";"6-9 years"
202501077;1077;2025;"Manager";"Spain";"Data & Analytics Consulting";"2025-12-15";"1-2 years"
202501078;1078;2025;"Manager";"Sweden";"Transformation & Change Management";"2025-12-15";"6-9 years"
202501080;1080;2025;"Manager";"Sweden";"Transformation & Change Management";"2025-12-15";"3-5 years"
202501081;1081;2025;"Manager";"Spain";"Technology & IT Strategy";"2025-12-15";"6-9 years"
202501082;1082;2025;"Non-manager";"Sweden";"Customer Experience & Design";"2025-12-15";"3-5 years"
202501083;1083;2025;"Manager";"Sweden";"Data & Analytics Consulting";"2025-12-15";"3-5 years"
202501084;1084;2025;"Manager";"Sweden";"Digital Marketing & Growth";"2025-12-15";"1-2 years"
202501085;1085;2025;"Manager";"Sweden";"Digital Strategy Consulting";"2025-12-15";"10-15 years"
202501086;1086;2025;"Non-manager";"Spain";"Customer Experience & Design";"2025-12-15";"1-2 years"
202501087;1087;2025;"Non-manager";"Sweden";"Customer Experience & Design";"2025-12-15";"3-5 years"
202501088;1088;2025;"Non-manager";"Sweden";"Human Resources";"2025-12-15";"3-5 years"
202501089;1089;2025;"Non-manager";"Germany";"Digital Marketing & Growth";"2025-12-15";"3-5 years"
202501091;1091;2025;"Non-manager";"Sweden";"Cybersecurity & Digital Risk";"2025-12-15";"1-2 years"
202501092;1092;2025;"Manager";"Germany";"Digital Strategy Consulting";"2025-12-15";"6-9 years"
202501093;1093;2025;"Non-manager";"Germany";"Transformation & Change Management";"2025-12-15";"6-9 years"
202501094;1094;2025;"Non-manager";"Sweden";"Data & Analytics Consulting";"2025-12-15";"6-9 years"
202501095;1095;2025;"Non-manager";"Sweden";"Transformation & Change Management";"2025-12-15";"3-5 years"
202501096;1096;2025;"Non-manager";"Denmark";"Sales & Business Development";"2025-12-15";"6-9 years"
202501097;1097;2025;"Manager";"Spain";"Human Resources";"2025-12-15";"3-5 years"
202501098;1098;2025;"Manager";"Sweden";"Technology & IT Strategy";"2025-12-15";"3-5 years"
202501099;1099;2025;"Non-manager";"Spain";"Data & Analytics Consulting";"2025-12-15";"6-9 years"
202501100;1100;2025;"Non-manager";"Sweden";"Customer Experience & Design";"2025-12-15";"3-5 years"
202501101;1101;2025;"Manager";"Sweden";"Digital Marketing & Growth";"2025-12-15";"3-5 years"
202501102;1102;2025;"Non-manager";"Germany";"Technology & IT Strategy";"2025-12-15";"10-15 years"
202501103;1103;2025;"Manager";"France";"Human Resources";"2025-12-15";"6-9 years"
202501104;1104;2025;"Non-manager";"Sweden";"Technology & IT Strategy";"2025-12-15";"3-5 years"
202501105;1105;2025;"Manager";"Germany";"Finance & Operations";"2025-12-15";"6-9 years"
202501106;1106;2025;"Manager";"France";"Technology & IT Strategy";"2025-12-15";"6-9 years"
202501107;1107;2025;"Non-manager";"Denmark";"Digital Strategy Consulting";"2025-12-15";"3-5 years"
202501108;1108;2025;"Non-manager";"Sweden";"Technology & IT Strategy";"2025-12-15";"3-5 years"
202501109;1109;2025;"Non-manager";"Germany";"Digital Marketing & Growth";"2025-12-15";"1-2 years"
202501110;1110;2025;"Manager";"Denmark";"Digital Strategy Consulting";"2025-12-15";"10-15 years"
202501111;1111;2025;"Manager";"Sweden";"Data & Analytics Consulting";"2025-12-15";"10-15 years"
202501112;1112;2025;"Manager";"France";"Sales & Business Development";"2025-12-15";"6-9 years"
202501113;1113;2025;"Manager";"Spain";"Human Resources";"2025-12-15";"10-15 years"
202501114;1114;2025;"Non-manager";"Spain";"Finance & Operations";"2025-12-15";"1-2 years"
202501115;1115;2025;"Non-manager";"Germany";"Customer Experience & Design";"2025-12-15";"6-9 years"
202501116;1116;2025;"Manager";"Denmark";"Customer Experience & Design";"2025-12-15";"6-9 years"
202501117;1117;2025;"Manager";"Sweden";"Data & Analytics Consulting";"2025-12-15";"3-5 years"
202501118;1118;2025;"Non-manager";"Germany";"Digital Strategy Consulting";"2025-12-15";"6-9 years"
202501119;1119;2025;"Manager";"Germany";"Human Resources";"2025-12-15";"6-9 years"
202501120;1120;2025;"Non-manager";"France";"Data & Analytics Consulting";"2025-12-15";"3-5 years"
202501121;1121;2025;"Non-manager";"Sweden";"Digital Strategy Consulting";"2025-12-15";"3-5 years"
202501122;1122;2025;"Manager";"Sweden";"Sales & Business Development";"2025-12-15";"6-9 years"
202501123;1123;2025;"Manager";"Sweden";"Digital Strategy Consulting";"2025-12-15";"6-9 years"
202501124;1124;2025;"Manager";"Sweden";"Transformation & Change Management";"2025-12-15";"6-9 years"
202501125;1125;2025;"Manager";"Sweden";"Data & Analytics Consulting";"2025-12-15";"3-5 years"
202501127;1127;2025;"Non-manager";"France";"Human Resources";"2025-12-15";"3-5 years"
202501128;1128;2025;"Manager";"Sweden";"Digital Strategy Consulting";"2025-12-15";"3-5 years"
202501129;1129;2025;"Non-manager";"Germany";"Cybersecurity & Digital Risk";"2025-12-15";"6-9 years"
202501130;1130;2025;"Manager";"Germany";"Data & Analytics Consulting";"2025-12-15";"3-5 years"
202501131;1131;2025;"Manager";"Germany";"Transformation & Change Management";"2025-12-15";"10-15 years"
202501132;1132;2025;"Non-manager";"Sweden";"Customer Experience & Design";"2025-12-15";"6-9 years"
202501133;1133;2025;"Non-manager";"Sweden";"Transformation & Change Management";"2025-12-15";"10-15 years"
202501134;1134;2025;"Manager";"Denmark";"Data & Analytics Consulting";"2025-12-15";"15+ years"
202501135;1135;2025;"Manager";"Sweden";"Transformation & Change Management";"2025-12-15";"10-15 years"
202501136;1136;2025;"Manager";"Germany";"Digital Marketing & Growth";"2025-12-15";"1-2 years"
202501137;1137;2025;"Manager";"France";"Transformation & Change Management";"2025-12-15";"1-2 years"
202501138;1138;2025;"Non-manager";"France";"Human Resources";"2025-12-15";"1-2 years"
202501139;1139;2025;"Non-manager";"Denmark";"Digital Marketing & Growth";"2025-12-15";"6-9 years"
202501140;1140;2025;"Non-manager";"Sweden";"Digital Strategy Consulting";"2025-12-15";"3-5 years"
202501141;1141;2025;"Manager";"Germany";"Sales & Business Development";"2025-12-15";"3-5 years"
202501142;1142;2025;"Non-manager";"Sweden";"Digital Marketing & Growth";"2025-12-15";"6-9 years"
202501143;1143;2025;"Non-manager";"Sweden";"Digital Strategy Consulting";"2025-12-15";"3-5 years"
202501144;1144;2025;"Manager";"Sweden";"Finance & Operations";"2025-12-15";"6-9 years"
202501145;1145;2025;"Non-manager";"Sweden";"Digital Marketing & Growth";"2025-12-15";"6-9 years"
202501146;1146;2025;"Non-manager";"Sweden";"Digital Strategy Consulting";"2025-12-15";"3-5 years"
202501147;1147;2025;"Manager";"Germany";"Digital Strategy Consulting";"2025-12-15";"15+ years"
202501148;1148;2025;"Manager";"Sweden";"Sales & Business Development";"2025-12-15";"6-9 years"
202501149;1149;2025;"Manager";"Sweden";"Transformation & Change Management";"2025-12-15";"10-15 years"
202501150;1150;2025;"Manager";"Sweden";"Sales & Business Development";"2025-12-15";"3-5 years"
202501151;1151;2025;"Manager";"France";"Digital Strategy Consulting";"2025-12-15";"6-9 years"
202501152;1152;2025;"Manager";"Germany";"Sales & Business Development";"2025-12-15";"1-2 years"
202501153;1153;2025;"Non-manager";"Sweden";"Human Resources";"2025-12-15";"3-5 years"
202501154;1154;2025;"Non-manager";"Denmark";"Cybersecurity & Digital Risk";"2025-12-15";"6-9 years"
202501155;1155;2025;"Manager";"Denmark";"Sales & Business Development";"2025-12-15";"10-15 years"
202501156;1156;2025;"Non-manager";"Sweden";"Transformation & Change Management";"2025-12-15";"6-9 years"
202501157;1157;2025;"Non-manager";"Germany";"Technology & IT Strategy";"2025-12-15";"1-2 years"
202501158;1158;2025;"Manager";"Denmark";"Finance & Operations";"2025-12-15";"3-5 years"
202501159;1159;2025;"Manager";"France";"Customer Experience & Design";"2025-12-15";"6-9 years"
202501161;1161;2025;"Non-manager";"Denmark";"Data & Analytics Consulting";"2025-12-15";"6-9 years"
202501162;1162;2025;"Manager";"Germany";"Sales & Business Development";"2025-12-15";"3-5 years"
202501163;1163;2025;"Non-manager";"Spain";"Finance & Operations";"2025-12-15";"3-5 years"
202501164;1164;2025;"Manager";"Denmark";"Data & Analytics Consulting";"2025-12-15";"6-9 years"
202501165;1165;2025;"Non-manager";"Sweden";"Human Resources";"2025-12-15";"1-2 years"
202501166;1166;2025;"Manager";"Sweden";"Transformation & Change Management";"2025-12-15";"3-5 years"
202501167;1167;2025;"Manager";"Denmark";"Digital Marketing & Growth";"2025-12-15";"6-9 years"
202501168;1168;2025;"Manager";"Sweden";"Transformation & Change Management";"2025-12-15";"6-9 years"
202501169;1169;2025;"Manager";"Denmark";"Technology & IT Strategy";"2025-12-15";"3-5 years"
202501170;1170;2025;"Manager";"Sweden";"Digital Strategy Consulting";"2025-12-15";"6-9 years"
202501171;1171;2025;"Manager";"France";"Finance & Operations";"2025-12-15";"1-2 years"
202501172;1172;2025;"Non-manager";"Sweden";"Digital Strategy Consulting";"2025-12-15";"6-9 years"
202501173;1173;2025;"Non-manager";"Germany";"Customer Experience & Design";"2025-12-15";"3-5 years"
202501174;1174;2025;"Non-manager";"Germany";"Customer Experience & Design";"2025-12-15";"3-5 years"
202501175;1175;2025;"Non-manager";"Denmark";"Data & Analytics Consulting";"2025-12-15";"3-5 years"
202501176;1176;2025;"Manager";"Denmark";"Digital Strategy Consulting";"2025-12-15";"6-9 years"
202501177;1177;2025;"Manager";"Sweden";"Finance & Operations";"2025-12-15";"3-5 years"
202501178;1178;2025;"Non-manager";"Germany";"Cybersecurity & Digital Risk";"2025-12-15";"6-9 years"
202501179;1179;2025;"Manager";"Spain";"Technology & IT Strategy";"2025-12-15";"6-9 years"
202501180;1180;2025;"Manager";"Sweden";"Human Resources";"2025-12-15";"3-5 years"
202501181;1181;2025;"Non-manager";"Spain";"Technology & IT Strategy";"2025-12-15";"10-15 years"
202501182;1182;2025;"Manager";"Spain";"Data & Analytics Consulting";"2025-12-15";"6-9 years"
202501183;1183;2025;"Non-manager";"Denmark";"Data & Analytics Consulting";"2025-12-15";"3-5 years"
202501184;1184;2025;"Manager";"Sweden";"Digital Strategy Consulting";"2025-12-15";"15+ years"
202501185;1185;2025;"Manager";"Spain";"Sales & Business Development";"2025-12-15";"6-9 years"
202501186;1186;2025;"Manager";"Denmark";"Technology & IT Strategy";"2025-12-15";"15+ years"
202501188;1188;2025;"Non-manager";"Spain";"Finance & Operations";"2025-12-15";"10-15 years"
202501189;1189;2025;"Manager";"Sweden";"Technology & IT Strategy";"2025-12-15";"6-9 years"
202501190;1190;2025;"Manager";"France";"Human Resources";"2025-12-15";"6-9 years"
202501192;1192;2025;"Manager";"Sweden";"Digital Marketing & Growth";"2025-12-15";"3-5 years"
202501193;1193;2025;"Manager";"Sweden";"Sales & Business Development";"2025-12-15";"10-15 years"
202501194;1194;2025;"Manager";"Denmark";"Data & Analytics Consulting";"2025-12-15";"6-9 years"
202501195;1195;2025;"Manager";"Spain";"Human Resources";"2025-12-15";"6-9 years"
202501196;1196;2025;"Non-manager";"France";"Data & Analytics Consulting";"2025-12-15";"3-5 years"
202501197;1197;2025;"Non-manager";"Germany";"Digital Strategy Consulting";"2025-12-15";"10-15 years"
202501198;1198;2025;"Manager";"Spain";"Sales & Business Development";"2025-12-15";"3-5 years"
202501199;1199;2025;"Non-manager";"Germany";"Data & Analytics Consulting";"2025-12-15";"3-5 years"
202501200;1200;2025;"Manager";"France";"Customer Experience & Design";"2025-12-15";"10-15 years"
202501201;1201;2025;"Manager";"Germany";"Digital Strategy Consulting";"2025-12-15";"6-9 years"
202501202;1202;2025;"Non-manager";"France";"Sales & Business Development";"2025-12-15";"3-5 years"
202501203;1203;2025;"Non-manager";"Sweden";"Data & Analytics Consulting";"2025-12-15";"10-15 years"
202501204;1204;2025;"Manager";"Germany";"Technology & IT Strategy";"2025-12-15";"3-5 years"
202501205;1205;2025;"Manager";"Sweden";"Transformation & Change Management";"2025-12-15";"3-5 years"
202501206;1206;2025;"Manager";"France";"Digital Strategy Consulting";"2025-12-15";"3-5 years"
202501207;1207;2025;"Non-manager";"Sweden";"Technology & IT Strategy";"2025-12-15";"6-9 years"
202501208;1208;2025;"Non-manager";"Spain";"Technology & IT Strategy";"2025-12-15";"6-9 years"
202501209;1209;2025;"Non-manager";"Denmark";"Customer Experience & Design";"2025-12-15";"3-5 years"
202501210;1210;2025;"Manager";"Germany";"Data & Analytics Consulting";"2025-12-15";"6-9 years"
202501211;1211;2025;"Manager";"Spain";"Technology & IT Strategy";"2025-12-15";"6-9 years"
202501212;1212;2025;"Manager";"Sweden";"Technology & IT Strategy";"2025-12-15";"3-5 years"
202501213;1213;2025;"Non-manager";"Denmark";"Human Resources";"2025-12-15";"3-5 years"
202501214;1214;2025;"Manager";"Germany";"Sales & Business Development";"2025-12-15";"3-5 years"
202501215;1215;2025;"Manager";"Sweden";"Transformation & Change Management";"2025-12-15";"6-9 years"
202501216;1216;2025;"Manager";"France";"Data & Analytics Consulting";"2025-12-15";"3-5 years"
202501217;1217;2025;"Non-manager";"France";"Transformation & Change Management";"2025-12-15";"3-5 years"
202501219;1219;2025;"Manager";"Denmark";"Finance & Operations";"2025-12-15";"10-15 years"
202501220;1220;2025;"Manager";"Spain";"Digital Strategy Consulting";"2025-12-15";"3-5 years"
202501223;1223;2025;"Non-manager";"Spain";"Data & Analytics Consulting";"2025-12-15";"6-9 years"
202501224;1224;2025;"Manager";"Spain";"Data & Analytics Consulting";"2025-12-15";"3-5 years"
202501225;1225;2025;"Non-manager";"Denmark";"Transformation & Change Management";"2025-12-15";"1-2 years"
202501226;1226;2025;"Manager";"Germany";"Data & Analytics Consulting";"2025-12-15";"3-5 years"
202501227;1227;2025;"Non-manager";"Sweden";"Digital Strategy Consulting";"2025-12-15";"1-2 years"
202501228;1228;2025;"Non-manager";"Spain";"Technology & IT Strategy";"2025-12-15";"1-2 years"
202501229;1229;2025;"Manager";"Sweden";"Data & Analytics Consulting";"2025-12-15";"6-9 years"
202501230;1230;2025;"Non-manager";"Sweden";"Transformation & Change Management";"2025-12-15";"3-5 years"
202501231;1231;2025;"Manager";"Denmark";"Technology & IT Strategy";"2025-12-15";"6-9 years"
202501232;1232;2025;"Manager";"Sweden";"Customer Experience & Design";"2025-12-15";"15+ years"
202501233;1233;2025;"Non-manager";"Spain";"Data & Analytics Consulting";"2025-12-15";"10-15 years"
202501234;1234;2025;"Manager";"Denmark";"Transformation & Change Management";"2025-12-15";"6-9 years"
202501235;1235;2025;"Non-manager";"Sweden";"Transformation & Change Management";"2025-12-15";"1-2 years"
202501236;1236;2025;"Non-manager";"Sweden";"Technology & IT Strategy";"2025-12-15";"3-5 years"
202501237;1237;2025;"Non-manager";"Germany";"Technology & IT Strategy";"2025-12-15";"1-2 years"
202501238;1238;2025;"Non-manager";"Sweden";"Transformation & Change Management";"2025-12-15";"3-5 years"
202501239;1239;2025;"Non-manager";"Sweden";"Technology & IT Strategy";"2025-12-15";"6-9 years"
202501240;1240;2025;"Non-manager";"Germany";"Digital Marketing & Growth";"2025-12-15";"6-9 years"
202501241;1241;2025;"Non-manager";"Germany";"Technology & IT Strategy";"2025-12-15";"15+ years"
202501242;1242;2025;"Manager";"Sweden";"Customer Experience & Design";"2025-12-15";"3-5 years"
202501243;1243;2025;"Manager";"Denmark";"Technology & IT Strategy";"2025-12-15";"15+ years"
202501244;1244;2025;"Manager";"Spain";"Data & Analytics Consulting";"2025-12-15";"3-5 years"
202501245;1245;2025;"Manager";"Germany";"Digital Marketing & Growth";"2025-12-15";"3-5 years"
202501246;1246;2025;"Manager";"France";"Customer Experience & Design";"2025-12-15";"6-9 years"
202501247;1247;2025;"Manager";"Sweden";"Sales & Business Development";"2025-12-15";"6-9 years"
202501248;1248;2025;"Non-manager";"Denmark";"Digital Marketing & Growth";"2025-12-15";"1-2 years"
202501249;1249;2025;"Manager";"Spain";"Digital Strategy Consulting";"2025-12-15";"10-15 years"
202501250;1250;2025;"Manager";"Germany";"Technology & IT Strategy";"2025-12-15";"1-2 years"
202501251;1251;2025;"Non-manager";"Denmark";"Digital Strategy Consulting";"2025-12-15";"1-2 years"
202501252;1252;2025;"Non-manager";"Germany";"Transformation & Change Management";"2025-12-15";"3-5 years"
202501253;1253;2025;"Non-manager";"Sweden";"Customer Experience & Design";"2025-12-15";"1-2 years"
202501254;1254;2025;"Manager";"Sweden";"Finance & Operations";"2025-12-15";"3-5 years"
202501255;1255;2025;"Manager";"Sweden";"Technology & IT Strategy";"2025-12-15";"10-15 years"
202501256;1256;2025;"Manager";"Germany";"Customer Experience & Design";"2025-12-15";"6-9 years"
202501257;1257;2025;"Manager";"Sweden";"Transformation & Change Management";"2025-12-15";"10-15 years"
202501258;1258;2025;"Manager";"Denmark";"Transformation & Change Management";"2025-12-15";"6-9 years"
202501259;1259;2025;"Manager";"Sweden";"Technology & IT Strategy";"2025-12-15";"6-9 years"
202501260;1260;2025;"Non-manager";"Denmark";"Digital Strategy Consulting";"2025-12-15";"3-5 years"
202501261;1261;2025;"Manager";"Sweden";"Digital Strategy Consulting";"2025-12-15";"3-5 years"
202501262;1262;2025;"Manager";"Sweden";"Digital Strategy Consulting";"2025-12-15";"6-9 years"
202501263;1263;2025;"Manager";"France";"Transformation & Change Management";"2025-12-15";"6-9 years"
202501264;1264;2025;"Non-manager";"Sweden";"Sales & Business Development";"2025-12-15";"6-9 years"
202501265;1265;2025;"Manager";"Germany";"Technology & IT Strategy";"2025-12-15";"3-5 years"
202501266;1266;2025;"Manager";"Spain";"Data & Analytics Consulting";"2025-12-15";"6-9 years"
202501267;1267;2025;"Manager";"Sweden";"Transformation & Change Management";"2025-12-15";"3-5 years"
202501268;1268;2025;"Manager";"Germany";"Customer Experience & Design";"2025-12-15";"3-5 years"
202501269;1269;2025;"Non-manager";"France";"Technology & IT Strategy";"2025-12-15";"3-5 years"
202501270;1270;2025;"Manager";"Germany";"Technology & IT Strategy";"2025-12-15";"6-9 years"
202501271;1271;2025;"Manager";"Denmark";"Digital Strategy Consulting";"2025-12-15";"3-5 years"
202501272;1272;2025;"Non-manager";"Germany";"Digital Marketing & Growth";"2025-12-15";"3-5 years"
202501273;1273;2025;"Manager";"Sweden";"Finance & Operations";"2025-12-15";"6-9 years"
202501274;1274;2025;"Non-manager";"Spain";"Finance & Operations";"2025-12-15";"6-9 years"
202501275;1275;2025;"Manager";"Sweden";"Digital Strategy Consulting";"2025-12-15";"6-9 years"
202501276;1276;2025;"Manager";"Denmark";"Finance & Operations";"2025-12-15";"10-15 years"
202501277;1277;2025;"Non-manager";"Sweden";"Digital Strategy Consulting";"2025-12-15";"3-5 years"
202501278;1278;2025;"Manager";"Sweden";"Human Resources";"2025-12-15";"1-2 years"
202501279;1279;2025;"Non-manager";"France";"Human Resources";"2025-12-15";"3-5 years"
202501280;1280;2025;"Manager";"Sweden";"Data & Analytics Consulting";"2025-12-15";"10-15 years"
202501281;1281;2025;"Non-manager";"Sweden";"Sales & Business Development";"2025-12-15";"10-15 years"
202501282;1282;2025;"Manager";"Denmark";"Finance & Operations";"2025-12-15";"3-5 years"
202501283;1283;2025;"Manager";"Sweden";"Data & Analytics Consulting";"2025-12-15";"6-9 years"
202501284;1284;2025;"Manager";"Spain";"Sales & Business Development";"2025-12-15";"3-5 years"
202501285;1285;2025;"Non-manager";"Sweden";"Customer Experience & Design";"2025-12-15";"6-9 years"
202501286;1286;2025;"Non-manager";"Germany";"Data & Analytics Consulting";"2025-12-15";"10-15 years"
202501287;1287;2025;"Manager";"Sweden";"Digital Strategy Consulting";"2025-12-15";"3-5 years"
202501288;1288;2025;"Manager";"France";"Transformation & Change Management";"2025-12-15";"10-15 years"
202501289;1289;2025;"Non-manager";"Germany";"Technology & IT Strategy";"2025-12-15";"3-5 years"
202501290;1290;2025;"Non-manager";"Denmark";"Customer Experience & Design";"2025-12-15";"6-9 years"
202501291;1291;2025;"Manager";"Sweden";"Sales & Business Development";"2025-12-15";"15+ years"
202501292;1292;2025;"Non-manager";"France";"Technology & IT Strategy";"2025-12-15";"3-5 years"
202501293;1293;2025;"Non-manager";"France";"Cybersecurity & Digital Risk";"2025-12-15";"15+ years"
202501294;1294;2025;"Non-manager";"Sweden";"Technology & IT Strategy";"2025-12-15";"3-5 years"
202501295;1295;2025;"Non-manager";"Sweden";"Data & Analytics Consulting";"2025-12-15";"6-9 years"
202501296;1296;2025;"Manager";"Spain";"Human Resources";"2025-12-15";"3-5 years"
202501297;1297;2025;"Non-manager";"Spain";"Customer Experience & Design";"2025-12-15";"3-5 years"
202501298;1298;2025;"Manager";"Sweden";"Cybersecurity & Digital Risk";"2025-12-15";"3-5 years"
202501299;1299;2025;"Non-manager";"Spain";"Finance & Operations";"2025-12-15";"3-5 years"
202501300;1300;2025;"Manager";"Sweden";"Data & Analytics Consulting";"2025-12-15";"3-5 years"
202501301;1301;2025;"Manager";"Denmark";"Data & Analytics Consulting";"2025-12-15";"10-15 years"
202501302;1302;2025;"Manager";"Denmark";"Digital Strategy Consulting";"2025-12-15";"6-9 years"
202501304;1304;2025;"Non-manager";"France";"Technology & IT Strategy";"2025-12-15";"6-9 years"
202501305;1305;2025;"Non-manager";"Spain";"Data & Analytics Consulting";"2025-12-15";"10-15 years"
202501306;1306;2025;"Non-manager";"Sweden";"Customer Experience & Design";"2025-12-15";"3-5 years"
202501307;1307;2025;"Manager";"Sweden";"Digital Marketing & Growth";"2025-12-15";"6-9 years"
202501308;1308;2025;"Manager";"Sweden";"Transformation & Change Management";"2025-12-15";"10-15 years"
202501309;1309;2025;"Manager";"France";"Sales & Business Development";"2025-12-15";"3-5 years"
202501310;1310;2025;"Manager";"Germany";"Technology & IT Strategy";"2025-12-15";"3-5 years"
202501311;1311;2025;"Manager";"France";"Sales & Business Development";"2025-12-15";"3-5 years"
202501312;1312;2025;"Manager";"Sweden";"Digital Strategy Consulting";"2025-12-15";"3-5 years"
202501313;1313;2025;"Non-manager";"Sweden";"Cybersecurity & Digital Risk";"2025-12-15";"1-2 years"
202501314;1314;2025;"Manager";"Germany";"Data & Analytics Consulting";"2025-12-15";"3-5 years"
202501315;1315;2025;"Non-manager";"Germany";"Finance & Operations";"2025-12-15";"1-2 years"
202501316;1316;2025;"Manager";"Sweden";"Data & Analytics Consulting";"2025-12-15";"3-5 years"
202501317;1317;2025;"Manager";"Sweden";"Technology & IT Strategy";"2025-12-15";"6-9 years"
202501318;1318;2025;"Manager";"Sweden";"Data & Analytics Consulting";"2025-12-15";"6-9 years"
202501320;1320;2025;"Manager";"Sweden";"Data & Analytics Consulting";"2025-12-15";"3-5 years"
202501321;1321;2025;"Non-manager";"France";"Finance & Operations";"2025-12-15";"1-2 years"
202501322;1322;2025;"Non-manager";"Denmark";"Digital Marketing & Growth";"2025-12-15";"3-5 years"
202501323;1323;2025;"Non-manager";"Denmark";"Digital Marketing & Growth";"2025-12-15";"3-5 years"
202501324;1324;2025;"Manager";"Spain";"Sales & Business Development";"2025-12-15";"10-15 years"
202501325;1325;2025;"Manager";"Sweden";"Digital Strategy Consulting";"2025-12-15";"15+ years"
202501326;1326;2025;"Non-manager";"Sweden";"Technology & IT Strategy";"2025-12-15";"3-5 years"
202501327;1327;2025;"Manager";"Germany";"Data & Analytics Consulting";"2025-12-15";"3-5 years"
202501328;1328;2025;"Non-manager";"France";"Transformation & Change Management";"2025-12-15";"3-5 years"
202501329;1329;2025;"Manager";"Denmark";"Customer Experience & Design";"2025-12-15";"10-15 years"
202501330;1330;2025;"Non-manager";"Spain";"Customer Experience & Design";"2025-12-15";"6-9 years"
202501331;1331;2025;"Non-manager";"Denmark";"Digital Strategy Consulting";"2025-12-15";"3-5 years"
202501332;1332;2025;"Non-manager";"Sweden";"Digital Marketing & Growth";"2025-12-15";"6-9 years"
202501333;1333;2025;"Non-manager";"Spain";"Cybersecurity & Digital Risk";"2025-12-15";"3-5 years"
202501334;1334;2025;"Non-manager";"Sweden";"Transformation & Change Management";"2025-12-15";"6-9 years"
202501335;1335;2025;"Manager";"Germany";"Sales & Business Development";"2025-12-15";"3-5 years"
202501336;1336;2025;"Non-manager";"Sweden";"Sales & Business Development";"2025-12-15";"10-15 years"
202501337;1337;2025;"Manager";"Germany";"Finance & Operations";"2025-12-15";"3-5 years"
202501338;1338;2025;"Manager";"Sweden";"Cybersecurity & Digital Risk";"2025-12-15";"3-5 years"
202501339;1339;2025;"Non-manager";"France";"Customer Experience & Design";"2025-12-15";"3-5 years"
202501341;1341;2025;"Manager";"Sweden";"Technology & IT Strategy";"2025-12-15";"3-5 years"
202501342;1342;2025;"Manager";"France";"Sales & Business Development";"2025-12-15";"1-2 years"
202501343;1343;2025;"Manager";"Germany";"Data & Analytics Consulting";"2025-12-15";"6-9 years"
202501344;1344;2025;"Manager";"Sweden";"Technology & IT Strategy";"2025-12-15";"6-9 years"
202501345;1345;2025;"Non-manager";"Spain";"Human Resources";"2025-12-15";"15+ years"
202501346;1346;2025;"Manager";"Sweden";"Digital Strategy Consulting";"2025-12-15";"3-5 years"
202501347;1347;2025;"Non-manager";"France";"Digital Strategy Consulting";"2025-12-15";"3-5 years"
202501349;1349;2025;"Non-manager";"Denmark";"Customer Experience & Design";"2025-12-15";"6-9 years"
202501350;1350;2025;"Manager";"Sweden";"Human Resources";"2025-12-15";"3-5 years"
202501351;1351;2025;"Non-manager";"Germany";"Sales & Business Development";"2025-12-15";"3-5 years"
202501352;1352;2025;"Manager";"Spain";"Cybersecurity & Digital Risk";"2025-12-15";"3-5 years"
202501353;1353;2025;"Non-manager";"Denmark";"Digital Strategy Consulting";"2025-12-15";"3-5 years"
202501354;1354;2025;"Manager";"Spain";"Data & Analytics Consulting";"2025-12-15";"3-5 years"
202501355;1355;2025;"Non-manager";"Sweden";"Sales & Business Development";"2025-12-15";"6-9 years"
202501356;1356;2025;"Manager";"France";"Technology & IT Strategy";"2025-12-15";"6-9 years"
202501357;1357;2025;"Non-manager";"France";"Finance & Operations";"2025-12-15";"1-2 years"
202501358;1358;2025;"Manager";"Denmark";"Digital Marketing & Growth";"2025-12-15";"1-2 years"
202501359;1359;2025;"Manager";"Sweden";"Data & Analytics Consulting";"2025-12-15";"10-15 years"
202501360;1360;2025;"Manager";"Germany";"Data & Analytics Consulting";"2025-12-15";"3-5 years"
202501362;1362;2025;"Non-manager";"Sweden";"Sales & Business Development";"2025-12-15";"3-5 years"
202501363;1363;2025;"Manager";"France";"Data & Analytics Consulting";"2025-12-15";"3-5 years"
202501364;1364;2025;"Non-manager";"Sweden";"Data & Analytics Consulting";"2025-12-15";"6-9 years"
202501365;1365;2025;"Manager";"Sweden";"Transformation & Change Management";"2025-12-15";"1-2 years"
202501366;1366;2025;"Manager";"France";"Human Resources";"2025-12-15";"3-5 years"
202501368;1368;2025;"Non-manager";"Sweden";"Transformation & Change Management";"2025-12-15";"3-5 years"
202501369;1369;2025;"Non-manager";"Sweden";"Finance & Operations";"2025-12-15";"3-5 years"
202501370;1370;2025;"Manager";"Sweden";"Data & Analytics Consulting";"2025-12-15";"6-9 years"
202501371;1371;2025;"Manager";"Denmark";"Data & Analytics Consulting";"2025-12-15";"6-9 years"
202501373;1373;2025;"Non-manager";"France";"Transformation & Change Management";"2025-12-15";"1-2 years"
202501374;1374;2025;"Manager";"Sweden";"Transformation & Change Management";"2025-12-15";"1-2 years"
202501375;1375;2025;"Manager";"Sweden";"Technology & IT Strategy";"2025-12-15";"3-5 years"
202501376;1376;2025;"Non-manager";"Denmark";"Digital Strategy Consulting";"2025-12-15";"6-9 years"
202501377;1377;2025;"Non-manager";"Sweden";"Data & Analytics Consulting";"2025-12-15";"1-2 years"
202501378;1378;2025;"Non-manager";"Sweden";"Digital Strategy Consulting";"2025-12-15";"3-5 years"
202501379;1379;2025;"Manager";"Sweden";"Finance & Operations";"2025-12-15";"6-9 years"
202501380;1380;2025;"Manager";"Sweden";"Human Resources";"2025-12-15";"3-5 years"
202501381;1381;2025;"Non-manager";"Denmark";"Transformation & Change Management";"2025-12-15";"6-9 years"
202501382;1382;2025;"Manager";"Sweden";"Sales & Business Development";"2025-12-15";"3-5 years"
202501383;1383;2025;"Non-manager";"Germany";"Technology & IT Strategy";"2025-12-15";"6-9 years"
202501384;1384;2025;"Manager";"Sweden";"Data & Analytics Consulting";"2025-12-15";"10-15 years"
202501385;1385;2025;"Manager";"Germany";"Transformation & Change Management";"2025-12-15";"3-5 years"
202501386;1386;2025;"Manager";"Sweden";"Digital Strategy Consulting";"2025-12-15";"10-15 years"
202501387;1387;2025;"Manager";"Sweden";"Technology & IT Strategy";"2025-12-15";"1-2 years"
202501389;1389;2025;"Manager";"Sweden";"Transformation & Change Management";"2025-12-15";"6-9 years"
202501390;1390;2025;"Manager";"Sweden";"Sales & Business Development";"2025-12-15";"3-5 years"
202501391;1391;2025;"Manager";"Denmark";"Transformation & Change Management";"2025-12-15";"3-5 years"
202501392;1392;2025;"Manager";"Sweden";"Digital Marketing & Growth";"2025-12-15";"6-9 years"
202501393;1393;2025;"Manager";"France";"Sales & Business Development";"2025-12-15";"6-9 years"
202501394;1394;2025;"Non-manager";"Germany";"Customer Experience & Design";"2025-12-15";"10-15 years"
202501395;1395;2025;"Manager";"Spain";"Data & Analytics Consulting";"2025-12-15";"3-5 years"
202501396;1396;2025;"Manager";"Sweden";"Digital Strategy Consulting";"2025-12-15";"6-9 years"
202501397;1397;2025;"Non-manager";"France";"Cybersecurity & Digital Risk";"2025-12-15";"6-9 years"
202501398;1398;2025;"Manager";"Sweden";"Sales & Business Development";"2025-12-15";"10-15 years"
202501399;1399;2025;"Non-manager";"Spain";"Human Resources";"2025-12-15";"6-9 years"
202501400;1400;2025;"Non-manager";"Spain";"Transformation & Change Management";"2025-12-15";"1-2 years"
202501401;1401;2025;"Manager";"France";"Data & Analytics Consulting";"2025-12-15";"6-9 years"
202501402;1402;2025;"Manager";"Sweden";"Sales & Business Development";"2025-12-15";"1-2 years"
202501403;1403;2025;"Non-manager";"Sweden";"Data & Analytics Consulting";"2025-12-15";"6-9 years"
202501404;1404;2025;"Manager";"France";"Data & Analytics Consulting";"2025-12-15";"1-2 years"
202501405;1405;2025;"Non-manager";"Sweden";"Digital Strategy Consulting";"2025-12-15";"3-5 years"
202501406;1406;2025;"Manager";"Spain";"Digital Strategy Consulting";"2025-12-15";"15+ years"
202501407;1407;2025;"Manager";"Sweden";"Technology & IT Strategy";"2025-12-15";"10-15 years"
202501408;1408;2025;"Non-manager";"Denmark";"Digital Strategy Consulting";"2025-12-15";"3-5 years"
202501409;1409;2025;"Non-manager";"Denmark";"Customer Experience & Design";"2025-12-15";"3-5 years"
202501411;1411;2025;"Manager";"Denmark";"Sales & Business Development";"2025-12-15";"6-9 years"
202501412;1412;2025;"Manager";"Sweden";"Digital Strategy Consulting";"2025-12-15";"3-5 years"
202501413;1413;2025;"Non-manager";"Germany";"Customer Experience & Design";"2025-12-15";"10-15 years"
202501414;1414;2025;"Non-manager";"Germany";"Transformation & Change Management";"2025-12-15";"3-5 years"
202501415;1415;2025;"Non-manager";"Sweden";"Human Resources";"2025-12-15";"3-5 years"
202501416;1416;2025;"Manager";"Denmark";"Human Resources";"2025-12-15";"3-5 years"
202501417;1417;2025;"Manager";"Sweden";"Sales & Business Development";"2025-12-15";"3-5 years"
202501418;1418;2025;"Manager";"France";"Customer Experience & Design";"2025-12-15";"10-15 years"
202501419;1419;2025;"Manager";"Sweden";"Technology & IT Strategy";"2025-12-15";"6-9 years"
202501420;1420;2025;"Non-manager";"Germany";"Customer Experience & Design";"2025-12-15";"1-2 years"
202501421;1421;2025;"Manager";"Sweden";"Technology & IT Strategy";"2025-12-15";"3-5 years"
202501422;1422;2025;"Non-manager";"Sweden";"Human Resources";"2025-12-15";"3-5 years"
202501423;1423;2025;"Non-manager";"Sweden";"Transformation & Change Management";"2025-12-15";"3-5 years"
202501424;1424;2025;"Non-manager";"Sweden";"Digital Marketing & Growth";"2025-12-15";"3-5 years"
202501425;1425;2025;"Manager";"Germany";"Digital Strategy Consulting";"2025-12-15";"6-9 years"
202501426;1426;2025;"Manager";"Sweden";"Data & Analytics Consulting";"2025-12-15";"15+ years"
202501427;1427;2025;"Manager";"Germany";"Digital Strategy Consulting";"2025-12-15";"10-15 years"
202501428;1428;2025;"Manager";"Sweden";"Digital Strategy Consulting";"2025-12-15";"6-9 years"
202501429;1429;2025;"Non-manager";"Sweden";"Data & Analytics Consulting";"2025-12-15";"3-5 years"
202501430;1430;2025;"Non-manager";"Germany";"Sales & Business Development";"2025-12-15";"10-15 years"
202501432;1432;2025;"Non-manager";"France";"Finance & Operations";"2025-12-15";"10-15 years"
202501433;1433;2025;"Manager";"Spain";"Digital Strategy Consulting";"2025-12-15";"1-2 years"
202501434;1434;2025;"Non-manager";"Sweden";"Human Resources";"2025-12-15";"1-2 years"
202501436;1436;2025;"Non-manager";"Denmark";"Customer Experience & Design";"2025-12-15";"3-5 years"
202501437;1437;2025;"Non-manager";"France";"Transformation & Change Management";"2025-12-15";"3-5 years"
202501438;1438;2025;"Non-manager";"Germany";"Digital Marketing & Growth";"2025-12-15";"6-9 years"
202501439;1439;2025;"Non-manager";"France";"Cybersecurity & Digital Risk";"2025-12-15";"6-9 years"
202501440;1440;2025;"Non-manager";"Sweden";"Transformation & Change Management";"2025-12-15";"3-5 years"
202501441;1441;2025;"Non-manager";"France";"Data & Analytics Consulting";"2025-12-15";"3-5 years"
202501442;1442;2025;"Manager";"Sweden";"Transformation & Change Management";"2025-12-15";"3-5 years"
202501443;1443;2025;"Manager";"Spain";"Digital Marketing & Growth";"2025-12-15";"6-9 years"
202501444;1444;2025;"Non-manager";"Sweden";"Data & Analytics Consulting";"2025-12-15";"3-5 years"
202501445;1445;2025;"Manager";"Spain";"Data & Analytics Consulting";"2025-12-15";"6-9 years"
202501446;1446;2025;"Non-manager";"France";"Finance & Operations";"2025-12-15";"6-9 years"
202501447;1447;2025;"Manager";"France";"Human Resources";"2025-12-15";"3-5 years"
202501448;1448;2025;"Manager";"Spain";"Digital Strategy Consulting";"2025-12-15";"3-5 years"
202501449;1449;2025;"Non-manager";"Sweden";"Digital Strategy Consulting";"2025-12-15";"3-5 years"
202501450;1450;2025;"Non-manager";"Denmark";"Finance & Operations";"2025-12-15";"15+ years"
202501451;1451;2025;"Non-manager";"Spain";"Digital Strategy Consulting";"2025-12-15";"3-5 years"
202501452;1452;2025;"Manager";"Germany";"Digital Strategy Consulting";"2025-12-15";"1-2 years"
202501453;1453;2025;"Non-manager";"Spain";"Cybersecurity & Digital Risk";"2025-12-15";"1-2 years"
202501454;1454;2025;"Manager";"Sweden";"Data & Analytics Consulting";"2025-12-15";"1-2 years"
202501455;1455;2025;"Manager";"Sweden";"Customer Experience & Design";"2025-12-15";"10-15 years"
202501456;1456;2025;"Non-manager";"Sweden";"Cybersecurity & Digital Risk";"2025-12-15";"3-5 years"
202501457;1457;2025;"Non-manager";"Sweden";"Digital Strategy Consulting";"2025-12-15";"10-15 years"
202501458;1458;2025;"Non-manager";"Denmark";"Human Resources";"2025-12-15";"6-9 years"
202501459;1459;2025;"Non-manager";"Sweden";"Digital Marketing & Growth";"2025-12-15";"6-9 years"
202501460;1460;2025;"Manager";"Sweden";"Digital Marketing & Growth";"2025-12-15";"1-2 years"
202501461;1461;2025;"Manager";"France";"Data & Analytics Consulting";"2025-12-15";"3-5 years"
202501463;1463;2025;"Manager";"Germany";"Customer Experience & Design";"2025-12-15";"6-9 years"
202501464;1464;2025;"Manager";"Sweden";"Human Resources";"2025-12-15";"3-5 years"
202501465;1465;2025;"Manager";"Sweden";"Human Resources";"2025-12-15";"3-5 years"
202501466;1466;2025;"Non-manager";"Sweden";"Data & Analytics Consulting";"2025-12-15";"3-5 years"
202501467;1467;2025;"Manager";"Sweden";"Data & Analytics Consulting";"2025-12-15";"6-9 years"
202501468;1468;2025;"Non-manager";"Sweden";"Transformation & Change Management";"2025-12-15";"6-9 years"
202501469;1469;2025;"Manager";"Sweden";"Sales & Business Development";"2025-12-15";"3-5 years"
202501470;1470;2025;"Non-manager";"Germany";"Data & Analytics Consulting";"2025-12-15";"3-5 years"
202501471;1471;2025;"Manager";"France";"Digital Strategy Consulting";"2025-12-15";"6-9 years"
202501472;1472;2025;"Non-manager";"Germany";"Sales & Business Development";"2025-12-15";"3-5 years"
202501473;1473;2025;"Manager";"Germany";"Customer Experience & Design";"2025-12-15";"3-5 years"
202501474;1474;2025;"Manager";"Spain";"Transformation & Change Management";"2025-12-15";"10-15 years"
202501475;1475;2025;"Manager";"Sweden";"Customer Experience & Design";"2025-12-15";"10-15 years"
202501476;1476;2025;"Non-manager";"France";"Digital Strategy Consulting";"2025-12-15";"1-2 years"
202501477;1477;2025;"Non-manager";"France";"Digital Strategy Consulting";"2025-12-15";"6-9 years"
202501478;1478;2025;"Manager";"Sweden";"Customer Experience & Design";"2025-12-15";"10-15 years"
202501479;1479;2025;"Manager";"France";"Digital Marketing & Growth";"2025-12-15";"10-15 years"
202501480;1480;2025;"Manager";"Denmark";"Technology & IT Strategy";"2025-12-15";"1-2 years"
202501481;1481;2025;"Non-manager";"France";"Digital Strategy Consulting";"2025-12-15";"1-2 years"
202501482;1482;2025;"Manager";"Germany";"Digital Strategy Consulting";"2025-12-15";"3-5 years"
202501483;1483;2025;"Manager";"Germany";"Sales & Business Development";"2025-12-15";"10-15 years"
202501485;1485;2025;"Non-manager";"Germany";"Data & Analytics Consulting";"2025-12-15";"3-5 years"
202501486;1486;2025;"Manager";"Germany";"Digital Marketing & Growth";"2025-12-15";"3-5 years"
202501487;1487;2025;"Non-manager";"Sweden";"Human Resources";"2025-12-15";"1-2 years"
202501488;1488;2025;"Non-manager";"Germany";"Digital Strategy Consulting";"2025-12-15";"15+ years"
202501489;1489;2025;"Manager";"Sweden";"Finance & Operations";"2025-12-15";"6-9 years"
202501491;1491;2025;"Manager";"Spain";"Transformation & Change Management";"2025-12-15";"6-9 years"
202501492;1492;2025;"Manager";"Sweden";"Data & Analytics Consulting";"2025-12-15";"3-5 years"
202501493;1493;2025;"Manager";"Denmark";"Finance & Operations";"2025-12-15";"3-5 years"
202501494;1494;2025;"Non-manager";"Sweden";"Cybersecurity & Digital Risk";"2025-12-15";"3-5 years"
202501496;1496;2025;"Manager";"Germany";"Transformation & Change Management";"2025-12-15";"6-9 years"
202501497;1497;2025;"Manager";"Sweden";"Data & Analytics Consulting";"2025-12-15";"3-5 years"
202501498;1498;2025;"Non-manager";"Denmark";"Customer Experience & Design";"2025-12-15";"3-5 years"
202501499;1499;2025;"Non-manager";"France";"Customer Experience & Design";"2025-12-15";"6-9 years"
202501500;1500;2025;"Manager";"Sweden";"Finance & Operations";"2025-12-15";"6-9 years"
202501502;1502;2025;"Manager";"Sweden";"Technology & IT Strategy";"2025-12-15";"6-9 years"
202501503;1503;2025;"Manager";"Sweden";"Digital Strategy Consulting";"2025-12-15";"1-2 years"
202501504;1504;2025;"Non-manager";"Spain";"Digital Marketing & Growth";"2025-12-15";"6-9 years"
202501505;1505;2025;"Non-manager";"Sweden";"Digital Strategy Consulting";"2025-12-15";"6-9 years"
202501506;1506;2025;"Manager";"Spain";"Digital Marketing & Growth";"2025-12-15";"6-9 years"
202501507;1507;2025;"Non-manager";"Germany";"Customer Experience & Design";"2025-12-15";"10-15 years"
202501508;1508;2025;"Non-manager";"Germany";"Transformation & Change Management";"2025-12-15";"3-5 years"
202501509;1509;2025;"Non-manager";"Sweden";"Customer Experience & Design";"2025-12-15";"10-15 years"
202501510;1510;2025;"Manager";"Denmark";"Digital Strategy Consulting";"2025-12-15";"15+ years"
202501511;1511;2025;"Non-manager";"Sweden";"Technology & IT Strategy";"2025-12-15";"10-15 years"
202501512;1512;2025;"Non-manager";"Denmark";"Transformation & Change Management";"2025-12-15";"3-5 years"
202501513;1513;2025;"Non-manager";"Sweden";"Cybersecurity & Digital Risk";"2025-12-15";"3-5 years"
202501514;1514;2025;"Manager";"Sweden";"Digital Strategy Consulting";"2025-12-15";"3-5 years"
202501515;1515;2025;"Manager";"Spain";"Digital Marketing & Growth";"2025-12-15";"3-5 years"
202501516;1516;2025;"Non-manager";"Spain";"Digital Strategy Consulting";"2025-12-15";"6-9 years"
202501517;1517;2025;"Non-manager";"Sweden";"Transformation & Change Management";"2025-12-15";"3-5 years"
202501518;1518;2025;"Manager";"Germany";"Digital Strategy Consulting";"2025-12-15";"3-5 years"
202501519;1519;2025;"Non-manager";"Denmark";"Customer Experience & Design";"2025-12-15";"3-5 years"
202501520;1520;2025;"Non-manager";"Sweden";"Digital Strategy Consulting";"2025-12-15";"10-15 years"
202501521;1521;2025;"Manager";"Germany";"Transformation & Change Management";"2025-12-15";"3-5 years"
202501522;1522;2025;"Manager";"Germany";"Customer Experience & Design";"2025-12-15";"3-5 years"
202501523;1523;2025;"Manager";"Sweden";"Customer Experience & Design";"2025-12-15";"10-15 years"
202501524;1524;2025;"Manager";"Sweden";"Technology & IT Strategy";"2025-12-15";"1-2 years"
202501525;1525;2025;"Manager";"Sweden";"Customer Experience & Design";"2025-12-15";"6-9 years"
202501526;1526;2025;"Non-manager";"Sweden";"Digital Strategy Consulting";"2025-12-15";"6-9 years"
202501527;1527;2025;"Manager";"Spain";"Digital Strategy Consulting";"2025-12-15";"6-9 years"
202501529;1529;2025;"Non-manager";"Sweden";"Sales & Business Development";"2025-12-15";"3-5 years"
202501531;1531;2025;"Manager";"Germany";"Sales & Business Development";"2025-12-15";"15+ years"
202501532;1532;2025;"Manager";"Spain";"Customer Experience & Design";"2025-12-15";"10-15 years"
202501533;1533;2025;"Non-manager";"Sweden";"Digital Strategy Consulting";"2025-12-15";"1-2 years"
202501534;1534;2025;"Manager";"Germany";"Transformation & Change Management";"2025-12-15";"3-5 years"
202501535;1535;2025;"Non-manager";"Denmark";"Data & Analytics Consulting";"2025-12-15";"6-9 years"
202501537;1537;2025;"Manager";"Denmark";"Transformation & Change Management";"2025-12-15";"6-9 years"
202501538;1538;2025;"Non-manager";"Sweden";"Technology & IT Strategy";"2025-12-15";"15+ years"
202501539;1539;2025;"Non-manager";"Spain";"Sales & Business Development";"2025-12-15";"3-5 years"
202501540;1540;2025;"Manager";"Sweden";"Cybersecurity & Digital Risk";"2025-12-15";"3-5 years"
202501541;1541;2025;"Non-manager";"France";"Customer Experience & Design";"2025-12-15";"3-5 years"
202501542;1542;2025;"Non-manager";"Denmark";"Sales & Business Development";"2025-12-15";"6-9 years"
202501543;1543;2025;"Non-manager";"Germany";"Cybersecurity & Digital Risk";"2025-12-15";"3-5 years"
202501544;1544;2025;"Non-manager";"Sweden";"Human Resources";"2025-12-15";"15+ years"
202501545;1545;2025;"Manager";"Germany";"Data & Analytics Consulting";"2025-12-15";"15+ years"
202501546;1546;2025;"Manager";"Germany";"Technology & IT Strategy";"2025-12-15";"6-9 years"
202501547;1547;2025;"Manager";"Sweden";"Transformation & Change Management";"2025-12-15";"10-15 years"
202501548;1548;2025;"Manager";"Germany";"Data & Analytics Consulting";"2025-12-15";"6-9 years"
202501549;1549;2025;"Manager";"Spain";"Digital Strategy Consulting";"2025-12-15";"3-5 years"
202501550;1550;2025;"Non-manager";"France";"Data & Analytics Consulting";"2025-12-15";"3-5 years"
202501551;1551;2025;"Manager";"Spain";"Transformation & Change Management";"2025-12-15";"3-5 years"
202501552;1552;2025;"Manager";"Denmark";"Sales & Business Development";"2025-12-15";"6-9 years"
202501553;1553;2025;"Manager";"Sweden";"Finance & Operations";"2025-12-15";"15+ years"
202501554;1554;2025;"Non-manager";"Sweden";"Transformation & Change Management";"2025-12-15";"1-2 years"
202501555;1555;2025;"Non-manager";"France";"Technology & IT Strategy";"2025-12-15";"3-5 years"
202501556;1556;2025;"Manager";"Denmark";"Sales & Business Development";"2025-12-15";"10-15 years"
202501557;1557;2025;"Manager";"Spain";"Technology & IT Strategy";"2025-12-15";"10-15 years"
202501558;1558;2025;"Manager";"Sweden";"Transformation & Change Management";"2025-12-15";"3-5 years"
202501559;1559;2025;"Manager";"Germany";"Transformation & Change Management";"2025-12-15";"6-9 years"
202501560;1560;2025;"Manager";"Sweden";"Sales & Business Development";"2025-12-15";"3-5 years"
202501561;1561;2025;"Manager";"Spain";"Finance & Operations";"2025-12-15";"10-15 years"
202501562;1562;2025;"Manager";"Sweden";"Digital Strategy Consulting";"2025-12-15";"3-5 years"
202501563;1563;2025;"Non-manager";"Sweden";"Customer Experience & Design";"2025-12-15";"3-5 years"
202501564;1564;2025;"Manager";"Germany";"Digital Marketing & Growth";"2025-12-15";"10-15 years"
202501565;1565;2025;"Non-manager";"Sweden";"Digital Strategy Consulting";"2025-12-15";"3-5 years"
202501566;1566;2025;"Manager";"Sweden";"Digital Strategy Consulting";"2025-12-15";"3-5 years"
202501567;1567;2025;"Manager";"Sweden";"Customer Experience & Design";"2025-12-15";"3-5 years"
202501568;1568;2025;"Manager";"Sweden";"Technology & IT Strategy";"2025-12-15";"3-5 years"
202501569;1569;2025;"Manager";"France";"Digital Strategy Consulting";"2025-12-15";"6-9 years"
202501570;1570;2025;"Non-manager";"France";"Transformation & Change Management";"2025-12-15";"1-2 years"
202501571;1571;2025;"Non-manager";"Spain";"Technology & IT Strategy";"2025-12-15";"6-9 years"
202501572;1572;2025;"Manager";"Germany";"Sales & Business Development";"2025-12-15";"3-5 years"
202501573;1573;2025;"Manager";"Sweden";"Transformation & Change Management";"2025-12-15";"6-9 years"
202501574;1574;2025;"Manager";"Sweden";"Finance & Operations";"2025-12-15";"3-5 years"
202501575;1575;2025;"Non-manager";"Sweden";"Digital Strategy Consulting";"2025-12-15";"3-5 years"
202501576;1576;2025;"Non-manager";"Sweden";"Technology & IT Strategy";"2025-12-15";"3-5 years"
202501577;1577;2025;"Manager";"Sweden";"Finance & Operations";"2025-12-15";"3-5 years"
202501578;1578;2025;"Manager";"Spain";"Sales & Business Development";"2025-12-15";"6-9 years"
202501579;1579;2025;"Non-manager";"Sweden";"Transformation & Change Management";"2025-12-15";"1-2 years"
202501580;1580;2025;"Manager";"Germany";"Transformation & Change Management";"2025-12-15";"10-15 years"
202501581;1581;2025;"Manager";"France";"Digital Strategy Consulting";"2025-12-15";"3-5 years"
202501582;1582;2025;"Non-manager";"Sweden";"Data & Analytics Consulting";"2025-12-15";"1-2 years"
202501583;1583;2025;"Non-manager";"Sweden";"Sales & Business Development";"2025-12-15";"6-9 years"
202501584;1584;2025;"Manager";"Germany";"Technology & IT Strategy";"2025-12-15";"3-5 years"
202501585;1585;2025;"Manager";"Sweden";"Digital Strategy Consulting";"2025-12-15";"10-15 years"
202501586;1586;2025;"Manager";"Sweden";"Digital Strategy Consulting";"2025-12-15";"1-2 years"
202501587;1587;2025;"Non-manager";"Sweden";"Digital Marketing & Growth";"2025-12-15";"3-5 years"
202501588;1588;2025;"Non-manager";"Sweden";"Digital Marketing & Growth";"2025-12-15";"6-9 years"
202501589;1589;2025;"Non-manager";"France";"Cybersecurity & Digital Risk";"2025-12-15";"3-5 years"
202501590;1590;2025;"Manager";"Sweden";"Digital Strategy Consulting";"2025-12-15";"6-9 years"
202501591;1591;2025;"Manager";"Sweden";"Finance & Operations";"2025-12-15";"6-9 years"
202501592;1592;2025;"Manager";"France";"Technology & IT Strategy";"2025-12-15";"10-15 years"
202501593;1593;2025;"Manager";"France";"Technology & IT Strategy";"2025-12-15";"10-15 years"
202501594;1594;2025;"Non-manager";"France";"Technology & IT Strategy";"2025-12-15";"6-9 years"
202501595;1595;2025;"Manager";"Spain";"Data & Analytics Consulting";"2025-12-15";"6-9 years"
202501596;1596;2025;"Manager";"Sweden";"Technology & IT Strategy";"2025-12-15";"3-5 years"
202501597;1597;2025;"Non-manager";"Germany";"Cybersecurity & Digital Risk";"2025-12-15";"3-5 years"
202501598;1598;2025;"Manager";"Spain";"Finance & Operations";"2025-12-15";"6-9 years"
202501600;1600;2025;"Manager";"France";"Transformation & Change Management";"2025-12-15";"10-15 years"
202501601;1601;2025;"Non-manager";"Sweden";"Technology & IT Strategy";"2025-12-15";"3-5 years"
202501602;1602;2025;"Non-manager";"France";"Sales & Business Development";"2025-12-15";"15+ years"
202501603;1603;2025;"Non-manager";"Sweden";"Transformation & Change Management";"2025-12-15";"3-5 years"
202501605;1605;2025;"Non-manager";"Sweden";"Customer Experience & Design";"2025-12-15";"3-5 years"
202501606;1606;2025;"Manager";"France";"Customer Experience & Design";"2025-12-15";"3-5 years"
202501607;1607;2025;"Non-manager";"Germany";"Sales & Business Development";"2025-12-15";"10-15 years"
202501608;1608;2025;"Non-manager";"Spain";"Digital Strategy Consulting";"2025-12-15";"6-9 years"
202501609;1609;2025;"Non-manager";"Sweden";"Human Resources";"2025-12-15";"6-9 years"
202501610;1610;2025;"Non-manager";"Sweden";"Transformation & Change Management";"2025-12-15";"15+ years"
202501611;1611;2025;"Non-manager";"Denmark";"Technology & IT Strategy";"2025-12-15";"10-15 years"
202501612;1612;2025;"Non-manager";"Sweden";"Cybersecurity & Digital Risk";"2025-12-15";"3-5 years"
202501613;1613;2025;"Non-manager";"Germany";"Data & Analytics Consulting";"2025-12-15";"3-5 years"
202501615;1615;2025;"Manager";"Sweden";"Customer Experience & Design";"2025-12-15";"10-15 years"
202501616;1616;2025;"Non-manager";"Spain";"Sales & Business Development";"2025-12-15";"1-2 years"
202501617;1617;2025;"Non-manager";"Sweden";"Data & Analytics Consulting";"2025-12-15";"3-5 years"
202501618;1618;2025;"Manager";"Denmark";"Digital Strategy Consulting";"2025-12-15";"10-15 years"
202501619;1619;2025;"Manager";"Sweden";"Digital Strategy Consulting";"2025-12-15";"6-9 years"
202501620;1620;2025;"Manager";"France";"Transformation & Change Management";"2025-12-15";"10-15 years"
202501621;1621;2025;"Non-manager";"Spain";"Digital Strategy Consulting";"2025-12-15";"3-5 years"
202501622;1622;2025;"Manager";"Denmark";"Digital Marketing & Growth";"2025-12-15";"15+ years"
202501623;1623;2025;"Manager";"Denmark";"Cybersecurity & Digital Risk";"2025-12-15";"6-9 years"
202501624;1624;2025;"Manager";"France";"Digital Strategy Consulting";"2025-12-15";"6-9 years"
202501625;1625;2025;"Manager";"Denmark";"Digital Strategy Consulting";"2025-12-15";"15+ years"
202501626;1626;2025;"Manager";"Denmark";"Finance & Operations";"2025-12-15";"3-5 years"
202501627;1627;2025;"Non-manager";"Denmark";"Digital Marketing & Growth";"2025-12-15";"6-9 years"
202501628;1628;2025;"Manager";"Sweden";"Transformation & Change Management";"2025-12-15";"3-5 years"
202501630;1630;2025;"Non-manager";"Spain";"Digital Marketing & Growth";"2025-12-15";"10-15 years"
202501631;1631;2025;"Non-manager";"Sweden";"Digital Strategy Consulting";"2025-12-15";"10-15 years"
202501632;1632;2025;"Manager";"France";"Data & Analytics Consulting";"2025-12-15";"10-15 years"
202501633;1633;2025;"Non-manager";"Sweden";"Digital Strategy Consulting";"2025-12-15";"1-2 years"
202501634;1634;2025;"Manager";"Sweden";"Transformation & Change Management";"2025-12-15";"10-15 years"
202501635;1635;2025;"Manager";"Sweden";"Transformation & Change Management";"2025-12-15";"6-9 years"
202501636;1636;2025;"Manager";"France";"Digital Strategy Consulting";"2025-12-15";"6-9 years"
202501637;1637;2025;"Non-manager";"France";"Technology & IT Strategy";"2025-12-15";"10-15 years"
202501638;1638;2025;"Non-manager";"Spain";"Customer Experience & Design";"2025-12-15";"3-5 years"
202501639;1639;2025;"Non-manager";"Sweden";"Technology & IT Strategy";"2025-12-15";"3-5 years"
202501640;1640;2025;"Non-manager";"Sweden";"Data & Analytics Consulting";"2025-12-15";"3-5 years"
202501641;1641;2025;"Manager";"Sweden";"Finance & Operations";"2025-12-15";"1-2 years"
202501642;1642;2025;"Manager";"Spain";"Cybersecurity & Digital Risk";"2025-12-15";"3-5 years"
202501643;1643;2025;"Manager";"Sweden";"Finance & Operations";"2025-12-15";"15+ years"
202501644;1644;2025;"Manager";"Germany";"Data & Analytics Consulting";"2025-12-15";"6-9 years"
202501645;1645;2025;"Manager";"Sweden";"Cybersecurity & Digital Risk";"2025-12-15";"6-9 years"
202501646;1646;2025;"Manager";"Spain";"Transformation & Change Management";"2025-12-15";"6-9 years"
202501647;1647;2025;"Non-manager";"Sweden";"Cybersecurity & Digital Risk";"2025-12-15";"6-9 years"
202501648;1648;2025;"Manager";"Spain";"Finance & Operations";"2025-12-15";"3-5 years"
202501649;1649;2025;"Manager";"Germany";"Sales & Business Development";"2025-12-15";"15+ years"
202501650;1650;2025;"Non-manager";"Sweden";"Human Resources";"2025-12-15";"3-5 years"
202501651;1651;2025;"Non-manager";"Germany";"Transformation & Change Management";"2025-12-15";"3-5 years"
202501652;1652;2025;"Manager";"Sweden";"Technology & IT Strategy";"2025-12-15";"3-5 years"
202501654;1654;2025;"Non-manager";"France";"Customer Experience & Design";"2025-12-15";"10-15 years"
202501655;1655;2025;"Manager";"France";"Finance & Operations";"2025-12-15";"1-2 years"
202501656;1656;2025;"Manager";"Sweden";"Transformation & Change Management";"2025-12-15";"3-5 years"
202501657;1657;2025;"Manager";"France";"Customer Experience & Design";"2025-12-15";"6-9 years"
202501658;1658;2025;"Non-manager";"Spain";"Technology & IT Strategy";"2025-12-15";"3-5 years"
202501659;1659;2025;"Non-manager";"Sweden";"Cybersecurity & Digital Risk";"2025-12-15";"3-5 years"
202501660;1660;2025;"Manager";"France";"Digital Strategy Consulting";"2025-12-15";"1-2 years"
202501661;1661;2025;"Non-manager";"Sweden";"Digital Strategy Consulting";"2025-12-15";"6-9 years"
202501662;1662;2025;"Manager";"Spain";"Sales & Business Development";"2025-12-15";"10-15 years"
202501663;1663;2025;"Manager";"Sweden";"Customer Experience & Design";"2025-12-15";"1-2 years"
202501664;1664;2025;"Non-manager";"Denmark";"Sales & Business Development";"2025-12-15";"3-5 years"
202501665;1665;2025;"Manager";"Sweden";"Digital Strategy Consulting";"2025-12-15";"10-15 years"
202501666;1666;2025;"Manager";"Spain";"Technology & IT Strategy";"2025-12-15";"6-9 years"
202501667;1667;2025;"Manager";"Sweden";"Sales & Business Development";"2025-12-15";"3-5 years"
202501668;1668;2025;"Manager";"Sweden";"Digital Strategy Consulting";"2025-12-15";"15+ years"
202501669;1669;2025;"Manager";"Sweden";"Finance & Operations";"2025-12-15";"10-15 years"
202501670;1670;2025;"Non-manager";"Sweden";"Finance & Operations";"2025-12-15";"6-9 years"
202501672;1672;2025;"Non-manager";"Sweden";"Digital Strategy Consulting";"2025-12-15";"6-9 years"
202501673;1673;2025;"Manager";"Sweden";"Transformation & Change Management";"2025-12-15";"6-9 years"
202501674;1674;2025;"Manager";"Spain";"Data & Analytics Consulting";"2025-12-15";"1-2 years"
202501675;1675;2025;"Manager";"Spain";"Finance & Operations";"2025-12-15";"6-9 years"
202501676;1676;2025;"Non-manager";"Sweden";"Data & Analytics Consulting";"2025-12-15";"3-5 years"
202501677;1677;2025;"Manager";"Denmark";"Digital Strategy Consulting";"2025-12-15";"10-15 years"
202501678;1678;2025;"Manager";"Sweden";"Digital Strategy Consulting";"2025-12-15";"1-2 years"
202501679;1679;2025;"Manager";"Sweden";"Technology & IT Strategy";"2025-12-15";"6-9 years"
202501680;1680;2025;"Manager";"Sweden";"Data & Analytics Consulting";"2025-12-15";"15+ years"
202501681;1681;2025;"Manager";"France";"Digital Marketing & Growth";"2025-12-15";"6-9 years"
202501682;1682;2025;"Manager";"Germany";"Digital Strategy Consulting";"2025-12-15";"6-9 years"
202501683;1683;2025;"Manager";"Denmark";"Customer Experience & Design";"2025-12-15";"6-9 years"
202501684;1684;2025;"Non-manager";"Spain";"Sales & Business Development";"2025-12-15";"1-2 years"
202501685;1685;2025;"Non-manager";"Sweden";"Customer Experience & Design";"2025-12-15";"3-5 years"
202501686;1686;2025;"Manager";"Germany";"Transformation & Change Management";"2025-12-15";"6-9 years"
202501687;1687;2025;"Manager";"Sweden";"Sales & Business Development";"2025-12-15";"1-2 years"
202501688;1688;2025;"Manager";"France";"Data & Analytics Consulting";"2025-12-15";"6-9 years"
202501689;1689;2025;"Manager";"Sweden";"Finance & Operations";"2025-12-15";"3-5 years"
202501690;1690;2025;"Non-manager";"Denmark";"Finance & Operations";"2025-12-15";"3-5 years"
202501691;1691;2025;"Non-manager";"Spain";"Finance & Operations";"2025-12-15";"3-5 years"
202501692;1692;2025;"Non-manager";"Spain";"Human Resources";"2025-12-15";"6-9 years"
202501693;1693;2025;"Manager";"Sweden";"Digital Marketing & Growth";"2025-12-15";"6-9 years"
202501694;1694;2025;"Manager";"France";"Data & Analytics Consulting";"2025-12-15";"1-2 years"
202501695;1695;2025;"Manager";"Sweden";"Digital Marketing & Growth";"2025-12-15";"15+ years"
202501696;1696;2025;"Manager";"Germany";"Digital Strategy Consulting";"2025-12-15";"6-9 years"
202501697;1697;2025;"Manager";"Sweden";"Customer Experience & Design";"2025-12-15";"1-2 years"
202501698;1698;2025;"Non-manager";"France";"Transformation & Change Management";"2025-12-15";"10-15 years"
202501699;1699;2025;"Manager";"Sweden";"Sales & Business Development";"2025-12-15";"3-5 years"
202501700;1700;2025;"Manager";"Spain";"Technology & IT Strategy";"2025-12-15";"6-9 years"
202501701;1701;2025;"Manager";"France";"Transformation & Change Management";"2025-12-15";"1-2 years"
202501702;1702;2025;"Manager";"Spain";"Sales & Business Development";"2025-12-15";"1-2 years"
202501703;1703;2025;"Manager";"France";"Sales & Business Development";"2025-12-15";"1-2 years"
202501704;1704;2025;"Non-manager";"Sweden";"Digital Strategy Consulting";"2025-12-15";"10-15 years"
202501705;1705;2025;"Non-manager";"Sweden";"Technology & IT Strategy";"2025-12-15";"3-5 years"
202501706;1706;2025;"Manager";"Sweden";"Transformation & Change Management";"2025-12-15";"1-2 years"
202501708;1708;2025;"Manager";"Sweden";"Data & Analytics Consulting";"2025-12-15";"6-9 years"
202501709;1709;2025;"Manager";"Sweden";"Finance & Operations";"2025-12-15";"6-9 years"
202501710;1710;2025;"Manager";"Sweden";"Finance & Operations";"2025-12-15";"6-9 years"
202501711;1711;2025;"Non-manager";"Sweden";"Digital Marketing & Growth";"2025-12-15";"10-15 years"
202501712;1712;2025;"Manager";"Germany";"Sales & Business Development";"2025-12-15";"3-5 years"
202501714;1714;2025;"Non-manager";"France";"Sales & Business Development";"2025-12-15";"6-9 years"
202501716;1716;2025;"Manager";"Sweden";"Cybersecurity & Digital Risk";"2025-12-15";"1-2 years"
202501717;1717;2025;"Manager";"Germany";"Digital Strategy Consulting";"2025-12-15";"6-9 years"
202501718;1718;2025;"Manager";"Sweden";"Sales & Business Development";"2025-12-15";"15+ years"
202501719;1719;2025;"Non-manager";"Germany";"Finance & Operations";"2025-12-15";"6-9 years"
202501720;1720;2025;"Manager";"Germany";"Digital Strategy Consulting";"2025-12-15";"6-9 years"
202501721;1721;2025;"Non-manager";"Sweden";"Customer Experience & Design";"2025-12-15";"3-5 years"
202501722;1722;2025;"Non-manager";"Sweden";"Transformation & Change Management";"2025-12-15";"15+ years"
202501724;1724;2025;"Manager";"Spain";"Technology & IT Strategy";"2025-12-15";"6-9 years"
202501725;1725;2025;"Manager";"Sweden";"Digital Marketing & Growth";"2025-12-15";"6-9 years"
202501726;1726;2025;"Manager";"Denmark";"Data & Analytics Consulting";"2025-12-15";"15+ years"
202501727;1727;2025;"Non-manager";"Spain";"Data & Analytics Consulting";"2025-12-15";"6-9 years"
202501728;1728;2025;"Manager";"Denmark";"Digital Strategy Consulting";"2025-12-15";"3-5 years"
202501729;1729;2025;"Non-manager";"France";"Digital Marketing & Growth";"2025-12-15";"6-9 years"
202501730;1730;2025;"Manager";"Sweden";"Finance & Operations";"2025-12-15";"3-5 years"
202501731;1731;2025;"Non-manager";"France";"Cybersecurity & Digital Risk";"2025-12-15";"6-9 years"
202501732;1732;2025;"Manager";"Germany";"Sales & Business Development";"2025-12-15";"6-9 years"
202501733;1733;2025;"Manager";"Sweden";"Transformation & Change Management";"2025-12-15";"6-9 years"
202501734;1734;2025;"Manager";"France";"Digital Marketing & Growth";"2025-12-15";"15+ years"
202501735;1735;2025;"Manager";"Denmark";"Transformation & Change Management";"2025-12-15";"3-5 years"
202501736;1736;2025;"Manager";"Germany";"Digital Strategy Consulting";"2025-12-15";"3-5 years"
202501738;1738;2025;"Manager";"Sweden";"Sales & Business Development";"2025-12-15";"1-2 years"
202501739;1739;2025;"Manager";"Sweden";"Digital Strategy Consulting";"2025-12-15";"3-5 years"
202501740;1740;2025;"Manager";"France";"Technology & IT Strategy";"2025-12-15";"6-9 years"
202501741;1741;2025;"Non-manager";"Germany";"Customer Experience & Design";"2025-12-15";"3-5 years"
202501743;1743;2025;"Manager";"Germany";"Finance & Operations";"2025-12-15";"6-9 years"
202501745;1745;2025;"Manager";"Germany";"Technology & IT Strategy";"2025-12-15";"3-5 years"
202501746;1746;2025;"Non-manager";"Germany";"Customer Experience & Design";"2025-12-15";"1-2 years"
202501747;1747;2025;"Manager";"Denmark";"Technology & IT Strategy";"2025-12-15";"3-5 years"
202501748;1748;2025;"Non-manager";"Sweden";"Digital Marketing & Growth";"2025-12-15";"6-9 years"
202501749;1749;2025;"Non-manager";"Sweden";"Sales & Business Development";"2025-12-15";"6-9 years"
202501750;1750;2025;"Non-manager";"Denmark";"Transformation & Change Management";"2025-12-15";"3-5 years"
202501751;1751;2025;"Non-manager";"Sweden";"Customer Experience & Design";"2025-12-15";"6-9 years"
202501752;1752;2025;"Manager";"Denmark";"Finance & Operations";"2025-12-15";"10-15 years"
202501753;1753;2025;"Manager";"Denmark";"Sales & Business Development";"2025-12-15";"6-9 years"
202501754;1754;2025;"Non-manager";"Sweden";"Transformation & Change Management";"2025-12-15";"1-2 years"
202501756;1756;2025;"Manager";"Sweden";"Transformation & Change Management";"2025-12-15";"10-15 years"
202501757;1757;2025;"Non-manager";"Germany";"Digital Strategy Consulting";"2025-12-15";"3-5 years"
202501758;1758;2025;"Non-manager";"France";"Technology & IT Strategy";"2025-12-15";"6-9 years"
202501759;1759;2025;"Manager";"Spain";"Digital Marketing & Growth";"2025-12-15";"10-15 years"
202501760;1760;2025;"Non-manager";"Sweden";"Data & Analytics Consulting";"2025-12-15";"3-5 years"
202501761;1761;2025;"Non-manager";"Germany";"Technology & IT Strategy";"2025-12-15";"3-5 years"
202501762;1762;2025;"Manager";"Sweden";"Digital Marketing & Growth";"2025-12-15";"10-15 years"
202501763;1763;2025;"Manager";"Denmark";"Transformation & Change Management";"2025-12-15";"3-5 years"
202501765;1765;2025;"Manager";"Germany";"Sales & Business Development";"2025-12-15";"6-9 years"
202501766;1766;2025;"Manager";"Sweden";"Customer Experience & Design";"2025-12-15";"3-5 years"
202501767;1767;2025;"Non-manager";"Sweden";"Transformation & Change Management";"2025-12-15";"1-2 years"
202501769;1769;2025;"Non-manager";"France";"Transformation & Change Management";"2025-12-15";"3-5 years"
202501770;1770;2025;"Manager";"Sweden";"Technology & IT Strategy";"2025-12-15";"15+ years"
202501771;1771;2025;"Non-manager";"Sweden";"Data & Analytics Consulting";"2025-12-15";"1-2 years"
202501772;1772;2025;"Manager";"Germany";"Human Resources";"2025-12-15";"3-5 years"
202501773;1773;2025;"Non-manager";"Germany";"Finance & Operations";"2025-12-15";"10-15 years"
202501774;1774;2025;"Manager";"Sweden";"Human Resources";"2025-12-15";"1-2 years"
202501775;1775;2025;"Manager";"Sweden";"Transformation & Change Management";"2025-12-15";"3-5 years"
202501776;1776;2025;"Manager";"Denmark";"Digital Strategy Consulting";"2025-12-15";"6-9 years"
202501777;1777;2025;"Manager";"Denmark";"Sales & Business Development";"2025-12-15";"6-9 years"
202501778;1778;2025;"Manager";"Sweden";"Sales & Business Development";"2025-12-15";"10-15 years"
202501780;1780;2025;"Non-manager";"Sweden";"Data & Analytics Consulting";"2025-12-15";"3-5 years"
202501781;1781;2025;"Manager";"France";"Cybersecurity & Digital Risk";"2025-12-15";"3-5 years"
202501782;1782;2025;"Manager";"Sweden";"Transformation & Change Management";"2025-12-15";"6-9 years"
202501783;1783;2025;"Manager";"Spain";"Customer Experience & Design";"2025-12-15";"10-15 years"
202501784;1784;2025;"Manager";"Germany";"Cybersecurity & Digital Risk";"2025-12-15";"3-5 years"
202501785;1785;2025;"Manager";"Sweden";"Digital Marketing & Growth";"2025-12-15";"3-5 years"
202501786;1786;2025;"Manager";"Sweden";"Data & Analytics Consulting";"2025-12-15";"3-5 years"
202501787;1787;2025;"Non-manager";"Sweden";"Data & Analytics Consulting";"2025-12-15";"3-5 years"
202501788;1788;2025;"Manager";"Spain";"Technology & IT Strategy";"2025-12-15";"3-5 years"
202501789;1789;2025;"Manager";"Sweden";"Transformation & Change Management";"2025-12-15";"3-5 years"
202501790;1790;2025;"Non-manager";"Denmark";"Finance & Operations";"2025-12-15";"3-5 years"
202501791;1791;2025;"Manager";"Denmark";"Sales & Business Development";"2025-12-15";"10-15 years"
202501792;1792;2025;"Manager";"Spain";"Customer Experience & Design";"2025-12-15";"3-5 years"
202501793;1793;2025;"Manager";"Sweden";"Transformation & Change Management";"2025-12-15";"3-5 years"
202501794;1794;2025;"Non-manager";"Sweden";"Digital Marketing & Growth";"2025-12-15";"3-5 years"
202501795;1795;2025;"Manager";"Denmark";"Digital Marketing & Growth";"2025-12-15";"3-5 years"
202501796;1796;2025;"Manager";"France";"Digital Strategy Consulting";"2025-12-15";"6-9 years"
202501797;1797;2025;"Manager";"Sweden";"Digital Marketing & Growth";"2025-12-15";"6-9 years"
202501799;1799;2025;"Non-manager";"Sweden";"Cybersecurity & Digital Risk";"2025-12-15";"3-5 years"
202501800;1800;2025;"Manager";"Sweden";"Transformation & Change Management";"2025-12-15";"6-9 years"
202501801;1801;2025;"Manager";"Sweden";"Cybersecurity & Digital Risk";"2025-12-15";"6-9 years"
202501802;1802;2025;"Manager";"Spain";"Transformation & Change Management";"2025-12-15";"3-5 years"
202501803;1803;2025;"Non-manager";"Sweden";"Data & Analytics Consulting";"2025-12-15";"15+ years"
202501804;1804;2025;"Manager";"Sweden";"Data & Analytics Consulting";"2025-12-15";"6-9 years"
202501805;1805;2025;"Non-manager";"Spain";"Transformation & Change Management";"2025-12-15";"6-9 years"
202501808;1808;2025;"Non-manager";"Germany";"Digital Marketing & Growth";"2025-12-15";"6-9 years"
202501809;1809;2025;"Non-manager";"Denmark";"Technology & IT Strategy";"2025-12-15";"3-5 years"
202501811;1811;2025;"Non-manager";"France";"Finance & Operations";"2025-12-15";"3-5 years"
202501812;1812;2025;"Non-manager";"Sweden";"Digital Strategy Consulting";"2025-12-15";"6-9 years"
202501813;1813;2025;"Manager";"France";"Finance & Operations";"2025-12-15";"10-15 years"
202501814;1814;2025;"Manager";"Spain";"Finance & Operations";"2025-12-15";"6-9 years"
202501815;1815;2025;"Non-manager";"France";"Finance & Operations";"2025-12-15";"6-9 years"
202501816;1816;2025;"Manager";"Sweden";"Digital Strategy Consulting";"2025-12-15";"1-2 years"
202501817;1817;2025;"Manager";"Spain";"Data & Analytics Consulting";"2025-12-15";"3-5 years"
202501818;1818;2025;"Manager";"Spain";"Sales & Business Development";"2025-12-15";"3-5 years"
202501819;1819;2025;"Manager";"France";"Transformation & Change Management";"2025-12-15";"3-5 years"
202501820;1820;2025;"Manager";"Sweden";"Cybersecurity & Digital Risk";"2025-12-15";"10-15 years"
202501821;1821;2025;"Manager";"Sweden";"Digital Strategy Consulting";"2025-12-15";"10-15 years"
202501822;1822;2025;"Manager";"Germany";"Digital Strategy Consulting";"2025-12-15";"6-9 years"
202501823;1823;2025;"Non-manager";"Denmark";"Cybersecurity & Digital Risk";"2025-12-15";"3-5 years"
202501825;1825;2025;"Manager";"Sweden";"Customer Experience & Design";"2025-12-15";"3-5 years"
202501826;1826;2025;"Manager";"France";"Data & Analytics Consulting";"2025-12-15";"3-5 years"
202501827;1827;2025;"Manager";"France";"Finance & Operations";"2025-12-15";"6-9 years"
202501828;1828;2025;"Non-manager";"Sweden";"Finance & Operations";"2025-12-15";"3-5 years"
202501829;1829;2025;"Non-manager";"Spain";"Digital Marketing & Growth";"2025-12-15";"3-5 years"
202501830;1830;2025;"Manager";"Germany";"Digital Marketing & Growth";"2025-12-15";"6-9 years"
202501831;1831;2025;"Non-manager";"Sweden";"Human Resources";"2025-12-15";"6-9 years"
202501832;1832;2025;"Manager";"France";"Data & Analytics Consulting";"2025-12-15";"3-5 years"
202501833;1833;2025;"Manager";"Denmark";"Customer Experience & Design";"2025-12-15";"3-5 years"
202501834;1834;2025;"Non-manager";"Sweden";"Digital Strategy Consulting";"2025-12-15";"6-9 years"
202501835;1835;2025;"Non-manager";"France";"Data & Analytics Consulting";"2025-12-15";"3-5 years"
202501836;1836;2025;"Non-manager";"Germany";"Digital Strategy Consulting";"2025-12-15";"3-5 years"
202501837;1837;2025;"Manager";"Sweden";"Customer Experience & Design";"2025-12-15";"6-9 years"
202501838;1838;2025;"Non-manager";"Denmark";"Technology & IT Strategy";"2025-12-15";"1-2 years"
202501839;1839;2025;"Manager";"Germany";"Sales & Business Development";"2025-12-15";"10-15 years"
202501840;1840;2025;"Manager";"Sweden";"Digital Strategy Consulting";"2025-12-15";"6-9 years"
202501841;1841;2025;"Manager";"Germany";"Human Resources";"2025-12-15";"6-9 years"
202501842;1842;2025;"Manager";"Germany";"Transformation & Change Management";"2025-12-15";"3-5 years"
202501843;1843;2025;"Manager";"Sweden";"Digital Marketing & Growth";"2025-12-15";"6-9 years"
202501844;1844;2025;"Manager";"Sweden";"Data & Analytics Consulting";"2025-12-15";"3-5 years"
202501845;1845;2025;"Non-manager";"Sweden";"Finance & Operations";"2025-12-15";"6-9 years"
202501846;1846;2025;"Manager";"Sweden";"Data & Analytics Consulting";"2025-12-15";"3-5 years"
202501847;1847;2025;"Non-manager";"Sweden";"Digital Strategy Consulting";"2025-12-15";"3-5 years"
202501848;1848;2025;"Non-manager";"Sweden";"Data & Analytics Consulting";"2025-12-15";"6-9 years"
202501849;1849;2025;"Non-manager";"Sweden";"Digital Strategy Consulting";"2025-12-15";"6-9 years"
202501850;1850;2025;"Manager";"Sweden";"Finance & Operations";"2025-12-15";"3-5 years"
202501851;1851;2025;"Manager";"Germany";"Data & Analytics Consulting";"2025-12-15";"1-2 years"
202501852;1852;2025;"Non-manager";"Germany";"Sales & Business Development";"2025-12-15";"3-5 years"
202501853;1853;2025;"Non-manager";"Sweden";"Transformation & Change Management";"2025-12-15";"1-2 years"
202501854;1854;2025;"Non-manager";"Spain";"Transformation & Change Management";"2025-12-15";"3-5 years"
202501855;1855;2025;"Manager";"Spain";"Finance & Operations";"2025-12-15";"3-5 years"
202501856;1856;2025;"Non-manager";"Sweden";"Data & Analytics Consulting";"2025-12-15";"6-9 years"
202501857;1857;2025;"Manager";"Spain";"Technology & IT Strategy";"2025-12-15";"3-5 years"
202501858;1858;2025;"Manager";"Sweden";"Cybersecurity & Digital Risk";"2025-12-15";"15+ years"
202501859;1859;2025;"Manager";"Sweden";"Transformation & Change Management";"2025-12-15";"15+ years"
202501860;1860;2025;"Non-manager";"Denmark";"Human Resources";"2025-12-15";"6-9 years"
202501861;1861;2025;"Non-manager";"Sweden";"Sales & Business Development";"2025-12-15";"3-5 years"
202501862;1862;2025;"Non-manager";"Sweden";"Digital Strategy Consulting";"2025-12-15";"1-2 years"
202501863;1863;2025;"Manager";"Denmark";"Finance & Operations";"2025-12-15";"3-5 years"
202501864;1864;2025;"Manager";"Spain";"Human Resources";"2025-12-15";"3-5 years"
202501865;1865;2025;"Non-manager";"Spain";"Data & Analytics Consulting";"2025-12-15";"3-5 years"
202501866;1866;2025;"Non-manager";"Spain";"Digital Marketing & Growth";"2025-12-15";"6-9 years"
202501867;1867;2025;"Manager";"France";"Technology & IT Strategy";"2025-12-15";"6-9 years"
202501868;1868;2025;"Manager";"Sweden";"Transformation & Change Management";"2025-12-15";"6-9 years"
202501869;1869;2025;"Manager";"France";"Technology & IT Strategy";"2025-12-15";"6-9 years"
202501870;1870;2025;"Manager";"Denmark";"Finance & Operations";"2025-12-15";"15+ years"
202501871;1871;2025;"Non-manager";"Spain";"Cybersecurity & Digital Risk";"2025-12-15";"1-2 years"
202501872;1872;2025;"Non-manager";"Sweden";"Digital Marketing & Growth";"2025-12-15";"1-2 years"
202501873;1873;2025;"Non-manager";"Sweden";"Sales & Business Development";"2025-12-15";"1-2 years"
202501874;1874;2025;"Non-manager";"Germany";"Transformation & Change Management";"2025-12-15";"15+ years"
202501875;1875;2025;"Non-manager";"Sweden";"Customer Experience & Design";"2025-12-15";"10-15 years"
202501876;1876;2025;"Non-manager";"Sweden";"Digital Strategy Consulting";"2025-12-15";"1-2 years"
202501877;1877;2025;"Non-manager";"Germany";"Digital Marketing & Growth";"2025-12-15";"10-15 years"
202501878;1878;2025;"Manager";"Denmark";"Customer Experience & Design";"2025-12-15";"1-2 years"
202501879;1879;2025;"Non-manager";"Germany";"Transformation & Change Management";"2025-12-15";"1-2 years"
202501880;1880;2025;"Manager";"Sweden";"Transformation & Change Management";"2025-12-15";"3-5 years"
202501881;1881;2025;"Non-manager";"Denmark";"Digital Strategy Consulting";"2025-12-15";"3-5 years"
202501882;1882;2025;"Manager";"Denmark";"Digital Strategy Consulting";"2025-12-15";"3-5 years"
202501883;1883;2025;"Manager";"Sweden";"Digital Strategy Consulting";"2025-12-15";"3-5 years"
202501884;1884;2025;"Manager";"France";"Technology & IT Strategy";"2025-12-15";"3-5 years"
202501885;1885;2025;"Non-manager";"Sweden";"Digital Marketing & Growth";"2025-12-15";"1-2 years"
202501886;1886;2025;"Non-manager";"France";"Digital Strategy Consulting";"2025-12-15";"3-5 years"
202501887;1887;2025;"Non-manager";"Spain";"Customer Experience & Design";"2025-12-15";"3-5 years"
202501888;1888;2025;"Manager";"Denmark";"Finance & Operations";"2025-12-15";"3-5 years"
202501889;1889;2025;"Manager";"Sweden";"Sales & Business Development";"2025-12-15";"3-5 years"
202501892;1892;2025;"Manager";"Germany";"Sales & Business Development";"2025-12-15";"6-9 years"
202501893;1893;2025;"Manager";"Sweden";"Digital Strategy Consulting";"2025-12-15";"6-9 years"
202501894;1894;2025;"Non-manager";"Denmark";"Transformation & Change Management";"2025-12-15";"3-5 years"
202501895;1895;2025;"Non-manager";"Spain";"Transformation & Change Management";"2025-12-15";"6-9 years"
202501897;1897;2025;"Manager";"Sweden";"Sales & Business Development";"2025-12-15";"6-9 years"
202501898;1898;2025;"Manager";"Germany";"Digital Strategy Consulting";"2025-12-15";"15+ years"
202501900;1900;2025;"Non-manager";"Denmark";"Digital Marketing & Growth";"2025-12-15";"3-5 years"
202501901;1901;2025;"Manager";"Sweden";"Digital Strategy Consulting";"2025-12-15";"1-2 years"
202501902;1902;2025;"Manager";"Sweden";"Digital Strategy Consulting";"2025-12-15";"1-2 years"
202501903;1903;2025;"Non-manager";"Sweden";"Data & Analytics Consulting";"2025-12-15";"1-2 years"
202501904;1904;2025;"Manager";"Germany";"Technology & IT Strategy";"2025-12-15";"1-2 years"
202501905;1905;2025;"Manager";"Sweden";"Data & Analytics Consulting";"2025-12-15";"1-2 years"
202501906;1906;2025;"Manager";"Sweden";"Cybersecurity & Digital Risk";"2025-12-15";"1-2 years"
202501907;1907;2025;"Non-manager";"France";"Finance & Operations";"2025-12-15";"1-2 years"
202501908;1908;2025;"Manager";"Sweden";"Transformation & Change Management";"2025-12-15";"1-2 years"
202501909;1909;2025;"Non-manager";"Spain";"Human Resources";"2025-12-15";"1-2 years"
202501910;1910;2025;"Non-manager";"Sweden";"Transformation & Change Management";"2025-12-15";"1-2 years"
202501911;1911;2025;"Non-manager";"Sweden";"Cybersecurity & Digital Risk";"2025-12-15";"1-2 years"
202501912;1912;2025;"Manager";"Sweden";"Digital Strategy Consulting";"2025-12-15";"1-2 years"
202501913;1913;2025;"Non-manager";"Denmark";"Digital Strategy Consulting";"2025-12-15";"1-2 years"
202501914;1914;2025;"Non-manager";"France";"Cybersecurity & Digital Risk";"2025-12-15";"1-2 years"
202501915;1915;2025;"Manager";"Sweden";"Digital Strategy Consulting";"2025-12-15";"1-2 years"
202501917;1917;2025;"Manager";"Sweden";"Sales & Business Development";"2025-12-15";"1-2 years"
202501918;1918;2025;"Manager";"Sweden";"Finance & Operations";"2025-12-15";"1-2 years"
202501919;1919;2025;"Manager";"Denmark";"Finance & Operations";"2025-12-15";"1-2 years"
202501920;1920;2025;"Manager";"France";"Finance & Operations";"2025-12-15";"1-2 years"
202501921;1921;2025;"Manager";"Sweden";"Finance & Operations";"2025-12-15";"1-2 years"
202501922;1922;2025;"Manager";"Germany";"Data & Analytics Consulting";"2025-12-15";"1-2 years"
202501923;1923;2025;"Non-manager";"Sweden";"Digital Strategy Consulting";"2025-12-15";"1-2 years"
202501924;1924;2025;"Non-manager";"Germany";"Transformation & Change Management";"2025-12-15";"1-2 years"
202501925;1925;2025;"Manager";"Germany";"Transformation & Change Management";"2025-12-15";"1-2 years"
202501926;1926;2025;"Manager";"Germany";"Customer Experience & Design";"2025-12-15";"1-2 years"
202501927;1927;2025;"Non-manager";"Germany";"Digital Strategy Consulting";"2025-12-15";"Less than 1 year"
202501928;1928;2025;"Non-manager";"Germany";"Customer Experience & Design";"2025-12-15";"1-2 years"
202501929;1929;2025;"Non-manager";"Sweden";"Digital Marketing & Growth";"2025-12-15";"1-2 years"
202501930;1930;2025;"Manager";"Spain";"Transformation & Change Management";"2025-12-15";"1-2 years"
202501931;1931;2025;"Non-manager";"Sweden";"Data & Analytics Consulting";"2025-12-15";"1-2 years"
202501932;1932;2025;"Non-manager";"Spain";"Transformation & Change Management";"2025-12-15";"1-2 years"
202501933;1933;2025;"Manager";"Sweden";"Data & Analytics Consulting";"2025-12-15";"1-2 years"
202501934;1934;2025;"Non-manager";"Sweden";"Transformation & Change Management";"2025-12-15";"1-2 years"
202501935;1935;2025;"Non-manager";"Sweden";"Cybersecurity & Digital Risk";"2025-12-15";"1-2 years"
202501936;1936;2025;"Manager";"Denmark";"Human Resources";"2025-12-15";"1-2 years"
202501937;1937;2025;"Non-manager";"France";"Transformation & Change Management";"2025-12-15";"1-2 years"
202501938;1938;2025;"Non-manager";"Germany";"Data & Analytics Consulting";"2025-12-15";"1-2 years"
202501939;1939;2025;"Non-manager";"Sweden";"Digital Strategy Consulting";"2025-12-15";"1-2 years"
202501940;1940;2025;"Manager";"Germany";"Finance & Operations";"2025-12-15";"1-2 years"
202501941;1941;2025;"Non-manager";"Sweden";"Sales & Business Development";"2025-12-15";"1-2 years"
202501942;1942;2025;"Manager";"Spain";"Cybersecurity & Digital Risk";"2025-12-15";"1-2 years"
202501943;1943;2025;"Non-manager";"Sweden";"Digital Strategy Consulting";"2025-12-15";"Less than 1 year"
202501944;1944;2025;"Non-manager";"Germany";"Sales & Business Development";"2025-12-15";"1-2 years"
202501945;1945;2025;"Non-manager";"France";"Customer Experience & Design";"2025-12-15";"1-2 years"
202501946;1946;2025;"Non-manager";"France";"Cybersecurity & Digital Risk";"2025-12-15";"1-2 years"
202501947;1947;2025;"Non-manager";"Denmark";"Technology & IT Strategy";"2025-12-15";"1-2 years"
202501948;1948;2025;"Non-manager";"Sweden";"Data & Analytics Consulting";"2025-12-15";"1-2 years"
202501949;1949;2025;"Non-manager";"Sweden";"Data & Analytics Consulting";"2025-12-15";"1-2 years"
202501950;1950;2025;"Manager";"Sweden";"Data & Analytics Consulting";"2025-12-15";"1-2 years"
202501951;1951;2025;"Manager";"Sweden";"Transformation & Change Management";"2025-12-15";"1-2 years"
202501952;1952;2025;"Manager";"Denmark";"Transformation & Change Management";"2025-12-15";"1-2 years"
202501953;1953;2025;"Manager";"Sweden";"Data & Analytics Consulting";"2025-12-15";"1-2 years"
202501954;1954;2025;"Manager";"Denmark";"Human Resources";"2025-12-15";"1-2 years"
202501957;1957;2025;"Non-manager";"Spain";"Cybersecurity & Digital Risk";"2025-12-15";"1-2 years"
202501958;1958;2025;"Non-manager";"Sweden";"Sales & Business Development";"2025-12-15";"1-2 years"
202501959;1959;2025;"Non-manager";"Sweden";"Technology & IT Strategy";"2025-12-15";"1-2 years"
202501960;1960;2025;"Non-manager";"Sweden";"Finance & Operations";"2025-12-15";"1-2 years"
202501961;1961;2025;"Manager";"Spain";"Sales & Business Development";"2025-12-15";"1-2 years"
202501962;1962;2025;"Manager";"France";"Finance & Operations";"2025-12-15";"1-2 years"
202501963;1963;2025;"Non-manager";"Spain";"Transformation & Change Management";"2025-12-15";"1-2 years"
202501964;1964;2025;"Non-manager";"Sweden";"Customer Experience & Design";"2025-12-15";"1-2 years"
202501965;1965;2025;"Non-manager";"France";"Cybersecurity & Digital Risk";"2025-12-15";"1-2 years"
202501966;1966;2025;"Manager";"Sweden";"Digital Strategy Consulting";"2025-12-15";"1-2 years"
202501967;1967;2025;"Non-manager";"Spain";"Finance & Operations";"2025-12-15";"1-2 years"
202501968;1968;2025;"Manager";"Sweden";"Sales & Business Development";"2025-12-15";"1-2 years"
202501969;1969;2025;"Non-manager";"Sweden";"Transformation & Change Management";"2025-12-15";"1-2 years"
202501970;1970;2025;"Non-manager";"Germany";"Digital Strategy Consulting";"2025-12-15";"1-2 years"
202501971;1971;2025;"Non-manager";"Denmark";"Data & Analytics Consulting";"2025-12-15";"1-2 years"
202501972;1972;2025;"Non-manager";"Sweden";"Data & Analytics Consulting";"2025-12-15";"1-2 years"
202501973;1973;2025;"Non-manager";"Sweden";"Finance & Operations";"2025-12-15";"1-2 years"
202501974;1974;2025;"Manager";"Sweden";"Digital Strategy Consulting";"2025-12-15";"1-2 years"
202501975;1975;2025;"Non-manager";"Sweden";"Finance & Operations";"2025-12-15";"1-2 years"
202501976;1976;2025;"Non-manager";"Spain";"Customer Experience & Design";"2025-12-15";"1-2 years"
202501977;1977;2025;"Non-manager";"Germany";"Human Resources";"2025-12-15";"1-2 years"
202501978;1978;2025;"Manager";"France";"Data & Analytics Consulting";"2025-12-15";"1-2 years"
202501979;1979;2025;"Non-manager";"Germany";"Digital Marketing & Growth";"2025-12-15";"Less than 1 year"
202501980;1980;2025;"Non-manager";"Spain";"Digital Marketing & Growth";"2025-12-15";"1-2 years"
202501981;1981;2025;"Non-manager";"Germany";"Sales & Business Development";"2025-12-15";"1-2 years"
202501982;1982;2025;"Non-manager";"Sweden";"Transformation & Change Management";"2025-12-15";"1-2 years"
202501983;1983;2025;"Manager";"France";"Digital Strategy Consulting";"2025-12-15";"1-2 years"
202501984;1984;2025;"Manager";"Germany";"Transformation & Change Management";"2025-12-15";"1-2 years"
202501985;1985;2025;"Non-manager";"Germany";"Data & Analytics Consulting";"2025-12-15";"1-2 years"
202501986;1986;2025;"Non-manager";"Denmark";"Finance & Operations";"2025-12-15";"1-2 years"
202501987;1987;2025;"Manager";"Sweden";"Transformation & Change Management";"2025-12-15";"1-2 years"
202501988;1988;2025;"Non-manager";"Sweden";"Digital Marketing & Growth";"2025-12-15";"1-2 years"
202501989;1989;2025;"Manager";"Germany";"Data & Analytics Consulting";"2025-12-15";"1-2 years"
202501990;1990;2025;"Manager";"Sweden";"Data & Analytics Consulting";"2025-12-15";"1-2 years"
202501991;1991;2025;"Non-manager";"Denmark";"Cybersecurity & Digital Risk";"2025-12-15";"1-2 years"
202501992;1992;2025;"Non-manager";"Sweden";"Cybersecurity & Digital Risk";"2025-12-15";"1-2 years"
202501993;1993;2025;"Non-manager";"Spain";"Transformation & Change Management";"2025-12-15";"1-2 years"
202501994;1994;2025;"Non-manager";"France";"Cybersecurity & Digital Risk";"2025-12-15";"1-2 years"
202501995;1995;2025;"Non-manager";"Denmark";"Cybersecurity & Digital Risk";"2025-12-15";"1-2 years"
202501996;1996;2025;"Manager";"France";"Customer Experience & Design";"2025-12-15";"Less than 1 year"
202501997;1997;2025;"Non-manager";"France";"Finance & Operations";"2025-12-15";"1-2 years"
202501998;1998;2025;"Non-manager";"Denmark";"Finance & Operations";"2025-12-15";"1-2 years"
202501999;1999;2025;"Manager";"France";"Digital Strategy Consulting";"2025-12-15";"1-2 years"
202502000;2000;2025;"Non-manager";"Sweden";"Customer Experience & Design";"2025-12-15";"1-2 years"
202502001;2001;2025;"Non-manager";"Sweden";"Customer Experience & Design";"2025-12-15";"1-2 years"
202502002;2002;2025;"Non-manager";"Sweden";"Finance & Operations";"2025-12-15";"1-2 years"
202502003;2003;2025;"Non-manager";"Denmark";"Digital Strategy Consulting";"2025-12-15";"1-2 years"
202502004;2004;2025;"Manager";"Germany";"Data & Analytics Consulting";"2025-12-15";"1-2 years"
202502005;2005;2025;"Non-manager";"Sweden";"Digital Marketing & Growth";"2025-12-15";"1-2 years"
202502007;2007;2025;"Non-manager";"Germany";"Finance & Operations";"2025-12-15";"1-2 years"
202502008;2008;2025;"Manager";"Denmark";"Technology & IT Strategy";"2025-12-15";"1-2 years"
202502009;2009;2025;"Non-manager";"France";"Digital Strategy Consulting";"2025-12-15";"1-2 years"
202502010;2010;2025;"Non-manager";"Germany";"Transformation & Change Management";"2025-12-15";"1-2 years"
202502011;2011;2025;"Non-manager";"Spain";"Technology & IT Strategy";"2025-12-15";"1-2 years"
202502012;2012;2025;"Non-manager";"Sweden";"Transformation & Change Management";"2025-12-15";"1-2 years"
202502013;2013;2025;"Non-manager";"France";"Finance & Operations";"2025-12-15";"1-2 years"
202502014;2014;2025;"Non-manager";"Germany";"Customer Experience & Design";"2025-12-15";"1-2 years"
202502015;2015;2025;"Manager";"Denmark";"Data & Analytics Consulting";"2025-12-15";"1-2 years"
202502016;2016;2025;"Manager";"Sweden";"Cybersecurity & Digital Risk";"2025-12-15";"1-2 years"
202502017;2017;2025;"Manager";"Spain";"Digital Strategy Consulting";"2025-12-15";"1-2 years"
202502018;2018;2025;"Non-manager";"Sweden";"Finance & Operations";"2025-12-15";"1-2 years"
202502019;2019;2025;"Non-manager";"Spain";"Transformation & Change Management";"2025-12-15";"1-2 years"
202502020;2020;2025;"Manager";"Spain";"Transformation & Change Management";"2025-12-15";"Less than 1 year"
202502021;2021;2025;"Non-manager";"France";"Sales & Business Development";"2025-12-15";"1-2 years"
202502022;2022;2025;"Non-manager";"Germany";"Customer Experience & Design";"2025-12-15";"1-2 years"
202502023;2023;2025;"Manager";"France";"Digital Marketing & Growth";"2025-12-15";"1-2 years"
202502024;2024;2025;"Manager";"Sweden";"Data & Analytics Consulting";"2025-12-15";"1-2 years"
202502025;2025;2025;"Non-manager";"Sweden";"Data & Analytics Consulting";"2025-12-15";"1-2 years"
202502026;2026;2025;"Non-manager";"Sweden";"Digital Strategy Consulting";"2025-12-15";"1-2 years"
202502027;2027;2025;"Manager";"Sweden";"Digital Strategy Consulting";"2025-12-15";"1-2 years"
202502028;2028;2025;"Non-manager";"France";"Cybersecurity & Digital Risk";"2025-12-15";"Less than 1 year"
202502029;2029;2025;"Manager";"Germany";"Transformation & Change Management";"2025-12-15";"1-2 years"
202502030;2030;2025;"Non-manager";"Sweden";"Data & Analytics Consulting";"2025-12-15";"1-2 years"
202502031;2031;2025;"Non-manager";"Germany";"Finance & Operations";"2025-12-15";"Less than 1 year"
202502032;2032;2025;"Non-manager";"France";"Finance & Operations";"2025-12-15";"Less than 1 year"
202502033;2033;2025;"Non-manager";"Sweden";"Sales & Business Development";"2025-12-15";"Less than 1 year"
202502034;2034;2025;"Non-manager";"Germany";"Transformation & Change Management";"2025-12-15";"Less than 1 year"
202502035;2035;2025;"Non-manager";"Germany";"Transformation & Change Management";"2025-12-15";"Less than 1 year"
202502036;2036;2025;"Non-manager";"Spain";"Finance & Operations";"2025-12-15";"Less than 1 year"
202502037;2037;2025;"Non-manager";"France";"Technology & IT Strategy";"2025-12-15";"Less than 1 year"
202502038;2038;2025;"Non-manager";"Spain";"Data & Analytics Consulting";"2025-12-15";"Less than 1 year"
202502039;2039;2025;"Manager";"France";"Digital Strategy Consulting";"2025-12-15";"Less than 1 year"
202502040;2040;2025;"Manager";"Sweden";"Digital Marketing & Growth";"2025-12-15";"Less than 1 year"
202502041;2041;2025;"Manager";"Denmark";"Data & Analytics Consulting";"2025-12-15";"Less than 1 year"
202502042;2042;2025;"Non-manager";"Sweden";"Data & Analytics Consulting";"2025-12-15";"Less than 1 year"
202502043;2043;2025;"Manager";"Sweden";"Sales & Business Development";"2025-12-15";"Less than 1 year"
202502044;2044;2025;"Non-manager";"Spain";"Digital Strategy Consulting";"2025-12-15";"Less than 1 year"
202502045;2045;2025;"Non-manager";"Sweden";"Transformation & Change Management";"2025-12-15";"Less than 1 year"
202502046;2046;2025;"Non-manager";"France";"Transformation & Change Management";"2025-12-15";"Less than 1 year"
202502047;2047;2025;"Manager";"Sweden";"Transformation & Change Management";"2025-12-15";"Less than 1 year"
202502048;2048;2025;"Non-manager";"France";"Transformation & Change Management";"2025-12-15";"Less than 1 year"
202502049;2049;2025;"Non-manager";"France";"Transformation & Change Management";"2025-12-15";"Less than 1 year"
202502050;2050;2025;"Non-manager";"Sweden";"Customer Experience & Design";"2025-12-15";"Less than 1 year"
202502051;2051;2025;"Non-manager";"Sweden";"Sales & Business Development";"2025-12-15";"Less than 1 year"
202502052;2052;2025;"Non-manager";"Sweden";"Technology & IT Strategy";"2025-12-15";"Less than 1 year"
202502053;2053;2025;"Non-manager";"Sweden";"Customer Experience & Design";"2025-12-15";"Less than 1 year"
202502054;2054;2025;"Non-manager";"Sweden";"Sales & Business Development";"2025-12-15";"Less than 1 year"
202502055;2055;2025;"Manager";"Spain";"Sales & Business Development";"2025-12-15";"Less than 1 year"
202502056;2056;2025;"Non-manager";"Sweden";"Customer Experience & Design";"2025-12-15";"Less than 1 year"
202502057;2057;2025;"Non-manager";"Sweden";"Digital Marketing & Growth";"2025-12-15";"Less than 1 year"
202502058;2058;2025;"Non-manager";"Sweden";"Digital Strategy Consulting";"2025-12-15";"Less than 1 year"
202502059;2059;2025;"Non-manager";"Denmark";"Transformation & Change Management";"2025-12-15";"Less than 1 year"
202502060;2060;2025;"Non-manager";"Sweden";"Cybersecurity & Digital Risk";"2025-12-15";"Less than 1 year"
202502061;2061;2025;"Manager";"France";"Digital Strategy Consulting";"2025-12-15";"Less than 1 year"
202502062;2062;2025;"Manager";"Sweden";"Technology & IT Strategy";"2025-12-15";"Less than 1 year"
202502063;2063;2025;"Manager";"Sweden";"Sales & Business Development";"2025-12-15";"Less than 1 year"
202502064;2064;2025;"Manager";"Sweden";"Technology & IT Strategy";"2025-12-15";"Less than 1 year"
202502065;2065;2025;"Manager";"France";"Transformation & Change Management";"2025-12-15";"Less than 1 year"
202502066;2066;2025;"Non-manager";"Sweden";"Cybersecurity & Digital Risk";"2025-12-15";"Less than 1 year"
202502067;2067;2025;"Non-manager";"Denmark";"Digital Marketing & Growth";"2025-12-15";"Less than 1 year"
202502068;2068;2025;"Non-manager";"Sweden";"Sales & Business Development";"2025-12-15";"Less than 1 year"
202502069;2069;2025;"Non-manager";"France";"Finance & Operations";"2025-12-15";"Less than 1 year"
202502070;2070;2025;"Manager";"Sweden";"Data & Analytics Consulting";"2025-12-15";"Less than 1 year"
202502071;2071;2025;"Non-manager";"Germany";"Digital Marketing & Growth";"2025-12-15";"Less than 1 year"
202502072;2072;2025;"Non-manager";"France";"Transformation & Change Management";"2025-12-15";"Less than 1 year"
202502073;2073;2025;"Non-manager";"Sweden";"Transformation & Change Management";"2025-12-15";"Less than 1 year"
202502074;2074;2025;"Non-manager";"Germany";"Technology & IT Strategy";"2025-12-15";"Less than 1 year"
202502075;2075;2025;"Non-manager";"Germany";"Sales & Business Development";"2025-12-15";"Less than 1 year"
202502076;2076;2025;"Non-manager";"Sweden";"Digital Strategy Consulting";"2025-12-15";"Less than 1 year"
202502077;2077;2025;"Non-manager";"Denmark";"Human Resources";"2025-12-15";"Less than 1 year"
202502078;2078;2025;"Non-manager";"Sweden";"Human Resources";"2025-12-15";"Less than 1 year"
202502079;2079;2025;"Non-manager";"Denmark";"Data & Analytics Consulting";"2025-12-15";"Less than 1 year"
202502080;2080;2025;"Non-manager";"Spain";"Digital Marketing & Growth";"2025-12-15";"Less than 1 year"
202502081;2081;2025;"Non-manager";"France";"Customer Experience & Design";"2025-12-15";"Less than 1 year"
202502082;2082;2025;"Non-manager";"Spain";"Digital Marketing & Growth";"2025-12-15";"Less than 1 year"
202502083;2083;2025;"Non-manager";"Sweden";"Transformation & Change Management";"2025-12-15";"Less than 1 year"
202502084;2084;2025;"Non-manager";"Spain";"Digital Strategy Consulting";"2025-12-15";"Less than 1 year"
202502085;2085;2025;"Manager";"Denmark";"Data & Analytics Consulting";"2025-12-15";"Less than 1 year"
202502086;2086;2025;"Non-manager";"Sweden";"Digital Strategy Consulting";"2025-12-15";"Less than 1 year"
202502087;2087;2025;"Manager";"Sweden";"Cybersecurity & Digital Risk";"2025-12-15";"Less than 1 year"
202502088;2088;2025;"Non-manager";"Sweden";"Customer Experience & Design";"2025-12-15";"Less than 1 year"
202502089;2089;2025;"Non-manager";"Germany";"Sales & Business Development";"2025-12-15";"Less than 1 year"
202502090;2090;2025;"Non-manager";"Sweden";"Cybersecurity & Digital Risk";"2025-12-15";"Less than 1 year"
202502091;2091;2025;"Non-manager";"Sweden";"Sales & Business Development";"2025-12-15";"Less than 1 year"
202502092;2092;2025;"Manager";"Spain";"Finance & Operations";"2025-12-15";"Less than 1 year"
202502093;2093;2025;"Non-manager";"Sweden";"Transformation & Change Management";"2025-12-15";"Less than 1 year"
202502094;2094;2025;"Manager";"Sweden";"Digital Marketing & Growth";"2025-12-15";"Less than 1 year"
202502095;2095;2025;"Non-manager";"Germany";"Customer Experience & Design";"2025-12-15";"Less than 1 year"
202502096;2096;2025;"Non-manager";"France";"Data & Analytics Consulting";"2025-12-15";"Less than 1 year"
202502097;2097;2025;"Non-manager";"Germany";"Digital Strategy Consulting";"2025-12-15";"Less than 1 year"
202502098;2098;2025;"Non-manager";"France";"Data & Analytics Consulting";"2025-12-15";"Less than 1 year"
202502099;2099;2025;"Manager";"Spain";"Customer Experience & Design";"2025-12-15";"Less than 1 year"
202502100;2100;2025;"Non-manager";"Germany";"Sales & Business Development";"2025-12-15";"Less than 1 year"
202502101;2101;2025;"Manager";"Spain";"Sales & Business Development";"2025-12-15";"Less than 1 year"
202502102;2102;2025;"Manager";"Germany";"Technology & IT Strategy";"2025-12-15";"Less than 1 year"
202502103;2103;2025;"Manager";"Sweden";"Transformation & Change Management";"2025-12-15";"Less than 1 year"
202502104;2104;2025;"Non-manager";"Sweden";"Digital Marketing & Growth";"2025-12-15";"Less than 1 year"
202502105;2105;2025;"Non-manager";"Sweden";"Finance & Operations";"2025-12-15";"Less than 1 year"
202502106;2106;2025;"Manager";"Germany";"Transformation & Change Management";"2025-12-15";"Less than 1 year"
202502107;2107;2025;"Manager";"Germany";"Digital Strategy Consulting";"2025-12-15";"Less than 1 year"
202502108;2108;2025;"Non-manager";"Sweden";"Human Resources";"2025-12-15";"Less than 1 year"
202502109;2109;2025;"Non-manager";"Germany";"Human Resources";"2025-12-15";"Less than 1 year"
202502110;2110;2025;"Non-manager";"Sweden";"Technology & IT Strategy";"2025-12-15";"Less than 1 year"
202502111;2111;2025;"Manager";"Denmark";"Digital Strategy Consulting";"2025-12-15";"Less than 1 year"
202502112;2112;2025;"Non-manager";"Spain";"Digital Marketing & Growth";"2025-12-15";"Less than 1 year"
202502113;2113;2025;"Non-manager";"Sweden";"Cybersecurity & Digital Risk";"2025-12-15";"Less than 1 year"
202502114;2114;2025;"Non-manager";"France";"Sales & Business Development";"2025-12-15";"Less than 1 year"
202502115;2115;2025;"Non-manager";"France";"Data & Analytics Consulting";"2025-12-15";"Less than 1 year"
202502116;2116;2025;"Non-manager";"Sweden";"Finance & Operations";"2025-12-15";"Less than 1 year"
202502117;2117;2025;"Non-manager";"Sweden";"Technology & IT Strategy";"2025-12-15";"Less than 1 year"
202502118;2118;2025;"Non-manager";"Denmark";"Human Resources";"2025-12-15";"Less than 1 year"
202502119;2119;2025;"Non-manager";"France";"Technology & IT Strategy";"2025-12-15";"Less than 1 year"
202502120;2120;2025;"Non-manager";"Sweden";"Transformation & Change Management";"2025-12-15";"Less than 1 year"
202502121;2121;2025;"Non-manager";"Sweden";"Customer Experience & Design";"2025-12-15";"Less than 1 year"
202502122;2122;2025;"Manager";"Germany";"Finance & Operations";"2025-12-15";"Less than 1 year"
202502123;2123;2025;"Manager";"Denmark";"Human Resources";"2025-12-15";"Less than 1 year"
202502124;2124;2025;"Non-manager";"France";"Sales & Business Development";"2025-12-15";"Less than 1 year"
202502125;2125;2025;"Non-manager";"Sweden";"Technology & IT Strategy";"2025-12-15";"Less than 1 year"
202502126;2126;2025;"Non-manager";"Spain";"Transformation & Change Management";"2025-12-15";"Less than 1 year"
202502127;2127;2025;"Non-manager";"Sweden";"Customer Experience & Design";"2025-12-15";"Less than 1 year"
202502128;2128;2025;"Non-manager";"Sweden";"Data & Analytics Consulting";"2025-12-15";"Less than 1 year"
202502129;2129;2025;"Manager";"Denmark";"Digital Marketing & Growth";"2025-12-15";"Less than 1 year"
202502130;2130;2025;"Non-manager";"Sweden";"Transformation & Change Management";"2025-12-15";"Less than 1 year"
202502131;2131;2025;"Non-manager";"France";"Sales & Business Development";"2025-12-15";"Less than 1 year"
202502132;2132;2025;"Manager";"France";"Finance & Operations";"2025-12-15";"Less than 1 year"
202502133;2133;2025;"Manager";"Sweden";"Technology & IT Strategy";"2025-12-15";"Less than 1 year"
202502134;2134;2025;"Manager";"Denmark";"Technology & IT Strategy";"2025-12-15";"Less than 1 year"
202502135;2135;2025;"Non-manager";"Sweden";"Technology & IT Strategy";"2025-12-15";"Less than 1 year"
202502136;2136;2025;"Non-manager";"Sweden";"Data & Analytics Consulting";"2025-12-15";"Less than 1 year"
202502137;2137;2025;"Non-manager";"France";"Transformation & Change Management";"2025-12-15";"Less than 1 year"
202502138;2138;2025;"Non-manager";"Denmark";"Finance & Operations";"2025-12-15";"Less than 1 year"
202502139;2139;2025;"Manager";"Sweden";"Customer Experience & Design";"2025-12-15";"Less than 1 year"
202502140;2140;2025;"Non-manager";"Denmark";"Technology & IT Strategy";"2025-12-15";"Less than 1 year"
202502141;2141;2025;"Non-manager";"Sweden";"Digital Strategy Consulting";"2025-12-15";"Less than 1 year"
202502142;2142;2025;"Non-manager";"Sweden";"Sales & Business Development";"2025-12-15";"Less than 1 year"
202502143;2143;2025;"Non-manager";"France";"Sales & Business Development";"2025-12-15";"Less than 1 year"
202502144;2144;2025;"Non-manager";"Spain";"Transformation & Change Management";"2025-12-15";"Less than 1 year"
202502145;2145;2025;"Non-manager";"Sweden";"Transformation & Change Management";"2025-12-15";"Less than 1 year"
202502146;2146;2025;"Non-manager";"Sweden";"Data & Analytics Consulting";"2025-12-15";"Less than 1 year"
202502147;2147;2025;"Non-manager";"Germany";"Sales & Business Development";"2025-12-15";"Less than 1 year"
202502148;2148;2025;"Non-manager";"Spain";"Digital Marketing & Growth";"2025-12-15";"Less than 1 year"
202502149;2149;2025;"Manager";"France";"Cybersecurity & Digital Risk";"2025-12-15";"Less than 1 year"
202502150;2150;2025;"Non-manager";"France";"Finance & Operations";"2025-12-15";"Less than 1 year"
202502151;2151;2025;"Non-manager";"Denmark";"Finance & Operations";"2025-12-15";"Less than 1 year"
202502152;2152;2025;"Non-manager";"Sweden";"Transformation & Change Management";"2025-12-15";"Less than 1 year"
202502153;2153;2025;"Non-manager";"Germany";"Finance & Operations";"2025-12-15";"Less than 1 year"
202502154;2154;2025;"Non-manager";"Sweden";"Digital Strategy Consulting";"2025-12-15";"Less than 1 year"
202502155;2155;2025;"Manager";"Sweden";"Digital Strategy Consulting";"2025-12-15";"Less than 1 year"
202502156;2156;2025;"Non-manager";"Denmark";"Human Resources";"2025-12-15";"Less than 1 year"
202502157;2157;2025;"Non-manager";"Sweden";"Digital Marketing & Growth";"2025-12-15";"Less than 1 year"
202502158;2158;2025;"Non-manager";"Denmark";"Data & Analytics Consulting";"2025-12-15";"Less than 1 year"
202502159;2159;2025;"Manager";"Germany";"Technology & IT Strategy";"2025-12-15";"Less than 1 year"
202502160;2160;2025;"Manager";"Denmark";"Finance & Operations";"2025-12-15";"Less than 1 year"
