employee_scd_id,employee_id,year,status,country,department,last_promotion_date,last_training_date,absenteeism_days,annual_salary,remote_days,last_promotion_range,age_group
202300001,1,2023,Non-manager,Sweden,Digital Strategy Consulting,2015-06-30,2023-04-11,2,92800,112,6–10 years,50–59
202300002,2,2023,Non-manager,Denmark,Finance & Operations,,,5,42000,126,Not available,30–39
202300003,3,2023,Manager,Sweden,Technology & IT Strategy,,2023-11-13,5,71100,102,Not available,30–39
202300004,4,2023,Non-manager,Sweden,Transformation & Change Management,,2021-09-24,4,66500,117,Not available,30–39
202300005,5,2023,Non-manager,Sweden,Digital Strategy Consulting,,,7,90300,120,Not available,40–49
202300006,6,2023,Non-manager,Sweden,Digital Marketing & Growth,2022-05-10,2023-03-29,5,43100,124,1–2 years,30–39
202300007,7,2023,Manager,Sweden,Sales & Business Development,2020-11-05,,8,85300,79,3–5 years,Under 30
202300008,8,2023,Manager,Sweden,Customer Experience & Design,,2023-12-22,3,62700,109,Not available,Under 30
202300009,9,2023,Manager,Sweden,Digital Strategy Consulting,2020-11-05,2021-11-07,8,92200,77,3–5 years,Under 30
202300010,10,2023,Non-manager,Sweden,Transformation & Change Management,,,3,31900,151,Not available,Under 30
202300011,11,2023,Manager,Germany,Transformation & Change Management,2023-09-21,2022-06-19,7,86900,126,Less than 1 year,30–39
202300012,12,2023,Non-manager,Sweden,Finance & Operations,2020-03-21,2021-11-05,2,57300,83,3–5 years,Under 30
202300013,13,2023,Manager,Spain,Customer Experience & Design,2020-09-11,2021-11-30,5,65400,89,3–5 years,30–39
202300014,14,2023,Non-manager,Sweden,Technology & IT Strategy,,2023-12-02,3,36600,116,Not available,Under 30
202300015,15,2023,Non-manager,Sweden,Transformation & Change Management,2022-01-04,2021-06-05,7,56000,109,1–2 years,Under 30
202300016,16,2023,Non-manager,Sweden,Sales & Business Development,,,4,80100,102,Not available,40–49
202300017,17,2023,Manager,Sweden,Finance & Operations,,,11,126200,89,Not available,50–59
202300018,18,2023,Non-manager,Germany,Technology & IT Strategy,2022-08-30,2022-12-11,8,39800,95,1–2 years,Under 30
202300019,19,2023,Manager,Spain,Technology & IT Strategy,2016-08-12,2023-02-18,3,107400,91,6–10 years,40–49
202300020,20,2023,Non-manager,Sweden,Transformation & Change Management,2018-05-15,,4,83300,157,3–5 years,40–49
202300021,21,2023,Non-manager,Sweden,Digital Strategy Consulting,2023-05-07,2022-12-29,10,51100,136,Less than 1 year,Under 30
202300022,22,2023,Manager,Sweden,Transformation & Change Management,2020-05-27,2022-08-19,5,91100,97,3–5 years,30–39
202300023,23,2023,Non-manager,Germany,Data & Analytics Consulting,2023-07-23,2021-02-14,5,57500,100,Less than 1 year,30–39
202300024,24,2023,Non-manager,Germany,Transformation & Change Management,2023-07-04,2021-07-01,1,47200,101,Less than 1 year,40–49
202300025,25,2023,Manager,Denmark,Finance & Operations,,2022-08-29,3,85200,101,Not available,30–39
202300026,26,2023,Non-manager,Sweden,Finance & Operations,2021-09-09,,3,46000,87,1–2 years,30–39
202300027,27,2023,Manager,Sweden,Technology & IT Strategy,,2022-04-01,6,91500,113,Not available,Under 30
202300028,28,2023,Non-manager,Denmark,Transformation & Change Management,2023-11-01,2023-12-09,5,38000,114,Less than 1 year,Under 30
202300029,29,2023,Non-manager,Spain,Human Resources,,2022-05-28,9,57200,90,Not available,30–39
202300030,30,2023,Manager,Sweden,Data & Analytics Consulting,2023-01-21,2023-03-05,6,67600,92,Less than 1 year,Under 30
202300031,31,2023,Non-manager,France,Customer Experience & Design,2022-08-07,2023-03-06,3,36200,96,1–2 years,Under 30
202300032,32,2023,Non-manager,Germany,Customer Experience & Design,2022-02-10,2022-10-18,8,43200,124,1–2 years,30–39
202300033,33,2023,Non-manager,Denmark,Digital Strategy Consulting,2021-06-07,,6,71500,96,1–2 years,40–49
202300034,34,2023,Non-manager,Denmark,Sales & Business Development,,2021-12-20,4,70900,81,Not available,30–39
202300035,35,2023,Non-manager,France,Digital Strategy Consulting,2022-05-27,2023-11-06,5,40000,111,1–2 years,30–39
202300036,36,2023,Non-manager,Sweden,Finance & Operations,,2023-04-15,5,76500,111,Not available,30–39
202300037,37,2023,Non-manager,Germany,Data & Analytics Consulting,,2023-01-05,3,42500,109,Not available,30–39
202300038,38,2023,Non-manager,Denmark,Finance & Operations,2022-05-19,,10,54500,118,1–2 years,30–39
202300039,39,2023,Non-manager,Germany,Digital Strategy Consulting,2023-03-27,,6,36600,105,Less than 1 year,30–39
202300040,40,2023,Non-manager,Spain,Digital Strategy Consulting,2018-05-29,2022-07-03,5,54500,106,3–5 years,30–39
202300041,41,2023,Non-manager,Germany,Digital Marketing & Growth,2023-11-21,2023-01-14,2,43800,130,Less than 1 year,30–39
202300042,42,2023,Non-manager,Spain,Technology & IT Strategy,,2022-11-14,9,36600,72,Not available,Under 30
202300043,43,2023,Non-manager,Sweden,Digital Strategy Consulting,2022-09-10,2023-11-11,4,35300,80,1–2 years,Under 30
202300044,44,2023,Non-manager,Sweden,Transformation & Change Management,2021-09-21,2023-10-28,6,41900,121,1–2 years,30–39
202300045,45,2023,Non-manager,Denmark,Finance & Operations,2022-09-09,,4,56700,126,1–2 years,30–39
202300046,46,2023,Non-manager,Germany,Technology & IT Strategy,2022-11-28,2021-07-22,7,43600,117,1–2 years,30–39
202300047,47,2023,Non-manager,Sweden,Transformation & Change Management,,2022-01-21,4,78100,125,Not available,30–39
202300048,48,2023,Non-manager,Germany,Data & Analytics Consulting,,2023-09-14,3,45100,131,Not available,Under 30
202300049,49,2023,Non-manager,Spain,Technology & IT Strategy,2018-01-11,2023-10-26,3,70800,114,3–5 years,40–49
202300050,50,2023,Non-manager,France,Human Resources,2020-08-29,2021-12-22,4,42000,136,3–5 years,30–39
202300051,51,2023,Non-manager,Germany,Digital Strategy Consulting,,2022-07-16,4,33100,127,Not available,Under 30
202300052,52,2023,Manager,Sweden,Technology & IT Strategy,2023-04-09,2023-11-04,6,69800,41,Less than 1 year,30–39
202300053,53,2023,Manager,Sweden,Transformation & Change Management,2023-09-04,,6,75300,99,Less than 1 year,Under 30
202300054,54,2023,Non-manager,Germany,Digital Strategy Consulting,2019-05-28,2021-03-04,2,62200,121,3–5 years,40–49
202300055,55,2023,Non-manager,Sweden,Technology & IT Strategy,,2021-06-18,1,67300,116,Not available,40–49
202300056,56,2023,Manager,Sweden,Human Resources,,,6,99400,130,Not available,40–49
202300057,57,2023,Non-manager,Sweden,Data & Analytics Consulting,,,8,73400,101,Not available,30–39
202300058,58,2023,Non-manager,Denmark,Finance & Operations,2023-03-27,,3,38500,103,Less than 1 year,Under 30
202300059,59,2023,Manager,Germany,Finance & Operations,2022-07-14,,2,66500,100,1–2 years,30–39
202300060,60,2023,Non-manager,Germany,Customer Experience & Design,2023-10-21,,6,38000,115,Less than 1 year,30–39
202300061,61,2023,Non-manager,Sweden,Technology & IT Strategy,2023-10-23,2023-08-17,4,50100,79,Less than 1 year,30–39
202300062,62,2023,Non-manager,Germany,Human Resources,,,4,71000,133,Not available,50–59
202300063,63,2023,Non-manager,Sweden,Finance & Operations,2023-08-18,2023-12-10,5,38200,112,Less than 1 year,30–39
202300064,64,2023,Non-manager,Spain,Data & Analytics Consulting,2023-01-02,,3,30300,94,Less than 1 year,Under 30
202300065,65,2023,Non-manager,Sweden,Data & Analytics Consulting,,2021-04-04,6,105300,146,Not available,50–59
202300066,66,2023,Non-manager,Sweden,Technology & IT Strategy,,2021-07-15,3,61800,149,Not available,30–39
202300067,67,2023,Non-manager,Spain,Technology & IT Strategy,,2023-10-05,2,30600,96,Not available,30–39
202300068,68,2023,Non-manager,Sweden,Finance & Operations,,2021-12-08,8,42000,97,Not available,Under 30
202300069,69,2023,Non-manager,Denmark,Digital Strategy Consulting,2023-02-12,,3,47400,112,Less than 1 year,30–39
202300070,70,2023,Non-manager,France,Sales & Business Development,2023-07-19,2023-12-26,7,50900,111,Less than 1 year,30–39
202300071,71,2023,Non-manager,Spain,Digital Marketing & Growth,2023-07-16,2022-11-07,4,31400,123,Less than 1 year,30–39
202300072,72,2023,Non-manager,France,Sales & Business Development,2023-08-20,,8,37000,133,Less than 1 year,Under 30
202300073,73,2023,Manager,Sweden,Data & Analytics Consulting,2021-10-31,,6,86200,103,1–2 years,40–49
202300074,74,2023,Non-manager,Sweden,Customer Experience & Design,,,3,52500,126,Not available,30–39
202300075,75,2023,Non-manager,Sweden,Finance & Operations,,2023-09-06,5,30600,99,Not available,Under 30
202300076,76,2023,Non-manager,Denmark,Transformation & Change Management,,2022-06-30,7,55800,116,Not available,30–39
202300077,77,2023,Non-manager,Germany,Cybersecurity & Digital Risk,,2022-01-25,6,56700,126,Not available,Under 30
202300078,78,2023,Manager,Sweden,Digital Strategy Consulting,,,11,62900,106,Not available,Under 30
202300079,79,2023,Non-manager,Spain,Sales & Business Development,,,7,33100,132,Not available,30–39
202300080,80,2023,Manager,France,Cybersecurity & Digital Risk,,2022-10-07,4,111800,126,Not available,30–39
202300081,81,2023,Non-manager,France,Finance & Operations,,,9,49300,123,Not available,30–39
202300082,82,2023,Manager,Sweden,Finance & Operations,2022-04-11,2023-07-13,1,87800,112,1–2 years,30–39
202300083,83,2023,Non-manager,Germany,Digital Strategy Consulting,,,3,82200,103,Not available,40–49
202300084,84,2023,Non-manager,Spain,Data & Analytics Consulting,2021-10-17,2021-05-10,7,30500,117,1–2 years,40–49
202300085,85,2023,Non-manager,Spain,Digital Strategy Consulting,2023-11-18,2023-08-11,4,28000,102,Less than 1 year,Under 30
202300086,86,2023,Non-manager,Spain,Technology & IT Strategy,2019-03-29,2022-02-12,5,47100,112,3–5 years,30–39
202300087,87,2023,Non-manager,Spain,Finance & Operations,,2023-04-02,6,69800,120,Not available,60 and above
202300088,88,2023,Manager,Sweden,Digital Marketing & Growth,2023-11-07,2023-09-18,7,60700,116,Less than 1 year,30–39
202300089,89,2023,Manager,Sweden,Digital Strategy Consulting,2023-11-01,2023-11-28,3,69400,108,Less than 1 year,Under 30
202300090,90,2023,Non-manager,Germany,Human Resources,,2023-09-10,4,71100,109,Not available,40–49
202300091,91,2023,Manager,Spain,Finance & Operations,2023-02-17,2022-03-18,3,69200,114,Less than 1 year,Under 30
202300092,92,2023,Manager,France,Sales & Business Development,2018-10-25,2022-09-01,4,130100,113,3–5 years,40–49
202300093,93,2023,Non-manager,Sweden,Digital Strategy Consulting,,2022-12-18,7,53400,134,Not available,30–39
202300094,94,2023,Non-manager,Denmark,Cybersecurity & Digital Risk,2022-05-14,2022-02-25,8,80900,112,1–2 years,30–39
202300095,95,2023,Non-manager,Sweden,Customer Experience & Design,,2021-11-18,8,55800,100,Not available,30–39
202300096,96,2023,Non-manager,Denmark,Technology & IT Strategy,2016-06-05,,4,105100,93,6–10 years,40–49
202300097,97,2023,Non-manager,Sweden,Cybersecurity & Digital Risk,2020-07-23,2022-11-04,7,74300,134,3–5 years,30–39
202300098,98,2023,Non-manager,Denmark,Digital Marketing & Growth,2020-03-02,2023-03-12,7,69000,90,3–5 years,30–39
202300099,99,2023,Non-manager,Sweden,Digital Strategy Consulting,,2022-08-06,5,75200,111,Not available,30–39
202300100,100,2023,Non-manager,Sweden,Digital Strategy Consulting,2023-11-21,2023-07-03,5,39000,133,Less than 1 year,30–39
202300101,101,2023,Non-manager,Sweden,Digital Strategy Consulting,2020-07-18,2023-10-20,12,57000,126,3–5 years,30–39
202300102,102,2023,Manager,Spain,Finance & Operations,,,5,82500,127,Not available,Under 30
202300103,103,2023,Non-manager,Sweden,Human Resources,,2023-01-01,5,52700,111,Not available,Under 30
202300104,104,2023,Manager,Sweden,Data & Analytics Consulting,2023-10-17,2023-08-18,5,78100,88,Less than 1 year,Under 30
202300105,105,2023,Manager,Sweden,Sales & Business Development,2022-10-02,2021-09-21,6,79900,114,1–2 years,30–39
202300106,106,2023,Manager,Denmark,Sales & Business Development,2022-03-25,2023-09-15,6,117900,95,1–2 years,30–39
202300107,107,2023,Non-manager,France,Finance & Operations,2021-06-16,,4,54600,127,1–2 years,40–49
202300108,108,2023,Non-manager,Spain,Data & Analytics Consulting,,2023-01-12,3,28000,138,Not available,30–39
202300109,109,2023,Non-manager,Denmark,Technology & IT Strategy,2021-10-15,2022-12-30,6,65300,97,1–2 years,Under 30
202300110,110,2023,Non-manager,Sweden,Data & Analytics Consulting,2021-01-06,2021-09-26,6,73300,112,1–2 years,30–39
202300111,111,2023,Non-manager,Sweden,Data & Analytics Consulting,,2023-05-04,9,30000,125,Not available,Under 30
202300112,112,2023,Manager,Sweden,Digital Marketing & Growth,2021-05-11,2023-06-26,9,90200,87,1–2 years,30–39
202300113,113,2023,Non-manager,Sweden,Cybersecurity & Digital Risk,2021-08-28,2022-12-19,5,54200,96,1–2 years,30–39
202300114,114,2023,Non-manager,France,Technology & IT Strategy,2023-08-21,2022-03-10,3,45100,133,Less than 1 year,Under 30
202300115,115,2023,Non-manager,Spain,Digital Marketing & Growth,,2022-02-14,8,32000,57,Not available,30–39
202300116,116,2023,Non-manager,Sweden,Sales & Business Development,2023-01-09,2023-11-23,5,63500,117,Less than 1 year,30–39
202300117,117,2023,Manager,Sweden,Human Resources,2019-04-11,2023-01-08,6,102700,99,3–5 years,30–39
202300118,118,2023,Manager,Sweden,Sales & Business Development,2022-02-07,2021-09-18,4,79700,94,1–2 years,30–39
202300119,119,2023,Manager,Sweden,Data & Analytics Consulting,,2021-03-13,7,170500,73,Not available,40–49
202300120,120,2023,Non-manager,Germany,Customer Experience & Design,,,8,46600,106,Not available,30–39
202300121,121,2023,Non-manager,Sweden,Technology & IT Strategy,2023-05-12,2021-06-04,5,54900,120,Less than 1 year,30–39
202300122,122,2023,Non-manager,Sweden,Customer Experience & Design,2022-12-04,2023-04-09,3,45400,136,1–2 years,Under 30
202300123,123,2023,Non-manager,Denmark,Data & Analytics Consulting,,2021-01-29,3,68500,128,Not available,30–39
202300124,124,2023,Non-manager,France,Transformation & Change Management,,,2,60800,99,Not available,30–39
202300125,125,2023,Non-manager,Sweden,Digital Strategy Consulting,,2023-07-03,6,51100,130,Not available,Under 30
202300126,126,2023,Manager,Germany,Digital Strategy Consulting,2023-11-11,2023-08-26,2,69400,132,Less than 1 year,Under 30
202300127,127,2023,Non-manager,Germany,Cybersecurity & Digital Risk,2023-01-31,2022-12-28,8,48500,129,Less than 1 year,30–39
202300128,128,2023,Non-manager,France,Technology & IT Strategy,,,4,77600,136,Not available,40–49
202300129,129,2023,Manager,Spain,Data & Analytics Consulting,,,2,68500,99,Not available,30–39
202300130,130,2023,Non-manager,Sweden,Digital Strategy Consulting,2020-11-02,2023-07-24,7,61500,92,3–5 years,Under 30
202300131,131,2023,Non-manager,France,Sales & Business Development,,2021-09-15,6,53900,95,Not available,30–39
202300132,132,2023,Non-manager,Sweden,Technology & IT Strategy,2023-11-06,2022-12-21,8,66000,153,Less than 1 year,30–39
202300133,133,2023,Non-manager,Sweden,Data & Analytics Consulting,,2021-03-20,4,63900,125,Not available,Under 30
202300134,134,2023,Non-manager,France,Transformation & Change Management,2023-08-25,2022-08-08,13,56900,146,Less than 1 year,40–49
202300135,135,2023,Non-manager,Sweden,Technology & IT Strategy,2020-12-24,2022-03-26,3,50000,120,3–5 years,30–39
202300136,136,2023,Manager,Sweden,Customer Experience & Design,2020-06-12,2021-07-22,6,108300,81,3–5 years,30–39
202300137,137,2023,Manager,Germany,Customer Experience & Design,2022-12-19,2023-04-24,7,73500,101,1–2 years,Under 30
202300138,138,2023,Manager,Sweden,Finance & Operations,,2022-01-19,3,117800,124,Not available,50–59
202300139,139,2023,Manager,Denmark,Digital Marketing & Growth,,2023-01-16,9,86800,101,Not available,30–39
202300140,140,2023,Non-manager,France,Digital Strategy Consulting,2023-05-11,2023-10-06,5,32100,117,Less than 1 year,Under 30
202300141,141,2023,Non-manager,Spain,Finance & Operations,2023-12-03,2023-05-22,7,28000,119,Less than 1 year,Under 30
202300142,142,2023,Manager,Sweden,Technology & IT Strategy,2022-07-04,2022-07-27,6,70000,99,1–2 years,Under 30
202300143,143,2023,Non-manager,Sweden,Transformation & Change Management,,,5,92100,81,Not available,50–59
202300144,144,2023,Manager,Sweden,Customer Experience & Design,,,5,169300,99,Not available,50–59
202300145,145,2023,Non-manager,Spain,Digital Marketing & Growth,2022-10-13,2022-09-10,7,28000,94,1–2 years,Under 30
202300146,146,2023,Manager,Sweden,Digital Strategy Consulting,2020-02-29,2021-01-30,2,89800,115,3–5 years,30–39
202300147,147,2023,Non-manager,Sweden,Sales & Business Development,,2023-06-25,7,48400,113,Not available,30–39
202300148,148,2023,Non-manager,Denmark,Technology & IT Strategy,2022-12-08,,8,60700,95,1–2 years,Under 30
202300149,149,2023,Non-manager,Spain,Digital Strategy Consulting,,2022-12-01,2,69500,119,Not available,40–49
202300150,150,2023,Manager,Sweden,Sales & Business Development,,2022-02-27,6,134900,97,Not available,50–59
202300151,151,2023,Non-manager,France,Data & Analytics Consulting,,2021-07-15,1,85900,131,Not available,40–49
202300152,152,2023,Manager,Denmark,Digital Marketing & Growth,,2022-11-01,6,88600,88,Not available,Under 30
202300153,153,2023,Manager,Sweden,Transformation & Change Management,2022-07-08,2023-06-12,2,84600,99,1–2 years,Under 30
202300154,154,2023,Manager,Denmark,Transformation & Change Management,,2023-02-05,3,79100,124,Not available,Under 30
202300155,155,2023,Non-manager,Germany,Digital Strategy Consulting,,2023-11-02,3,42900,105,Not available,30–39
202300156,156,2023,Manager,Denmark,Digital Strategy Consulting,2017-05-24,2021-05-13,6,138400,120,6–10 years,30–39
202300157,157,2023,Non-manager,Spain,Data & Analytics Consulting,,2022-04-04,5,54800,119,Not available,40–49
202300158,158,2023,Non-manager,Sweden,Finance & Operations,2023-12-22,,3,38800,110,Less than 1 year,30–39
202300159,159,2023,Non-manager,Denmark,Digital Marketing & Growth,,2023-02-07,7,60400,109,Not available,30–39
202300160,160,2023,Non-manager,Sweden,Digital Strategy Consulting,2019-04-28,2021-08-09,3,56500,89,3–5 years,30–39
202300161,161,2023,Manager,Sweden,Data & Analytics Consulting,2023-04-25,2021-04-28,3,77900,133,Less than 1 year,30–39
202300162,162,2023,Manager,Denmark,Transformation & Change Management,,2023-07-17,5,146600,100,Not available,40–49
202300163,163,2023,Non-manager,France,Digital Strategy Consulting,2023-07-21,2023-08-23,3,39100,102,Less than 1 year,Under 30
202300164,164,2023,Non-manager,Sweden,Transformation & Change Management,,2022-04-20,9,38700,143,Not available,30–39
202300165,165,2023,Manager,Sweden,Sales & Business Development,,2021-12-05,1,134400,110,Not available,30–39
202300166,166,2023,Manager,Sweden,Human Resources,2023-03-19,,4,128500,129,Less than 1 year,40–49
202300167,167,2023,Non-manager,Spain,Customer Experience & Design,2023-03-12,,6,30600,132,Less than 1 year,30–39
202300168,168,2023,Manager,Sweden,Data & Analytics Consulting,2021-07-30,,12,98900,79,1–2 years,30–39
202300169,169,2023,Non-manager,Sweden,Customer Experience & Design,2022-11-27,2022-09-16,2,41500,122,1–2 years,Under 30
202300170,170,2023,Non-manager,Sweden,Human Resources,2023-02-14,2023-09-23,7,39000,85,Less than 1 year,Under 30
202300171,171,2023,Manager,Sweden,Sales & Business Development,,,4,140000,119,Not available,60 and above
202300172,172,2023,Manager,Spain,Data & Analytics Consulting,2021-01-09,2021-04-16,2,54500,110,1–2 years,Under 30
202300173,173,2023,Manager,Spain,Human Resources,2021-12-23,,4,75200,110,1–2 years,30–39
202300174,174,2023,Non-manager,Germany,Human Resources,2021-11-13,2021-07-16,3,45200,92,1–2 years,Under 30
202300175,175,2023,Non-manager,Sweden,Data & Analytics Consulting,2022-06-20,2023-11-03,4,60900,143,1–2 years,40–49
202300176,176,2023,Non-manager,Sweden,Digital Strategy Consulting,,,4,94600,115,Not available,40–49
202300177,177,2023,Non-manager,Sweden,Digital Strategy Consulting,,2023-08-28,5,35800,108,Not available,Under 30
202300178,178,2023,Non-manager,Denmark,Sales & Business Development,2020-12-08,2021-07-16,6,58500,101,3–5 years,30–39
202300179,179,2023,Manager,Sweden,Customer Experience & Design,2023-06-06,2023-11-16,6,100000,120,Less than 1 year,Under 30
202300180,180,2023,Non-manager,Spain,Cybersecurity & Digital Risk,,,5,38800,141,Not available,30–39
202300181,181,2023,Non-manager,Spain,Data & Analytics Consulting,2022-01-09,2021-03-08,5,35800,93,1–2 years,Under 30
202300182,182,2023,Non-manager,Denmark,Finance & Operations,2021-11-27,2023-01-11,7,60000,162,1–2 years,30–39
202300183,183,2023,Manager,Sweden,Finance & Operations,,2021-01-07,4,137000,109,Not available,40–49
202300184,184,2023,Non-manager,Spain,Finance & Operations,2023-09-20,2023-01-13,4,45600,123,Less than 1 year,40–49
202300185,185,2023,Non-manager,Sweden,Data & Analytics Consulting,,,5,86600,90,Not available,50–59
202300186,186,2023,Non-manager,Denmark,Digital Strategy Consulting,2019-12-21,2022-06-20,3,70400,109,3–5 years,30–39
202300187,187,2023,Non-manager,Sweden,Finance & Operations,2022-08-24,2022-01-27,6,49500,112,1–2 years,30–39
202300188,188,2023,Manager,France,Human Resources,2023-01-02,,1,57000,108,Less than 1 year,30–39
202300189,189,2023,Non-manager,Spain,Finance & Operations,2021-08-07,,7,34800,109,1–2 years,30–39
202300190,190,2023,Non-manager,Denmark,Finance & Operations,,2023-12-22,5,33700,73,Not available,30–39
202300191,191,2023,Non-manager,Sweden,Data & Analytics Consulting,2022-02-12,2022-04-06,5,38000,91,1–2 years,Under 30
202300192,192,2023,Manager,Spain,Sales & Business Development,,2022-09-26,2,79800,138,Not available,30–39
202300193,193,2023,Manager,Sweden,Digital Strategy Consulting,2023-01-24,2023-05-10,1,99100,123,Less than 1 year,30–39
202300194,194,2023,Non-manager,Germany,Transformation & Change Management,,,2,82900,117,Not available,50–59
202300195,195,2023,Manager,Denmark,Customer Experience & Design,,2022-02-01,3,163800,97,Not available,50–59
202300196,196,2023,Non-manager,Spain,Data & Analytics Consulting,2020-10-05,2021-03-23,7,38600,112,3–5 years,30–39
202300197,197,2023,Non-manager,Germany,Finance & Operations,2023-03-02,2022-07-04,3,44100,86,Less than 1 year,30–39
202300198,198,2023,Non-manager,France,Digital Marketing & Growth,,2022-07-31,9,48100,128,Not available,40–49
202300199,199,2023,Non-manager,Spain,Finance & Operations,,2022-05-11,3,30800,101,Not available,30–39
202300200,200,2023,Manager,Germany,Cybersecurity & Digital Risk,,2022-06-14,2,95100,82,Not available,30–39
202300201,201,2023,Non-manager,France,Sales & Business Development,2022-01-14,2022-02-28,1,44400,120,1–2 years,Under 30
202300202,202,2023,Non-manager,Sweden,Digital Strategy Consulting,,2023-11-10,7,30000,136,Not available,Under 30
202300203,203,2023,Manager,Spain,Transformation & Change Management,2022-02-25,,5,54700,100,1–2 years,Under 30
202300204,204,2023,Non-manager,Denmark,Digital Marketing & Growth,2020-07-03,,8,73200,116,3–5 years,30–39
202300205,205,2023,Non-manager,Spain,Technology & IT Strategy,2020-07-23,2022-10-29,8,44600,125,3–5 years,40–49
202300206,206,2023,Non-manager,Sweden,Customer Experience & Design,2023-06-02,2023-03-26,4,39700,100,Less than 1 year,Under 30
202300207,207,2023,Non-manager,Germany,Data & Analytics Consulting,,2023-12-18,6,30000,72,Not available,Under 30
202300208,208,2023,Manager,Sweden,Data & Analytics Consulting,,2022-09-17,1,83300,78,Not available,30–39
202300209,209,2023,Non-manager,Sweden,Transformation & Change Management,,,3,41900,129,Not available,Under 30
202300210,210,2023,Manager,Germany,Digital Marketing & Growth,,2023-09-19,4,69300,112,Not available,Under 30
202300211,211,2023,Non-manager,Germany,Transformation & Change Management,,2021-04-07,2,48400,125,Not available,30–39
202300212,212,2023,Non-manager,Sweden,Digital Strategy Consulting,2022-06-21,,10,42600,109,1–2 years,30–39
202300213,213,2023,Non-manager,Germany,Technology & IT Strategy,,2022-08-21,1,48100,123,Not available,30–39
202300214,214,2023,Non-manager,Sweden,Digital Marketing & Growth,2023-02-25,2023-06-29,3,44800,114,Less than 1 year,30–39
202300215,215,2023,Non-manager,Sweden,Cybersecurity & Digital Risk,,2023-10-27,10,41000,143,Not available,Under 30
202300216,216,2023,Non-manager,France,Sales & Business Development,,2023-09-19,5,49600,117,Not available,40–49
202300217,217,2023,Manager,Spain,Data & Analytics Consulting,,2021-10-15,1,70800,94,Not available,Under 30
202300218,218,2023,Non-manager,Denmark,Data & Analytics Consulting,,2023-08-04,5,54500,133,Not available,Under 30
202300219,219,2023,Non-manager,Sweden,Digital Marketing & Growth,,2021-01-18,3,57500,114,Not available,40–49
202300220,220,2023,Non-manager,Spain,Sales & Business Development,,2021-08-13,4,53900,116,Not available,30–39
202300221,221,2023,Non-manager,Sweden,Transformation & Change Management,,2022-08-30,6,58300,115,Not available,30–39
202300222,222,2023,Non-manager,Sweden,Sales & Business Development,2023-08-30,2023-04-13,3,43500,82,Less than 1 year,Under 30
202300223,223,2023,Non-manager,France,Digital Strategy Consulting,,2023-10-22,3,55600,122,Not available,30–39
202300224,224,2023,Non-manager,Denmark,Customer Experience & Design,2023-09-18,,4,52000,158,Less than 1 year,Under 30
202300225,225,2023,Manager,Sweden,Human Resources,2020-04-22,2023-08-06,7,92800,126,3–5 years,50–59
202300226,226,2023,Non-manager,Sweden,Transformation & Change Management,,2022-02-03,3,43100,132,Not available,Under 30
202300227,227,2023,Non-manager,Sweden,Data & Analytics Consulting,,2021-05-27,6,58400,109,Not available,30–39
202300228,228,2023,Non-manager,Spain,Finance & Operations,2023-03-23,2023-08-23,2,28800,138,Less than 1 year,30–39
202300229,229,2023,Non-manager,Sweden,Data & Analytics Consulting,,2023-08-14,5,56600,109,Not available,30–39
202300230,230,2023,Manager,Sweden,Sales & Business Development,,2023-10-21,8,64600,89,Not available,Under 30
202300231,231,2023,Non-manager,Germany,Sales & Business Development,,2022-09-28,4,43700,129,Not available,Under 30
202300232,232,2023,Non-manager,Spain,Technology & IT Strategy,2023-06-02,,5,28000,101,Less than 1 year,Under 30
202300233,233,2023,Manager,Germany,Transformation & Change Management,2023-07-15,2023-10-11,6,68500,104,Less than 1 year,40–49
202300234,234,2023,Non-manager,Sweden,Finance & Operations,2023-07-18,,9,41800,70,Less than 1 year,30–39
202300235,235,2023,Manager,Sweden,Transformation & Change Management,,,6,71600,96,Not available,Under 30
202300236,236,2023,Manager,Sweden,Cybersecurity & Digital Risk,,2021-12-03,6,134700,92,Not available,40–49
202300237,237,2023,Manager,Sweden,Sales & Business Development,2021-12-27,2021-04-09,2,87200,70,1–2 years,Under 30
202300238,238,2023,Non-manager,Sweden,Cybersecurity & Digital Risk,2023-05-10,2022-10-29,3,42900,134,Less than 1 year,30–39
202300239,239,2023,Non-manager,Spain,Sales & Business Development,2021-09-13,,10,53800,134,1–2 years,30–39
202300240,240,2023,Non-manager,Sweden,Technology & IT Strategy,2022-06-26,2021-09-03,5,61500,108,1–2 years,Under 30
202300241,241,2023,Non-manager,Denmark,Digital Marketing & Growth,2022-01-04,2023-08-20,4,64800,101,1–2 years,30–39
202300242,242,2023,Non-manager,Germany,Human Resources,,2023-05-08,4,78200,119,Not available,30–39
202300243,243,2023,Manager,Sweden,Data & Analytics Consulting,,2023-01-12,6,76100,88,Not available,Under 30
202300244,244,2023,Manager,Sweden,Data & Analytics Consulting,,2023-12-30,6,65100,101,Not available,Under 30
202300245,245,2023,Non-manager,Sweden,Digital Strategy Consulting,2019-12-13,2022-06-28,4,64100,94,3–5 years,40–49
202300246,246,2023,Manager,Sweden,Technology & IT Strategy,2023-10-21,2023-08-06,8,68800,66,Less than 1 year,30–39
202300247,247,2023,Non-manager,Germany,Finance & Operations,,2023-12-17,5,30000,115,Not available,Under 30
202300248,248,2023,Non-manager,Sweden,Customer Experience & Design,,2023-11-09,2,30300,112,Not available,Under 30
202300249,249,2023,Non-manager,France,Digital Strategy Consulting,2023-03-02,2022-06-07,3,51500,121,Less than 1 year,30–39
202300250,250,2023,Non-manager,France,Transformation & Change Management,,2023-05-20,4,68700,101,Not available,40–49
202300251,251,2023,Manager,Germany,Data & Analytics Consulting,2021-08-03,2021-06-26,5,87900,110,1–2 years,30–39
202300252,252,2023,Manager,Spain,Transformation & Change Management,2019-10-26,2021-03-05,3,93300,141,3–5 years,50–59
202300253,253,2023,Non-manager,Sweden,Data & Analytics Consulting,,2022-01-09,6,82600,106,Not available,50–59
202300254,254,2023,Non-manager,Sweden,Sales & Business Development,2022-08-21,2022-09-21,3,53300,102,1–2 years,Under 30
202300255,255,2023,Non-manager,France,Digital Strategy Consulting,2023-09-09,,9,40900,112,Less than 1 year,30–39
202300256,256,2023,Manager,Sweden,Transformation & Change Management,2017-02-25,2023-11-17,2,113100,127,6–10 years,30–39
202300257,257,2023,Non-manager,Denmark,Cybersecurity & Digital Risk,,2021-05-29,6,89400,90,Not available,50–59
202300258,258,2023,Non-manager,Sweden,Technology & IT Strategy,,2022-02-26,5,60800,77,Not available,30–39
202300259,259,2023,Non-manager,Sweden,Technology & IT Strategy,,,2,40300,98,Not available,Under 30
202300260,260,2023,Non-manager,Sweden,Human Resources,,,4,32900,105,Not available,Under 30
202300261,261,2023,Non-manager,Denmark,Sales & Business Development,2023-08-07,2023-12-27,6,49800,111,Less than 1 year,30–39
202300262,262,2023,Non-manager,Sweden,Customer Experience & Design,2023-10-11,2023-09-14,3,53500,126,Less than 1 year,Under 30
202300263,263,2023,Manager,Spain,Human Resources,,2023-12-31,5,48500,88,Not available,Under 30
202300264,264,2023,Non-manager,Sweden,Sales & Business Development,2023-01-23,2023-12-24,6,45200,111,Less than 1 year,Under 30
202300265,265,2023,Non-manager,Sweden,Cybersecurity & Digital Risk,2023-04-20,2023-04-11,5,50200,146,Less than 1 year,30–39
202300266,266,2023,Non-manager,France,Transformation & Change Management,2023-01-03,2022-10-01,3,34500,139,Less than 1 year,30–39
202300267,267,2023,Non-manager,Germany,Customer Experience & Design,,,6,91500,123,Not available,40–49
202300268,268,2023,Manager,France,Cybersecurity & Digital Risk,2020-09-05,,3,104600,129,3–5 years,30–39
202300269,269,2023,Non-manager,Sweden,Transformation & Change Management,,2023-06-07,5,45100,145,Not available,30–39
202300270,270,2023,Non-manager,Spain,Customer Experience & Design,,2023-12-26,6,34800,142,Not available,30–39
202300271,271,2023,Non-manager,Sweden,Technology & IT Strategy,,2021-03-23,8,70800,120,Not available,30–39
202300272,272,2023,Non-manager,Germany,Digital Strategy Consulting,2023-10-11,2023-12-30,5,36700,82,Less than 1 year,Under 30
202300273,273,2023,Non-manager,Sweden,Human Resources,2023-07-21,2022-08-25,5,84800,97,Less than 1 year,50–59
202300274,274,2023,Manager,Germany,Finance & Operations,2022-03-20,,4,71700,76,1–2 years,30–39
202300275,275,2023,Non-manager,Sweden,Technology & IT Strategy,,2021-03-09,4,68900,95,Not available,Under 30
202300276,276,2023,Non-manager,Spain,Data & Analytics Consulting,2020-08-19,2023-08-15,7,36500,94,3–5 years,30–39
202300277,277,2023,Non-manager,Sweden,Digital Marketing & Growth,2021-09-08,,7,59200,126,1–2 years,40–49
202300278,278,2023,Non-manager,Sweden,Data & Analytics Consulting,,,2,60500,98,Not available,30–39
202300279,279,2023,Non-manager,Sweden,Human Resources,2023-05-12,2021-01-01,3,44800,110,Less than 1 year,30–39
202300280,280,2023,Manager,Spain,Digital Strategy Consulting,2019-03-15,2022-04-04,6,92900,109,3–5 years,30–39
202300281,281,2023,Manager,France,Cybersecurity & Digital Risk,,2022-01-28,5,97700,97,Not available,40–49
202300282,282,2023,Non-manager,Sweden,Human Resources,,2022-05-15,7,36600,120,Not available,Under 30
202300283,283,2023,Non-manager,Sweden,Digital Marketing & Growth,,2023-08-11,3,37400,115,Not available,Under 30
202300284,284,2023,Non-manager,Sweden,Technology & IT Strategy,2015-07-05,,5,78100,118,6–10 years,40–49
202300285,285,2023,Non-manager,Sweden,Transformation & Change Management,,2023-07-03,5,33900,114,Not available,Under 30
202300286,286,2023,Non-manager,Sweden,Digital Strategy Consulting,2020-09-09,2023-01-26,7,70300,137,3–5 years,30–39
202300287,287,2023,Non-manager,Denmark,Digital Marketing & Growth,2022-07-14,,5,50600,88,1–2 years,30–39
202300288,288,2023,Non-manager,Sweden,Cybersecurity & Digital Risk,2022-09-27,2023-01-02,6,43600,115,1–2 years,30–39
202300289,289,2023,Non-manager,Spain,Finance & Operations,,,3,40700,140,Not available,30–39
202300290,290,2023,Non-manager,France,Technology & IT Strategy,2020-12-09,2021-12-15,5,55400,104,3–5 years,30–39
202300291,291,2023,Non-manager,Sweden,Customer Experience & Design,,,4,91300,97,Not available,30–39
202300292,292,2023,Non-manager,Sweden,Technology & IT Strategy,,2021-10-07,2,47900,97,Not available,40–49
202300293,293,2023,Non-manager,Sweden,Sales & Business Development,2020-10-22,,7,53300,111,3–5 years,40–49
202300294,294,2023,Non-manager,Germany,Sales & Business Development,2022-12-12,2022-10-28,12,40800,115,1–2 years,Under 30
202300295,295,2023,Non-manager,Germany,Finance & Operations,,,1,84100,131,Not available,50–59
202300296,296,2023,Non-manager,Sweden,Transformation & Change Management,2021-08-09,2023-04-24,6,39000,95,1–2 years,30–39
202300297,297,2023,Non-manager,Spain,Digital Strategy Consulting,2023-03-21,2023-04-09,7,28000,135,Less than 1 year,Under 30
202300298,298,2023,Non-manager,Sweden,Transformation & Change Management,2023-12-21,2022-03-25,3,47800,101,Less than 1 year,30–39
202300299,299,2023,Non-manager,Spain,Finance & Operations,2023-08-30,,7,40400,149,Less than 1 year,30–39
202300300,300,2023,Non-manager,Sweden,Cybersecurity & Digital Risk,2022-08-31,2021-08-03,5,78200,138,1–2 years,50–59
202300301,301,2023,Non-manager,Sweden,Digital Marketing & Growth,2022-07-04,2022-11-11,4,59300,142,1–2 years,30–39
202300302,302,2023,Non-manager,Germany,Data & Analytics Consulting,2023-01-30,2023-08-17,5,39700,113,Less than 1 year,Under 30
202300303,303,2023,Manager,Denmark,Transformation & Change Management,2022-01-25,2023-05-10,3,105200,114,1–2 years,30–39
202300304,304,2023,Non-manager,Spain,Digital Strategy Consulting,2023-03-04,2023-09-09,7,28000,95,Less than 1 year,Under 30
202300305,305,2023,Non-manager,Spain,Data & Analytics Consulting,,2023-12-01,4,28000,96,Not available,Under 30
202300306,306,2023,Non-manager,Spain,Data & Analytics Consulting,,2023-03-08,4,70800,129,Not available,30–39
202300307,307,2023,Non-manager,Germany,Sales & Business Development,,2023-07-02,6,45000,134,Not available,Under 30
202300308,308,2023,Manager,France,Customer Experience & Design,,2022-01-03,8,75000,115,Not available,40–49
202300309,309,2023,Manager,Sweden,Finance & Operations,2021-10-02,2022-10-29,8,67300,107,1–2 years,30–39
202300310,310,2023,Non-manager,Denmark,Technology & IT Strategy,2022-11-29,,6,98800,93,1–2 years,40–49
202300311,311,2023,Non-manager,Spain,Data & Analytics Consulting,,2022-06-07,3,44400,126,Not available,30–39
202300312,312,2023,Non-manager,Sweden,Transformation & Change Management,,2021-05-10,4,71400,105,Not available,30–39
202300313,313,2023,Manager,France,Digital Marketing & Growth,,2022-04-03,3,87500,129,Not available,Under 30
202300314,314,2023,Manager,Sweden,Digital Marketing & Growth,,2022-09-03,4,121300,107,Not available,40–49
202300315,315,2023,Non-manager,Sweden,Transformation & Change Management,2020-03-15,2022-04-07,7,59500,139,3–5 years,30–39
202300316,316,2023,Non-manager,France,Human Resources,2022-09-18,,2,38800,110,1–2 years,Under 30
202300317,317,2023,Non-manager,Sweden,Transformation & Change Management,,2022-10-13,4,49600,147,Not available,Under 30
202300318,318,2023,Manager,France,Transformation & Change Management,2023-11-30,2023-08-24,4,60700,93,Less than 1 year,Under 30
202300319,319,2023,Non-manager,Sweden,Cybersecurity & Digital Risk,,,3,71700,98,Not available,40–49
202300320,320,2023,Manager,Spain,Data & Analytics Consulting,,,4,99300,130,Not available,40–49
202300321,321,2023,Manager,Sweden,Human Resources,,2023-11-05,4,62000,125,Not available,Under 30
202300322,322,2023,Non-manager,Spain,Finance & Operations,,2023-10-13,6,44700,99,Not available,30–39
202300323,323,2023,Non-manager,Germany,Digital Strategy Consulting,2021-12-31,2023-07-23,4,49300,123,1–2 years,30–39
202300324,324,2023,Non-manager,Germany,Customer Experience & Design,2023-11-09,2023-04-09,6,40300,117,Less than 1 year,30–39
202300325,325,2023,Non-manager,France,Finance & Operations,,2021-04-19,2,52100,69,Not available,30–39
202300326,326,2023,Non-manager,Spain,Finance & Operations,,2021-10-23,2,38000,136,Not available,30–39
202300327,327,2023,Non-manager,Sweden,Technology & IT Strategy,2022-12-12,2023-10-08,3,83000,134,1–2 years,40–49
202300328,328,2023,Non-manager,Germany,Digital Marketing & Growth,,2022-08-31,3,42300,123,Not available,30–39
202300329,329,2023,Manager,France,Transformation & Change Management,2019-12-11,2023-07-15,7,100600,124,3–5 years,30–39
202300330,330,2023,Non-manager,Sweden,Cybersecurity & Digital Risk,,2023-11-02,4,47700,118,Not available,30–39
202300331,331,2023,Non-manager,Spain,Digital Strategy Consulting,,,5,68200,91,Not available,30–39
202300332,332,2023,Non-manager,Sweden,Digital Marketing & Growth,2020-03-11,2021-07-22,4,59400,157,3–5 years,30–39
202300333,333,2023,Non-manager,Germany,Cybersecurity & Digital Risk,,,4,87300,118,Not available,40–49
202300334,334,2023,Manager,Germany,Transformation & Change Management,2023-05-24,2023-12-01,2,63300,115,Less than 1 year,Under 30
202300335,335,2023,Non-manager,France,Technology & IT Strategy,2022-06-04,2022-01-02,5,44300,117,1–2 years,30–39
202300336,336,2023,Manager,Sweden,Cybersecurity & Digital Risk,2022-12-24,2021-12-04,2,93300,73,1–2 years,30–39
202300337,337,2023,Non-manager,Sweden,Customer Experience & Design,,2021-01-02,3,86800,98,Not available,40–49
202300338,338,2023,Non-manager,Sweden,Finance & Operations,,2021-11-03,6,57600,92,Not available,30–39
202300339,339,2023,Non-manager,Sweden,Finance & Operations,,,5,94600,103,Not available,40–49
202300340,340,2023,Non-manager,France,Technology & IT Strategy,2021-08-12,2023-11-23,4,50800,112,1–2 years,Under 30
202300341,341,2023,Non-manager,Sweden,Data & Analytics Consulting,2022-03-09,,1,69300,132,1–2 years,30–39
202300342,342,2023,Non-manager,Sweden,Sales & Business Development,2023-02-18,,10,47800,111,Less than 1 year,30–39
202300343,343,2023,Non-manager,Sweden,Digital Strategy Consulting,,,6,43900,118,Not available,30–39
202300344,344,2023,Manager,Germany,Customer Experience & Design,2023-11-26,,5,59700,116,Less than 1 year,Under 30
202300345,345,2023,Non-manager,Germany,Digital Marketing & Growth,,2022-01-13,2,42100,133,Not available,Under 30
202300346,346,2023,Manager,Sweden,Digital Strategy Consulting,,2022-09-23,3,166000,145,Not available,40–49
202300347,347,2023,Non-manager,Germany,Digital Strategy Consulting,2021-04-23,,9,47200,136,1–2 years,Under 30
202300348,348,2023,Non-manager,Spain,Digital Strategy Consulting,2019-10-16,2021-02-05,5,49600,117,3–5 years,30–39
202300349,349,2023,Non-manager,Germany,Transformation & Change Management,2018-11-27,2021-05-30,3,75400,135,3–5 years,40–49
202300350,350,2023,Manager,France,Customer Experience & Design,2015-09-14,2023-11-04,4,109000,88,6–10 years,40–49
202300351,351,2023,Manager,France,Data & Analytics Consulting,2023-06-23,2022-07-18,3,93500,115,Less than 1 year,30–39
202300352,352,2023,Non-manager,Germany,Technology & IT Strategy,,2023-12-16,3,53700,101,Not available,30–39
202300353,353,2023,Non-manager,Spain,Data & Analytics Consulting,,2021-07-17,3,30500,123,Not available,Under 30
202300354,354,2023,Non-manager,Germany,Digital Strategy Consulting,,,2,91900,115,Not available,50–59
202300355,355,2023,Non-manager,Germany,Cybersecurity & Digital Risk,,2021-07-25,4,51100,112,Not available,30–39
202300356,356,2023,Non-manager,France,Transformation & Change Management,2022-10-18,2023-01-04,2,37600,116,1–2 years,30–39
202300357,357,2023,Non-manager,Sweden,Customer Experience & Design,,2021-08-30,4,82500,84,Not available,30–39
202300358,358,2023,Manager,Sweden,Sales & Business Development,,,6,86200,90,Not available,30–39
202300359,359,2023,Manager,Denmark,Data & Analytics Consulting,,,5,90500,122,Not available,Under 30
202300360,360,2023,Non-manager,Sweden,Human Resources,2023-05-30,2021-09-17,8,40500,124,Less than 1 year,30–39
202300361,361,2023,Non-manager,Spain,Customer Experience & Design,2021-12-24,2021-03-12,5,42300,140,1–2 years,30–39
202300362,362,2023,Non-manager,Sweden,Human Resources,2022-12-16,,2,34300,105,1–2 years,30–39
202300363,363,2023,Non-manager,France,Technology & IT Strategy,2020-09-02,2021-01-14,4,54400,94,3–5 years,40–49
202300364,364,2023,Non-manager,Sweden,Transformation & Change Management,2019-03-04,2022-08-22,4,85400,126,3–5 years,50–59
202300365,365,2023,Non-manager,Germany,Customer Experience & Design,,,7,88900,91,Not available,50–59
202300366,366,2023,Manager,Spain,Digital Strategy Consulting,2022-09-19,2023-08-04,6,62200,107,1–2 years,30–39
202300367,367,2023,Manager,Denmark,Customer Experience & Design,2021-01-17,,4,166900,117,1–2 years,40–49
202300368,368,2023,Non-manager,Denmark,Customer Experience & Design,2023-09-11,2023-01-28,4,70300,96,Less than 1 year,Under 30
202300369,369,2023,Non-manager,Germany,Human Resources,,2023-09-03,4,34300,131,Not available,40–49
202300370,370,2023,Non-manager,Spain,Customer Experience & Design,2017-12-03,,4,62900,118,6–10 years,30–39
202300371,371,2023,Non-manager,Sweden,Data & Analytics Consulting,,2023-12-28,3,31900,136,Not available,30–39
202300372,372,2023,Non-manager,Germany,Data & Analytics Consulting,2023-12-19,2023-09-02,6,38500,100,Less than 1 year,Under 30
202300373,373,2023,Non-manager,Sweden,Data & Analytics Consulting,2022-05-15,2021-08-11,9,58500,134,1–2 years,Under 30
202300374,374,2023,Manager,Sweden,Sales & Business Development,,2023-02-03,6,159600,81,Not available,40–49
202300375,375,2023,Non-manager,Sweden,Digital Marketing & Growth,2022-06-20,,4,52700,118,1–2 years,30–39
202300376,376,2023,Non-manager,Sweden,Human Resources,2022-01-15,2022-01-03,5,69000,80,1–2 years,30–39
202300377,377,2023,Non-manager,Sweden,Customer Experience & Design,2021-07-19,2022-04-06,5,55000,128,1–2 years,Under 30
202300378,378,2023,Non-manager,Spain,Human Resources,2021-03-23,,3,54000,100,1–2 years,40–49
202300379,379,2023,Manager,Spain,Finance & Operations,,,5,108800,125,Not available,40–49
202300380,380,2023,Non-manager,Sweden,Finance & Operations,,,5,50900,128,Not available,30–39
202300381,381,2023,Non-manager,Germany,Cybersecurity & Digital Risk,2022-07-13,,1,56000,137,1–2 years,30–39
202300382,382,2023,Non-manager,Sweden,Data & Analytics Consulting,,,4,41200,85,Not available,Under 30
202300383,383,2023,Non-manager,Sweden,Customer Experience & Design,2021-10-21,,4,69500,95,1–2 years,30–39
202300384,384,2023,Non-manager,Spain,Human Resources,2018-11-10,2023-06-30,4,57400,94,3–5 years,30–39
202300385,385,2023,Non-manager,Germany,Sales & Business Development,2022-07-03,2022-08-27,3,53800,114,1–2 years,30–39
202300386,386,2023,Manager,France,Digital Marketing & Growth,2021-12-22,2022-07-01,3,81400,113,1–2 years,30–39
202300387,387,2023,Non-manager,Germany,Digital Strategy Consulting,2023-01-01,2023-11-03,4,48300,125,Less than 1 year,30–39
202300388,388,2023,Manager,Germany,Finance & Operations,2023-04-28,2023-12-30,6,56000,151,Less than 1 year,Under 30
202300389,389,2023,Non-manager,Denmark,Technology & IT Strategy,2020-09-10,2021-03-19,5,59700,118,3–5 years,30–39
202300390,390,2023,Non-manager,Sweden,Transformation & Change Management,2023-11-09,2022-12-16,4,47700,82,Less than 1 year,Under 30
202300391,391,2023,Manager,Spain,Transformation & Change Management,2022-11-14,2021-02-12,3,99300,106,1–2 years,40–49
202300392,392,2023,Non-manager,Sweden,Transformation & Change Management,,,6,77100,115,Not available,40–49
202300393,393,2023,Non-manager,Sweden,Customer Experience & Design,2023-11-03,,4,49200,103,Less than 1 year,30–39
202300394,394,2023,Manager,Sweden,Data & Analytics Consulting,2022-04-27,2021-12-02,3,72800,84,1–2 years,30–39
202300395,395,2023,Non-manager,Germany,Finance & Operations,,2023-04-27,5,37100,133,Not available,30–39
202300396,396,2023,Non-manager,France,Finance & Operations,2023-06-19,,3,43900,100,Less than 1 year,40–49
202300397,397,2023,Non-manager,Sweden,Human Resources,,2022-12-27,8,86900,103,Not available,50–59
202300398,398,2023,Manager,Germany,Transformation & Change Management,,,1,117800,145,Not available,50–59
202300399,399,2023,Non-manager,France,Customer Experience & Design,,,1,30000,118,Not available,Under 30
202300400,400,2023,Non-manager,Sweden,Digital Strategy Consulting,2018-01-09,2021-01-11,4,60900,121,3–5 years,30–39
202300401,401,2023,Non-manager,France,Transformation & Change Management,,2023-08-14,6,51700,126,Not available,40–49
202300402,402,2023,Non-manager,France,Technology & IT Strategy,,2022-11-13,6,69000,82,Not available,40–49
202300403,403,2023,Non-manager,France,Customer Experience & Design,2023-04-15,2023-10-21,3,48000,122,Less than 1 year,40–49
202300404,404,2023,Non-manager,Sweden,Sales & Business Development,2017-12-18,2021-05-10,3,92600,139,6–10 years,40–49
202300405,405,2023,Non-manager,Germany,Data & Analytics Consulting,,,2,88500,126,Not available,30–39
202300406,406,2023,Manager,Sweden,Data & Analytics Consulting,2022-10-13,2022-06-26,7,82800,121,1–2 years,30–39
202300407,407,2023,Manager,Sweden,Data & Analytics Consulting,2014-04-27,2022-07-04,3,122000,94,6–10 years,50–59
202300408,408,2023,Non-manager,Germany,Digital Strategy Consulting,2022-10-15,,6,43900,113,1–2 years,Under 30
202300409,409,2023,Manager,Sweden,Transformation & Change Management,2022-06-24,2022-01-07,9,80100,121,1–2 years,Under 30
202300410,410,2023,Non-manager,France,Digital Strategy Consulting,,2021-12-08,8,54000,106,Not available,30–39
202300411,411,2023,Non-manager,Sweden,Technology & IT Strategy,,,6,88200,66,Not available,40–49
202300412,412,2023,Manager,Sweden,Finance & Operations,2014-08-30,,8,135100,149,6–10 years,30–39
202300413,413,2023,Non-manager,Sweden,Transformation & Change Management,2023-03-10,,5,82200,113,Less than 1 year,40–49
202300414,414,2023,Non-manager,France,Sales & Business Development,,2023-06-23,5,71200,123,Not available,30–39
202300415,415,2023,Non-manager,Denmark,Cybersecurity & Digital Risk,2023-07-24,2021-04-30,4,78300,125,Less than 1 year,Under 30
202300416,416,2023,Non-manager,Sweden,Transformation & Change Management,,,4,58000,120,Not available,Under 30
202300417,417,2023,Non-manager,Denmark,Transformation & Change Management,,2021-04-19,8,61400,109,Not available,Under 30
202300418,418,2023,Non-manager,Sweden,Transformation & Change Management,2023-12-31,2022-02-08,1,51700,66,Less than 1 year,Under 30
202300419,419,2023,Non-manager,France,Technology & IT Strategy,2022-08-27,2023-09-17,3,39500,141,1–2 years,Under 30
202300420,420,2023,Non-manager,Sweden,Technology & IT Strategy,,,6,79600,108,Not available,50–59
202300421,421,2023,Manager,Sweden,Human Resources,,2021-09-13,7,108700,126,Not available,40–49
202300422,422,2023,Manager,Denmark,Digital Strategy Consulting,,2023-11-01,7,73300,95,Not available,Under 30
202300423,423,2023,Non-manager,Sweden,Transformation & Change Management,2020-04-20,,3,54100,118,3–5 years,30–39
202300424,424,2023,Manager,Sweden,Digital Strategy Consulting,2021-04-09,,6,97200,95,1–2 years,30–39
202300425,425,2023,Manager,Germany,Sales & Business Development,,,2,133400,110,Not available,30–39
202300426,426,2023,Non-manager,Sweden,Transformation & Change Management,,2021-07-23,6,46600,95,Not available,40–49
202300427,427,2023,Manager,Sweden,Digital Marketing & Growth,2023-10-21,2022-08-10,5,80600,96,Less than 1 year,Under 30
202300428,428,2023,Non-manager,Spain,Digital Marketing & Growth,2023-09-03,2022-04-14,4,48700,115,Less than 1 year,30–39
202300429,429,2023,Non-manager,Sweden,Technology & IT Strategy,2023-07-23,2023-10-20,2,47400,100,Less than 1 year,30–39
202300430,430,2023,Non-manager,Sweden,Digital Strategy Consulting,2022-06-14,,3,47300,85,1–2 years,30–39
202300431,431,2023,Non-manager,Sweden,Data & Analytics Consulting,,2023-12-07,6,45700,117,Not available,Under 30
202300432,432,2023,Manager,Denmark,Data & Analytics Consulting,,2023-02-19,6,79800,116,Not available,Under 30
202300433,433,2023,Non-manager,Denmark,Digital Marketing & Growth,,2023-01-14,2,46100,146,Not available,Under 30
202300434,434,2023,Non-manager,Sweden,Cybersecurity & Digital Risk,,2023-04-29,8,62300,130,Not available,Under 30
202300435,435,2023,Non-manager,Denmark,Digital Strategy Consulting,,2023-01-18,7,91800,72,Not available,40–49
202300436,436,2023,Non-manager,Sweden,Technology & IT Strategy,2018-08-19,2022-05-01,6,80900,137,3–5 years,40–49
202300437,437,2023,Manager,Sweden,Transformation & Change Management,2019-06-30,2021-10-21,3,120900,59,3–5 years,50–59
202300438,438,2023,Non-manager,Germany,Customer Experience & Design,,2022-06-23,8,36400,106,Not available,30–39
202300439,439,2023,Non-manager,Sweden,Cybersecurity & Digital Risk,2022-02-18,2021-04-09,14,55900,157,1–2 years,30–39
202300440,440,2023,Non-manager,Sweden,Technology & IT Strategy,2019-01-14,2023-11-16,8,64500,105,3–5 years,40–49
202300441,441,2023,Non-manager,Germany,Digital Strategy Consulting,,2023-09-07,3,55100,130,Not available,Under 30
202300442,442,2023,Manager,Germany,Human Resources,2020-05-08,2021-09-30,5,81500,119,3–5 years,40–49
202300443,443,2023,Non-manager,France,Data & Analytics Consulting,,2021-08-21,2,55200,113,Not available,Under 30
202300444,444,2023,Non-manager,France,Data & Analytics Consulting,2023-04-13,2021-07-18,4,51800,104,Less than 1 year,40–49
202300445,445,2023,Non-manager,Denmark,Cybersecurity & Digital Risk,,2022-04-23,2,99100,133,Not available,30–39
202300446,446,2023,Non-manager,France,Human Resources,,2022-10-27,4,40500,137,Not available,30–39
202300447,447,2023,Manager,Sweden,Technology & IT Strategy,,,5,173700,130,Not available,40–49
202300448,448,2023,Non-manager,Germany,Finance & Operations,,2022-03-26,5,52100,139,Not available,30–39
202300449,449,2023,Manager,Denmark,Cybersecurity & Digital Risk,,2022-01-08,5,158900,120,Not available,40–49
202300450,450,2023,Non-manager,Germany,Digital Strategy Consulting,,,7,68300,107,Not available,40–49
202300451,451,2023,Manager,Sweden,Digital Strategy Consulting,,2022-09-21,4,89000,96,Not available,Under 30
202300452,452,2023,Non-manager,Sweden,Transformation & Change Management,,2022-05-04,2,105300,83,Not available,50–59
202300453,453,2023,Non-manager,France,Customer Experience & Design,,,9,72900,108,Not available,40–49
202300454,454,2023,Non-manager,Sweden,Digital Strategy Consulting,2023-07-07,2023-07-20,4,38600,61,Less than 1 year,30–39
202300455,455,2023,Non-manager,Sweden,Digital Strategy Consulting,,,7,78600,127,Not available,40–49
202300456,456,2023,Non-manager,Spain,Transformation & Change Management,,,5,32200,127,Not available,30–39
202300457,457,2023,Non-manager,Sweden,Technology & IT Strategy,,2021-05-09,3,85800,106,Not available,40–49
202300458,458,2023,Non-manager,France,Cybersecurity & Digital Risk,,2023-10-10,8,80600,113,Not available,40–49
202300459,459,2023,Non-manager,Denmark,Customer Experience & Design,,2021-08-23,3,57600,123,Not available,30–39
202300460,460,2023,Non-manager,Germany,Cybersecurity & Digital Risk,2022-08-18,2023-05-12,4,59000,120,1–2 years,Under 30
202300461,461,2023,Manager,Germany,Data & Analytics Consulting,2021-11-13,2023-04-01,2,90200,106,1–2 years,Under 30
202300462,462,2023,Non-manager,Sweden,Digital Marketing & Growth,,2023-11-18,6,41300,129,Not available,Under 30
202300463,463,2023,Manager,France,Digital Marketing & Growth,2021-10-12,2023-10-18,6,78500,118,1–2 years,30–39
202300464,464,2023,Non-manager,Sweden,Technology & IT Strategy,,,4,98600,101,Not available,50–59
202300465,465,2023,Non-manager,Denmark,Cybersecurity & Digital Risk,,2023-06-26,4,76500,138,Not available,Under 30
202300466,466,2023,Non-manager,France,Data & Analytics Consulting,2023-08-14,2023-10-29,5,30000,147,Less than 1 year,Under 30
202300467,467,2023,Manager,France,Digital Strategy Consulting,2021-12-06,2023-08-15,1,83900,96,1–2 years,40–49
202300468,468,2023,Manager,Spain,Sales & Business Development,2023-08-16,2023-08-25,6,55200,137,Less than 1 year,30–39
202300469,469,2023,Non-manager,Sweden,Digital Strategy Consulting,,2023-12-19,9,39000,110,Not available,Under 30
202300470,470,2023,Non-manager,Sweden,Finance & Operations,,2023-04-05,4,61500,113,Not available,30–39
202300471,471,2023,Non-manager,Spain,Digital Marketing & Growth,,2023-12-15,9,28000,126,Not available,Under 30
202300472,472,2023,Non-manager,Sweden,Digital Marketing & Growth,,2023-10-17,2,39900,108,Not available,30–39
202300473,473,2023,Non-manager,Denmark,Cybersecurity & Digital Risk,2022-12-10,2022-11-21,6,56300,66,1–2 years,Under 30
202300474,474,2023,Non-manager,Germany,Digital Strategy Consulting,,,5,47100,73,Not available,Under 30
202300475,475,2023,Non-manager,France,Customer Experience & Design,2023-05-17,2022-03-01,2,36000,137,Less than 1 year,30–39
202300476,476,2023,Non-manager,Denmark,Digital Strategy Consulting,2022-05-03,2021-11-01,12,56500,90,1–2 years,30–39
202300477,477,2023,Manager,Germany,Digital Strategy Consulting,,,4,118500,108,Not available,40–49
202300478,478,2023,Non-manager,Sweden,Human Resources,2023-09-03,,5,33500,123,Less than 1 year,Under 30
202300479,479,2023,Manager,France,Digital Strategy Consulting,,2023-11-27,7,54900,113,Not available,30–39
202300480,480,2023,Non-manager,Spain,Technology & IT Strategy,2022-09-25,2022-10-24,6,43400,97,1–2 years,30–39
202300481,481,2023,Manager,Sweden,Cybersecurity & Digital Risk,2023-02-22,2021-03-14,3,100400,90,Less than 1 year,30–39
202300482,482,2023,Manager,Sweden,Technology & IT Strategy,,2022-05-02,4,118600,115,Not available,30–39
202300483,483,2023,Non-manager,Germany,Technology & IT Strategy,2022-09-01,2023-09-14,8,48200,146,1–2 years,30–39
202300484,484,2023,Manager,Sweden,Sales & Business Development,,,3,72300,90,Not available,Under 30
202300485,485,2023,Manager,Sweden,Finance & Operations,2017-08-22,2023-07-08,8,132500,107,6–10 years,50–59
202300486,486,2023,Non-manager,Sweden,Data & Analytics Consulting,,,2,84500,135,Not available,40–49
202300487,487,2023,Manager,Sweden,Transformation & Change Management,2023-04-25,2021-02-04,3,87200,115,Less than 1 year,30–39
202300488,488,2023,Manager,Sweden,Sales & Business Development,2023-12-15,2023-06-29,6,75500,115,Less than 1 year,30–39
202300489,489,2023,Non-manager,France,Finance & Operations,,2023-12-31,5,34900,138,Not available,Under 30
202300490,490,2023,Non-manager,Sweden,Sales & Business Development,,2023-03-17,9,53500,101,Not available,30–39
202300491,491,2023,Non-manager,Sweden,Cybersecurity & Digital Risk,2023-07-09,2023-07-05,5,39700,94,Less than 1 year,Under 30
202300492,492,2023,Non-manager,Sweden,Sales & Business Development,,2023-06-04,6,44800,127,Not available,Under 30
202300493,493,2023,Non-manager,Denmark,Data & Analytics Consulting,,2023-07-05,6,52000,128,Not available,30–39
202300494,494,2023,Manager,Germany,Customer Experience & Design,2023-11-18,,3,64400,105,Less than 1 year,Under 30
202300495,495,2023,Non-manager,Sweden,Sales & Business Development,2023-06-15,,7,52700,115,Less than 1 year,30–39
202300496,496,2023,Non-manager,Spain,Data & Analytics Consulting,,,4,31000,101,Not available,Under 30
202300497,497,2023,Non-manager,Sweden,Transformation & Change Management,,2021-01-24,8,41600,117,Not available,30–39
202300498,498,2023,Non-manager,Sweden,Customer Experience & Design,2023-08-08,,7,46900,105,Less than 1 year,30–39
202300499,499,2023,Non-manager,France,Technology & IT Strategy,,2021-07-09,2,45100,131,Not available,30–39
202300500,500,2023,Non-manager,France,Data & Analytics Consulting,2021-09-02,2021-02-06,2,55100,110,1–2 years,40–49
202300501,501,2023,Non-manager,France,Data & Analytics Consulting,2016-12-31,2021-07-29,5,80400,117,6–10 years,40–49
202300502,502,2023,Non-manager,Sweden,Finance & Operations,2023-08-15,2022-12-13,7,44000,119,Less than 1 year,Under 30
202300503,503,2023,Manager,France,Data & Analytics Consulting,,,3,62900,121,Not available,30–39
202300504,504,2023,Non-manager,Sweden,Cybersecurity & Digital Risk,2020-10-08,2021-05-25,5,50000,114,3–5 years,30–39
202300505,505,2023,Manager,France,Transformation & Change Management,,,5,131400,109,Not available,40–49
202300506,506,2023,Non-manager,France,Human Resources,2022-05-11,2023-10-21,3,30700,132,1–2 years,Under 30
202300507,507,2023,Manager,Denmark,Digital Strategy Consulting,2021-04-13,,4,101000,97,1–2 years,40–49
202300508,508,2023,Manager,Spain,Customer Experience & Design,,2023-12-27,5,52200,99,Not available,30–39
202300509,509,2023,Non-manager,Sweden,Data & Analytics Consulting,,2021-11-28,4,94100,132,Not available,50–59
202300510,510,2023,Manager,Germany,Finance & Operations,,2023-05-07,4,77600,124,Not available,Under 30
202300511,511,2023,Non-manager,Denmark,Technology & IT Strategy,2016-07-17,,7,96000,83,6–10 years,30–39
202300512,512,2023,Non-manager,France,Human Resources,2023-01-30,2022-03-09,6,46700,137,Less than 1 year,30–39
202300513,513,2023,Non-manager,Germany,Technology & IT Strategy,2022-03-18,,2,58500,117,1–2 years,Under 30
202300514,514,2023,Non-manager,Germany,Finance & Operations,,2021-04-14,3,49900,102,Not available,Under 30
202300515,515,2023,Non-manager,Spain,Digital Strategy Consulting,,2021-05-12,6,51800,149,Not available,30–39
202300516,516,2023,Non-manager,Sweden,Cybersecurity & Digital Risk,2019-10-17,2021-12-14,9,58700,107,3–5 years,30–39
202300517,517,2023,Manager,Spain,Technology & IT Strategy,2022-10-27,2021-04-07,6,60500,107,1–2 years,30–39
202300518,518,2023,Manager,Sweden,Human Resources,2017-03-25,2022-01-14,6,126900,72,6–10 years,30–39
202300519,519,2023,Manager,Sweden,Digital Strategy Consulting,2022-04-26,2021-08-17,8,90500,92,1–2 years,30–39
202300520,520,2023,Non-manager,Germany,Customer Experience & Design,2022-05-04,2023-02-18,7,49300,91,1–2 years,Under 30
202300521,521,2023,Non-manager,Germany,Transformation & Change Management,,2023-12-16,4,38400,97,Not available,Under 30
202300522,522,2023,Non-manager,Sweden,Digital Marketing & Growth,2023-08-22,2021-02-24,7,54200,88,Less than 1 year,30–39
202300523,523,2023,Non-manager,Germany,Transformation & Change Management,2023-03-08,2022-04-02,4,44200,106,Less than 1 year,30–39
202300524,524,2023,Manager,Germany,Digital Strategy Consulting,,2023-03-28,6,73800,119,Not available,30–39
202300525,525,2023,Non-manager,Sweden,Cybersecurity & Digital Risk,,2022-12-07,9,56600,134,Not available,30–39
202300526,526,2023,Non-manager,Germany,Digital Marketing & Growth,,2022-12-25,5,65500,123,Not available,Under 30
202300527,527,2023,Manager,Denmark,Digital Marketing & Growth,,,2,114400,107,Not available,Under 30
202300528,528,2023,Non-manager,France,Cybersecurity & Digital Risk,,2023-04-21,2,58700,115,Not available,30–39
202300529,529,2023,Manager,Sweden,Technology & IT Strategy,2023-08-18,,2,68700,107,Less than 1 year,Under 30
202300530,530,2023,Non-manager,Sweden,Digital Strategy Consulting,,2022-11-17,6,98800,103,Not available,40–49
202300531,531,2023,Non-manager,Sweden,Digital Marketing & Growth,2023-04-08,2023-10-26,3,58000,155,Less than 1 year,30–39
202300532,532,2023,Manager,Sweden,Digital Marketing & Growth,,2023-05-14,5,59000,103,Not available,Under 30
202300533,533,2023,Non-manager,France,Digital Marketing & Growth,2023-08-26,2023-02-09,6,33900,124,Less than 1 year,30–39
202300534,534,2023,Non-manager,Denmark,Cybersecurity & Digital Risk,2021-03-23,2023-05-27,5,72200,99,1–2 years,30–39
202300535,535,2023,Non-manager,France,Technology & IT Strategy,,2023-11-15,6,32400,131,Not available,Under 30
202300536,536,2023,Non-manager,Sweden,Finance & Operations,2021-01-24,2022-02-10,4,52700,128,1–2 years,Under 30
202300537,537,2023,Manager,Germany,Finance & Operations,,,8,99300,96,Not available,40–49
202300538,538,2023,Non-manager,Sweden,Technology & IT Strategy,2022-10-06,,5,86900,122,1–2 years,40–49
202300539,539,2023,Non-manager,Sweden,Cybersecurity & Digital Risk,,2023-12-30,3,38400,123,Not available,30–39
202300540,540,2023,Non-manager,Germany,Sales & Business Development,,2023-08-03,4,62000,123,Not available,30–39
202300541,541,2023,Manager,Germany,Data & Analytics Consulting,2022-04-26,2021-09-22,1,112900,115,1–2 years,40–49
202300542,542,2023,Non-manager,France,Technology & IT Strategy,2023-09-07,2023-10-15,1,46900,139,Less than 1 year,Under 30
202300543,543,2023,Non-manager,Spain,Technology & IT Strategy,,,1,68700,105,Not available,40–49
202300544,544,2023,Manager,Sweden,Sales & Business Development,2022-03-15,2021-08-16,2,136000,88,1–2 years,40–49
202300545,545,2023,Manager,France,Sales & Business Development,2019-06-12,2022-08-12,4,96700,87,3–5 years,30–39
202300546,546,2023,Manager,Sweden,Digital Strategy Consulting,2023-01-08,2022-02-19,10,75100,128,Less than 1 year,30–39
202300547,547,2023,Non-manager,Germany,Digital Strategy Consulting,,2021-11-05,4,55700,86,Not available,30–39
202300548,548,2023,Manager,Denmark,Digital Marketing & Growth,2021-04-13,2022-01-22,2,100400,77,1–2 years,Under 30
202300549,549,2023,Non-manager,Sweden,Sales & Business Development,2020-11-17,2023-02-12,7,46300,134,3–5 years,Under 30
202300550,550,2023,Non-manager,Sweden,Technology & IT Strategy,2022-01-01,2023-01-24,9,62200,138,1–2 years,Under 30
202300551,551,2023,Non-manager,Sweden,Data & Analytics Consulting,2020-07-16,2023-04-30,4,53600,117,3–5 years,Under 30
202300552,552,2023,Non-manager,Spain,Transformation & Change Management,,2023-09-01,6,28000,98,Not available,Under 30
202300553,553,2023,Non-manager,Sweden,Sales & Business Development,2022-04-29,2022-12-26,12,57500,84,1–2 years,Under 30
202300554,554,2023,Non-manager,Sweden,Digital Strategy Consulting,2019-11-13,2021-09-23,5,74800,93,3–5 years,30–39
202300555,555,2023,Manager,France,Finance & Operations,2023-08-16,2022-06-03,6,74700,147,Less than 1 year,30–39
202300556,556,2023,Manager,Denmark,Customer Experience & Design,2023-01-24,,5,84000,82,Less than 1 year,30–39
202300557,557,2023,Non-manager,Spain,Transformation & Change Management,,2021-11-21,2,30100,138,Not available,Under 30
202300558,558,2023,Manager,Sweden,Data & Analytics Consulting,,2023-07-21,4,89900,108,Not available,30–39
202300559,559,2023,Non-manager,Sweden,Finance & Operations,,2021-04-14,2,81000,133,Not available,50–59
202300560,560,2023,Non-manager,Denmark,Finance & Operations,,,7,40100,111,Not available,30–39
202300561,561,2023,Non-manager,France,Finance & Operations,2020-04-24,2021-12-04,4,51900,97,3–5 years,30–39
202300562,562,2023,Non-manager,Sweden,Sales & Business Development,2022-05-08,,2,41100,133,1–2 years,30–39
202300563,563,2023,Non-manager,France,Transformation & Change Management,2022-06-06,2023-01-31,2,34200,122,1–2 years,Under 30
202300564,564,2023,Non-manager,Germany,Customer Experience & Design,,,7,42600,90,Not available,30–39
202300565,565,2023,Non-manager,Spain,Digital Strategy Consulting,2023-05-12,2021-06-11,5,32900,91,Less than 1 year,30–39
202300566,566,2023,Non-manager,Sweden,Customer Experience & Design,2019-10-24,2023-12-11,4,38800,125,3–5 years,30–39
202300567,567,2023,Manager,Denmark,Technology & IT Strategy,2022-04-19,2022-10-19,5,81800,114,1–2 years,30–39
202300568,568,2023,Non-manager,France,Digital Marketing & Growth,,,4,61900,96,Not available,30–39
202300569,569,2023,Non-manager,Sweden,Transformation & Change Management,2019-12-15,,5,51400,96,3–5 years,30–39
202300570,570,2023,Non-manager,Spain,Data & Analytics Consulting,2023-02-08,2022-03-12,3,58100,133,Less than 1 year,50–59
202300571,571,2023,Manager,Sweden,Data & Analytics Consulting,2021-01-23,2023-02-16,5,80300,92,1–2 years,30–39
202300572,572,2023,Non-manager,France,Cybersecurity & Digital Risk,2022-12-30,2022-12-17,4,39800,128,1–2 years,Under 30
202300573,573,2023,Non-manager,Denmark,Customer Experience & Design,2023-08-24,2023-11-16,7,53600,94,Less than 1 year,30–39
202300574,574,2023,Non-manager,France,Technology & IT Strategy,2020-04-15,,0,47400,110,3–5 years,30–39
202300575,575,2023,Non-manager,Sweden,Digital Strategy Consulting,2021-05-10,,8,59200,116,1–2 years,30–39
202300576,576,2023,Non-manager,Sweden,Digital Strategy Consulting,,,6,34200,78,Not available,Under 30
202300577,577,2023,Non-manager,Denmark,Cybersecurity & Digital Risk,2023-03-31,,4,48600,100,Less than 1 year,Under 30
202300578,578,2023,Non-manager,Germany,Finance & Operations,2023-04-03,2023-08-20,5,41900,109,Less than 1 year,Under 30
202300579,579,2023,Non-manager,Denmark,Finance & Operations,2022-05-06,,6,55600,116,1–2 years,Under 30
202300580,580,2023,Manager,Denmark,Finance & Operations,,2023-10-29,4,99300,92,Not available,30–39
202300581,581,2023,Manager,Sweden,Human Resources,2015-09-16,,4,107900,103,6–10 years,40–49
202300582,582,2023,Non-manager,France,Digital Strategy Consulting,2020-06-05,2022-10-28,3,66400,115,3–5 years,30–39
202300583,583,2023,Non-manager,Sweden,Digital Strategy Consulting,2020-08-30,2022-10-27,4,55000,96,3–5 years,30–39
202300584,584,2023,Non-manager,Sweden,Data & Analytics Consulting,2023-03-13,,3,65400,129,Less than 1 year,30–39
202300585,585,2023,Non-manager,Sweden,Transformation & Change Management,,,5,98000,102,Not available,50–59
202300586,586,2023,Non-manager,Denmark,Customer Experience & Design,2023-10-20,2023-06-11,10,50100,122,Less than 1 year,Under 30
202300587,587,2023,Non-manager,Spain,Transformation & Change Management,2023-07-16,2022-02-14,7,38600,142,Less than 1 year,30–39
202300588,588,2023,Non-manager,Spain,Technology & IT Strategy,2017-11-07,,6,55800,131,6–10 years,30–39
202300589,589,2023,Manager,Sweden,Finance & Operations,2021-10-10,2021-09-06,7,85700,100,1–2 years,Under 30
202300590,590,2023,Manager,Sweden,Finance & Operations,2020-06-11,2022-04-06,2,153000,114,3–5 years,40–49
202300591,591,2023,Non-manager,Spain,Data & Analytics Consulting,2022-06-26,2023-08-09,8,43400,112,1–2 years,30–39
202300592,592,2023,Non-manager,Germany,Technology & IT Strategy,,2023-06-16,9,35200,126,Not available,Under 30
202300593,593,2023,Non-manager,Denmark,Finance & Operations,2019-02-01,2022-08-17,8,74500,136,3–5 years,30–39
202300594,594,2023,Non-manager,France,Customer Experience & Design,2023-10-06,2022-08-06,8,39100,140,Less than 1 year,30–39
202300595,595,2023,Non-manager,Denmark,Digital Marketing & Growth,2022-08-18,2022-01-19,7,61500,125,1–2 years,40–49
202300596,596,2023,Manager,Germany,Data & Analytics Consulting,,2022-02-27,1,112300,107,Not available,30–39
202300597,597,2023,Manager,France,Transformation & Change Management,2022-01-24,,2,127200,117,1–2 years,40–49
202300598,598,2023,Manager,Sweden,Finance & Operations,,2023-05-26,3,76500,110,Not available,30–39
202300599,599,2023,Non-manager,Sweden,Digital Strategy Consulting,,2021-08-22,8,56300,135,Not available,30–39
202300600,600,2023,Manager,Sweden,Technology & IT Strategy,2023-02-06,2022-12-04,3,72600,76,Less than 1 year,30–39
202300601,601,2023,Non-manager,Sweden,Cybersecurity & Digital Risk,,2022-01-27,7,45300,107,Not available,Under 30
202300602,602,2023,Non-manager,Sweden,Technology & IT Strategy,,,4,60000,113,Not available,40–49
202300603,603,2023,Non-manager,Denmark,Digital Strategy Consulting,,2022-07-31,4,51400,132,Not available,30–39
202300604,604,2023,Manager,Spain,Customer Experience & Design,,,8,50000,107,Not available,Under 30
202300605,605,2023,Non-manager,Sweden,Data & Analytics Consulting,2023-01-10,2023-10-16,4,53500,124,Less than 1 year,30–39
202300606,606,2023,Non-manager,Sweden,Digital Strategy Consulting,2023-11-11,,8,50700,82,Less than 1 year,30–39
202300607,607,2023,Non-manager,Sweden,Finance & Operations,,,4,57500,124,Not available,30–39
202300608,608,2023,Non-manager,Sweden,Customer Experience & Design,,2023-02-24,5,63900,114,Not available,40–49
202300609,609,2023,Manager,Germany,Digital Strategy Consulting,,2023-08-10,1,66300,119,Not available,30–39
202300610,610,2023,Non-manager,Sweden,Digital Strategy Consulting,,,3,89300,79,Not available,50–59
202300611,611,2023,Non-manager,Sweden,Cybersecurity & Digital Risk,2023-07-23,2021-10-21,5,53900,104,Less than 1 year,Under 30
202300612,612,2023,Non-manager,Sweden,Digital Marketing & Growth,2022-02-10,,5,58900,98,1–2 years,30–39
202300613,613,2023,Non-manager,Germany,Data & Analytics Consulting,2021-03-16,2022-12-18,1,53000,81,1–2 years,30–39
202300614,614,2023,Non-manager,Germany,Digital Strategy Consulting,,2022-09-27,5,45100,104,Not available,Under 30
202300615,615,2023,Manager,Sweden,Digital Strategy Consulting,,,8,81400,122,Not available,Under 30
202300616,616,2023,Non-manager,France,Transformation & Change Management,,2023-05-14,4,58400,114,Not available,30–39
202300617,617,2023,Non-manager,Denmark,Digital Strategy Consulting,2021-01-27,2023-08-05,4,100200,141,1–2 years,50–59
202300618,618,2023,Non-manager,Sweden,Customer Experience & Design,2023-06-13,2023-07-20,6,57300,98,Less than 1 year,40–49
202300619,619,2023,Non-manager,France,Digital Marketing & Growth,,2023-12-09,2,32200,96,Not available,30–39
202300620,620,2023,Non-manager,Sweden,Data & Analytics Consulting,,2021-05-09,6,71000,96,Not available,Under 30
202300621,621,2023,Non-manager,Germany,Data & Analytics Consulting,2021-01-12,2021-08-14,3,52000,110,1–2 years,Under 30
202300622,622,2023,Manager,Spain,Data & Analytics Consulting,2021-03-18,,1,80800,121,1–2 years,30–39
202300623,623,2023,Non-manager,Spain,Technology & IT Strategy,2023-01-11,2022-05-06,10,35500,113,Less than 1 year,30–39
202300624,624,2023,Non-manager,Spain,Digital Strategy Consulting,,2021-03-09,3,33400,127,Not available,30–39
202300625,625,2023,Non-manager,Sweden,Digital Strategy Consulting,,2023-10-28,5,40300,135,Not available,Under 30
202300626,626,2023,Non-manager,France,Data & Analytics Consulting,,2022-04-21,5,55800,131,Not available,30–39
202300627,627,2023,Non-manager,Sweden,Finance & Operations,,2023-12-25,3,63200,91,Not available,30–39
202300628,628,2023,Non-manager,Sweden,Digital Strategy Consulting,2023-12-16,2023-03-20,4,38500,122,Less than 1 year,Under 30
202300629,629,2023,Non-manager,Spain,Transformation & Change Management,2020-05-08,2023-12-09,8,46000,134,3–5 years,30–39
202300630,630,2023,Non-manager,Sweden,Finance & Operations,2021-11-22,2022-10-06,2,37700,106,1–2 years,30–39
202300631,631,2023,Non-manager,Germany,Technology & IT Strategy,,2023-08-15,5,62100,87,Not available,30–39
202300632,632,2023,Non-manager,Sweden,Customer Experience & Design,,,4,51000,62,Not available,30–39
202300633,633,2023,Non-manager,Germany,Data & Analytics Consulting,,2022-05-24,2,78900,120,Not available,40–49
202300634,634,2023,Manager,France,Data & Analytics Consulting,2022-05-26,2021-09-07,6,84000,89,1–2 years,Under 30
202300635,635,2023,Non-manager,Sweden,Finance & Operations,2023-04-30,2022-08-01,5,37900,142,Less than 1 year,30–39
202300636,636,2023,Manager,Sweden,Digital Marketing & Growth,,2022-03-14,5,171600,71,Not available,50–59
202300637,637,2023,Manager,Sweden,Digital Marketing & Growth,,2022-11-30,4,194200,84,Not available,50–59
202300638,638,2023,Non-manager,Sweden,Human Resources,2021-11-21,,7,52400,116,1–2 years,Under 30
202300639,639,2023,Non-manager,Germany,Data & Analytics Consulting,,2022-10-15,4,45500,107,Not available,Under 30
202300640,640,2023,Non-manager,France,Cybersecurity & Digital Risk,,2021-11-27,4,51500,112,Not available,30–39
202300641,641,2023,Manager,Sweden,Finance & Operations,2017-08-06,,6,107500,133,6–10 years,Under 30
202300642,642,2023,Manager,Sweden,Digital Strategy Consulting,2021-10-14,2022-04-03,4,85500,98,1–2 years,Under 30
202300643,643,2023,Non-manager,Sweden,Customer Experience & Design,,2023-09-25,4,34600,107,Not available,30–39
202300644,644,2023,Non-manager,Sweden,Transformation & Change Management,,2023-09-30,5,59100,128,Not available,30–39
202300645,645,2023,Non-manager,Sweden,Digital Marketing & Growth,2023-12-10,2022-06-10,7,92100,139,Less than 1 year,40–49
202300646,646,2023,Non-manager,Denmark,Data & Analytics Consulting,2019-07-03,2023-07-31,10,75200,87,3–5 years,30–39
202300647,647,2023,Non-manager,Sweden,Digital Marketing & Growth,,2023-08-06,4,38400,131,Not available,Under 30
202300648,648,2023,Non-manager,Denmark,Finance & Operations,,,5,64400,62,Not available,30–39
202300649,649,2023,Non-manager,France,Data & Analytics Consulting,2022-12-07,2021-09-21,8,49500,136,1–2 years,30–39
202300650,650,2023,Non-manager,Denmark,Sales & Business Development,,2023-02-17,3,55500,121,Not available,30–39
202300651,651,2023,Non-manager,Sweden,Digital Strategy Consulting,2023-01-26,2023-02-18,4,61900,113,Less than 1 year,40–49
202300652,652,2023,Manager,Spain,Data & Analytics Consulting,2023-03-26,2023-09-18,5,60100,116,Less than 1 year,30–39
202300653,653,2023,Manager,Denmark,Customer Experience & Design,2023-02-24,2023-02-12,8,80800,125,Less than 1 year,30–39
202300654,654,2023,Non-manager,Denmark,Sales & Business Development,,,4,49400,115,Not available,Under 30
202300655,655,2023,Non-manager,Germany,Digital Strategy Consulting,,2023-01-08,2,39200,111,Not available,Under 30
202300656,656,2023,Manager,Germany,Finance & Operations,,2021-04-13,5,120300,114,Not available,50–59
202300657,657,2023,Manager,Sweden,Digital Strategy Consulting,,2023-12-29,5,72800,129,Not available,Under 30
202300658,658,2023,Manager,Denmark,Digital Strategy Consulting,2017-07-02,,6,129800,80,6–10 years,40–49
202300659,659,2023,Non-manager,Sweden,Cybersecurity & Digital Risk,2023-06-02,2023-12-23,6,60600,86,Less than 1 year,Under 30
202300660,660,2023,Non-manager,France,Technology & IT Strategy,2022-10-02,2023-04-19,11,48100,157,1–2 years,30–39
202300661,661,2023,Non-manager,France,Digital Marketing & Growth,,2022-05-07,2,31600,105,Not available,30–39
202300662,662,2023,Non-manager,France,Digital Strategy Consulting,2023-12-13,2023-11-12,4,43900,138,Less than 1 year,30–39
202300663,663,2023,Non-manager,Germany,Digital Marketing & Growth,,2023-04-08,5,52800,106,Not available,40–49
202300664,664,2023,Non-manager,Sweden,Transformation & Change Management,2021-12-12,2022-07-18,7,59200,98,1–2 years,30–39
202300665,665,2023,Manager,Denmark,Transformation & Change Management,2022-08-18,2021-04-05,2,118400,98,1–2 years,Under 30
202300666,666,2023,Non-manager,Denmark,Sales & Business Development,2020-12-18,2022-06-18,5,92900,132,3–5 years,30–39
202300667,667,2023,Manager,Spain,Digital Strategy Consulting,,2022-03-22,1,112400,117,Not available,50–59
202300668,668,2023,Non-manager,Sweden,Digital Strategy Consulting,2023-07-12,2023-11-05,3,45500,114,Less than 1 year,Under 30
202300669,669,2023,Manager,Spain,Cybersecurity & Digital Risk,,2023-07-24,3,55800,143,Not available,Under 30
202300670,670,2023,Non-manager,France,Digital Strategy Consulting,2020-12-19,,2,51000,132,3–5 years,30–39
202300671,671,2023,Non-manager,Sweden,Technology & IT Strategy,2023-10-26,2023-07-04,5,40000,123,Less than 1 year,Under 30
202300672,672,2023,Non-manager,Sweden,Transformation & Change Management,2022-04-21,2021-11-02,1,55600,89,1–2 years,30–39
202300673,673,2023,Manager,France,Digital Strategy Consulting,2022-09-27,2021-12-01,9,72700,89,1–2 years,30–39
202300674,674,2023,Non-manager,France,Transformation & Change Management,2022-01-09,2021-03-06,4,51300,122,1–2 years,30–39
202300675,675,2023,Manager,Germany,Data & Analytics Consulting,2023-11-28,2021-08-25,1,92300,114,Less than 1 year,30–39
202300676,676,2023,Non-manager,Sweden,Data & Analytics Consulting,,2021-04-28,6,54800,108,Not available,Under 30
202300677,677,2023,Non-manager,France,Digital Strategy Consulting,,2022-03-11,4,54700,116,Not available,30–39
202300678,678,2023,Non-manager,France,Transformation & Change Management,,2022-08-09,3,67700,147,Not available,30–39
202300679,679,2023,Non-manager,Sweden,Digital Strategy Consulting,2023-02-16,2023-11-14,3,53400,100,Less than 1 year,30–39
202300680,680,2023,Non-manager,France,Digital Strategy Consulting,2023-11-22,2021-08-11,2,50500,110,Less than 1 year,Under 30
202300681,681,2023,Non-manager,Sweden,Finance & Operations,,2022-08-04,12,33300,150,Not available,Under 30
202300682,682,2023,Non-manager,Spain,Customer Experience & Design,,,3,56200,139,Not available,40–49
202300683,683,2023,Non-manager,Sweden,Digital Strategy Consulting,2021-05-10,,5,59300,118,1–2 years,40–49
202300684,684,2023,Non-manager,Denmark,Digital Strategy Consulting,2023-12-05,2023-01-15,2,48000,96,Less than 1 year,30–39
202300685,685,2023,Non-manager,Spain,Data & Analytics Consulting,,2023-12-30,6,28000,115,Not available,Under 30
202300686,686,2023,Non-manager,Spain,Digital Strategy Consulting,2023-02-08,,4,40400,120,Less than 1 year,Under 30
202300687,687,2023,Non-manager,Sweden,Customer Experience & Design,,,4,49000,89,Not available,Under 30
202300688,688,2023,Non-manager,France,Customer Experience & Design,,2023-09-22,5,39000,87,Not available,Under 30
202300689,689,2023,Non-manager,France,Data & Analytics Consulting,,2021-09-11,4,65900,102,Not available,30–39
202300690,690,2023,Non-manager,Spain,Transformation & Change Management,,2022-06-15,5,38100,107,Not available,30–39
202300691,691,2023,Non-manager,Spain,Sales & Business Development,,,9,54800,92,Not available,30–39
202300692,692,2023,Non-manager,Germany,Sales & Business Development,2023-06-05,2023-06-21,7,55400,112,Less than 1 year,30–39
202300693,693,2023,Non-manager,Germany,Technology & IT Strategy,2019-11-25,,1,57500,80,3–5 years,30–39
202300694,694,2023,Manager,France,Transformation & Change Management,2022-10-17,2022-01-24,8,68900,113,1–2 years,30–39
202300695,695,2023,Non-manager,Denmark,Digital Marketing & Growth,,2022-10-03,3,54500,97,Not available,Under 30
202300696,696,2023,Non-manager,Sweden,Customer Experience & Design,2023-10-06,2022-08-02,7,47600,121,Less than 1 year,Under 30
202300697,697,2023,Non-manager,France,Digital Marketing & Growth,,2023-04-09,5,79000,117,Not available,50–59
202300698,698,2023,Non-manager,Sweden,Customer Experience & Design,2023-06-02,2022-03-28,4,56100,80,Less than 1 year,30–39
202300699,699,2023,Non-manager,Sweden,Transformation & Change Management,2023-05-16,,9,54100,106,Less than 1 year,30–39
202300700,700,2023,Manager,Sweden,Finance & Operations,,2023-11-30,4,57200,102,Not available,Under 30
202300701,701,2023,Non-manager,Sweden,Technology & IT Strategy,,2023-09-16,7,79300,113,Not available,40–49
202300702,702,2023,Manager,Sweden,Cybersecurity & Digital Risk,2015-12-15,2023-08-17,4,130400,110,6–10 years,40–49
202300703,703,2023,Manager,Sweden,Human Resources,,2021-06-23,3,116600,94,Not available,40–49
202300704,704,2023,Non-manager,Sweden,Customer Experience & Design,2023-12-26,2023-11-27,4,41500,111,Less than 1 year,Under 30
202300705,705,2023,Manager,Sweden,Transformation & Change Management,2018-08-23,,5,105000,102,3–5 years,40–49
202300706,706,2023,Non-manager,France,Digital Strategy Consulting,2022-10-01,2022-02-17,4,44200,108,1–2 years,30–39
202300707,707,2023,Manager,Germany,Digital Strategy Consulting,2014-09-24,,6,119100,105,6–10 years,30–39
202300708,708,2023,Non-manager,Denmark,Technology & IT Strategy,2023-10-21,2023-08-23,7,85600,105,Less than 1 year,40–49
202300709,709,2023,Manager,France,Finance & Operations,,2021-11-30,1,122700,93,Not available,40–49
202300710,710,2023,Non-manager,Sweden,Finance & Operations,2023-06-29,2023-06-13,6,39700,95,Less than 1 year,30–39
202300711,711,2023,Manager,Sweden,Transformation & Change Management,2019-08-02,2021-04-03,6,113900,91,3–5 years,30–39
202300712,712,2023,Non-manager,Sweden,Finance & Operations,2022-02-19,,3,55300,116,1–2 years,30–39
202300713,713,2023,Non-manager,Sweden,Transformation & Change Management,2022-07-10,2023-09-07,5,54000,129,1–2 years,Under 30
202300714,714,2023,Non-manager,Germany,Data & Analytics Consulting,2020-12-22,2021-01-16,7,51700,114,3–5 years,30–39
202300715,715,2023,Non-manager,Denmark,Digital Marketing & Growth,2022-10-04,2023-12-22,1,40000,106,1–2 years,Under 30
202300716,716,2023,Non-manager,Denmark,Technology & IT Strategy,2022-07-04,2023-10-19,3,43600,142,1–2 years,Under 30
202300717,717,2023,Non-manager,Sweden,Technology & IT Strategy,,2021-03-08,4,61400,126,Not available,Under 30
202300718,718,2023,Manager,Sweden,Technology & IT Strategy,,2023-12-06,5,81200,111,Not available,30–39
202300719,719,2023,Non-manager,France,Technology & IT Strategy,,2023-12-28,2,36400,98,Not available,Under 30
202300720,720,2023,Non-manager,Germany,Sales & Business Development,2022-07-31,2023-05-28,3,64900,121,1–2 years,40–49
202300721,721,2023,Manager,Sweden,Data & Analytics Consulting,2023-11-22,,7,61900,108,Less than 1 year,30–39
202300722,722,2023,Manager,Sweden,Cybersecurity & Digital Risk,2020-03-26,2023-01-15,2,182000,144,3–5 years,40–49
202300723,723,2023,Non-manager,Denmark,Transformation & Change Management,,2023-04-19,5,63100,97,Not available,40–49
202300724,724,2023,Manager,Germany,Data & Analytics Consulting,,2022-02-02,9,131500,107,Not available,50–59
202300725,725,2023,Manager,Germany,Cybersecurity & Digital Risk,,2023-11-13,6,67900,115,Not available,Under 30
202300726,726,2023,Non-manager,Spain,Digital Marketing & Growth,,,4,43000,105,Not available,Under 30
202300727,727,2023,Non-manager,Spain,Digital Strategy Consulting,,,2,64000,119,Not available,30–39
202300728,728,2023,Non-manager,Germany,Transformation & Change Management,,2023-07-12,3,30000,94,Not available,Under 30
202300729,729,2023,Non-manager,Sweden,Customer Experience & Design,2020-08-13,2023-07-26,3,54000,109,3–5 years,30–39
202300730,730,2023,Non-manager,Sweden,Data & Analytics Consulting,,2023-01-24,5,33300,144,Not available,Under 30
202300731,731,2023,Manager,Sweden,Digital Marketing & Growth,2021-07-16,2023-05-03,9,87500,108,1–2 years,Under 30
202300732,732,2023,Non-manager,Sweden,Customer Experience & Design,2020-05-31,2021-08-26,5,57900,147,3–5 years,40–49
202300733,733,2023,Non-manager,Denmark,Technology & IT Strategy,2021-05-30,2023-02-14,10,68600,91,1–2 years,30–39
202300734,734,2023,Manager,Sweden,Sales & Business Development,,2023-09-01,4,126400,88,Not available,30–39
202300735,735,2023,Non-manager,Germany,Transformation & Change Management,,,5,54500,94,Not available,Under 30
202300736,736,2023,Manager,Denmark,Cybersecurity & Digital Risk,2022-09-10,,4,154300,90,1–2 years,40–49
202300737,737,2023,Manager,Sweden,Transformation & Change Management,2022-07-18,2022-11-20,5,82300,112,1–2 years,Under 30
202300738,738,2023,Manager,Sweden,Digital Marketing & Growth,,2023-02-16,4,108700,120,Not available,40–49
202300739,739,2023,Non-manager,Denmark,Data & Analytics Consulting,2023-11-14,2023-04-27,2,53800,118,Less than 1 year,Under 30
202300740,740,2023,Non-manager,Denmark,Human Resources,2023-10-20,2023-07-22,1,49000,126,Less than 1 year,Under 30
202300741,741,2023,Non-manager,Germany,Transformation & Change Management,2021-02-24,,4,95300,107,1–2 years,50–59
202300742,742,2023,Non-manager,Germany,Transformation & Change Management,2021-10-11,2023-02-02,6,51700,110,1–2 years,30–39
202300743,743,2023,Non-manager,France,Data & Analytics Consulting,,2021-09-08,3,42500,123,Not available,Under 30
202300744,744,2023,Non-manager,Spain,Finance & Operations,2022-09-27,2023-10-30,4,31400,126,1–2 years,Under 30
202300745,745,2023,Manager,Sweden,Technology & IT Strategy,,,6,66300,119,Not available,Under 30
202300746,746,2023,Manager,Spain,Digital Marketing & Growth,2019-01-20,2023-06-29,4,62400,83,3–5 years,30–39
202300747,747,2023,Manager,Sweden,Data & Analytics Consulting,,2022-07-25,4,125700,97,Not available,40–49
202300748,748,2023,Non-manager,Spain,Data & Analytics Consulting,2023-09-14,,7,31500,123,Less than 1 year,Under 30
202300749,749,2023,Non-manager,Spain,Technology & IT Strategy,2022-02-09,,9,33600,112,1–2 years,Under 30
202300750,750,2023,Non-manager,Denmark,Cybersecurity & Digital Risk,,,12,100900,121,Not available,30–39
202300751,751,2023,Non-manager,Sweden,Human Resources,,2023-10-16,5,37600,101,Not available,30–39
202300752,752,2023,Non-manager,Sweden,Customer Experience & Design,,2023-03-07,8,39200,93,Not available,30–39
202300753,753,2023,Non-manager,Spain,Finance & Operations,,2022-12-23,4,46800,93,Not available,30–39
202300754,754,2023,Manager,Denmark,Data & Analytics Consulting,,2022-08-05,7,111600,94,Not available,Under 30
202300755,755,2023,Non-manager,Sweden,Transformation & Change Management,,,1,79200,85,Not available,40–49
202300756,756,2023,Non-manager,Denmark,Digital Marketing & Growth,,2022-05-12,7,57100,119,Not available,30–39
202300757,757,2023,Manager,Sweden,Transformation & Change Management,2022-03-21,2022-04-12,6,78500,88,1–2 years,Under 30
202300758,758,2023,Non-manager,Sweden,Digital Strategy Consulting,2023-12-20,2021-07-23,2,50400,122,Less than 1 year,30–39
202300759,759,2023,Manager,Sweden,Digital Strategy Consulting,,2021-09-24,8,135700,120,Not available,50–59
202300760,760,2023,Non-manager,Spain,Sales & Business Development,,2021-05-01,6,43200,85,Not available,30–39
202300761,761,2023,Non-manager,France,Transformation & Change Management,,2023-07-06,6,34100,117,Not available,Under 30
202300762,762,2023,Non-manager,Sweden,Cybersecurity & Digital Risk,2021-10-22,2023-05-26,6,62600,94,1–2 years,30–39
202300763,763,2023,Manager,Sweden,Digital Strategy Consulting,,2023-09-01,3,68200,90,Not available,30–39
202300764,764,2023,Manager,Spain,Human Resources,2015-02-08,2023-11-03,6,90300,119,6–10 years,40–49
202300765,765,2023,Non-manager,France,Sales & Business Development,2022-09-17,,6,45500,103,1–2 years,30–39
202300766,766,2023,Non-manager,France,Data & Analytics Consulting,2022-11-03,2022-08-19,1,42600,127,1–2 years,Under 30
202300767,767,2023,Non-manager,Sweden,Transformation & Change Management,2019-07-19,2023-12-20,6,56000,140,3–5 years,30–39
202300768,768,2023,Non-manager,Germany,Digital Strategy Consulting,2022-12-22,2022-09-30,3,37300,101,1–2 years,Under 30
202300769,769,2023,Non-manager,Denmark,Transformation & Change Management,2023-08-13,,9,34400,133,Less than 1 year,Under 30
202300770,770,2023,Non-manager,Sweden,Customer Experience & Design,2022-10-29,2023-06-19,3,56600,91,1–2 years,40–49
202300771,771,2023,Non-manager,Spain,Transformation & Change Management,2021-03-28,,13,43100,100,1–2 years,30–39
202300772,772,2023,Non-manager,Spain,Digital Strategy Consulting,,2023-06-01,6,71900,137,Not available,50–59
202300773,773,2023,Non-manager,Denmark,Data & Analytics Consulting,2023-09-03,2022-10-11,7,46300,111,Less than 1 year,Under 30
202300774,774,2023,Non-manager,Denmark,Digital Marketing & Growth,2023-01-16,2023-07-18,4,66600,120,Less than 1 year,Under 30
202300775,775,2023,Non-manager,Sweden,Digital Marketing & Growth,,,8,57100,115,Not available,30–39
202300776,776,2023,Non-manager,Sweden,Data & Analytics Consulting,,2023-12-19,8,41900,91,Not available,Under 30
202300777,777,2023,Non-manager,Denmark,Data & Analytics Consulting,,,4,76400,85,Not available,30–39
202300778,778,2023,Non-manager,Sweden,Digital Strategy Consulting,,,3,85600,113,Not available,40–49
202300779,779,2023,Non-manager,Spain,Technology & IT Strategy,2022-12-03,,3,39400,99,1–2 years,30–39
202300780,780,2023,Non-manager,Spain,Sales & Business Development,2021-09-23,2023-08-10,3,38300,103,1–2 years,30–39
202300781,781,2023,Non-manager,Germany,Customer Experience & Design,,,1,66100,141,Not available,30–39
202300782,782,2023,Manager,Sweden,Technology & IT Strategy,2022-03-01,2021-07-08,5,97800,131,1–2 years,40–49
202300783,783,2023,Non-manager,Denmark,Technology & IT Strategy,2022-07-04,2022-11-19,3,55200,89,1–2 years,30–39
202300784,784,2023,Manager,Sweden,Digital Strategy Consulting,,,5,53200,85,Not available,30–39
202300785,785,2023,Manager,Germany,Transformation & Change Management,,2021-11-24,5,76700,123,Not available,30–39
202300786,786,2023,Manager,Denmark,Technology & IT Strategy,,2022-07-22,2,149700,121,Not available,40–49
202300787,787,2023,Non-manager,Germany,Sales & Business Development,2022-12-31,2023-04-25,3,55800,131,Less than 1 year,30–39
202300788,788,2023,Non-manager,Germany,Data & Analytics Consulting,,2022-12-07,2,70400,79,Not available,40–49
202300789,789,2023,Non-manager,Sweden,Cybersecurity & Digital Risk,2018-11-05,,13,81300,97,3–5 years,50–59
202300790,790,2023,Non-manager,Germany,Digital Strategy Consulting,2021-12-08,2022-10-17,5,53400,97,1–2 years,30–39
202300791,791,2023,Non-manager,France,Customer Experience & Design,2022-08-16,2023-07-31,5,47700,132,1–2 years,Under 30
202300792,792,2023,Non-manager,Sweden,Customer Experience & Design,2023-06-21,2022-05-30,7,42800,102,Less than 1 year,Under 30
202300793,793,2023,Non-manager,Spain,Data & Analytics Consulting,2023-12-20,2023-03-02,2,30400,123,Less than 1 year,30–39
202300794,794,2023,Non-manager,Germany,Data & Analytics Consulting,,2023-12-18,3,39200,125,Not available,Under 30
202300795,795,2023,Manager,Sweden,Digital Strategy Consulting,2022-03-05,,7,93600,113,1–2 years,30–39
202300796,796,2023,Manager,Sweden,Sales & Business Development,2022-11-28,2023-07-07,5,99700,93,1–2 years,40–49
202300797,797,2023,Non-manager,Sweden,Transformation & Change Management,2022-05-06,2022-01-24,3,45000,88,1–2 years,30–39
202300798,798,2023,Non-manager,Germany,Data & Analytics Consulting,2023-07-29,2023-04-09,6,34600,79,Less than 1 year,Under 30
202300799,799,2023,Manager,Sweden,Technology & IT Strategy,,2022-05-23,2,87400,101,Not available,30–39
202300800,800,2023,Manager,Denmark,Digital Strategy Consulting,2021-04-13,2022-07-06,3,89800,134,1–2 years,30–39
202300801,801,2023,Non-manager,Sweden,Digital Strategy Consulting,,2021-06-24,3,47700,122,Not available,30–39
202300802,802,2023,Non-manager,Germany,Digital Marketing & Growth,2022-08-18,2022-05-13,6,49100,122,1–2 years,30–39
202300803,803,2023,Non-manager,Germany,Digital Marketing & Growth,2023-12-08,2023-05-07,6,38500,79,Less than 1 year,Under 30
202300804,804,2023,Non-manager,Denmark,Customer Experience & Design,,2022-12-05,5,64100,97,Not available,30–39
202300805,805,2023,Non-manager,Germany,Technology & IT Strategy,2019-04-17,,6,80200,146,3–5 years,50–59
202300806,806,2023,Non-manager,Spain,Digital Marketing & Growth,2023-10-31,2023-03-18,4,34000,111,Less than 1 year,30–39
202300807,807,2023,Non-manager,Spain,Technology & IT Strategy,,2022-01-18,7,51700,98,Not available,30–39
202300808,808,2023,Non-manager,Sweden,Finance & Operations,,2021-07-17,1,58200,88,Not available,Under 30
202300809,809,2023,Non-manager,Spain,Cybersecurity & Digital Risk,,2023-08-10,3,33100,102,Not available,Under 30
202300810,810,2023,Manager,Denmark,Customer Experience & Design,2019-12-30,2021-08-12,5,154300,100,3–5 years,50–59
202300811,811,2023,Manager,France,Cybersecurity & Digital Risk,,,7,136300,125,Not available,40–49
202300812,812,2023,Non-manager,Sweden,Transformation & Change Management,,2023-04-07,3,54600,76,Not available,30–39
202300813,813,2023,Non-manager,Sweden,Digital Marketing & Growth,,2023-01-19,5,74100,113,Not available,40–49
202300814,814,2023,Non-manager,Sweden,Digital Strategy Consulting,2023-03-28,,10,58500,89,Less than 1 year,30–39
202300815,815,2023,Manager,Sweden,Customer Experience & Design,2020-10-09,2022-05-02,14,84500,116,3–5 years,Under 30
202300816,816,2023,Non-manager,Denmark,Human Resources,2023-11-09,2023-12-03,5,33500,114,Less than 1 year,Under 30
202300817,817,2023,Non-manager,Spain,Digital Marketing & Growth,,2022-06-17,6,44300,102,Not available,Under 30
202300818,818,2023,Non-manager,France,Data & Analytics Consulting,2018-07-22,2022-01-04,4,66800,100,3–5 years,40–49
202300819,819,2023,Manager,Sweden,Data & Analytics Consulting,2023-03-01,2023-09-06,6,78700,99,Less than 1 year,30–39
202300820,820,2023,Non-manager,Sweden,Human Resources,,2023-02-24,3,41600,109,Not available,30–39
202300821,821,2023,Non-manager,Spain,Transformation & Change Management,,2023-09-15,3,28000,125,Not available,30–39
202300822,822,2023,Manager,Spain,Transformation & Change Management,,2021-11-05,3,94400,141,Not available,50–59
202300823,823,2023,Non-manager,Sweden,Data & Analytics Consulting,,,1,30000,143,Not available,Under 30
202300824,824,2023,Non-manager,Sweden,Human Resources,2022-10-12,2023-12-27,6,62800,146,1–2 years,30–39
202300825,825,2023,Manager,Sweden,Transformation & Change Management,2023-10-17,2023-07-10,4,67100,74,Less than 1 year,30–39
202300826,826,2023,Manager,France,Technology & IT Strategy,2019-09-24,2022-08-19,5,116300,85,3–5 years,30–39
202300827,827,2023,Manager,Denmark,Sales & Business Development,,2023-08-03,8,99600,129,Not available,30–39
202300828,828,2023,Non-manager,Germany,Digital Marketing & Growth,2019-01-07,2021-10-28,3,73700,131,3–5 years,40–49
202300829,829,2023,Manager,Sweden,Customer Experience & Design,2022-10-31,,4,116200,96,1–2 years,40–49
202300830,830,2023,Non-manager,Germany,Digital Strategy Consulting,,2023-05-03,4,46800,100,Not available,30–39
202300831,831,2023,Non-manager,Sweden,Finance & Operations,,2023-09-27,3,34400,101,Not available,Under 30
202300832,832,2023,Non-manager,Sweden,Finance & Operations,2021-12-29,2023-07-27,3,50200,139,1–2 years,30–39
202300833,833,2023,Manager,France,Customer Experience & Design,2020-10-21,2023-01-14,3,86400,97,3–5 years,Under 30
202300834,834,2023,Manager,Sweden,Cybersecurity & Digital Risk,,,2,105800,105,Not available,30–39
202300835,835,2023,Non-manager,Sweden,Technology & IT Strategy,2023-01-02,,2,49400,106,Less than 1 year,30–39
202300836,836,2023,Non-manager,France,Human Resources,2022-11-14,2022-09-30,4,32600,112,1–2 years,30–39
202300837,837,2023,Non-manager,Denmark,Data & Analytics Consulting,,,8,47300,106,Not available,Under 30
202300838,838,2023,Manager,Denmark,Transformation & Change Management,,2023-02-25,8,90700,99,Not available,Under 30
202300839,839,2023,Non-manager,Spain,Sales & Business Development,2023-08-10,2023-02-11,5,32100,98,Less than 1 year,30–39
202300840,840,2023,Non-manager,Sweden,Sales & Business Development,2021-12-03,2023-09-04,4,44700,148,1–2 years,30–39
202300841,841,2023,Manager,Spain,Digital Strategy Consulting,2019-09-16,2023-07-19,5,68900,107,3–5 years,30–39
202300842,842,2023,Non-manager,Sweden,Digital Marketing & Growth,,2023-08-15,7,45200,106,Not available,Under 30
202300843,843,2023,Non-manager,Spain,Transformation & Change Management,,2023-06-12,4,31500,112,Not available,30–39
202300844,844,2023,Manager,Sweden,Transformation & Change Management,2022-03-12,2022-01-03,3,91300,107,1–2 years,40–49
202300845,845,2023,Non-manager,Sweden,Finance & Operations,2020-11-30,2023-12-25,4,82100,123,3–5 years,40–49
202300846,846,2023,Non-manager,Sweden,Digital Marketing & Growth,2023-07-27,2023-11-13,6,42600,79,Less than 1 year,30–39
202300847,847,2023,Manager,Spain,Finance & Operations,2021-07-20,2022-08-10,7,62800,106,1–2 years,Under 30
202300848,848,2023,Non-manager,Sweden,Technology & IT Strategy,,2021-06-13,2,101100,128,Not available,40–49
202300849,849,2023,Manager,Spain,Technology & IT Strategy,,,5,86500,136,Not available,30–39
202300850,850,2023,Non-manager,Germany,Sales & Business Development,2020-12-06,2021-09-04,1,58200,95,3–5 years,30–39
202300851,851,2023,Manager,Denmark,Data & Analytics Consulting,2022-07-11,2023-05-25,8,86100,129,1–2 years,30–39
202300852,852,2023,Non-manager,Denmark,Customer Experience & Design,2020-12-01,2021-02-02,2,57400,109,3–5 years,30–39
202300853,853,2023,Non-manager,Sweden,Data & Analytics Consulting,,2021-10-07,4,54000,140,Not available,Under 30
202300854,854,2023,Non-manager,Sweden,Digital Strategy Consulting,,2023-01-11,2,89700,163,Not available,40–49
202300855,855,2023,Manager,Sweden,Digital Strategy Consulting,2022-04-01,2021-11-04,6,78800,89,1–2 years,30–39
202300856,856,2023,Non-manager,Spain,Transformation & Change Management,,,6,28000,120,Not available,Under 30
202300857,857,2023,Manager,Sweden,Data & Analytics Consulting,,2023-01-29,5,111300,112,Not available,40–49
202300858,858,2023,Non-manager,Sweden,Transformation & Change Management,,2022-01-04,10,70100,132,Not available,30–39
202300859,859,2023,Non-manager,Sweden,Technology & IT Strategy,,2021-10-12,3,49200,126,Not available,Under 30
202300860,860,2023,Manager,Denmark,Digital Strategy Consulting,,2023-08-23,4,80800,102,Not available,Under 30
202300861,861,2023,Manager,Sweden,Data & Analytics Consulting,2018-03-09,2022-06-13,10,148900,70,3–5 years,50–59
202300862,862,2023,Non-manager,Germany,Technology & IT Strategy,,2022-11-17,2,48400,132,Not available,Under 30
202300863,863,2023,Manager,Sweden,Customer Experience & Design,,2021-09-26,6,121500,117,Not available,30–39
202300864,864,2023,Non-manager,Germany,Customer Experience & Design,2022-12-15,2023-10-31,3,44300,103,1–2 years,30–39
202300865,865,2023,Non-manager,Sweden,Cybersecurity & Digital Risk,2023-04-02,2023-08-26,9,43600,138,Less than 1 year,30–39
202300866,866,2023,Non-manager,Denmark,Human Resources,2020-12-31,2021-02-24,9,55500,84,1–2 years,30–39
202300867,867,2023,Non-manager,Sweden,Customer Experience & Design,,2022-12-04,3,45000,104,Not available,30–39
202300868,868,2023,Non-manager,Sweden,Cybersecurity & Digital Risk,2023-03-30,2022-06-29,4,67500,119,Less than 1 year,30–39
202300869,869,2023,Non-manager,Germany,Digital Strategy Consulting,2022-11-07,,5,44100,119,1–2 years,30–39
202300870,870,2023,Manager,Spain,Human Resources,2020-01-13,2021-09-22,5,68200,110,3–5 years,30–39
202300871,871,2023,Non-manager,Denmark,Data & Analytics Consulting,2023-11-25,2021-02-02,8,69200,93,Less than 1 year,Under 30
202300872,872,2023,Manager,Denmark,Technology & IT Strategy,2023-07-22,2023-09-23,3,76600,94,Less than 1 year,30–39
202300873,873,2023,Non-manager,Denmark,Data & Analytics Consulting,2020-12-18,2023-03-11,2,56300,118,3–5 years,Under 30
202300874,874,2023,Non-manager,Sweden,Cybersecurity & Digital Risk,2023-04-26,,7,43800,109,Less than 1 year,Under 30
202300875,875,2023,Non-manager,Sweden,Technology & IT Strategy,,2022-11-24,4,50400,114,Not available,30–39
202300876,876,2023,Non-manager,Spain,Digital Strategy Consulting,2022-05-04,2021-07-08,8,46300,121,1–2 years,30–39
202300877,877,2023,Non-manager,France,Digital Strategy Consulting,2023-02-22,2023-12-07,4,32600,91,Less than 1 year,Under 30
202300878,878,2023,Non-manager,France,Data & Analytics Consulting,2023-06-26,2023-06-17,4,49500,136,Less than 1 year,Under 30
202300879,879,2023,Non-manager,Denmark,Cybersecurity & Digital Risk,,2021-06-21,5,73400,117,Not available,40–49
202300880,880,2023,Non-manager,Germany,Data & Analytics Consulting,,,7,82400,144,Not available,40–49
202300881,881,2023,Manager,Sweden,Transformation & Change Management,2023-03-18,2022-04-03,4,132900,116,Less than 1 year,50–59
202300882,882,2023,Non-manager,Sweden,Digital Marketing & Growth,2021-11-28,2023-01-09,6,62500,94,1–2 years,Under 30
202300883,883,2023,Non-manager,France,Data & Analytics Consulting,2020-12-26,2023-07-20,4,56400,83,3–5 years,30–39
202300884,884,2023,Manager,Denmark,Human Resources,2020-01-25,2021-08-06,6,150700,142,3–5 years,40–49
202300885,885,2023,Manager,Denmark,Digital Marketing & Growth,,,7,125600,121,Not available,30–39
202300886,886,2023,Manager,Sweden,Finance & Operations,,2023-06-11,5,87800,97,Not available,30–39
202300887,887,2023,Non-manager,Sweden,Finance & Operations,2020-09-19,,4,48300,116,3–5 years,30–39
202300888,888,2023,Non-manager,Sweden,Transformation & Change Management,2022-11-18,2023-12-01,8,54700,117,1–2 years,Under 30
202300889,889,2023,Manager,Denmark,Digital Strategy Consulting,,2021-11-18,3,136300,94,Not available,40–49
202300890,890,2023,Manager,Sweden,Transformation & Change Management,2023-10-18,2022-11-02,5,92400,113,Less than 1 year,30–39
202300891,891,2023,Non-manager,Sweden,Finance & Operations,2021-11-22,2023-06-05,6,60000,107,1–2 years,Under 30
202300892,892,2023,Non-manager,Denmark,Technology & IT Strategy,,2021-07-11,6,68300,94,Not available,30–39
202300893,893,2023,Non-manager,France,Technology & IT Strategy,,2023-08-26,8,41500,134,Not available,Under 30
202300894,894,2023,Non-manager,Sweden,Transformation & Change Management,2023-01-15,2021-06-25,4,45700,144,Less than 1 year,30–39
202300895,895,2023,Non-manager,Spain,Human Resources,2023-09-13,2022-03-15,2,33100,135,Less than 1 year,Under 30
202300896,896,2023,Non-manager,Sweden,Digital Marketing & Growth,2022-12-16,2023-07-20,9,33300,108,1–2 years,30–39
202300897,897,2023,Non-manager,Spain,Human Resources,2022-07-10,2021-02-18,3,32600,121,1–2 years,30–39
202300898,898,2023,Manager,Sweden,Technology & IT Strategy,,,3,110700,84,Not available,40–49
202300899,899,2023,Manager,Spain,Cybersecurity & Digital Risk,2023-09-29,,5,65400,125,Less than 1 year,30–39
202300900,900,2023,Manager,Germany,Data & Analytics Consulting,,2023-11-08,5,116600,116,Not available,40–49
202300901,901,2023,Non-manager,Sweden,Data & Analytics Consulting,2022-12-26,2022-10-05,8,55200,97,1–2 years,Under 30
202300902,902,2023,Non-manager,Sweden,Transformation & Change Management,,2023-07-03,4,48200,100,Not available,30–39
202300903,903,2023,Non-manager,Germany,Data & Analytics Consulting,,2022-11-18,8,37700,90,Not available,Under 30
202300904,904,2023,Non-manager,France,Digital Strategy Consulting,2023-07-29,,0,38600,140,Less than 1 year,Under 30
202300905,905,2023,Manager,Sweden,Digital Marketing & Growth,,2021-08-17,3,104200,128,Not available,30–39
202300906,906,2023,Non-manager,France,Cybersecurity & Digital Risk,,2023-12-18,6,36700,147,Not available,30–39
202300907,907,2023,Non-manager,Sweden,Sales & Business Development,2022-12-31,2023-04-01,10,43600,125,Less than 1 year,Under 30
202300908,908,2023,Non-manager,Sweden,Technology & IT Strategy,2021-09-02,2021-12-12,5,51700,118,1–2 years,30–39
202300909,909,2023,Manager,Denmark,Digital Strategy Consulting,,2023-08-16,4,100400,110,Not available,30–39
202300910,910,2023,Manager,Sweden,Technology & IT Strategy,,2021-03-29,2,131600,95,Not available,40–49
202300911,911,2023,Non-manager,Sweden,Human Resources,,2023-11-03,8,30000,94,Not available,Under 30
202300912,912,2023,Non-manager,Denmark,Digital Strategy Consulting,2021-04-11,,7,56200,140,1–2 years,Under 30
202300913,913,2023,Non-manager,Sweden,Cybersecurity & Digital Risk,2020-04-07,2021-10-22,2,74700,101,3–5 years,Under 30
202300914,914,2023,Non-manager,Spain,Sales & Business Development,2022-06-10,,10,42400,106,1–2 years,30–39
202300915,915,2023,Manager,Germany,Finance & Operations,,2023-11-22,7,66800,96,Not available,Under 30
202300916,916,2023,Non-manager,Denmark,Digital Strategy Consulting,2023-04-03,2023-11-09,0,67500,121,Less than 1 year,30–39
202300917,917,2023,Manager,Sweden,Technology & IT Strategy,2022-05-30,,6,128700,110,1–2 years,40–49
202300918,918,2023,Non-manager,Spain,Customer Experience & Design,2018-01-20,,2,52700,126,3–5 years,40–49
202300919,919,2023,Non-manager,France,Data & Analytics Consulting,,2023-03-05,3,68800,124,Not available,50–59
202300920,920,2023,Manager,Sweden,Digital Marketing & Growth,,,2,116300,75,Not available,40–49
202300921,921,2023,Non-manager,Spain,Sales & Business Development,2022-09-21,2022-08-23,4,35300,142,1–2 years,30–39
202300922,922,2023,Non-manager,Spain,Customer Experience & Design,,2023-10-02,4,30800,125,Not available,Under 30
202300923,923,2023,Non-manager,Germany,Technology & IT Strategy,,,3,33800,143,Not available,Under 30
202300924,924,2023,Non-manager,Denmark,Digital Strategy Consulting,2023-11-10,,10,50500,104,Less than 1 year,Under 30
202300925,925,2023,Non-manager,Denmark,Data & Analytics Consulting,2019-10-24,2023-05-06,2,70900,138,3–5 years,30–39
202300926,926,2023,Non-manager,Sweden,Digital Strategy Consulting,2023-01-20,2022-03-09,6,60100,140,Less than 1 year,Under 30
202300927,927,2023,Manager,France,Transformation & Change Management,2021-06-05,,1,79900,81,1–2 years,30–39
202300928,928,2023,Non-manager,France,Digital Marketing & Growth,,2023-07-27,4,61500,119,Not available,40–49
202300929,929,2023,Non-manager,Germany,Cybersecurity & Digital Risk,2023-10-13,2023-08-31,4,40500,104,Less than 1 year,30–39
202300930,930,2023,Manager,Spain,Digital Strategy Consulting,2022-09-11,2021-08-31,1,65800,113,1–2 years,30–39
202300931,931,2023,Manager,Spain,Data & Analytics Consulting,2021-07-21,2022-02-13,5,65400,127,1–2 years,40–49
202300932,932,2023,Non-manager,France,Digital Strategy Consulting,,2021-03-02,1,57500,133,Not available,30–39
202300933,933,2023,Manager,Sweden,Digital Strategy Consulting,2022-07-31,2023-04-27,7,70600,147,1–2 years,30–39
202300934,934,2023,Non-manager,Sweden,Digital Strategy Consulting,2023-04-24,2022-11-16,8,39700,101,Less than 1 year,30–39
202300935,935,2023,Non-manager,Germany,Digital Strategy Consulting,2020-06-24,2021-11-26,4,56400,85,3–5 years,40–49
202300936,936,2023,Non-manager,Sweden,Human Resources,,2021-04-24,6,66300,115,Not available,40–49
202300937,937,2023,Manager,France,Data & Analytics Consulting,2021-11-30,2021-08-31,3,119200,105,1–2 years,40–49
202300938,938,2023,Non-manager,Germany,Data & Analytics Consulting,,2023-12-05,1,39000,154,Not available,Under 30
202300939,939,2023,Non-manager,Spain,Technology & IT Strategy,2021-12-13,2023-05-01,3,35000,125,1–2 years,30–39
202300940,940,2023,Non-manager,Germany,Human Resources,,,7,79200,90,Not available,30–39
202300941,941,2023,Non-manager,Sweden,Digital Strategy Consulting,,2021-01-20,6,90400,81,Not available,40–49
202300942,942,2023,Non-manager,Denmark,Finance & Operations,,2021-10-21,4,88000,141,Not available,50–59
202300943,943,2023,Non-manager,Sweden,Digital Strategy Consulting,2015-04-01,2023-04-28,2,78300,102,6–10 years,40–49
202300944,944,2023,Non-manager,Denmark,Customer Experience & Design,,,5,84500,109,Not available,50–59
202300945,945,2023,Non-manager,Sweden,Customer Experience & Design,,,5,47400,126,Not available,30–39
202300946,946,2023,Non-manager,Sweden,Sales & Business Development,2017-09-30,2023-03-05,4,61200,109,6–10 years,40–49
202300947,947,2023,Non-manager,Sweden,Digital Strategy Consulting,2023-12-08,,6,46700,99,Less than 1 year,Under 30
202300948,948,2023,Non-manager,Germany,Digital Strategy Consulting,,2023-12-06,2,47900,138,Not available,Under 30
202300949,949,2023,Manager,Spain,Sales & Business Development,,2023-12-25,4,101100,141,Not available,30–39
202300950,950,2023,Non-manager,Germany,Sales & Business Development,,,5,60700,105,Not available,30–39
202300951,951,2023,Non-manager,Sweden,Human Resources,2023-01-30,2021-03-05,3,40400,101,Less than 1 year,30–39
202300952,952,2023,Non-manager,Sweden,Data & Analytics Consulting,2021-01-17,2021-12-18,5,61800,92,1–2 years,40–49
202300953,953,2023,Non-manager,Spain,Cybersecurity & Digital Risk,2023-01-31,2021-07-02,4,46900,111,Less than 1 year,40–49
202300954,954,2023,Manager,Sweden,Human Resources,2020-08-28,2021-12-05,6,90600,92,3–5 years,30–39
202300955,955,2023,Non-manager,Spain,Digital Strategy Consulting,,2023-02-19,7,62200,135,Not available,40–49
202300956,956,2023,Manager,Spain,Data & Analytics Consulting,,2022-06-05,5,75200,129,Not available,30–39
202300957,957,2023,Non-manager,Sweden,Data & Analytics Consulting,2019-07-28,2022-12-26,5,61800,95,3–5 years,30–39
202300958,958,2023,Non-manager,Denmark,Finance & Operations,2021-02-01,,12,58700,131,1–2 years,30–39
202300959,959,2023,Non-manager,Denmark,Digital Marketing & Growth,,2021-05-07,8,55400,101,Not available,Under 30
202300960,960,2023,Non-manager,Sweden,Data & Analytics Consulting,2021-12-31,2021-11-02,3,48800,128,1–2 years,Under 30
202300961,961,2023,Non-manager,Spain,Cybersecurity & Digital Risk,2023-09-10,2023-11-25,5,33200,109,Less than 1 year,30–39
202300962,962,2023,Non-manager,Germany,Transformation & Change Management,2023-11-07,,7,45800,131,Less than 1 year,30–39
202300963,963,2023,Manager,Sweden,Digital Marketing & Growth,,2023-10-28,5,63100,119,Not available,Under 30
202300964,964,2023,Manager,Germany,Digital Marketing & Growth,2023-10-30,2023-08-22,3,62100,103,Less than 1 year,30–39
202300965,965,2023,Non-manager,Sweden,Transformation & Change Management,,,8,37600,149,Not available,Under 30
202300966,966,2023,Non-manager,Sweden,Human Resources,,2022-11-27,3,82100,127,Not available,50–59
202300967,967,2023,Non-manager,Sweden,Technology & IT Strategy,,2023-05-24,6,41400,101,Not available,Under 30
202300968,968,2023,Non-manager,Germany,Transformation & Change Management,2022-06-22,2022-05-25,5,48600,114,1–2 years,40–49
202300969,969,2023,Non-manager,Sweden,Digital Marketing & Growth,2021-10-12,2022-05-13,6,51400,80,1–2 years,30–39
202300970,970,2023,Manager,Denmark,Transformation & Change Management,,,6,166200,110,Not available,40–49
202300971,971,2023,Non-manager,Germany,Data & Analytics Consulting,2022-11-10,2022-06-10,5,37900,114,1–2 years,30–39
202300972,972,2023,Manager,Sweden,Digital Strategy Consulting,,2023-05-01,3,82600,123,Not available,Under 30
202300973,973,2023,Manager,Spain,Digital Marketing & Growth,2022-03-20,2022-11-01,5,62000,108,1–2 years,30–39
202300974,974,2023,Non-manager,Sweden,Data & Analytics Consulting,,,3,38200,107,Not available,Under 30
202300975,975,2023,Non-manager,Sweden,Data & Analytics Consulting,,2022-12-13,5,40100,133,Not available,Under 30
202300976,976,2023,Manager,Sweden,Data & Analytics Consulting,,2022-10-28,2,99100,81,Not available,30–39
202300977,977,2023,Manager,Spain,Transformation & Change Management,,2022-02-15,0,107500,61,Not available,50–59
202300978,978,2023,Non-manager,Spain,Data & Analytics Consulting,2018-05-12,2023-02-07,4,73000,126,3–5 years,50–59
202300979,979,2023,Non-manager,Sweden,Human Resources,,2023-12-06,5,33100,117,Not available,Under 30
202300980,980,2023,Non-manager,Sweden,Digital Strategy Consulting,2021-10-31,2022-03-02,6,47300,100,1–2 years,30–39
202300981,981,2023,Non-manager,Denmark,Digital Strategy Consulting,,2021-04-07,2,109400,103,Not available,40–49
202300982,982,2023,Non-manager,Denmark,Digital Strategy Consulting,2019-01-13,2023-10-24,4,65200,137,3–5 years,40–49
202300983,983,2023,Non-manager,Denmark,Transformation & Change Management,2018-12-25,2022-02-18,7,86200,126,3–5 years,30–39
202300984,984,2023,Manager,Sweden,Technology & IT Strategy,,2021-09-05,8,127500,106,Not available,40–49
202300985,985,2023,Manager,Denmark,Data & Analytics Consulting,2023-11-16,,5,95800,74,Less than 1 year,30–39
202300986,986,2023,Non-manager,Sweden,Technology & IT Strategy,,2022-09-20,5,60200,119,Not available,40–49
202300987,987,2023,Non-manager,Germany,Digital Strategy Consulting,2021-12-12,2021-10-12,3,62400,106,1–2 years,30–39
202300988,988,2023,Non-manager,Spain,Digital Marketing & Growth,2021-05-31,2022-06-20,7,30600,131,1–2 years,30–39
202300989,989,2023,Non-manager,Spain,Finance & Operations,2023-05-09,,6,41200,132,Less than 1 year,30–39
202300990,990,2023,Non-manager,Denmark,Cybersecurity & Digital Risk,2022-09-30,2021-10-21,3,63000,124,1–2 years,30–39
202300991,991,2023,Manager,Sweden,Finance & Operations,2021-01-27,,4,92800,100,1–2 years,Under 30
202300992,992,2023,Non-manager,Spain,Data & Analytics Consulting,,2021-08-20,3,40100,130,Not available,40–49
202300993,993,2023,Manager,Sweden,Digital Strategy Consulting,2023-12-23,,4,65900,107,Less than 1 year,Under 30
202300994,994,2023,Manager,Spain,Transformation & Change Management,2019-05-02,2021-01-18,2,89700,116,3–5 years,30–39
202300995,995,2023,Non-manager,Sweden,Transformation & Change Management,2023-05-22,2021-06-16,3,48100,96,Less than 1 year,30–39
202300996,996,2023,Non-manager,Sweden,Digital Strategy Consulting,,2021-12-16,2,46100,120,Not available,Under 30
202300997,997,2023,Manager,Sweden,Sales & Business Development,,2023-07-23,2,59700,122,Not available,Under 30
202300998,998,2023,Non-manager,Spain,Sales & Business Development,,2023-03-13,5,44400,111,Not available,30–39
202300999,999,2023,Non-manager,Germany,Digital Marketing & Growth,,,3,44200,113,Not available,30–39
202301000,1000,2023,Manager,Sweden,Sales & Business Development,2018-11-14,,8,109100,132,3–5 years,40–49
202301001,1001,2023,Manager,Denmark,Sales & Business Development,,2022-05-18,4,100600,95,Not available,30–39
202301002,1002,2023,Non-manager,Denmark,Customer Experience & Design,2023-08-31,2023-11-09,2,46000,104,Less than 1 year,30–39
202301003,1003,2023,Non-manager,Germany,Sales & Business Development,,,6,45400,85,Not available,30–39
202301004,1004,2023,Non-manager,Sweden,Technology & IT Strategy,2022-01-07,,5,82000,108,1–2 years,30–39
202301005,1005,2023,Non-manager,Sweden,Digital Strategy Consulting,2022-12-29,,3,73200,101,1–2 years,30–39
202301006,1006,2023,Non-manager,Germany,Transformation & Change Management,,2022-10-24,6,54700,112,Not available,30–39
202301007,1007,2023,Non-manager,Sweden,Digital Marketing & Growth,,2023-11-27,6,41800,96,Not available,Under 30
202301008,1008,2023,Non-manager,Denmark,Human Resources,2020-09-17,,5,63400,114,3–5 years,Under 30
202301009,1009,2023,Non-manager,Spain,Digital Marketing & Growth,,,5,48800,107,Not available,Under 30
202301010,1010,2023,Manager,Spain,Digital Strategy Consulting,2020-12-10,2021-05-31,5,73600,92,3–5 years,30–39
202301011,1011,2023,Non-manager,Denmark,Cybersecurity & Digital Risk,2022-12-13,2021-04-08,4,65900,127,1–2 years,30–39
202301012,1012,2023,Non-manager,Germany,Digital Marketing & Growth,,2022-09-25,3,33400,126,Not available,30–39
202301013,1013,2023,Manager,Sweden,Digital Marketing & Growth,2019-10-30,2022-01-19,4,91900,136,3–5 years,40–49
202301014,1014,2023,Non-manager,Sweden,Digital Strategy Consulting,,2023-11-10,6,30000,129,Not available,Under 30
202301015,1015,2023,Non-manager,Sweden,Customer Experience & Design,2022-07-08,2022-08-03,7,40200,81,1–2 years,30–39
202301016,1016,2023,Non-manager,France,Data & Analytics Consulting,,2023-10-26,4,38700,118,Not available,Under 30
202301017,1017,2023,Non-manager,Sweden,Digital Marketing & Growth,,2023-04-10,5,46000,115,Not available,Under 30
202301018,1018,2023,Non-manager,France,Data & Analytics Consulting,,,1,75700,67,Not available,40–49
202301019,1019,2023,Non-manager,Sweden,Digital Strategy Consulting,,,5,38500,147,Not available,Under 30
202301020,1020,2023,Non-manager,Sweden,Technology & IT Strategy,2022-12-14,2021-10-14,2,53800,130,1–2 years,30–39
202301021,1021,2023,Non-manager,Sweden,Sales & Business Development,2023-02-24,,3,65600,80,Less than 1 year,30–39
202301022,1022,2023,Non-manager,Sweden,Digital Strategy Consulting,,2023-10-17,5,36200,98,Not available,Under 30
202301023,1023,2023,Non-manager,Sweden,Digital Marketing & Growth,2017-01-10,2023-04-19,2,90400,76,6–10 years,30–39
202301024,1024,2023,Non-manager,Sweden,Digital Strategy Consulting,2023-04-01,2023-11-05,2,43300,121,Less than 1 year,30–39
202301025,1025,2023,Non-manager,Sweden,Finance & Operations,,2023-09-03,2,30600,125,Not available,Under 30
202301026,1026,2023,Non-manager,France,Data & Analytics Consulting,2021-02-03,2022-06-22,6,45100,111,1–2 years,Under 30
202301027,1027,2023,Manager,Spain,Digital Strategy Consulting,,,3,100400,136,Not available,40–49
202301028,1028,2023,Non-manager,Sweden,Digital Strategy Consulting,2022-05-30,2023-04-05,3,39700,122,1–2 years,30–39
202301029,1029,2023,Non-manager,France,Human Resources,2023-05-06,2023-02-01,8,33800,117,Less than 1 year,Under 30
202301030,1030,2023,Non-manager,Sweden,Cybersecurity & Digital Risk,2021-10-03,,8,56100,110,1–2 years,30–39
202301031,1031,2023,Manager,Sweden,Data & Analytics Consulting,2022-03-14,2021-09-03,4,97400,78,1–2 years,30–39
202301032,1032,2023,Manager,France,Transformation & Change Management,,2021-05-04,7,79200,81,Not available,Under 30
202301033,1033,2023,Non-manager,France,Data & Analytics Consulting,2019-09-07,,2,55600,99,3–5 years,30–39
202301034,1034,2023,Non-manager,Germany,Transformation & Change Management,2023-02-01,,1,43000,136,Less than 1 year,30–39
202301035,1035,2023,Non-manager,Sweden,Digital Strategy Consulting,,2022-08-20,5,87000,142,Not available,40–49
202301036,1036,2023,Non-manager,Sweden,Data & Analytics Consulting,,,3,71600,93,Not available,30–39
202301037,1037,2023,Non-manager,Denmark,Cybersecurity & Digital Risk,2021-06-09,,4,71000,108,1–2 years,40–49
202301038,1038,2023,Non-manager,Sweden,Technology & IT Strategy,2021-12-03,2023-05-26,12,49900,104,1–2 years,30–39
202301039,1039,2023,Manager,Germany,Transformation & Change Management,,2023-02-04,3,136100,107,Not available,30–39
202301040,1040,2023,Non-manager,Sweden,Finance & Operations,,2022-10-10,3,67800,106,Not available,30–39
202301041,1041,2023,Manager,Sweden,Transformation & Change Management,2023-07-25,,6,174600,126,Less than 1 year,40–49
202301042,1042,2023,Non-manager,Sweden,Digital Strategy Consulting,2023-01-07,2023-03-22,7,46400,109,Less than 1 year,Under 30
202301043,1043,2023,Non-manager,Denmark,Finance & Operations,,2022-04-10,3,43300,137,Not available,30–39
202301044,1044,2023,Non-manager,Spain,Transformation & Change Management,,2022-02-16,1,35700,125,Not available,30–39
202301045,1045,2023,Non-manager,Sweden,Customer Experience & Design,,2021-01-21,8,54400,99,Not available,40–49
202301046,1046,2023,Non-manager,Denmark,Transformation & Change Management,2014-04-01,2023-11-07,5,97100,133,6–10 years,50–59
202301047,1047,2023,Non-manager,Sweden,Cybersecurity & Digital Risk,,2023-04-10,3,66700,136,Not available,30–39
202301048,1048,2023,Manager,Sweden,Customer Experience & Design,,2023-05-10,5,72400,117,Not available,Under 30
202301049,1049,2023,Non-manager,Sweden,Data & Analytics Consulting,,2021-01-07,2,55700,123,Not available,30–39
202301050,1050,2023,Manager,France,Human Resources,2023-12-11,2023-12-12,2,55300,93,Less than 1 year,Under 30
202301051,1051,2023,Non-manager,Sweden,Sales & Business Development,2023-10-06,2023-11-04,2,60500,129,Less than 1 year,30–39
202301052,1052,2023,Manager,Sweden,Finance & Operations,2023-12-17,2022-06-09,4,73100,124,Less than 1 year,30–39
202301053,1053,2023,Manager,Sweden,Technology & IT Strategy,2022-05-11,,5,75200,94,1–2 years,40–49
202301054,1054,2023,Non-manager,Denmark,Finance & Operations,,2021-03-23,6,62200,105,Not available,30–39
202301055,1055,2023,Non-manager,Sweden,Sales & Business Development,,2023-06-21,11,43700,128,Not available,Under 30
202301056,1056,2023,Non-manager,Germany,Cybersecurity & Digital Risk,2019-10-19,2021-05-04,1,92700,125,3–5 years,40–49
202301057,1057,2023,Manager,Spain,Data & Analytics Consulting,,,5,97200,104,Not available,30–39
202301058,1058,2023,Non-manager,Sweden,Transformation & Change Management,,2023-12-05,10,32600,118,Not available,Under 30
202301059,1059,2023,Manager,Sweden,Finance & Operations,2023-10-20,2022-08-31,9,69900,92,Less than 1 year,Under 30
202301060,1060,2023,Non-manager,Sweden,Transformation & Change Management,2023-10-31,,7,38200,91,Less than 1 year,30–39
202301061,1061,2023,Non-manager,Sweden,Data & Analytics Consulting,,,4,52300,94,Not available,30–39
202301062,1062,2023,Non-manager,Germany,Digital Strategy Consulting,2022-07-14,2023-03-10,4,36400,117,1–2 years,40–49
202301063,1063,2023,Non-manager,Sweden,Digital Strategy Consulting,,2023-10-16,6,62500,93,Not available,30–39
202301064,1064,2023,Non-manager,Sweden,Technology & IT Strategy,,2022-03-11,4,55300,89,Not available,40–49
202301065,1065,2023,Non-manager,Sweden,Technology & IT Strategy,,2023-11-11,9,99900,121,Not available,40–49
202301066,1066,2023,Non-manager,Sweden,Technology & IT Strategy,2021-09-24,2022-02-19,2,63800,118,1–2 years,Under 30
202301067,1067,2023,Non-manager,Sweden,Transformation & Change Management,2021-03-14,2022-10-17,6,44500,92,1–2 years,Under 30
202301068,1068,2023,Non-manager,Sweden,Cybersecurity & Digital Risk,2023-10-21,2023-07-21,8,61600,90,Less than 1 year,40–49
202301069,1069,2023,Manager,France,Cybersecurity & Digital Risk,,,3,71300,122,Not available,Under 30
202301070,1070,2023,Non-manager,Sweden,Transformation & Change Management,2022-12-11,2023-11-13,4,62900,90,1–2 years,30–39
202301071,1071,2023,Non-manager,Sweden,Human Resources,2023-08-21,2023-08-13,2,30000,125,Less than 1 year,Under 30
202301072,1072,2023,Manager,Sweden,Transformation & Change Management,2017-10-23,2022-08-02,2,123700,109,6–10 years,30–39
202301073,1073,2023,Manager,Spain,Customer Experience & Design,2022-07-31,2023-05-25,9,57900,116,1–2 years,30–39
202301074,1074,2023,Manager,Germany,Digital Strategy Consulting,2019-07-02,2023-02-09,3,91400,94,3–5 years,40–49
202301075,1075,2023,Non-manager,Sweden,Data & Analytics Consulting,2020-01-14,2022-01-07,4,62200,100,3–5 years,30–39
202301076,1076,2023,Non-manager,Germany,Data & Analytics Consulting,2021-07-24,2023-03-27,1,61600,121,1–2 years,30–39
202301077,1077,2023,Manager,Spain,Data & Analytics Consulting,,2023-12-19,3,52400,106,Not available,30–39
202301078,1078,2023,Non-manager,Sweden,Transformation & Change Management,2021-05-03,2021-08-30,4,56600,90,1–2 years,30–39
202301079,1079,2023,Non-manager,France,Data & Analytics Consulting,,2023-07-01,1,45700,92,Not available,40–49
202301080,1080,2023,Non-manager,Sweden,Transformation & Change Management,2022-03-17,2022-12-27,4,42100,88,1–2 years,30–39
202301081,1081,2023,Manager,Spain,Technology & IT Strategy,2022-09-16,2023-11-20,4,61700,98,1–2 years,Under 30
202301082,1082,2023,Non-manager,Sweden,Customer Experience & Design,2023-11-09,2021-11-05,6,47000,87,Less than 1 year,Under 30
202301083,1083,2023,Non-manager,Sweden,Data & Analytics Consulting,2020-12-25,2022-02-09,3,53800,140,3–5 years,30–39
202301084,1084,2023,Manager,Sweden,Digital Marketing & Growth,,2023-10-27,4,66600,114,Not available,Under 30
202301085,1085,2023,Manager,Sweden,Digital Strategy Consulting,2022-10-20,2023-09-27,8,120700,98,1–2 years,40–49
202301086,1086,2023,Non-manager,Spain,Customer Experience & Design,,2023-08-24,3,28000,111,Not available,Under 30
202301087,1087,2023,Non-manager,Sweden,Customer Experience & Design,2020-06-18,2022-10-12,2,56300,109,3–5 years,30–39
202301088,1088,2023,Non-manager,Sweden,Human Resources,,2023-10-18,7,32100,89,Not available,30–39
202301089,1089,2023,Manager,Germany,Digital Marketing & Growth,,2023-10-25,4,72200,118,Not available,30–39
202301090,1090,2023,Manager,Spain,Technology & IT Strategy,,,3,99200,80,Not available,40–49
202301091,1091,2023,Non-manager,Sweden,Cybersecurity & Digital Risk,,2023-10-31,5,45400,116,Not available,30–39
202301092,1092,2023,Non-manager,Germany,Digital Strategy Consulting,2021-11-07,2022-11-18,0,51500,74,1–2 years,30–39
202301093,1093,2023,Non-manager,Germany,Transformation & Change Management,2019-11-08,2021-07-06,6,48000,116,3–5 years,Under 30
202301094,1094,2023,Non-manager,Sweden,Data & Analytics Consulting,,,10,51300,121,Not available,30–39
202301095,1095,2023,Non-manager,Sweden,Transformation & Change Management,2023-04-15,2023-03-03,11,42900,132,Less than 1 year,30–39
202301096,1096,2023,Non-manager,Denmark,Sales & Business Development,2023-09-09,2021-01-14,4,69300,117,Less than 1 year,30–39
202301097,1097,2023,Manager,Spain,Human Resources,2023-02-26,2021-02-28,7,71100,94,Less than 1 year,30–39
202301098,1098,2023,Non-manager,Sweden,Technology & IT Strategy,,,3,42100,116,Not available,30–39
202301099,1099,2023,Non-manager,Spain,Data & Analytics Consulting,2019-01-03,,7,39900,123,3–5 years,30–39
202301100,1100,2023,Non-manager,Sweden,Customer Experience & Design,2023-02-07,2023-10-25,4,48800,137,Less than 1 year,40–49
202301101,1101,2023,Manager,Sweden,Digital Marketing & Growth,2022-03-07,2021-01-30,7,92400,125,1–2 years,Under 30
202301102,1102,2023,Non-manager,Germany,Technology & IT Strategy,,,2,83600,151,Not available,30–39
202301103,1103,2023,Non-manager,France,Human Resources,,,6,50400,133,Not available,40–49
202301104,1104,2023,Non-manager,Sweden,Technology & IT Strategy,2023-04-13,2022-06-04,10,51000,99,Less than 1 year,Under 30
202301105,1105,2023,Manager,Germany,Finance & Operations,,,3,89300,118,Not available,30–39
202301106,1106,2023,Non-manager,France,Technology & IT Strategy,,2022-11-21,2,65400,138,Not available,30–39
202301107,1107,2023,Non-manager,Denmark,Digital Strategy Consulting,2021-01-25,,3,62100,139,1–2 years,30–39
202301108,1108,2023,Non-manager,Sweden,Technology & IT Strategy,2022-06-08,2022-01-27,5,53900,151,1–2 years,30–39
202301109,1109,2023,Non-manager,Germany,Digital Marketing & Growth,,2023-07-29,3,33100,114,Not available,Under 30
202301110,1110,2023,Manager,Denmark,Digital Strategy Consulting,2022-01-24,2023-07-19,3,134600,85,1–2 years,40–49
202301111,1111,2023,Manager,Sweden,Data & Analytics Consulting,,2023-11-27,7,123400,124,Not available,30–39
202301112,1112,2023,Non-manager,France,Sales & Business Development,,2023-10-19,2,55100,119,Not available,Under 30
202301113,1113,2023,Non-manager,Spain,Human Resources,,2023-09-29,3,56700,134,Not available,40–49
202301114,1114,2023,Non-manager,Spain,Finance & Operations,,2023-12-12,6,28000,87,Not available,Under 30
202301115,1115,2023,Non-manager,Germany,Customer Experience & Design,2023-05-02,2023-08-26,3,52100,109,Less than 1 year,30–39
202301116,1116,2023,Non-manager,Denmark,Customer Experience & Design,,2022-07-05,4,75200,98,Not available,30–39
202301117,1117,2023,Manager,Sweden,Data & Analytics Consulting,2023-04-01,2023-11-21,7,71900,110,Less than 1 year,30–39
202301118,1118,2023,Non-manager,Germany,Digital Strategy Consulting,,2021-12-03,2,45700,134,Not available,30–39
202301119,1119,2023,Non-manager,Germany,Human Resources,2023-04-30,2021-06-11,5,45000,126,Less than 1 year,30–39
202301120,1120,2023,Non-manager,France,Data & Analytics Consulting,,2023-11-02,4,42600,113,Not available,Under 30
202301121,1121,2023,Non-manager,Sweden,Digital Strategy Consulting,2023-09-14,2022-01-27,4,46700,136,Less than 1 year,30–39
202301122,1122,2023,Non-manager,Sweden,Sales & Business Development,2023-01-25,,7,60300,122,Less than 1 year,30–39
202301123,1123,2023,Manager,Sweden,Digital Strategy Consulting,2021-12-28,2021-11-09,3,101600,114,1–2 years,40–49
202301124,1124,2023,Non-manager,Sweden,Transformation & Change Management,2019-06-27,2023-10-14,7,65500,128,3–5 years,40–49
202301125,1125,2023,Manager,Sweden,Data & Analytics Consulting,2022-10-19,2023-04-03,5,74800,117,1–2 years,30–39
202301126,1126,2023,Non-manager,France,Data & Analytics Consulting,2021-09-09,2023-11-02,4,62300,91,1–2 years,30–39
202301127,1127,2023,Non-manager,France,Human Resources,,2022-01-12,5,41400,83,Not available,Under 30
202301128,1128,2023,Non-manager,Sweden,Digital Strategy Consulting,2023-09-28,2023-09-30,1,44500,120,Less than 1 year,Under 30
202301129,1129,2023,Non-manager,Germany,Cybersecurity & Digital Risk,,2023-12-22,12,63100,119,Not available,30–39
202301130,1130,2023,Non-manager,Germany,Data & Analytics Consulting,2022-02-10,,1,45800,130,1–2 years,30–39
202301131,1131,2023,Manager,Germany,Transformation & Change Management,,2022-04-11,4,122100,111,Not available,40–49
202301132,1132,2023,Non-manager,Sweden,Customer Experience & Design,2019-04-02,2023-04-11,5,66600,128,3–5 years,40–49
202301133,1133,2023,Non-manager,Sweden,Transformation & Change Management,2018-02-10,2023-09-23,9,77800,90,3–5 years,30–39
202301134,1134,2023,Non-manager,Denmark,Data & Analytics Consulting,,2023-08-17,4,113500,109,Not available,60 and above
202301135,1135,2023,Manager,Sweden,Transformation & Change Management,2019-07-26,,7,125500,81,3–5 years,40–49
202301136,1136,2023,Non-manager,Germany,Digital Marketing & Growth,,2023-11-23,4,30000,103,Not available,30–39
202301137,1137,2023,Non-manager,France,Transformation & Change Management,,2023-12-09,6,30000,115,Not available,30–39
202301138,1138,2023,Non-manager,France,Human Resources,,2023-05-02,2,37700,125,Not available,Under 30
202301139,1139,2023,Non-manager,Denmark,Digital Marketing & Growth,2019-10-20,,7,74500,97,3–5 years,30–39
202301140,1140,2023,Non-manager,Sweden,Digital Strategy Consulting,,2023-10-12,5,52100,138,Not available,Under 30
202301141,1141,2023,Non-manager,Germany,Sales & Business Development,2023-02-06,2022-12-03,5,50200,86,Less than 1 year,30–39
202301142,1142,2023,Non-manager,Sweden,Digital Marketing & Growth,2022-12-05,2021-04-28,5,59100,119,1–2 years,30–39
202301143,1143,2023,Non-manager,Sweden,Digital Strategy Consulting,2022-05-24,,6,50500,105,1–2 years,30–39
202301144,1144,2023,Non-manager,Sweden,Finance & Operations,2021-07-16,2022-07-17,2,53900,98,1–2 years,30–39
202301145,1145,2023,Non-manager,Sweden,Digital Marketing & Growth,2023-10-08,2021-11-08,7,55900,123,Less than 1 year,30–39
202301146,1146,2023,Non-manager,Sweden,Digital Strategy Consulting,2021-11-26,,1,50700,111,1–2 years,30–39
202301147,1147,2023,Non-manager,Germany,Digital Strategy Consulting,2020-09-22,2022-01-13,2,88100,134,3–5 years,40–49
202301148,1148,2023,Non-manager,Sweden,Sales & Business Development,2016-08-18,2022-07-08,3,65600,148,6–10 years,40–49
202301149,1149,2023,Manager,Sweden,Transformation & Change Management,2017-11-06,,4,127700,106,6–10 years,30–39
202301150,1150,2023,Non-manager,Sweden,Sales & Business Development,,2023-06-27,9,39200,133,Not available,30–39
202301151,1151,2023,Non-manager,France,Digital Strategy Consulting,2023-12-02,,7,51200,128,Less than 1 year,30–39
202301152,1152,2023,Manager,Germany,Sales & Business Development,2023-12-16,2023-12-06,4,60600,100,Less than 1 year,Under 30
202301153,1153,2023,Non-manager,Sweden,Human Resources,,2021-07-31,4,43400,81,Not available,30–39
202301154,1154,2023,Non-manager,Denmark,Cybersecurity & Digital Risk,2023-07-05,,5,65400,111,Less than 1 year,30–39
202301155,1155,2023,Non-manager,Denmark,Sales & Business Development,2019-05-05,2023-07-08,12,108800,123,3–5 years,40–49
202301156,1156,2023,Non-manager,Sweden,Transformation & Change Management,2023-05-26,2021-09-03,5,53500,138,Less than 1 year,40–49
202301157,1157,2023,Non-manager,Germany,Technology & IT Strategy,,2023-08-12,7,37600,117,Not available,Under 30
202301158,1158,2023,Manager,Denmark,Finance & Operations,2022-07-19,2022-05-08,3,90700,118,1–2 years,30–39
202301159,1159,2023,Non-manager,France,Customer Experience & Design,2022-02-02,2022-04-01,5,52000,123,1–2 years,30–39
202301160,1160,2023,Non-manager,France,Data & Analytics Consulting,,2023-07-15,3,35200,98,Not available,Under 30
202301161,1161,2023,Non-manager,Denmark,Data & Analytics Consulting,,2023-12-24,4,80900,127,Not available,30–39
202301162,1162,2023,Manager,Germany,Sales & Business Development,2021-11-07,2023-10-20,2,88500,85,1–2 years,Under 30
202301163,1163,2023,Non-manager,Spain,Finance & Operations,2023-01-20,2023-04-07,6,28000,131,Less than 1 year,30–39
202301164,1164,2023,Manager,Denmark,Data & Analytics Consulting,,2022-05-04,7,117700,71,Not available,30–39
202301165,1165,2023,Non-manager,Sweden,Human Resources,,2023-08-23,7,36400,79,Not available,Under 30
202301166,1166,2023,Non-manager,Sweden,Transformation & Change Management,2022-12-21,,2,46300,114,1–2 years,30–39
202301167,1167,2023,Non-manager,Denmark,Digital Marketing & Growth,,,8,56800,75,Not available,30–39
202301168,1168,2023,Manager,Sweden,Transformation & Change Management,2021-03-03,2022-02-04,7,91600,118,1–2 years,40–49
202301169,1169,2023,Non-manager,Denmark,Technology & IT Strategy,,2023-05-19,3,51500,108,Not available,30–39
202301170,1170,2023,Non-manager,Sweden,Digital Strategy Consulting,,2021-06-30,12,60800,94,Not available,30–39
202301171,1171,2023,Non-manager,France,Finance & Operations,,2023-11-22,5,31400,104,Not available,Under 30
202301172,1172,2023,Non-manager,Sweden,Digital Strategy Consulting,2021-03-04,2022-09-11,10,61700,153,1–2 years,40–49
202301173,1173,2023,Non-manager,Germany,Customer Experience & Design,2022-06-27,2021-04-09,6,51400,131,1–2 years,Under 30
202301174,1174,2023,Non-manager,Germany,Customer Experience & Design,2022-09-03,2021-12-27,7,43800,100,1–2 years,Under 30
202301175,1175,2023,Non-manager,Denmark,Data & Analytics Consulting,,2021-12-29,6,61300,127,Not available,30–39
202301176,1176,2023,Non-manager,Denmark,Digital Strategy Consulting,,2023-08-08,4,82200,137,Not available,30–39
202301177,1177,2023,Manager,Sweden,Finance & Operations,,2023-04-20,5,83700,118,Not available,30–39
202301178,1178,2023,Non-manager,Germany,Cybersecurity & Digital Risk,2020-11-02,2022-05-07,4,54600,116,3–5 years,30–39
202301179,1179,2023,Non-manager,Spain,Technology & IT Strategy,2023-10-29,,6,40000,109,Less than 1 year,30–39
202301180,1180,2023,Manager,Sweden,Human Resources,2022-11-27,2023-12-14,5,67300,94,1–2 years,30–39
202301181,1181,2023,Non-manager,Spain,Technology & IT Strategy,,,8,69000,129,Not available,40–49
202301182,1182,2023,Non-manager,Spain,Data & Analytics Consulting,,2023-12-28,4,44200,108,Not available,Under 30
202301183,1183,2023,Non-manager,Denmark,Data & Analytics Consulting,2023-07-14,,5,62000,135,Less than 1 year,30–39
202301184,1184,2023,Manager,Sweden,Digital Strategy Consulting,,2023-12-10,4,167100,104,Not available,50–59
202301185,1185,2023,Manager,Spain,Sales & Business Development,,2023-07-13,4,79400,98,Not available,Under 30
202301186,1186,2023,Non-manager,Denmark,Technology & IT Strategy,,,3,111600,105,Not available,40–49
202301187,1187,2023,Manager,Sweden,Data & Analytics Consulting,,,9,64500,117,Not available,Under 30
202301188,1188,2023,Non-manager,Spain,Finance & Operations,,,3,62200,118,Not available,50–59
202301189,1189,2023,Manager,Sweden,Technology & IT Strategy,2022-04-27,2023-11-29,6,90400,84,1–2 years,30–39
202301190,1190,2023,Manager,France,Human Resources,2020-12-07,,3,88200,114,3–5 years,30–39
202301191,1191,2023,Non-manager,Sweden,Customer Experience & Design,,,4,80900,94,Not available,50–59
202301192,1192,2023,Non-manager,Sweden,Digital Marketing & Growth,2023-08-06,2023-03-05,5,49900,108,Less than 1 year,30–39
202301193,1193,2023,Non-manager,Sweden,Sales & Business Development,,2021-08-30,4,82400,108,Not available,40–49
202301194,1194,2023,Non-manager,Denmark,Data & Analytics Consulting,,2023-03-15,8,70600,108,Not available,30–39
202301195,1195,2023,Manager,Spain,Human Resources,,2021-11-27,9,78700,124,Not available,30–39
202301196,1196,2023,Non-manager,France,Data & Analytics Consulting,2022-08-21,2021-12-12,6,48200,111,1–2 years,Under 30
202301197,1197,2023,Non-manager,Germany,Digital Strategy Consulting,,,4,79500,99,Not available,40–49
202301198,1198,2023,Manager,Spain,Sales & Business Development,2023-10-10,2021-12-21,3,63300,98,Less than 1 year,Under 30
202301199,1199,2023,Non-manager,Germany,Data & Analytics Consulting,2023-12-11,2022-06-26,6,39400,107,Less than 1 year,Under 30
202301200,1200,2023,Non-manager,France,Customer Experience & Design,2023-02-01,2023-10-25,6,63300,123,Less than 1 year,40–49
202301201,1201,2023,Non-manager,Germany,Digital Strategy Consulting,2021-05-18,2021-06-07,8,69700,129,1–2 years,Under 30
202301202,1202,2023,Non-manager,France,Sales & Business Development,2023-05-08,2023-10-10,3,32600,140,Less than 1 year,30–39
202301203,1203,2023,Non-manager,Sweden,Data & Analytics Consulting,,,1,79900,100,Not available,30–39
202301204,1204,2023,Non-manager,Germany,Technology & IT Strategy,2022-03-19,,6,51700,85,1–2 years,30–39
202301205,1205,2023,Manager,Sweden,Transformation & Change Management,,2022-05-05,8,88700,76,Not available,Under 30
202301206,1206,2023,Manager,France,Digital Strategy Consulting,2023-09-03,2023-09-30,4,67200,146,Less than 1 year,30–39
202301207,1207,2023,Non-manager,Sweden,Technology & IT Strategy,,2022-03-21,8,62000,110,Not available,Under 30
202301208,1208,2023,Non-manager,Spain,Technology & IT Strategy,2022-08-08,2023-10-07,9,39100,120,1–2 years,30–39
202301209,1209,2023,Non-manager,Denmark,Customer Experience & Design,2022-11-23,2021-06-03,8,57300,55,1–2 years,Under 30
202301210,1210,2023,Non-manager,Germany,Data & Analytics Consulting,,2021-12-12,3,66200,50,Not available,30–39
202301211,1211,2023,Manager,Spain,Technology & IT Strategy,2021-06-25,2022-01-20,7,77200,128,1–2 years,40–49
202301212,1212,2023,Non-manager,Sweden,Technology & IT Strategy,,2021-06-18,6,54700,134,Not available,30–39
202301213,1213,2023,Non-manager,Denmark,Human Resources,,2023-10-20,0,49700,104,Not available,Under 30
202301214,1214,2023,Manager,Germany,Sales & Business Development,,2021-09-09,2,78900,100,Not available,Under 30
202301215,1215,2023,Non-manager,Sweden,Transformation & Change Management,,,5,57900,141,Not available,Under 30
202301216,1216,2023,Manager,France,Data & Analytics Consulting,,2023-06-11,7,76600,114,Not available,30–39
202301217,1217,2023,Non-manager,France,Transformation & Change Management,2022-07-22,,2,39900,88,1–2 years,Under 30
202301218,1218,2023,Non-manager,Spain,Transformation & Change Management,,,6,40700,114,Not available,Under 30
202301219,1219,2023,Non-manager,Denmark,Finance & Operations,,,7,98200,83,Not available,40–49
202301220,1220,2023,Non-manager,Spain,Digital Strategy Consulting,2023-11-11,2021-07-06,8,38400,117,Less than 1 year,Under 30
202301221,1221,2023,Non-manager,France,Customer Experience & Design,2023-01-04,,4,48300,99,Less than 1 year,Under 30
202301222,1222,2023,Non-manager,Denmark,Data & Analytics Consulting,2021-12-09,2023-10-20,9,52300,105,1–2 years,30–39
202301223,1223,2023,Non-manager,Spain,Data & Analytics Consulting,,2021-01-11,1,43500,128,Not available,30–39
202301224,1224,2023,Non-manager,Spain,Data & Analytics Consulting,,,3,31800,89,Not available,30–39
202301225,1225,2023,Non-manager,Denmark,Transformation & Change Management,,,2,42500,105,Not available,30–39
202301226,1226,2023,Manager,Germany,Data & Analytics Consulting,,2023-02-07,3,89700,106,Not available,30–39
202301227,1227,2023,Non-manager,Sweden,Digital Strategy Consulting,2023-08-03,2023-11-10,4,39300,104,Less than 1 year,Under 30
202301228,1228,2023,Non-manager,Spain,Technology & IT Strategy,,2023-12-29,4,37300,130,Not available,Under 30
202301229,1229,2023,Manager,Sweden,Data & Analytics Consulting,2021-06-02,2022-12-18,2,108800,124,1–2 years,30–39
202301230,1230,2023,Non-manager,Sweden,Transformation & Change Management,,,6,53300,124,Not available,Under 30
202301231,1231,2023,Non-manager,Denmark,Technology & IT Strategy,2023-11-04,2022-01-21,4,62200,110,Less than 1 year,30–39
202301232,1232,2023,Manager,Sweden,Customer Experience & Design,2015-09-14,,9,137200,112,6–10 years,50–59
202301233,1233,2023,Non-manager,Spain,Data & Analytics Consulting,2018-10-04,2023-04-25,3,66600,133,3–5 years,40–49
202301234,1234,2023,Non-manager,Denmark,Transformation & Change Management,2020-05-15,2022-07-09,6,68600,121,3–5 years,30–39
202301235,1235,2023,Non-manager,Sweden,Transformation & Change Management,2023-12-22,2023-12-26,4,33700,99,Less than 1 year,Under 30
202301236,1236,2023,Non-manager,Sweden,Technology & IT Strategy,2022-08-08,2022-10-12,2,43300,94,1–2 years,Under 30
202301237,1237,2023,Non-manager,Germany,Technology & IT Strategy,,2023-08-04,3,40500,143,Not available,30–39
202301238,1238,2023,Non-manager,Sweden,Transformation & Change Management,2022-11-01,,8,47600,132,1–2 years,30–39
202301239,1239,2023,Non-manager,Sweden,Technology & IT Strategy,2019-12-05,,4,63400,139,3–5 years,40–49
202301240,1240,2023,Manager,Germany,Digital Marketing & Growth,2022-05-10,2021-02-09,4,85900,126,1–2 years,Under 30
202301241,1241,2023,Manager,Germany,Technology & IT Strategy,2021-03-02,2023-07-25,4,129300,133,1–2 years,40–49
202301242,1242,2023,Non-manager,Sweden,Customer Experience & Design,,,8,43400,111,Not available,30–39
202301243,1243,2023,Non-manager,Denmark,Technology & IT Strategy,,2021-07-27,6,113700,116,Not available,40–49
202301244,1244,2023,Non-manager,Spain,Data & Analytics Consulting,,2022-11-17,4,46100,133,Not available,Under 30
202301245,1245,2023,Manager,Germany,Digital Marketing & Growth,,2021-06-12,7,73600,67,Not available,30–39
202301246,1246,2023,Non-manager,France,Customer Experience & Design,2021-09-16,2023-06-18,11,57400,117,1–2 years,30–39
202301247,1247,2023,Manager,Sweden,Sales & Business Development,,,6,107200,124,Not available,40–49
202301248,1248,2023,Non-manager,Denmark,Digital Marketing & Growth,,2023-07-06,3,43300,119,Not available,Under 30
202301249,1249,2023,Manager,Spain,Digital Strategy Consulting,2019-10-12,2021-01-29,5,83600,129,3–5 years,50–59
202301250,1250,2023,Manager,Germany,Technology & IT Strategy,2023-06-01,2023-11-12,4,69100,101,Less than 1 year,30–39
202301251,1251,2023,Non-manager,Denmark,Digital Strategy Consulting,,2023-10-11,1,40200,104,Not available,Under 30
202301252,1252,2023,Non-manager,Germany,Transformation & Change Management,2023-11-25,2023-09-06,11,44600,126,Less than 1 year,Under 30
202301253,1253,2023,Non-manager,Sweden,Customer Experience & Design,,2023-12-22,1,37400,115,Not available,Under 30
202301254,1254,2023,Non-manager,Sweden,Finance & Operations,2023-04-22,2023-06-26,2,45600,140,Less than 1 year,30–39
202301255,1255,2023,Non-manager,Sweden,Technology & IT Strategy,,2021-01-30,4,80100,82,Not available,30–39
202301256,1256,2023,Non-manager,Germany,Customer Experience & Design,,2022-02-13,8,54000,117,Not available,40–49
202301257,1257,2023,Manager,Sweden,Transformation & Change Management,2019-12-10,,8,128300,113,3–5 years,40–49
202301258,1258,2023,Non-manager,Denmark,Transformation & Change Management,,,4,66500,93,Not available,30–39
202301259,1259,2023,Non-manager,Sweden,Technology & IT Strategy,2019-07-09,2023-10-07,6,52800,120,3–5 years,30–39
202301260,1260,2023,Non-manager,Denmark,Digital Strategy Consulting,2023-04-06,2022-07-15,8,52300,93,Less than 1 year,Under 30
202301261,1261,2023,Manager,Sweden,Digital Strategy Consulting,,2023-05-08,2,75700,93,Not available,Under 30
202301262,1262,2023,Non-manager,Sweden,Digital Strategy Consulting,2020-07-02,2022-03-07,3,55800,98,3–5 years,30–39
202301263,1263,2023,Non-manager,France,Transformation & Change Management,,2022-03-05,4,48100,104,Not available,30–39
202301264,1264,2023,Non-manager,Sweden,Sales & Business Development,,2022-01-08,9,59000,130,Not available,40–49
202301265,1265,2023,Manager,Germany,Technology & IT Strategy,2023-09-10,,4,89200,91,Less than 1 year,30–39
202301266,1266,2023,Manager,Spain,Data & Analytics Consulting,2023-08-17,2023-08-25,1,81200,129,Less than 1 year,30–39
202301267,1267,2023,Non-manager,Sweden,Transformation & Change Management,2020-03-15,2021-10-20,4,51000,90,3–5 years,30–39
202301268,1268,2023,Non-manager,Germany,Customer Experience & Design,2023-06-20,2022-04-09,3,44000,81,Less than 1 year,Under 30
202301269,1269,2023,Non-manager,France,Technology & IT Strategy,2021-04-21,2021-10-26,5,60300,128,1–2 years,30–39
202301270,1270,2023,Non-manager,Germany,Technology & IT Strategy,,2022-01-01,9,64700,135,Not available,Under 30
202301271,1271,2023,Non-manager,Denmark,Digital Strategy Consulting,2022-04-13,2023-02-06,8,44000,111,1–2 years,30–39
202301272,1272,2023,Non-manager,Germany,Digital Marketing & Growth,,2023-12-25,4,37800,99,Not available,30–39
202301273,1273,2023,Non-manager,Sweden,Finance & Operations,2023-07-21,2022-05-11,10,54900,103,Less than 1 year,30–39
202301274,1274,2023,Non-manager,Spain,Finance & Operations,2020-12-06,2021-07-30,3,33400,101,3–5 years,30–39
202301275,1275,2023,Manager,Sweden,Digital Strategy Consulting,2023-09-24,2022-10-10,6,82800,106,Less than 1 year,30–39
202301276,1276,2023,Manager,Denmark,Finance & Operations,2022-04-10,,3,139700,95,1–2 years,30–39
202301277,1277,2023,Non-manager,Sweden,Digital Strategy Consulting,2022-11-29,2023-10-14,5,41600,106,1–2 years,30–39
202301278,1278,2023,Manager,Sweden,Human Resources,,,7,65700,90,Not available,30–39
202301279,1279,2023,Non-manager,France,Human Resources,,2023-08-14,3,40300,87,Not available,Under 30
202301280,1280,2023,Manager,Sweden,Data & Analytics Consulting,,2022-07-31,5,114400,129,Not available,40–49
202301281,1281,2023,Non-manager,Sweden,Sales & Business Development,2017-04-13,2023-10-30,3,86100,81,6–10 years,30–39
202301282,1282,2023,Non-manager,Denmark,Finance & Operations,2023-08-26,2022-11-05,6,57300,106,Less than 1 year,40–49
202301283,1283,2023,Non-manager,Sweden,Data & Analytics Consulting,2021-11-14,,12,51700,120,1–2 years,30–39
202301284,1284,2023,Manager,Spain,Sales & Business Development,,2021-09-04,5,72800,120,Not available,Under 30
202301285,1285,2023,Non-manager,Sweden,Customer Experience & Design,,2021-12-11,7,57900,109,Not available,Under 30
202301286,1286,2023,Manager,Germany,Data & Analytics Consulting,2020-10-15,2022-09-02,4,123100,123,3–5 years,50–59
202301287,1287,2023,Non-manager,Sweden,Digital Strategy Consulting,,,6,46600,110,Not available,Under 30
202301288,1288,2023,Manager,France,Transformation & Change Management,,2022-04-16,10,125000,110,Not available,30–39
202301289,1289,2023,Non-manager,Germany,Technology & IT Strategy,2023-06-10,2023-08-20,5,46900,93,Less than 1 year,Under 30
202301290,1290,2023,Non-manager,Denmark,Customer Experience & Design,,2022-01-01,3,87900,134,Not available,30–39
202301291,1291,2023,Manager,Sweden,Sales & Business Development,,2022-11-22,8,174100,105,Not available,50–59
202301292,1292,2023,Non-manager,France,Technology & IT Strategy,,2022-10-24,9,49600,90,Not available,30–39
202301293,1293,2023,Manager,France,Cybersecurity & Digital Risk,,,3,124000,82,Not available,50–59
202301294,1294,2023,Non-manager,Sweden,Technology & IT Strategy,2023-08-20,2023-09-20,8,46900,138,Less than 1 year,Under 30
202301295,1295,2023,Non-manager,Sweden,Data & Analytics Consulting,2023-01-08,2021-10-07,2,55000,106,Less than 1 year,40–49
202301296,1296,2023,Non-manager,Spain,Human Resources,,2022-01-20,4,34100,118,Not available,Under 30
202301297,1297,2023,Non-manager,Spain,Customer Experience & Design,2020-08-27,2022-09-22,4,43200,117,3–5 years,Under 30
202301298,1298,2023,Manager,Sweden,Cybersecurity & Digital Risk,2022-10-15,,4,83600,140,1–2 years,30–39
202301299,1299,2023,Non-manager,Spain,Finance & Operations,,,3,31400,135,Not available,Under 30
202301300,1300,2023,Manager,Sweden,Data & Analytics Consulting,2021-06-29,2021-08-12,6,86500,95,1–2 years,30–39
202301301,1301,2023,Non-manager,Denmark,Data & Analytics Consulting,,2021-01-10,6,99800,128,Not available,40–49
202301302,1302,2023,Non-manager,Denmark,Digital Strategy Consulting,2019-10-15,2023-04-19,5,80100,99,3–5 years,30–39
202301303,1303,2023,Non-manager,Denmark,Customer Experience & Design,,2021-04-19,5,73000,82,Not available,30–39
202301304,1304,2023,Manager,France,Technology & IT Strategy,2019-09-20,2021-12-08,2,87600,79,3–5 years,Under 30
202301305,1305,2023,Non-manager,Spain,Data & Analytics Consulting,,2022-06-07,3,68400,108,Not available,40–49
202301306,1306,2023,Non-manager,Sweden,Customer Experience & Design,2022-10-23,,6,43900,116,1–2 years,30–39
202301307,1307,2023,Non-manager,Sweden,Digital Marketing & Growth,2019-05-10,2023-08-21,5,72100,159,3–5 years,40–49
202301308,1308,2023,Manager,Sweden,Transformation & Change Management,,,0,130100,104,Not available,40–49
202301309,1309,2023,Manager,France,Sales & Business Development,2023-05-19,,4,65600,95,Less than 1 year,30–39
202301310,1310,2023,Manager,Germany,Technology & IT Strategy,,2022-12-07,8,77300,61,Not available,Under 30
202301311,1311,2023,Non-manager,France,Sales & Business Development,2023-05-24,2023-06-01,2,43900,129,Less than 1 year,30–39
202301312,1312,2023,Manager,Sweden,Digital Strategy Consulting,2021-12-02,2021-05-03,6,87200,58,1–2 years,Under 30
202301313,1313,2023,Non-manager,Sweden,Cybersecurity & Digital Risk,,2023-10-10,2,49600,97,Not available,Under 30
202301314,1314,2023,Manager,Germany,Data & Analytics Consulting,2022-11-26,,5,94900,109,1–2 years,30–39
202301315,1315,2023,Non-manager,Germany,Finance & Operations,2023-12-10,,3,32400,130,Less than 1 year,Under 30
202301316,1316,2023,Non-manager,Sweden,Data & Analytics Consulting,,2023-07-05,10,49600,121,Not available,Under 30
202301317,1317,2023,Non-manager,Sweden,Technology & IT Strategy,,2021-10-07,9,67200,93,Not available,Under 30
202301318,1318,2023,Non-manager,Sweden,Data & Analytics Consulting,2023-02-11,2022-12-12,9,57100,116,Less than 1 year,40–49
202301319,1319,2023,Non-manager,Sweden,Customer Experience & Design,2023-07-10,2023-10-12,6,54100,120,Less than 1 year,30–39
202301320,1320,2023,Manager,Sweden,Data & Analytics Consulting,2023-02-01,2023-12-25,4,78900,109,Less than 1 year,30–39
202301321,1321,2023,Non-manager,France,Finance & Operations,2023-11-13,2023-11-28,1,33800,132,Less than 1 year,Under 30
202301322,1322,2023,Non-manager,Denmark,Digital Marketing & Growth,2023-03-12,2023-02-20,4,51600,76,Less than 1 year,30–39
202301323,1323,2023,Non-manager,Denmark,Digital Marketing & Growth,2023-11-26,2021-12-24,2,59500,119,Less than 1 year,Under 30
202301324,1324,2023,Non-manager,Spain,Sales & Business Development,,2021-03-21,9,60300,118,Not available,30–39
202301325,1325,2023,Manager,Sweden,Digital Strategy Consulting,,,4,180300,131,Not available,50–59
202301326,1326,2023,Non-manager,Sweden,Technology & IT Strategy,,,10,50800,112,Not available,Under 30
202301327,1327,2023,Non-manager,Germany,Data & Analytics Consulting,2023-10-21,2022-11-25,6,46700,142,Less than 1 year,Under 30
202301328,1328,2023,Non-manager,France,Transformation & Change Management,2023-10-18,2022-01-19,4,39100,122,Less than 1 year,Under 30
202301329,1329,2023,Manager,Denmark,Customer Experience & Design,,2021-06-06,3,152200,105,Not available,30–39
202301330,1330,2023,Non-manager,Spain,Customer Experience & Design,2019-07-06,,8,49200,94,3–5 years,40–49
202301331,1331,2023,Non-manager,Denmark,Digital Strategy Consulting,,2022-11-28,8,58800,90,Not available,Under 30
202301332,1332,2023,Non-manager,Sweden,Digital Marketing & Growth,,2021-05-10,6,59000,137,Not available,Under 30
202301333,1333,2023,Non-manager,Spain,Cybersecurity & Digital Risk,2023-12-21,2023-01-12,5,49200,84,Less than 1 year,Under 30
202301334,1334,2023,Non-manager,Sweden,Transformation & Change Management,2019-04-01,2023-08-13,6,58800,133,3–5 years,Under 30
202301335,1335,2023,Manager,Germany,Sales & Business Development,2021-01-25,2022-11-30,4,82000,119,1–2 years,30–39
202301336,1336,2023,Non-manager,Sweden,Sales & Business Development,,,3,83500,129,Not available,40–49
202301337,1337,2023,Non-manager,Germany,Finance & Operations,,2023-07-24,4,45000,103,Not available,Under 30
202301338,1338,2023,Manager,Sweden,Cybersecurity & Digital Risk,2023-10-22,2023-08-18,4,75200,134,Less than 1 year,30–39
202301339,1339,2023,Non-manager,France,Customer Experience & Design,2022-01-26,2021-10-26,2,42600,103,1–2 years,30–39
202301340,1340,2023,Non-manager,France,Digital Marketing & Growth,,2023-12-23,5,50000,122,Not available,30–39
202301341,1341,2023,Non-manager,Sweden,Technology & IT Strategy,2023-01-23,2021-04-16,6,47200,93,Less than 1 year,30–39
202301342,1342,2023,Manager,France,Sales & Business Development,,2023-05-07,4,69200,114,Not available,Under 30
202301343,1343,2023,Non-manager,Germany,Data & Analytics Consulting,2021-11-24,2023-02-02,4,46100,127,1–2 years,Under 30
202301344,1344,2023,Non-manager,Sweden,Technology & IT Strategy,,2023-02-08,9,62000,121,Not available,30–39
202301345,1345,2023,Non-manager,Spain,Human Resources,,2021-08-07,0,71500,126,Not available,50–59
202301346,1346,2023,Non-manager,Sweden,Digital Strategy Consulting,,,10,45300,98,Not available,30–39
202301347,1347,2023,Non-manager,France,Digital Strategy Consulting,2023-05-28,2023-01-09,4,37100,105,Less than 1 year,30–39
202301348,1348,2023,Non-manager,Sweden,Sales & Business Development,,2022-12-06,6,47500,124,Not available,Under 30
202301349,1349,2023,Non-manager,Denmark,Customer Experience & Design,,2021-10-18,3,57100,150,Not available,40–49
202301350,1350,2023,Non-manager,Sweden,Human Resources,,2022-03-28,4,38400,118,Not available,Under 30
202301351,1351,2023,Non-manager,Germany,Sales & Business Development,2021-01-19,2021-03-30,5,60000,85,1–2 years,Under 30
202301352,1352,2023,Manager,Spain,Cybersecurity & Digital Risk,2023-09-16,,1,63600,128,Less than 1 year,30–39
202301353,1353,2023,Non-manager,Denmark,Digital Strategy Consulting,,2021-10-07,7,55700,109,Not available,30–39
202301354,1354,2023,Non-manager,Spain,Data & Analytics Consulting,,2022-05-05,3,31400,90,Not available,30–39
202301355,1355,2023,Non-manager,Sweden,Sales & Business Development,2021-06-10,2021-07-27,11,61600,139,1–2 years,40–49
202301356,1356,2023,Manager,France,Technology & IT Strategy,2018-01-27,2023-06-08,5,99200,109,3–5 years,30–39
202301357,1357,2023,Non-manager,France,Finance & Operations,2023-09-10,2023-09-04,5,30000,116,Less than 1 year,Under 30
202301358,1358,2023,Manager,Denmark,Digital Marketing & Growth,,2023-10-06,5,72200,92,Not available,30–39
202301359,1359,2023,Manager,Sweden,Data & Analytics Consulting,,2021-02-21,4,128000,102,Not available,50–59
202301360,1360,2023,Non-manager,Germany,Data & Analytics Consulting,2022-05-15,2022-09-15,3,42900,116,1–2 years,30–39
202301361,1361,2023,Non-manager,Germany,Finance & Operations,2021-04-15,2020-12-31,2,43200,125,1–2 years,40–49
202301362,1362,2023,Non-manager,Sweden,Sales & Business Development,2023-07-09,2022-03-17,2,46700,87,Less than 1 year,30–39
202301363,1363,2023,Manager,France,Data & Analytics Consulting,,2021-03-01,2,78800,76,Not available,30–39
202301364,1364,2023,Non-manager,Sweden,Data & Analytics Consulting,,,8,66300,140,Not available,40–49
202301365,1365,2023,Manager,Sweden,Transformation & Change Management,2023-05-30,2023-07-06,5,77600,117,Less than 1 year,Under 30
202301366,1366,2023,Non-manager,France,Human Resources,2022-09-19,2023-12-05,2,39100,100,1–2 years,30–39
202301367,1367,2023,Non-manager,Spain,Digital Strategy Consulting,,2021-11-28,9,46800,130,Not available,30–39
202301368,1368,2023,Non-manager,Sweden,Transformation & Change Management,,2021-10-01,2,49700,134,Not available,30–39
202301369,1369,2023,Non-manager,Sweden,Finance & Operations,2021-12-26,2023-01-27,6,45200,94,1–2 years,Under 30
202301370,1370,2023,Manager,Sweden,Data & Analytics Consulting,2022-08-25,2022-05-23,5,105600,111,1–2 years,30–39
202301371,1371,2023,Non-manager,Denmark,Data & Analytics Consulting,2021-06-03,,8,67100,117,1–2 years,30–39
202301372,1372,2023,Manager,Denmark,Technology & IT Strategy,,2021-01-06,4,150200,106,Not available,30–39
202301373,1373,2023,Non-manager,France,Transformation & Change Management,,2023-11-08,1,33500,119,Not available,Under 30
202301374,1374,2023,Non-manager,Sweden,Transformation & Change Management,,2023-11-14,4,38800,129,Not available,Under 30
202301375,1375,2023,Manager,Sweden,Technology & IT Strategy,2023-01-13,2022-11-03,4,74800,81,Less than 1 year,Under 30
202301376,1376,2023,Non-manager,Denmark,Digital Strategy Consulting,2019-04-09,2023-12-01,6,76700,146,3–5 years,Under 30
202301377,1377,2023,Non-manager,Sweden,Data & Analytics Consulting,,2023-12-24,6,44100,123,Not available,30–39
202301378,1378,2023,Non-manager,Sweden,Digital Strategy Consulting,2021-12-10,2023-10-22,3,49500,108,1–2 years,Under 30
202301379,1379,2023,Manager,Sweden,Finance & Operations,2023-11-26,2022-09-23,3,94700,111,Less than 1 year,30–39
202301380,1380,2023,Manager,Sweden,Human Resources,2023-02-26,,3,89800,119,Less than 1 year,30–39
202301381,1381,2023,Non-manager,Denmark,Transformation & Change Management,,2021-04-18,1,68700,123,Not available,40–49
202301382,1382,2023,Non-manager,Sweden,Sales & Business Development,,2023-09-11,9,45900,150,Not available,30–39
202301383,1383,2023,Non-manager,Germany,Technology & IT Strategy,2021-06-12,2021-01-15,2,58100,104,1–2 years,30–39
202301384,1384,2023,Manager,Sweden,Data & Analytics Consulting,2022-03-28,2023-07-18,3,112000,75,1–2 years,40–49
202301385,1385,2023,Non-manager,Germany,Transformation & Change Management,,,11,53500,128,Not available,Under 30
202301386,1386,2023,Non-manager,Sweden,Digital Strategy Consulting,,2023-09-10,7,86600,124,Not available,40–49
202301387,1387,2023,Non-manager,Sweden,Technology & IT Strategy,,2023-03-10,8,45000,122,Not available,Under 30
202301388,1388,2023,Manager,Denmark,Transformation & Change Management,2014-05-04,2021-04-07,5,146100,115,6–10 years,40–49
202301389,1389,2023,Manager,Sweden,Transformation & Change Management,,2021-01-09,16,99900,122,Not available,40–49
202301390,1390,2023,Non-manager,Sweden,Sales & Business Development,,,4,38500,111,Not available,30–39
202301391,1391,2023,Non-manager,Denmark,Transformation & Change Management,2021-12-09,,8,56400,95,1–2 years,30–39
202301392,1392,2023,Manager,Sweden,Digital Marketing & Growth,2022-12-29,2023-01-31,5,90200,109,1–2 years,30–39
202301393,1393,2023,Non-manager,France,Sales & Business Development,,2022-10-07,4,55300,123,Not available,30–39
202301394,1394,2023,Non-manager,Germany,Customer Experience & Design,2018-11-23,2023-08-02,2,67100,119,3–5 years,50–59
202301395,1395,2023,Non-manager,Spain,Data & Analytics Consulting,,,5,33800,107,Not available,30–39
202301396,1396,2023,Manager,Sweden,Digital Strategy Consulting,,2022-11-04,8,101000,99,Not available,30–39
202301397,1397,2023,Non-manager,France,Cybersecurity & Digital Risk,2022-07-11,2022-02-18,4,60000,125,1–2 years,40–49
202301398,1398,2023,Non-manager,Sweden,Sales & Business Development,,2023-02-27,4,99100,126,Not available,40–49
202301399,1399,2023,Non-manager,Spain,Human Resources,2020-11-15,2021-08-10,5,35000,98,3–5 years,40–49
202301400,1400,2023,Non-manager,Spain,Transformation & Change Management,,2023-06-13,3,29400,102,Not available,30–39
202301401,1401,2023,Manager,France,Data & Analytics Consulting,,2022-03-15,3,89600,116,Not available,30–39
202301402,1402,2023,Manager,Sweden,Sales & Business Development,,2023-02-27,4,61900,91,Not available,Under 30
202301403,1403,2023,Non-manager,Sweden,Data & Analytics Consulting,,2023-04-16,6,61000,111,Not available,40–49
202301404,1404,2023,Manager,France,Data & Analytics Consulting,,2023-12-13,8,59800,103,Not available,Under 30
202301405,1405,2023,Non-manager,Sweden,Digital Strategy Consulting,2023-09-23,,7,44100,135,Less than 1 year,30–39
202301406,1406,2023,Manager,Spain,Digital Strategy Consulting,,,5,108900,123,Not available,50–59
202301407,1407,2023,Non-manager,Sweden,Technology & IT Strategy,,2023-10-24,7,83800,150,Not available,40–49
202301408,1408,2023,Non-manager,Denmark,Digital Strategy Consulting,2022-01-10,2023-10-28,4,51000,109,1–2 years,Under 30
202301409,1409,2023,Non-manager,Denmark,Customer Experience & Design,2021-07-20,,4,55100,110,1–2 years,Under 30
202301410,1410,2023,Manager,Sweden,Customer Experience & Design,2023-03-21,2023-08-13,4,64600,129,Less than 1 year,Under 30
202301411,1411,2023,Manager,Denmark,Sales & Business Development,,2021-07-08,4,109800,99,Not available,30–39
202301412,1412,2023,Non-manager,Sweden,Digital Strategy Consulting,2021-03-21,2022-09-25,9,50300,117,1–2 years,30–39
202301413,1413,2023,Non-manager,Germany,Customer Experience & Design,,,4,78900,82,Not available,40–49
202301414,1414,2023,Non-manager,Germany,Transformation & Change Management,,,4,45300,131,Not available,Under 30
202301415,1415,2023,Non-manager,Sweden,Human Resources,,2022-11-24,3,50300,92,Not available,30–39
202301416,1416,2023,Manager,Denmark,Human Resources,,2022-07-01,3,83300,74,Not available,Under 30
202301417,1417,2023,Manager,Sweden,Sales & Business Development,2021-11-08,2023-08-02,6,91800,77,1–2 years,Under 30
202301418,1418,2023,Manager,France,Customer Experience & Design,,2021-05-15,3,120600,93,Not available,40–49
202301419,1419,2023,Non-manager,Sweden,Technology & IT Strategy,2020-07-28,,4,80300,105,3–5 years,30–39
202301420,1420,2023,Non-manager,Germany,Customer Experience & Design,,2023-10-28,4,39000,84,Not available,Under 30
202301421,1421,2023,Manager,Sweden,Technology & IT Strategy,2023-09-24,2021-09-12,7,82100,124,Less than 1 year,30–39
202301422,1422,2023,Non-manager,Sweden,Human Resources,2022-06-02,2021-03-20,3,52800,67,1–2 years,40–49
202301423,1423,2023,Manager,Sweden,Transformation & Change Management,2022-03-22,2021-11-02,0,76700,73,1–2 years,30–39
202301424,1424,2023,Non-manager,Sweden,Digital Marketing & Growth,2022-03-20,2023-12-22,7,38600,108,1–2 years,30–39
202301425,1425,2023,Manager,Germany,Digital Strategy Consulting,2019-02-03,,4,109900,118,3–5 years,30–39
202301426,1426,2023,Manager,Sweden,Data & Analytics Consulting,,,3,128900,118,Not available,50–59
202301427,1427,2023,Non-manager,Germany,Digital Strategy Consulting,,,0,77300,110,Not available,30–39
202301428,1428,2023,Non-manager,Sweden,Digital Strategy Consulting,2023-03-08,,6,57800,82,Less than 1 year,30–39
202301429,1429,2023,Non-manager,Sweden,Data & Analytics Consulting,2021-06-24,,3,53900,128,1–2 years,30–39
202301430,1430,2023,Non-manager,Germany,Sales & Business Development,,2022-05-12,6,82300,115,Not available,30–39
202301431,1431,2023,Non-manager,Germany,Digital Marketing & Growth,2020-11-10,2023-02-02,4,46400,108,3–5 years,Under 30
202301432,1432,2023,Non-manager,France,Finance & Operations,,2021-03-29,4,89800,96,Not available,40–49
202301433,1433,2023,Manager,Spain,Digital Strategy Consulting,2023-12-31,2023-12-16,3,42100,104,Less than 1 year,Under 30
202301434,1434,2023,Non-manager,Sweden,Human Resources,,2023-09-21,2,35700,118,Not available,Under 30
202301435,1435,2023,Non-manager,Germany,Human Resources,2021-03-05,2021-07-26,5,39600,78,1–2 years,Under 30
202301436,1436,2023,Non-manager,Denmark,Customer Experience & Design,2023-03-06,2023-11-22,2,51100,131,Less than 1 year,30–39
202301437,1437,2023,Non-manager,France,Transformation & Change Management,2023-08-04,2022-01-24,5,42400,94,Less than 1 year,40–49
202301438,1438,2023,Non-manager,Germany,Digital Marketing & Growth,,2021-03-12,12,58500,127,Not available,30–39
202301439,1439,2023,Non-manager,France,Cybersecurity & Digital Risk,2021-05-27,2021-05-26,4,53900,107,1–2 years,30–39
202301440,1440,2023,Non-manager,Sweden,Transformation & Change Management,,2022-08-17,9,50600,129,Not available,Under 30
202301441,1441,2023,Non-manager,France,Data & Analytics Consulting,2023-10-21,2022-11-15,5,40500,155,Less than 1 year,30–39
202301442,1442,2023,Manager,Sweden,Transformation & Change Management,2023-05-18,2021-10-17,7,77300,105,Less than 1 year,Under 30
202301443,1443,2023,Manager,Spain,Digital Marketing & Growth,,,9,79700,92,Not available,30–39
202301444,1444,2023,Non-manager,Sweden,Data & Analytics Consulting,,2023-02-18,3,37500,135,Not available,Under 30
202301445,1445,2023,Non-manager,Spain,Data & Analytics Consulting,2019-08-28,2022-05-11,3,45400,90,3–5 years,30–39
202301446,1446,2023,Non-manager,France,Finance & Operations,2021-10-14,2021-09-29,6,43300,154,1–2 years,30–39
202301447,1447,2023,Non-manager,France,Human Resources,2020-06-06,2021-01-21,4,48000,87,3–5 years,30–39
202301448,1448,2023,Non-manager,Spain,Digital Strategy Consulting,2022-03-23,,3,34700,116,1–2 years,30–39
202301449,1449,2023,Non-manager,Sweden,Digital Strategy Consulting,2023-12-10,2023-08-19,7,59500,118,Less than 1 year,30–39
202301450,1450,2023,Non-manager,Denmark,Finance & Operations,,2023-11-12,3,102000,99,Not available,40–49
202301451,1451,2023,Non-manager,Spain,Digital Strategy Consulting,2022-12-25,2022-05-24,1,35500,122,1–2 years,Under 30
202301452,1452,2023,Non-manager,Germany,Digital Strategy Consulting,,2023-12-08,0,43200,68,Not available,Under 30
202301453,1453,2023,Non-manager,Spain,Cybersecurity & Digital Risk,,2023-12-19,2,28000,96,Not available,Under 30
202301454,1454,2023,Non-manager,Sweden,Data & Analytics Consulting,2023-05-25,,4,37000,112,Less than 1 year,Under 30
202301455,1455,2023,Manager,Sweden,Customer Experience & Design,,,8,131100,118,Not available,30–39
202301456,1456,2023,Non-manager,Sweden,Cybersecurity & Digital Risk,2023-08-08,,8,47700,115,Less than 1 year,30–39
202301457,1457,2023,Non-manager,Sweden,Digital Strategy Consulting,,,4,68500,121,Not available,40–49
202301458,1458,2023,Non-manager,Denmark,Human Resources,2023-01-31,2021-07-08,7,68900,123,Less than 1 year,Under 30
202301459,1459,2023,Non-manager,Sweden,Digital Marketing & Growth,2020-01-13,2022-06-09,4,59800,120,3–5 years,Under 30
202301460,1460,2023,Non-manager,Sweden,Digital Marketing & Growth,,2023-12-26,5,39700,128,Not available,Under 30
202301461,1461,2023,Manager,France,Data & Analytics Consulting,2023-11-20,2023-06-02,2,73200,143,Less than 1 year,30–39
202301462,1462,2023,Non-manager,Sweden,Cybersecurity & Digital Risk,,2022-11-22,5,91000,118,Not available,30–39
202301463,1463,2023,Non-manager,Germany,Customer Experience & Design,,2021-05-18,4,52000,130,Not available,Under 30
202301464,1464,2023,Non-manager,Sweden,Human Resources,2023-12-06,2021-09-04,3,44500,98,Less than 1 year,Under 30
202301465,1465,2023,Manager,Sweden,Human Resources,2021-10-22,2023-03-12,5,74600,92,1–2 years,30–39
202301466,1466,2023,Non-manager,Sweden,Data & Analytics Consulting,2023-02-02,,3,48900,120,Less than 1 year,Under 30
202301467,1467,2023,Non-manager,Sweden,Data & Analytics Consulting,2022-12-25,,7,58600,124,1–2 years,40–49
202301468,1468,2023,Non-manager,Sweden,Transformation & Change Management,,2021-11-17,7,60000,92,Not available,30–39
202301469,1469,2023,Non-manager,Sweden,Sales & Business Development,2021-08-12,2023-06-23,7,45500,115,1–2 years,Under 30
202301470,1470,2023,Non-manager,Germany,Data & Analytics Consulting,2023-11-09,2023-06-11,6,36100,82,Less than 1 year,Under 30
202301471,1471,2023,Non-manager,France,Digital Strategy Consulting,2019-11-04,2022-10-11,4,59100,97,3–5 years,30–39
202301472,1472,2023,Non-manager,Germany,Sales & Business Development,2022-10-28,2023-01-22,3,53500,123,1–2 years,30–39
202301473,1473,2023,Non-manager,Germany,Customer Experience & Design,2021-08-23,2023-09-06,5,47000,124,1–2 years,30–39
202301474,1474,2023,Manager,Spain,Transformation & Change Management,,2021-09-27,7,94000,123,Not available,40–49
202301475,1475,2023,Non-manager,Sweden,Customer Experience & Design,2023-07-18,,6,85400,102,Less than 1 year,40–49
202301476,1476,2023,Non-manager,France,Digital Strategy Consulting,,2023-10-09,2,36700,102,Not available,Under 30
202301477,1477,2023,Non-manager,France,Digital Strategy Consulting,,2021-04-14,2,63700,118,Not available,30–39
202301478,1478,2023,Non-manager,Sweden,Customer Experience & Design,,2022-06-20,7,85300,110,Not available,40–49
202301479,1479,2023,Manager,France,Digital Marketing & Growth,2016-12-05,,3,107000,113,6–10 years,40–49
202301480,1480,2023,Manager,Denmark,Technology & IT Strategy,,2023-12-31,2,68100,106,Not available,Under 30
202301481,1481,2023,Non-manager,France,Digital Strategy Consulting,2023-11-23,,3,35900,108,Less than 1 year,Under 30
202301482,1482,2023,Manager,Germany,Digital Strategy Consulting,,2023-11-21,5,68900,103,Not available,Under 30
202301483,1483,2023,Non-manager,Germany,Sales & Business Development,2015-11-24,2021-11-05,4,77700,124,6–10 years,40–49
202301484,1484,2023,Non-manager,Spain,Technology & IT Strategy,2021-07-15,2023-01-12,2,39700,106,1–2 years,30–39
202301485,1485,2023,Non-manager,Germany,Data & Analytics Consulting,,2023-09-05,2,57600,116,Not available,Under 30
202301486,1486,2023,Manager,Germany,Digital Marketing & Growth,,2022-12-09,4,62700,131,Not available,30–39
202301487,1487,2023,Manager,Sweden,Human Resources,,2023-11-28,3,64700,93,Not available,Under 30
202301488,1488,2023,Non-manager,Germany,Digital Strategy Consulting,,2022-04-13,1,96400,111,Not available,40–49
202301489,1489,2023,Non-manager,Sweden,Finance & Operations,2023-09-25,2021-05-31,3,59300,104,Less than 1 year,30–39
202301490,1490,2023,Non-manager,Sweden,Finance & Operations,,,5,35600,98,Not available,Under 30
202301491,1491,2023,Non-manager,Spain,Transformation & Change Management,,2022-08-13,2,31300,105,Not available,40–49
202301492,1492,2023,Non-manager,Sweden,Data & Analytics Consulting,2023-12-30,2023-07-30,7,59000,132,Less than 1 year,30–39
202301493,1493,2023,Non-manager,Denmark,Finance & Operations,,2023-03-13,7,35500,103,Not available,40–49
202301494,1494,2023,Non-manager,Sweden,Cybersecurity & Digital Risk,2022-06-25,2022-02-08,7,59700,118,1–2 years,Under 30
202301495,1495,2023,Non-manager,France,Transformation & Change Management,,2022-08-04,3,43200,120,Not available,30–39
202301496,1496,2023,Manager,Germany,Transformation & Change Management,2019-11-09,2021-03-19,3,79900,99,3–5 years,30–39
202301497,1497,2023,Manager,Sweden,Data & Analytics Consulting,2020-11-08,2023-04-06,6,86900,113,3–5 years,Under 30
202301498,1498,2023,Non-manager,Denmark,Customer Experience & Design,2022-07-20,2023-04-20,4,45900,83,1–2 years,40–49
202301499,1499,2023,Non-manager,France,Customer Experience & Design,2019-04-15,2023-11-12,6,53400,132,3–5 years,40–49
202301500,1500,2023,Non-manager,Sweden,Finance & Operations,,2021-10-07,8,50000,117,Not available,40–49
202301501,1501,2023,Non-manager,Denmark,Digital Marketing & Growth,,2023-04-03,8,57500,106,Not available,30–39
202301502,1502,2023,Non-manager,Sweden,Technology & IT Strategy,2021-02-24,2022-11-22,7,67600,98,1–2 years,40–49
202301503,1503,2023,Manager,Sweden,Digital Strategy Consulting,,,4,60000,88,Not available,Under 30
202301504,1504,2023,Non-manager,Spain,Digital Marketing & Growth,2021-01-29,2021-04-03,7,35100,65,1–2 years,30–39
202301505,1505,2023,Non-manager,Sweden,Digital Strategy Consulting,,2022-08-21,5,66500,94,Not available,30–39
202301506,1506,2023,Non-manager,Spain,Digital Marketing & Growth,2020-07-31,2022-04-25,4,28000,121,3–5 years,30–39
202301507,1507,2023,Non-manager,Germany,Customer Experience & Design,2021-09-06,2023-02-11,3,86200,121,1–2 years,60 and above
202301508,1508,2023,Non-manager,Germany,Transformation & Change Management,,2022-11-07,4,50100,107,Not available,Under 30
202301509,1509,2023,Non-manager,Sweden,Customer Experience & Design,2019-02-04,,1,68800,122,3–5 years,40–49
202301510,1510,2023,Non-manager,Denmark,Digital Strategy Consulting,,2023-07-01,2,112900,76,Not available,40–49
202301511,1511,2023,Non-manager,Sweden,Technology & IT Strategy,2020-01-26,,6,82200,100,3–5 years,40–49
202301512,1512,2023,Non-manager,Denmark,Transformation & Change Management,2023-11-06,2023-07-10,2,45700,109,Less than 1 year,30–39
202301513,1513,2023,Non-manager,Sweden,Cybersecurity & Digital Risk,,2023-06-15,2,52500,97,Not available,30–39
202301514,1514,2023,Manager,Sweden,Digital Strategy Consulting,2023-01-17,2023-06-23,3,83100,102,Less than 1 year,Under 30
202301515,1515,2023,Manager,Spain,Digital Marketing & Growth,2022-04-15,,5,51700,111,1–2 years,30–39
202301516,1516,2023,Manager,Spain,Digital Strategy Consulting,2019-11-09,2021-11-02,2,77900,82,3–5 years,40–49
202301517,1517,2023,Non-manager,Sweden,Transformation & Change Management,2022-02-13,2023-07-06,5,42400,125,1–2 years,30–39
202301518,1518,2023,Non-manager,Germany,Digital Strategy Consulting,,,6,46800,122,Not available,Under 30
202301519,1519,2023,Non-manager,Denmark,Customer Experience & Design,,2022-07-10,8,46700,104,Not available,Under 30
202301520,1520,2023,Non-manager,Sweden,Digital Strategy Consulting,,,9,79400,114,Not available,40–49
202301521,1521,2023,Non-manager,Germany,Transformation & Change Management,2022-11-23,2023-11-07,6,36900,119,1–2 years,30–39
202301522,1522,2023,Non-manager,Germany,Customer Experience & Design,2023-12-11,2022-06-14,4,34500,129,Less than 1 year,30–39
202301523,1523,2023,Non-manager,Sweden,Customer Experience & Design,2017-01-23,,6,74300,136,6–10 years,30–39
202301524,1524,2023,Manager,Sweden,Technology & IT Strategy,2023-06-08,2023-08-20,3,68600,108,Less than 1 year,Under 30
202301525,1525,2023,Manager,Sweden,Customer Experience & Design,,2022-07-04,4,91300,108,Not available,30–39
202301526,1526,2023,Non-manager,Sweden,Digital Strategy Consulting,2021-05-08,2021-09-11,1,56800,89,1–2 years,30–39
202301527,1527,2023,Non-manager,Spain,Digital Strategy Consulting,,2022-10-04,4,59100,115,Not available,Under 30
202301528,1528,2023,Manager,Denmark,Data & Analytics Consulting,,2023-07-01,5,74700,121,Not available,Under 30
202301529,1529,2023,Manager,Sweden,Sales & Business Development,,2021-11-28,6,78600,109,Not available,30–39
202301530,1530,2023,Non-manager,Germany,Customer Experience & Design,,,3,40600,128,Not available,Under 30
202301531,1531,2023,Manager,Germany,Sales & Business Development,,2023-04-13,5,139400,119,Not available,30–39
202301532,1532,2023,Non-manager,Spain,Customer Experience & Design,,2023-06-14,4,58900,110,Not available,50–59
202301533,1533,2023,Non-manager,Sweden,Digital Strategy Consulting,,2023-10-26,6,38300,133,Not available,30–39
202301534,1534,2023,Non-manager,Germany,Transformation & Change Management,2022-11-22,,1,39100,104,1–2 years,Under 30
202301535,1535,2023,Non-manager,Denmark,Data & Analytics Consulting,2023-08-11,2023-03-26,6,63700,114,Less than 1 year,30–39
202301536,1536,2023,Non-manager,Sweden,Transformation & Change Management,,2022-10-04,6,42200,95,Not available,30–39
202301537,1537,2023,Non-manager,Denmark,Transformation & Change Management,,2022-11-04,9,63900,86,Not available,30–39
202301538,1538,2023,Non-manager,Sweden,Technology & IT Strategy,2014-11-26,,7,90100,110,6–10 years,50–59
202301539,1539,2023,Non-manager,Spain,Sales & Business Development,2023-05-06,,1,29800,106,Less than 1 year,30–39
202301540,1540,2023,Manager,Sweden,Cybersecurity & Digital Risk,,2023-08-28,9,78000,86,Not available,Under 30
202301541,1541,2023,Non-manager,France,Customer Experience & Design,2023-04-02,,3,42100,78,Less than 1 year,40–49
202301542,1542,2023,Non-manager,Denmark,Sales & Business Development,2023-02-20,,1,68300,114,Less than 1 year,40–49
202301543,1543,2023,Non-manager,Germany,Cybersecurity & Digital Risk,2022-12-15,2022-01-15,2,44000,131,1–2 years,Under 30
202301544,1544,2023,Non-manager,Sweden,Human Resources,,2023-02-15,7,84300,95,Not available,50–59
202301545,1545,2023,Non-manager,Germany,Data & Analytics Consulting,,2022-08-09,4,88500,116,Not available,40–49
202301546,1546,2023,Manager,Germany,Technology & IT Strategy,,2021-03-20,3,95000,115,Not available,Under 30
202301547,1547,2023,Non-manager,Sweden,Transformation & Change Management,2014-04-21,2022-04-24,2,89000,80,6–10 years,40–49
202301548,1548,2023,Non-manager,Germany,Data & Analytics Consulting,,2021-11-16,7,60200,140,Not available,40–49
202301549,1549,2023,Non-manager,Spain,Digital Strategy Consulting,,,1,38500,117,Not available,Under 30
202301550,1550,2023,Non-manager,France,Data & Analytics Consulting,2022-12-01,2023-10-10,8,47200,172,1–2 years,Under 30
202301551,1551,2023,Manager,Spain,Transformation & Change Management,,2021-11-06,8,66800,95,Not available,30–39
202301552,1552,2023,Non-manager,Denmark,Sales & Business Development,2021-02-14,2023-11-10,2,63700,125,1–2 years,30–39
202301553,1553,2023,Manager,Sweden,Finance & Operations,,2022-09-03,2,135200,98,Not available,50–59
202301554,1554,2023,Non-manager,Sweden,Transformation & Change Management,,,5,38300,123,Not available,30–39
202301555,1555,2023,Non-manager,France,Technology & IT Strategy,,,9,34800,97,Not available,Under 30
202301556,1556,2023,Manager,Denmark,Sales & Business Development,,2021-02-22,6,154000,140,Not available,30–39
202301557,1557,2023,Non-manager,Spain,Technology & IT Strategy,,2022-03-28,3,64000,130,Not available,50–59
202301558,1558,2023,Manager,Sweden,Transformation & Change Management,2022-02-02,,6,76900,123,1–2 years,Under 30
202301559,1559,2023,Manager,Germany,Transformation & Change Management,,,6,88400,116,Not available,30–39
202301560,1560,2023,Non-manager,Sweden,Sales & Business Development,,2022-02-07,2,47000,156,Not available,Under 30
202301561,1561,2023,Non-manager,Spain,Finance & Operations,2015-10-10,,5,60900,120,6–10 years,40–49
202301562,1562,2023,Non-manager,Sweden,Digital Strategy Consulting,2023-06-09,2022-09-15,4,36800,97,Less than 1 year,30–39
202301563,1563,2023,Non-manager,Sweden,Customer Experience & Design,2023-12-28,2022-01-25,2,47700,120,Less than 1 year,30–39
202301564,1564,2023,Non-manager,Germany,Digital Marketing & Growth,2016-01-28,2021-10-02,3,59100,89,6–10 years,40–49
202301565,1565,2023,Non-manager,Sweden,Digital Strategy Consulting,2020-10-28,2021-10-30,3,39900,137,3–5 years,30–39
202301566,1566,2023,Manager,Sweden,Digital Strategy Consulting,2023-09-02,2023-11-03,3,69500,112,Less than 1 year,30–39
202301567,1567,2023,Manager,Sweden,Customer Experience & Design,2023-08-07,2022-09-27,2,85000,108,Less than 1 year,30–39
202301568,1568,2023,Non-manager,Sweden,Technology & IT Strategy,2022-01-06,2022-12-28,7,60900,116,1–2 years,30–39
202301569,1569,2023,Non-manager,France,Digital Strategy Consulting,2019-07-27,2022-11-05,0,56300,118,3–5 years,40–49
202301570,1570,2023,Non-manager,France,Transformation & Change Management,,2023-12-12,3,30000,100,Not available,Under 30
202301571,1571,2023,Non-manager,Spain,Technology & IT Strategy,2021-08-03,2023-01-12,2,51800,90,1–2 years,30–39
202301572,1572,2023,Non-manager,Germany,Sales & Business Development,,,5,34900,103,Not available,30–39
202301573,1573,2023,Manager,Sweden,Transformation & Change Management,,2023-08-25,4,103900,94,Not available,30–39
202301574,1574,2023,Manager,Sweden,Finance & Operations,,2022-08-23,6,72800,119,Not available,30–39
202301575,1575,2023,Non-manager,Sweden,Digital Strategy Consulting,2023-02-01,,4,42000,131,Less than 1 year,Under 30
202301576,1576,2023,Non-manager,Sweden,Technology & IT Strategy,2023-12-31,2022-01-04,6,45900,110,Less than 1 year,Under 30
202301577,1577,2023,Non-manager,Sweden,Finance & Operations,2023-10-17,2021-02-22,1,42700,105,Less than 1 year,30–39
202301578,1578,2023,Manager,Spain,Sales & Business Development,,2021-08-25,2,78200,139,Not available,30–39
202301579,1579,2023,Non-manager,Sweden,Transformation & Change Management,2023-07-19,2023-06-05,5,36200,152,Less than 1 year,Under 30
202301580,1580,2023,Manager,Germany,Transformation & Change Management,2019-11-13,,4,126900,79,3–5 years,30–39
202301581,1581,2023,Manager,France,Digital Strategy Consulting,2023-12-11,2023-10-28,2,65700,89,Less than 1 year,30–39
202301582,1582,2023,Non-manager,Sweden,Data & Analytics Consulting,2023-05-29,2023-07-06,8,34500,131,Less than 1 year,Under 30
202301583,1583,2023,Manager,Sweden,Sales & Business Development,,,4,92400,116,Not available,30–39
202301584,1584,2023,Non-manager,Germany,Technology & IT Strategy,2022-11-14,2023-06-13,3,40500,136,1–2 years,30–39
202301585,1585,2023,Manager,Sweden,Digital Strategy Consulting,2020-01-25,2022-03-18,3,124900,92,3–5 years,40–49
202301586,1586,2023,Non-manager,Sweden,Digital Strategy Consulting,,,5,37100,127,Not available,Under 30
202301587,1587,2023,Non-manager,Sweden,Digital Marketing & Growth,2023-12-08,2023-05-02,1,39200,114,Less than 1 year,Under 30
202301588,1588,2023,Non-manager,Sweden,Digital Marketing & Growth,,2021-06-04,9,58500,113,Not available,30–39
202301589,1589,2023,Non-manager,France,Cybersecurity & Digital Risk,,2022-11-21,3,52700,133,Not available,30–39
202301590,1590,2023,Manager,Sweden,Digital Strategy Consulting,2019-04-29,2021-05-28,3,94200,89,3–5 years,40–49
202301591,1591,2023,Non-manager,Sweden,Finance & Operations,,2021-09-03,5,62500,122,Not available,30–39
202301592,1592,2023,Manager,France,Technology & IT Strategy,,2021-12-19,8,121000,132,Not available,50–59
202301593,1593,2023,Manager,France,Technology & IT Strategy,,,3,120200,120,Not available,30–39
202301594,1594,2023,Non-manager,France,Technology & IT Strategy,,2023-03-17,5,52600,93,Not available,Under 30
202301595,1595,2023,Manager,Spain,Data & Analytics Consulting,2022-03-30,,1,69300,120,1–2 years,40–49
202301596,1596,2023,Non-manager,Sweden,Technology & IT Strategy,2021-12-30,2022-03-08,1,59800,97,1–2 years,30–39
202301597,1597,2023,Non-manager,Germany,Cybersecurity & Digital Risk,2021-05-27,2022-06-08,2,49900,137,1–2 years,30–39
202301598,1598,2023,Manager,Spain,Finance & Operations,2023-09-18,,6,63600,102,Less than 1 year,40–49
202301599,1599,2023,Non-manager,Sweden,Digital Strategy Consulting,2021-10-26,2022-11-26,7,63100,101,1–2 years,Under 30
202301600,1600,2023,Manager,France,Transformation & Change Management,2020-12-23,2021-03-21,3,122400,118,3–5 years,40–49
202301601,1601,2023,Non-manager,Sweden,Technology & IT Strategy,,2021-12-09,5,57500,118,Not available,Under 30
202301602,1602,2023,Non-manager,France,Sales & Business Development,,2022-04-10,1,88000,104,Not available,40–49
202301603,1603,2023,Non-manager,Sweden,Transformation & Change Management,2022-11-08,2023-09-06,2,39600,115,1–2 years,Under 30
202301604,1604,2023,Non-manager,Germany,Technology & IT Strategy,,2022-09-18,4,41900,103,Not available,Under 30
202301605,1605,2023,Non-manager,Sweden,Customer Experience & Design,2021-10-27,2023-08-19,4,46700,121,1–2 years,Under 30
202301606,1606,2023,Manager,France,Customer Experience & Design,,2022-03-25,2,71300,118,Not available,Under 30
202301607,1607,2023,Non-manager,Germany,Sales & Business Development,,2021-05-27,7,85500,125,Not available,30–39
202301608,1608,2023,Non-manager,Spain,Digital Strategy Consulting,2021-04-16,2022-09-12,7,50500,109,1–2 years,30–39
202301609,1609,2023,Non-manager,Sweden,Human Resources,,2022-05-09,4,59000,113,Not available,40–49
202301610,1610,2023,Non-manager,Sweden,Transformation & Change Management,2018-12-06,2022-12-01,3,89400,107,3–5 years,50–59
202301611,1611,2023,Non-manager,Denmark,Technology & IT Strategy,,2022-10-13,7,104300,124,Not available,40–49
202301612,1612,2023,Non-manager,Sweden,Cybersecurity & Digital Risk,2023-03-04,2023-06-10,3,46300,142,Less than 1 year,30–39
202301613,1613,2023,Non-manager,Germany,Data & Analytics Consulting,2022-10-04,2023-04-15,7,43700,126,1–2 years,30–39
202301614,1614,2023,Non-manager,Sweden,Transformation & Change Management,2017-12-14,2022-11-29,4,72900,138,6–10 years,40–49
202301615,1615,2023,Non-manager,Sweden,Customer Experience & Design,,,7,91100,145,Not available,30–39
202301616,1616,2023,Non-manager,Spain,Sales & Business Development,,2023-07-19,2,39500,118,Not available,Under 30
202301617,1617,2023,Non-manager,Sweden,Data & Analytics Consulting,2022-11-10,2022-07-02,6,43400,99,1–2 years,30–39
202301618,1618,2023,Non-manager,Denmark,Digital Strategy Consulting,,2022-04-28,10,91700,126,Not available,30–39
202301619,1619,2023,Manager,Sweden,Digital Strategy Consulting,2021-09-20,2021-06-11,10,96500,105,1–2 years,Under 30
202301620,1620,2023,Manager,France,Transformation & Change Management,,2023-12-02,2,111000,117,Not available,30–39
202301621,1621,2023,Non-manager,Spain,Digital Strategy Consulting,,2021-03-24,5,45300,127,Not available,Under 30
202301622,1622,2023,Manager,Denmark,Digital Marketing & Growth,,2023-07-10,7,156900,122,Not available,50–59
202301623,1623,2023,Manager,Denmark,Cybersecurity & Digital Risk,2023-11-29,2021-01-09,3,108400,92,Less than 1 year,30–39
202301624,1624,2023,Non-manager,France,Digital Strategy Consulting,,2023-02-16,3,49800,126,Not available,30–39
202301625,1625,2023,Manager,Denmark,Digital Strategy Consulting,,2023-05-22,3,163900,103,Not available,50–59
202301626,1626,2023,Non-manager,Denmark,Finance & Operations,,2021-11-25,4,54300,115,Not available,Under 30
202301627,1627,2023,Non-manager,Denmark,Digital Marketing & Growth,,2021-09-30,4,51700,96,Not available,40–49
202301628,1628,2023,Manager,Sweden,Transformation & Change Management,,2023-07-31,4,75700,109,Not available,Under 30
202301629,1629,2023,Non-manager,Germany,Customer Experience & Design,2022-01-06,2022-11-12,4,48400,142,1–2 years,30–39
202301630,1630,2023,Non-manager,Spain,Digital Marketing & Growth,2017-09-07,2023-09-23,3,58800,108,6–10 years,30–39
202301631,1631,2023,Manager,Sweden,Digital Strategy Consulting,2022-04-15,2022-05-04,5,127400,136,1–2 years,40–49
202301632,1632,2023,Manager,France,Data & Analytics Consulting,2021-10-09,,4,111900,101,1–2 years,40–49
202301633,1633,2023,Non-manager,Sweden,Digital Strategy Consulting,,2023-11-10,5,38700,121,Not available,Under 30
202301634,1634,2023,Manager,Sweden,Transformation & Change Management,,2022-12-09,7,123100,80,Not available,30–39
202301635,1635,2023,Manager,Sweden,Transformation & Change Management,2019-12-18,,6,98800,93,3–5 years,30–39
202301636,1636,2023,Manager,France,Digital Strategy Consulting,2023-06-10,2022-07-25,1,81300,103,Less than 1 year,30–39
202301637,1637,2023,Non-manager,France,Technology & IT Strategy,2014-12-07,2021-12-08,1,75300,126,6–10 years,40–49
202301638,1638,2023,Non-manager,Spain,Customer Experience & Design,,2022-03-18,7,28000,127,Not available,30–39
202301639,1639,2023,Non-manager,Sweden,Technology & IT Strategy,,2023-03-16,3,55900,97,Not available,30–39
202301640,1640,2023,Non-manager,Sweden,Data & Analytics Consulting,2021-06-12,,1,58800,126,1–2 years,30–39
202301641,1641,2023,Non-manager,Sweden,Finance & Operations,,2023-07-13,3,32200,107,Not available,Under 30
202301642,1642,2023,Non-manager,Spain,Cybersecurity & Digital Risk,2021-05-04,2021-09-13,6,45600,103,1–2 years,30–39
202301643,1643,2023,Non-manager,Sweden,Finance & Operations,,,4,88600,95,Not available,40–49
202301644,1644,2023,Manager,Germany,Data & Analytics Consulting,2021-11-03,2022-12-28,3,93400,118,1–2 years,30–39
202301645,1645,2023,Non-manager,Sweden,Cybersecurity & Digital Risk,,,8,71700,99,Not available,40–49
202301646,1646,2023,Non-manager,Spain,Transformation & Change Management,,,6,51900,143,Not available,30–39
202301647,1647,2023,Non-manager,Sweden,Cybersecurity & Digital Risk,2021-12-10,2021-05-06,5,62900,108,1–2 years,40–49
202301648,1648,2023,Non-manager,Spain,Finance & Operations,,2021-07-20,3,45400,79,Not available,30–39
202301649,1649,2023,Manager,Germany,Sales & Business Development,,,11,136300,84,Not available,50–59
202301650,1650,2023,Non-manager,Sweden,Human Resources,,,5,39400,87,Not available,Under 30
202301651,1651,2023,Non-manager,Germany,Transformation & Change Management,,2023-06-10,1,39200,118,Not available,30–39
202301652,1652,2023,Non-manager,Sweden,Technology & IT Strategy,,2022-03-12,3,42800,142,Not available,30–39
202301653,1653,2023,Non-manager,Denmark,Digital Marketing & Growth,2023-11-14,2023-08-18,4,49900,123,Less than 1 year,Under 30
202301654,1654,2023,Non-manager,France,Customer Experience & Design,2019-02-05,2022-08-05,4,75100,78,3–5 years,40–49
202301655,1655,2023,Non-manager,France,Finance & Operations,,,4,30000,133,Not available,30–39
202301656,1656,2023,Non-manager,Sweden,Transformation & Change Management,2023-04-01,2023-05-27,2,39300,112,Less than 1 year,Under 30
202301657,1657,2023,Non-manager,France,Customer Experience & Design,2021-05-02,2022-02-28,8,43700,113,1–2 years,40–49
202301658,1658,2023,Non-manager,Spain,Technology & IT Strategy,,2022-07-16,1,44400,95,Not available,30–39
202301659,1659,2023,Non-manager,Sweden,Cybersecurity & Digital Risk,2021-01-21,2022-01-16,7,59300,104,1–2 years,30–39
202301660,1660,2023,Non-manager,France,Digital Strategy Consulting,,,5,30000,105,Not available,Under 30
202301661,1661,2023,Non-manager,Sweden,Digital Strategy Consulting,2021-03-16,,4,58000,100,1–2 years,30–39
202301662,1662,2023,Manager,Spain,Sales & Business Development,,2023-07-12,2,87200,106,Not available,30–39
202301663,1663,2023,Manager,Sweden,Customer Experience & Design,,2023-09-29,5,68700,105,Not available,Under 30
202301664,1664,2023,Non-manager,Denmark,Sales & Business Development,2023-05-09,2023-06-21,7,60500,149,Less than 1 year,Under 30
202301665,1665,2023,Non-manager,Sweden,Digital Strategy Consulting,2022-02-04,2021-09-06,3,83600,93,1–2 years,40–49
202301666,1666,2023,Non-manager,Spain,Technology & IT Strategy,2017-01-16,2023-03-04,8,49200,122,6–10 years,30–39
202301667,1667,2023,Non-manager,Sweden,Sales & Business Development,2023-09-15,2023-03-27,5,44900,147,Less than 1 year,Under 30
202301668,1668,2023,Manager,Sweden,Digital Strategy Consulting,,2022-08-23,4,173000,91,Not available,60 and above
202301669,1669,2023,Non-manager,Sweden,Finance & Operations,,,7,74800,118,Not available,40–49
202301670,1670,2023,Non-manager,Sweden,Finance & Operations,,,4,64800,115,Not available,30–39
202301671,1671,2023,Non-manager,Sweden,Transformation & Change Management,,2022-01-16,6,54300,126,Not available,30–39
202301672,1672,2023,Non-manager,Sweden,Digital Strategy Consulting,,2021-07-11,10,51900,108,Not available,40–49
202301673,1673,2023,Non-manager,Sweden,Transformation & Change Management,,2023-08-13,2,53200,78,Not available,30–39
202301674,1674,2023,Manager,Spain,Data & Analytics Consulting,,2023-08-29,3,41900,113,Not available,30–39
202301675,1675,2023,Non-manager,Spain,Finance & Operations,,2022-12-14,2,48900,99,Not available,Under 30
202301676,1676,2023,Non-manager,Sweden,Data & Analytics Consulting,2020-11-25,2022-11-16,4,52900,92,3–5 years,Under 30
202301677,1677,2023,Non-manager,Denmark,Digital Strategy Consulting,,2022-05-02,8,94000,82,Not available,40–49
202301678,1678,2023,Non-manager,Sweden,Digital Strategy Consulting,,2023-11-22,4,39200,121,Not available,Under 30
202301679,1679,2023,Non-manager,Sweden,Technology & IT Strategy,,2022-08-03,7,75300,135,Not available,30–39
202301680,1680,2023,Non-manager,Sweden,Data & Analytics Consulting,2023-12-06,2021-08-04,5,95300,125,Less than 1 year,50–59
202301681,1681,2023,Non-manager,France,Digital Marketing & Growth,,2021-06-25,2,46400,119,Not available,30–39
202301682,1682,2023,Non-manager,Germany,Digital Strategy Consulting,,2022-05-07,4,58200,98,Not available,30–39
202301683,1683,2023,Non-manager,Denmark,Customer Experience & Design,2019-08-14,2022-07-01,3,60500,103,3–5 years,30–39
202301684,1684,2023,Non-manager,Spain,Sales & Business Development,2023-12-20,2023-12-28,2,32100,127,Less than 1 year,Under 30
202301685,1685,2023,Non-manager,Sweden,Customer Experience & Design,,2021-10-11,8,53500,126,Not available,30–39
202301686,1686,2023,Non-manager,Germany,Transformation & Change Management,2019-03-06,,3,57900,123,3–5 years,30–39
202301687,1687,2023,Non-manager,Sweden,Sales & Business Development,2023-04-05,2023-10-18,7,46100,97,Less than 1 year,Under 30
202301688,1688,2023,Manager,France,Data & Analytics Consulting,2020-03-21,,4,89000,96,3–5 years,30–39
202301689,1689,2023,Manager,Sweden,Finance & Operations,2023-10-28,2023-10-06,6,74900,97,Less than 1 year,40–49
202301690,1690,2023,Non-manager,Denmark,Finance & Operations,2023-10-22,2022-07-22,6,48500,121,Less than 1 year,30–39
202301691,1691,2023,Non-manager,Spain,Finance & Operations,2021-09-01,2022-06-07,9,34900,138,1–2 years,30–39
202301692,1692,2023,Non-manager,Spain,Human Resources,2023-05-01,2022-06-14,2,28000,129,Less than 1 year,Under 30
202301693,1693,2023,Non-manager,Sweden,Digital Marketing & Growth,2022-03-23,,5,63500,93,1–2 years,Under 30
202301694,1694,2023,Manager,France,Data & Analytics Consulting,2023-06-08,2023-05-04,5,59500,136,Less than 1 year,Under 30
202301695,1695,2023,Manager,Sweden,Digital Marketing & Growth,,2021-12-31,6,125300,91,Not available,50–59
202301696,1696,2023,Manager,Germany,Digital Strategy Consulting,2022-12-28,,7,95200,127,1–2 years,30–39
202301697,1697,2023,Non-manager,Sweden,Customer Experience & Design,,2023-11-21,2,36000,91,Not available,Under 30
202301698,1698,2023,Manager,France,Transformation & Change Management,,2021-03-17,4,121600,105,Not available,30–39
202301699,1699,2023,Non-manager,Sweden,Sales & Business Development,2023-05-30,2023-09-28,5,48700,133,Less than 1 year,30–39
202301700,1700,2023,Manager,Spain,Technology & IT Strategy,2021-11-24,2021-12-20,7,73800,126,1–2 years,30–39
202301701,1701,2023,Non-manager,France,Transformation & Change Management,2023-11-23,2023-10-27,2,30700,128,Less than 1 year,Under 30
202301702,1702,2023,Non-manager,Spain,Sales & Business Development,,2023-01-22,3,30000,146,Not available,Under 30
202301703,1703,2023,Non-manager,France,Sales & Business Development,,2023-12-15,4,34500,127,Not available,Under 30
202301704,1704,2023,Non-manager,Sweden,Digital Strategy Consulting,,2022-03-11,7,78500,117,Not available,50–59
202301705,1705,2023,Non-manager,Sweden,Technology & IT Strategy,2023-02-24,2023-08-04,6,48200,73,Less than 1 year,Under 30
202301706,1706,2023,Manager,Sweden,Transformation & Change Management,2023-11-09,2023-09-06,6,56400,78,Less than 1 year,Under 30
202301707,1707,2023,Non-manager,Sweden,Technology & IT Strategy,,2021-08-22,8,44800,124,Not available,30–39
202301708,1708,2023,Non-manager,Sweden,Data & Analytics Consulting,2021-12-15,,3,64200,108,1–2 years,30–39
202301709,1709,2023,Manager,Sweden,Finance & Operations,2019-04-26,2021-08-22,2,93400,58,3–5 years,30–39
202301710,1710,2023,Manager,Sweden,Finance & Operations,2021-10-12,2021-08-03,8,83300,87,1–2 years,30–39
202301711,1711,2023,Non-manager,Sweden,Digital Marketing & Growth,,,5,83700,104,Not available,40–49
202301712,1712,2023,Non-manager,Germany,Sales & Business Development,,2021-10-08,3,46500,123,Not available,Under 30
202301713,1713,2023,Non-manager,Sweden,Finance & Operations,,,4,90700,124,Not available,50–59
202301714,1714,2023,Non-manager,France,Sales & Business Development,2023-06-04,2021-05-24,7,57200,100,Less than 1 year,Under 30
202301715,1715,2023,Manager,Sweden,Customer Experience & Design,2023-10-22,2021-07-22,8,92300,94,Less than 1 year,30–39
202301716,1716,2023,Manager,Sweden,Cybersecurity & Digital Risk,,,4,63900,112,Not available,Under 30
202301717,1717,2023,Non-manager,Germany,Digital Strategy Consulting,2020-12-11,2023-04-19,10,55500,94,3–5 years,40–49
202301718,1718,2023,Manager,Sweden,Sales & Business Development,2019-08-29,2022-03-30,8,136400,102,3–5 years,40–49
202301719,1719,2023,Non-manager,Germany,Finance & Operations,2023-07-24,2021-06-08,5,59700,94,Less than 1 year,30–39
202301720,1720,2023,Non-manager,Germany,Digital Strategy Consulting,2022-10-11,,4,52100,82,1–2 years,40–49
202301721,1721,2023,Non-manager,Sweden,Customer Experience & Design,2023-01-24,2022-01-31,6,42500,59,Less than 1 year,30–39
202301722,1722,2023,Non-manager,Sweden,Transformation & Change Management,,2023-01-02,8,90000,110,Not available,50–59
202301723,1723,2023,Manager,Denmark,Customer Experience & Design,2023-12-26,2023-12-14,4,83500,72,Less than 1 year,Under 30
202301724,1724,2023,Non-manager,Spain,Technology & IT Strategy,,2021-09-03,9,34900,106,Not available,Under 30
202301725,1725,2023,Manager,Sweden,Digital Marketing & Growth,2023-04-17,2021-05-28,6,89400,130,Less than 1 year,30–39
202301726,1726,2023,Non-manager,Denmark,Data & Analytics Consulting,,2022-07-31,10,110600,110,Not available,50–59
202301727,1727,2023,Non-manager,Spain,Data & Analytics Consulting,,,4,45700,125,Not available,30–39
202301728,1728,2023,Non-manager,Denmark,Digital Strategy Consulting,,,5,58500,86,Not available,30–39
202301729,1729,2023,Non-manager,France,Digital Marketing & Growth,,2021-11-23,4,49200,135,Not available,30–39
202301730,1730,2023,Manager,Sweden,Finance & Operations,2022-05-02,2023-01-03,5,73900,118,1–2 years,30–39
202301731,1731,2023,Non-manager,France,Cybersecurity & Digital Risk,2021-04-14,2022-08-28,6,59900,112,1–2 years,30–39
202301732,1732,2023,Manager,Germany,Sales & Business Development,2023-10-24,2022-09-01,5,97700,119,Less than 1 year,30–39
202301733,1733,2023,Non-manager,Sweden,Transformation & Change Management,2021-08-20,2022-11-04,5,69100,102,1–2 years,30–39
202301734,1734,2023,Manager,France,Digital Marketing & Growth,,,3,127200,123,Not available,40–49
202301735,1735,2023,Non-manager,Denmark,Transformation & Change Management,,2022-08-02,7,59000,133,Not available,Under 30
202301736,1736,2023,Manager,Germany,Digital Strategy Consulting,2022-11-16,,2,63200,89,1–2 years,30–39
202301737,1737,2023,Non-manager,France,Digital Strategy Consulting,,2023-03-03,4,54400,109,Not available,30–39
202301738,1738,2023,Manager,Sweden,Sales & Business Development,,2023-12-08,5,72600,113,Not available,Under 30
202301739,1739,2023,Non-manager,Sweden,Digital Strategy Consulting,,2023-09-16,3,51200,114,Not available,Under 30
202301740,1740,2023,Manager,France,Technology & IT Strategy,,,3,96100,105,Not available,40–49
202301741,1741,2023,Non-manager,Germany,Customer Experience & Design,2022-07-17,,5,48200,114,1–2 years,Under 30
202301742,1742,2023,Non-manager,Spain,Digital Strategy Consulting,2022-06-07,2023-01-03,4,28000,111,1–2 years,Under 30
202301743,1743,2023,Manager,Germany,Finance & Operations,2020-03-17,2023-03-11,2,85700,118,3–5 years,30–39
202301744,1744,2023,Non-manager,Sweden,Data & Analytics Consulting,2021-06-27,2021-03-04,4,79600,99,1–2 years,40–49
202301745,1745,2023,Manager,Germany,Technology & IT Strategy,2021-12-13,2022-01-21,4,81300,114,1–2 years,30–39
202301746,1746,2023,Non-manager,Germany,Customer Experience & Design,2023-12-18,2023-11-13,1,35900,99,Less than 1 year,Under 30
202301747,1747,2023,Non-manager,Denmark,Technology & IT Strategy,2020-07-03,2021-10-10,5,62300,113,3–5 years,Under 30
202301748,1748,2023,Non-manager,Sweden,Digital Marketing & Growth,,,6,55900,122,Not available,30–39
202301749,1749,2023,Non-manager,Sweden,Sales & Business Development,2019-11-02,2021-08-29,5,55600,109,3–5 years,30–39
202301750,1750,2023,Non-manager,Denmark,Transformation & Change Management,2023-04-24,2022-12-29,5,50600,115,Less than 1 year,Under 30
202301751,1751,2023,Non-manager,Sweden,Customer Experience & Design,2022-02-12,2023-07-27,4,57400,87,1–2 years,30–39
202301752,1752,2023,Manager,Denmark,Finance & Operations,2019-06-19,,5,145800,108,3–5 years,50–59
202301753,1753,2023,Non-manager,Denmark,Sales & Business Development,2021-08-26,,3,66700,85,1–2 years,40–49
202301754,1754,2023,Non-manager,Sweden,Transformation & Change Management,,2023-08-19,5,34800,119,Not available,30–39
202301755,1755,2023,Non-manager,Germany,Finance & Operations,2022-10-26,,4,49500,108,1–2 years,40–49
202301756,1756,2023,Manager,Sweden,Transformation & Change Management,,2021-06-08,7,132900,97,Not available,30–39
202301757,1757,2023,Non-manager,Germany,Digital Strategy Consulting,2023-10-19,2022-03-26,4,52400,120,Less than 1 year,30–39
202301758,1758,2023,Non-manager,France,Technology & IT Strategy,,,7,62000,140,Not available,30–39
202301759,1759,2023,Manager,Spain,Digital Marketing & Growth,2016-03-01,,4,96600,128,6–10 years,30–39
202301760,1760,2023,Non-manager,Sweden,Data & Analytics Consulting,,2022-06-27,6,61400,116,Not available,Under 30
202301761,1761,2023,Non-manager,Germany,Technology & IT Strategy,,2022-01-10,5,54000,110,Not available,Under 30
202301762,1762,2023,Non-manager,Sweden,Digital Marketing & Growth,,2022-12-21,5,78800,94,Not available,30–39
202301763,1763,2023,Non-manager,Denmark,Transformation & Change Management,2023-06-03,2023-06-02,4,39200,110,Less than 1 year,30–39
202301764,1764,2023,Non-manager,Denmark,Data & Analytics Consulting,,2021-01-15,1,56800,140,Not available,Under 30
202301765,1765,2023,Manager,Germany,Sales & Business Development,2020-09-15,2023-09-07,6,94700,104,3–5 years,30–39
202301766,1766,2023,Non-manager,Sweden,Customer Experience & Design,2023-01-20,2023-04-21,2,46300,94,Less than 1 year,30–39
202301767,1767,2023,Manager,Sweden,Transformation & Change Management,,,7,64700,108,Not available,Under 30
202301768,1768,2023,Non-manager,Spain,Digital Strategy Consulting,2023-11-28,2022-08-25,7,34600,103,Less than 1 year,30–39
202301769,1769,2023,Non-manager,France,Transformation & Change Management,2023-03-18,2022-08-14,2,43400,138,Less than 1 year,30–39
202301770,1770,2023,Manager,Sweden,Technology & IT Strategy,2023-07-23,,5,134700,105,Less than 1 year,40–49
202301771,1771,2023,Non-manager,Sweden,Data & Analytics Consulting,,2023-11-01,4,40500,115,Not available,Under 30
202301772,1772,2023,Manager,Germany,Human Resources,,2021-10-25,4,72900,81,Not available,Under 30
202301773,1773,2023,Non-manager,Germany,Finance & Operations,,,5,66800,97,Not available,30–39
202301774,1774,2023,Non-manager,Sweden,Human Resources,,2023-09-25,2,46800,118,Not available,30–39
202301775,1775,2023,Manager,Sweden,Transformation & Change Management,2021-05-27,,4,82900,139,1–2 years,Under 30
202301776,1776,2023,Non-manager,Denmark,Digital Strategy Consulting,2023-03-22,2022-05-05,9,68900,157,Less than 1 year,30–39
202301777,1777,2023,Non-manager,Denmark,Sales & Business Development,2019-10-03,2023-07-27,7,72900,109,3–5 years,30–39
202301778,1778,2023,Non-manager,Sweden,Sales & Business Development,,2022-06-15,7,86900,95,Not available,30–39
202301779,1779,2023,Manager,Sweden,Human Resources,,2022-11-05,6,82800,85,Not available,30–39
202301780,1780,2023,Non-manager,Sweden,Data & Analytics Consulting,,2023-07-23,9,40500,122,Not available,30–39
202301781,1781,2023,Manager,France,Cybersecurity & Digital Risk,,2023-07-26,2,74900,105,Not available,Under 30
202301782,1782,2023,Manager,Sweden,Transformation & Change Management,,2021-08-06,6,95500,124,Not available,30–39
202301783,1783,2023,Manager,Spain,Customer Experience & Design,2016-11-10,,9,92500,120,6–10 years,50–59
202301784,1784,2023,Manager,Germany,Cybersecurity & Digital Risk,2022-12-23,,4,89900,115,1–2 years,30–39
202301785,1785,2023,Manager,Sweden,Digital Marketing & Growth,2022-07-27,2022-04-27,9,69800,94,1–2 years,30–39
202301786,1786,2023,Non-manager,Sweden,Data & Analytics Consulting,,2023-04-10,5,51700,96,Not available,30–39
202301787,1787,2023,Non-manager,Sweden,Data & Analytics Consulting,,2022-04-25,4,41800,112,Not available,30–39
202301788,1788,2023,Manager,Spain,Technology & IT Strategy,,,3,56300,132,Not available,30–39
202301789,1789,2023,Manager,Sweden,Transformation & Change Management,2023-03-13,2022-07-13,2,80800,86,Less than 1 year,Under 30
202301790,1790,2023,Non-manager,Denmark,Finance & Operations,2023-11-27,,3,44300,111,Less than 1 year,30–39
202301791,1791,2023,Non-manager,Denmark,Sales & Business Development,2019-12-09,2022-09-09,6,97700,107,3–5 years,40–49
202301792,1792,2023,Non-manager,Spain,Customer Experience & Design,2022-05-19,2023-05-22,3,34900,111,1–2 years,Under 30
202301793,1793,2023,Manager,Sweden,Transformation & Change Management,,2022-04-20,8,79600,155,Not available,Under 30
202301794,1794,2023,Non-manager,Sweden,Digital Marketing & Growth,2021-10-10,2022-06-12,3,38700,70,1–2 years,Under 30
202301795,1795,2023,Manager,Denmark,Digital Marketing & Growth,2022-09-02,2022-11-19,4,84400,103,1–2 years,30–39
202301796,1796,2023,Manager,France,Digital Strategy Consulting,2020-08-13,2023-05-19,4,95800,83,3–5 years,40–49
202301797,1797,2023,Non-manager,Sweden,Digital Marketing & Growth,2020-11-22,2021-07-05,5,56800,127,3–5 years,30–39
202301798,1798,2023,Manager,Sweden,Cybersecurity & Digital Risk,2016-03-12,2021-05-04,7,133100,105,6–10 years,40–49
202301799,1799,2023,Non-manager,Sweden,Cybersecurity & Digital Risk,,2021-12-27,10,50500,139,Not available,Under 30
202301800,1800,2023,Manager,Sweden,Transformation & Change Management,2018-06-23,,6,86400,118,3–5 years,30–39
202301801,1801,2023,Non-manager,Sweden,Cybersecurity & Digital Risk,2020-02-08,2021-03-01,6,66900,107,3–5 years,Under 30
202301802,1802,2023,Non-manager,Spain,Transformation & Change Management,2023-02-12,2022-11-08,7,33000,94,Less than 1 year,30–39
202301803,1803,2023,Non-manager,Sweden,Data & Analytics Consulting,2019-09-06,2021-09-26,6,93100,102,3–5 years,40–49
202301804,1804,2023,Non-manager,Sweden,Data & Analytics Consulting,2021-08-03,,8,57700,90,1–2 years,30–39
202301805,1805,2023,Non-manager,Spain,Transformation & Change Management,,,3,38400,102,Not available,40–49
202301806,1806,2023,Non-manager,Sweden,Data & Analytics Consulting,2023-11-24,2022-09-24,8,43700,95,Less than 1 year,30–39
202301807,1807,2023,Non-manager,Denmark,Human Resources,,2022-05-10,4,73500,101,Not available,40–49
202301808,1808,2023,Non-manager,Germany,Digital Marketing & Growth,,2022-03-17,5,59200,125,Not available,30–39
202301809,1809,2023,Non-manager,Denmark,Technology & IT Strategy,,2021-10-12,3,69800,98,Not available,Under 30
202301810,1810,2023,Non-manager,Sweden,Finance & Operations,,2023-11-23,11,46100,122,Not available,30–39
202301811,1811,2023,Non-manager,France,Finance & Operations,2023-10-28,2023-06-26,3,46200,133,Less than 1 year,30–39
202301812,1812,2023,Non-manager,Sweden,Digital Strategy Consulting,2023-12-30,,5,70500,95,Less than 1 year,40–49
202301813,1813,2023,Manager,France,Finance & Operations,2020-07-25,2021-06-06,7,111600,64,3–5 years,40–49
202301814,1814,2023,Manager,Spain,Finance & Operations,2020-04-23,2022-03-29,5,57700,125,3–5 years,Under 30
202301815,1815,2023,Non-manager,France,Finance & Operations,2020-07-30,2022-04-28,3,57000,111,3–5 years,30–39
202301816,1816,2023,Manager,Sweden,Digital Strategy Consulting,2023-10-13,,5,61800,58,Less than 1 year,Under 30
202301817,1817,2023,Non-manager,Spain,Data & Analytics Consulting,2020-10-18,,7,45300,126,3–5 years,30–39
202301818,1818,2023,Manager,Spain,Sales & Business Development,,2023-08-26,4,56700,104,Not available,30–39
202301819,1819,2023,Non-manager,France,Transformation & Change Management,2021-09-18,2022-08-23,5,43800,102,1–2 years,Under 30
202301820,1820,2023,Non-manager,Sweden,Cybersecurity & Digital Risk,,,3,81300,138,Not available,40–49
202301821,1821,2023,Non-manager,Sweden,Digital Strategy Consulting,,2021-10-01,11,86400,133,Not available,40–49
202301822,1822,2023,Non-manager,Germany,Digital Strategy Consulting,,2022-04-12,5,57500,110,Not available,40–49
202301823,1823,2023,Non-manager,Denmark,Cybersecurity & Digital Risk,2022-09-02,2022-04-29,9,63200,106,1–2 years,30–39
202301824,1824,2023,Non-manager,Germany,Transformation & Change Management,2021-10-23,2023-05-11,6,58200,133,1–2 years,30–39
202301825,1825,2023,Non-manager,Sweden,Customer Experience & Design,2022-10-11,2021-07-14,6,37700,97,1–2 years,Under 30
202301826,1826,2023,Manager,France,Data & Analytics Consulting,2022-05-08,2023-06-16,1,66800,80,1–2 years,30–39
202301827,1827,2023,Non-manager,France,Finance & Operations,2020-12-30,2022-12-08,3,45900,123,3–5 years,Under 30
202301828,1828,2023,Non-manager,Sweden,Finance & Operations,,2021-08-22,4,56300,158,Not available,Under 30
202301829,1829,2023,Non-manager,Spain,Digital Marketing & Growth,2023-08-12,2022-12-21,5,43100,131,Less than 1 year,Under 30
202301830,1830,2023,Non-manager,Germany,Digital Marketing & Growth,2018-07-28,2021-03-24,5,65000,100,3–5 years,40–49
202301831,1831,2023,Non-manager,Sweden,Human Resources,,2021-10-01,6,49800,117,Not available,30–39
202301832,1832,2023,Manager,France,Data & Analytics Consulting,2022-09-27,,3,68700,118,1–2 years,Under 30
202301833,1833,2023,Manager,Denmark,Customer Experience & Design,2023-06-12,2022-07-02,4,93300,104,Less than 1 year,Under 30
202301834,1834,2023,Non-manager,Sweden,Digital Strategy Consulting,2022-12-14,2022-05-06,3,56500,100,1–2 years,Under 30
202301835,1835,2023,Non-manager,France,Data & Analytics Consulting,2020-12-10,2022-07-03,4,47500,127,3–5 years,Under 30
202301836,1836,2023,Non-manager,Germany,Digital Strategy Consulting,2023-03-27,2023-01-29,5,39100,118,Less than 1 year,30–39
202301837,1837,2023,Non-manager,Sweden,Customer Experience & Design,2021-02-12,,6,55600,89,1–2 years,40–49
202301838,1838,2023,Non-manager,Denmark,Technology & IT Strategy,,2023-09-30,0,45700,104,Not available,Under 30
202301839,1839,2023,Manager,Germany,Sales & Business Development,,2022-01-30,6,122200,139,Not available,30–39
202301840,1840,2023,Non-manager,Sweden,Digital Strategy Consulting,,2022-12-06,6,59600,112,Not available,40–49
202301841,1841,2023,Manager,Germany,Human Resources,2022-08-22,2021-12-30,2,88200,158,1–2 years,Under 30
202301842,1842,2023,Manager,Germany,Transformation & Change Management,2021-08-17,,1,79000,102,1–2 years,Under 30
202301843,1843,2023,Manager,Sweden,Digital Marketing & Growth,,2021-01-04,6,108100,119,Not available,30–39
202301844,1844,2023,Manager,Sweden,Data & Analytics Consulting,2022-07-21,2023-09-27,3,81100,111,1–2 years,Under 30
202301845,1845,2023,Manager,Sweden,Finance & Operations,2023-03-20,2021-07-04,4,110100,84,Less than 1 year,40–49
202301846,1846,2023,Manager,Sweden,Data & Analytics Consulting,2022-01-27,2021-03-12,4,80700,122,1–2 years,30–39
202301847,1847,2023,Non-manager,Sweden,Digital Strategy Consulting,,2021-03-25,1,58000,105,Not available,Under 30
202301848,1848,2023,Non-manager,Sweden,Data & Analytics Consulting,,2021-12-28,11,61600,90,Not available,Under 30
202301849,1849,2023,Non-manager,Sweden,Digital Strategy Consulting,2018-12-06,,4,67600,119,3–5 years,30–39
202301850,1850,2023,Manager,Sweden,Finance & Operations,,2023-09-05,7,67500,74,Not available,30–39
202301851,1851,2023,Non-manager,Germany,Data & Analytics Consulting,2023-12-11,2023-12-20,6,30000,133,Less than 1 year,30–39
202301852,1852,2023,Non-manager,Germany,Sales & Business Development,2022-11-05,2022-01-05,2,49200,117,1–2 years,30–39
202301853,1853,2023,Manager,Sweden,Transformation & Change Management,,2023-12-14,8,66800,92,Not available,Under 30
202301854,1854,2023,Non-manager,Spain,Transformation & Change Management,2023-12-14,,3,32100,149,Less than 1 year,30–39
202301855,1855,2023,Manager,Spain,Finance & Operations,,,3,69600,132,Not available,30–39
202301856,1856,2023,Non-manager,Sweden,Data & Analytics Consulting,2022-07-10,2022-03-12,5,60400,92,1–2 years,30–39
202301857,1857,2023,Non-manager,Spain,Technology & IT Strategy,2023-12-22,,8,35500,140,Less than 1 year,30–39
202301858,1858,2023,Non-manager,Sweden,Cybersecurity & Digital Risk,2016-05-06,2022-11-25,5,111100,111,6–10 years,40–49
202301859,1859,2023,Non-manager,Sweden,Transformation & Change Management,2015-03-28,,3,90100,108,6–10 years,50–59
202301860,1860,2023,Non-manager,Denmark,Human Resources,2021-10-23,2021-01-19,5,59500,129,1–2 years,30–39
202301861,1861,2023,Non-manager,Sweden,Sales & Business Development,2021-06-29,2021-05-27,3,52200,109,1–2 years,30–39
202301862,1862,2023,Non-manager,Sweden,Digital Strategy Consulting,,2023-12-29,8,34800,74,Not available,Under 30
202301863,1863,2023,Manager,Denmark,Finance & Operations,2023-04-02,2023-07-21,6,88300,92,Less than 1 year,30–39
202301864,1864,2023,Manager,Spain,Human Resources,2023-03-29,2022-04-21,3,51500,93,Less than 1 year,Under 30
202301865,1865,2023,Non-manager,Spain,Data & Analytics Consulting,2023-06-19,2023-09-19,3,38500,103,Less than 1 year,30–39
202301866,1866,2023,Non-manager,Spain,Digital Marketing & Growth,2021-03-20,2022-12-15,3,41300,103,1–2 years,Under 30
202301867,1867,2023,Non-manager,France,Technology & IT Strategy,,2021-10-06,4,67200,108,Not available,40–49
202301868,1868,2023,Manager,Sweden,Transformation & Change Management,2019-08-19,2023-10-04,7,81700,102,3–5 years,Under 30
202301869,1869,2023,Non-manager,France,Technology & IT Strategy,2023-05-31,2023-11-18,2,54100,98,Less than 1 year,30–39
202301870,1870,2023,Manager,Denmark,Finance & Operations,2020-09-27,,4,161700,138,3–5 years,40–49
202301871,1871,2023,Non-manager,Spain,Cybersecurity & Digital Risk,,,8,29700,107,Not available,30–39
202301872,1872,2023,Non-manager,Sweden,Digital Marketing & Growth,2023-10-13,,3,35900,114,Less than 1 year,Under 30
202301873,1873,2023,Non-manager,Sweden,Sales & Business Development,,,7,41600,113,Not available,Under 30
202301874,1874,2023,Manager,Germany,Transformation & Change Management,,2022-06-13,4,135300,76,Not available,50–59
202301875,1875,2023,Non-manager,Sweden,Customer Experience & Design,2016-09-02,,2,87800,96,6–10 years,50–59
202301876,1876,2023,Non-manager,Sweden,Digital Strategy Consulting,2023-05-24,2023-08-02,6,36400,114,Less than 1 year,Under 30
202301877,1877,2023,Non-manager,Germany,Digital Marketing & Growth,2017-02-19,,9,69800,106,6–10 years,50–59
202301878,1878,2023,Non-manager,Denmark,Customer Experience & Design,2023-11-29,,4,36500,78,Less than 1 year,Under 30
202301879,1879,2023,Non-manager,Germany,Transformation & Change Management,,,6,40700,113,Not available,Under 30
202301880,1880,2023,Non-manager,Sweden,Transformation & Change Management,,2023-07-17,6,47500,82,Not available,40–49
202301881,1881,2023,Non-manager,Denmark,Digital Strategy Consulting,,2023-12-08,5,52500,136,Not available,Under 30
202301882,1882,2023,Manager,Denmark,Digital Strategy Consulting,,2023-07-31,5,100700,111,Not available,30–39
202301883,1883,2023,Non-manager,Sweden,Digital Strategy Consulting,2022-06-20,2023-09-17,4,38400,115,1–2 years,30–39
202301884,1884,2023,Non-manager,France,Technology & IT Strategy,2023-08-31,2022-02-23,4,38400,141,Less than 1 year,30–39
202301885,1885,2023,Non-manager,Sweden,Digital Marketing & Growth,,2023-12-25,5,43400,109,Not available,Under 30
202301886,1886,2023,Non-manager,France,Digital Strategy Consulting,2023-01-19,2022-07-23,3,43600,120,Less than 1 year,30–39
202301887,1887,2023,Non-manager,Spain,Customer Experience & Design,,2021-11-26,3,33600,133,Not available,30–39
202301888,1888,2023,Manager,Denmark,Finance & Operations,2021-05-03,2023-07-04,3,88800,63,1–2 years,Under 30
202301889,1889,2023,Non-manager,Sweden,Sales & Business Development,2022-09-29,,6,50700,82,1–2 years,Under 30
202301890,1890,2023,Manager,Sweden,Cybersecurity & Digital Risk,2021-02-07,2021-01-13,3,98800,127,1–2 years,40–49
202301891,1891,2023,Non-manager,Sweden,Digital Strategy Consulting,2023-08-27,2023-11-11,6,45600,114,Less than 1 year,30–39
202301892,1892,2023,Non-manager,Germany,Sales & Business Development,,2021-03-25,6,59800,120,Not available,Under 30
202301893,1893,2023,Non-manager,Sweden,Digital Strategy Consulting,2022-09-29,,6,71100,129,1–2 years,40–49
202301894,1894,2023,Non-manager,Denmark,Transformation & Change Management,,2022-12-09,6,58800,118,Not available,Under 30
202301895,1895,2023,Non-manager,Spain,Transformation & Change Management,2021-02-05,,7,50200,81,1–2 years,40–49
202301896,1896,2023,Non-manager,Sweden,Data & Analytics Consulting,,2022-06-21,5,75500,126,Not available,40–49
202301897,1897,2023,Manager,Sweden,Sales & Business Development,2022-05-23,2023-08-27,3,102400,83,1–2 years,40–49
202301898,1898,2023,Manager,Germany,Digital Strategy Consulting,,,7,137900,114,Not available,40–49
202301899,1899,2023,Manager,Sweden,Digital Strategy Consulting,,2021-09-01,6,124200,132,Not available,40–49
202301900,1900,2023,Non-manager,Denmark,Digital Marketing & Growth,2022-10-09,,1,43400,122,1–2 years,Under 30
202400001,1,2024,Manager,Sweden,Digital Strategy Consulting,,,7,162400,73,Not available,50–59
202400002,2,2024,Manager,Denmark,Finance & Operations,2024-04-29,2024-08-07,3,75800,129,Less than 1 year,30–39
202400003,3,2024,Manager,Sweden,Technology & IT Strategy,2024-06-11,2024-09-04,2,71100,106,Less than 1 year,30–39
202400004,4,2024,Manager,Sweden,Transformation & Change Management,2023-06-24,2023-06-18,5,108600,127,1–2 years,30–39
202400005,5,2024,Manager,Sweden,Digital Strategy Consulting,2021-06-25,2022-05-06,2,152800,82,3–5 years,40–49
202400006,6,2024,Non-manager,Sweden,Digital Marketing & Growth,,2024-08-24,6,54500,122,Not available,30–39
202400007,7,2024,Manager,Sweden,Sales & Business Development,2024-09-21,2023-09-27,5,99400,108,Less than 1 year,Under 30
202400008,8,2024,Manager,Sweden,Customer Experience & Design,2024-02-03,2024-05-17,5,72200,110,Less than 1 year,Under 30
202400009,9,2024,Manager,Sweden,Digital Strategy Consulting,2020-04-12,,6,95100,138,3–5 years,Under 30
202400010,10,2024,Non-manager,Sweden,Transformation & Change Management,2024-10-14,2024-06-03,8,45400,111,Less than 1 year,Under 30
202400011,11,2024,Manager,Germany,Transformation & Change Management,2020-05-14,,3,89600,147,3–5 years,30–39
202400012,12,2024,Non-manager,Sweden,Finance & Operations,,2024-06-15,3,61200,95,Not available,Under 30
202400013,13,2024,Non-manager,Spain,Customer Experience & Design,2023-08-14,,5,50900,121,1–2 years,30–39
202400014,14,2024,Non-manager,Sweden,Technology & IT Strategy,2024-08-31,2024-12-28,3,46800,85,Less than 1 year,Under 30
202400015,15,2024,Manager,Sweden,Transformation & Change Management,2024-09-11,2022-01-31,3,95800,114,Less than 1 year,Under 30
202400016,16,2024,Non-manager,Sweden,Sales & Business Development,2018-01-10,2022-09-26,3,80900,127,6–10 years,40–49
202400017,17,2024,Manager,Sweden,Finance & Operations,,2022-11-13,5,126900,97,Not available,50–59
202400018,18,2024,Manager,Germany,Technology & IT Strategy,2024-02-06,2023-09-26,2,90900,113,Less than 1 year,Under 30
202400019,19,2024,Manager,Spain,Technology & IT Strategy,,2022-04-16,5,109300,105,Not available,50–59
202400020,20,2024,Non-manager,Sweden,Transformation & Change Management,,,5,97800,112,Not available,40–49
202400022,22,2024,Non-manager,Sweden,Transformation & Change Management,2024-02-08,,5,63800,112,Less than 1 year,30–39
202400023,23,2024,Non-manager,Germany,Data & Analytics Consulting,2020-03-30,2024-04-15,6,50000,110,3–5 years,30–39
202400024,24,2024,Non-manager,Germany,Transformation & Change Management,2022-07-31,,6,56000,118,1–2 years,40–49
202400025,25,2024,Manager,Denmark,Finance & Operations,2021-11-23,2022-01-31,4,93800,113,3–5 years,30–39
202400026,26,2024,Non-manager,Sweden,Finance & Operations,2023-03-30,2023-09-27,3,53700,121,1–2 years,30–39
202400027,27,2024,Manager,Sweden,Technology & IT Strategy,,2022-05-10,4,98400,108,Not available,Under 30
202400028,28,2024,Non-manager,Denmark,Transformation & Change Management,2024-10-17,2023-10-12,3,47700,102,Less than 1 year,Under 30
202400029,29,2024,Non-manager,Spain,Human Resources,,2022-07-13,4,70600,116,Not available,30–39
202400031,31,2024,Non-manager,France,Customer Experience & Design,,,3,42400,90,Not available,30–39
202400032,32,2024,Non-manager,Germany,Customer Experience & Design,2024-07-29,2024-12-03,5,42800,65,Less than 1 year,30–39
202400033,33,2024,Non-manager,Denmark,Digital Strategy Consulting,2024-02-07,2024-06-16,5,85300,91,Less than 1 year,40–49
202400034,34,2024,Manager,Denmark,Sales & Business Development,2022-09-19,2022-09-17,4,113300,141,1–2 years,30–39
202400035,35,2024,Non-manager,France,Digital Strategy Consulting,2023-05-23,2022-11-10,5,43500,84,1–2 years,30–39
202400036,36,2024,Manager,Sweden,Finance & Operations,,2023-11-26,7,139600,123,Not available,30–39
202400037,37,2024,Manager,Germany,Data & Analytics Consulting,,2023-09-21,6,71700,99,Not available,30–39
202400038,38,2024,Non-manager,Denmark,Finance & Operations,,,2,61900,119,Not available,30–39
202400039,39,2024,Non-manager,Germany,Digital Strategy Consulting,2023-01-17,,3,46300,111,1–2 years,30–39
202400041,41,2024,Non-manager,Germany,Digital Marketing & Growth,2023-02-20,2023-12-21,3,46800,127,1–2 years,30–39
202400042,42,2024,Non-manager,Spain,Technology & IT Strategy,2023-07-07,2022-08-21,2,51600,117,1–2 years,30–39
202400043,43,2024,Non-manager,Sweden,Digital Strategy Consulting,2022-12-20,2024-02-16,2,45400,112,1–2 years,Under 30
202400044,44,2024,Non-manager,Sweden,Transformation & Change Management,2023-08-07,2022-02-05,9,60800,117,1–2 years,30–39
202400045,45,2024,Non-manager,Denmark,Finance & Operations,,2022-05-12,5,51000,94,Not available,30–39
202400046,46,2024,Non-manager,Germany,Technology & IT Strategy,2023-08-28,2022-01-27,5,53400,105,1–2 years,30–39
202400047,47,2024,Non-manager,Sweden,Transformation & Change Management,,,7,78200,125,Not available,30–39
202400048,48,2024,Non-manager,Germany,Data & Analytics Consulting,2023-07-09,,2,45300,98,1–2 years,Under 30
202400049,49,2024,Non-manager,Spain,Technology & IT Strategy,2018-04-28,,7,79400,107,6–10 years,40–49
202400050,50,2024,Non-manager,France,Human Resources,,2022-10-04,0,49300,110,Not available,30–39
202400051,51,2024,Non-manager,Germany,Digital Strategy Consulting,2022-10-06,2022-07-07,3,53100,116,1–2 years,Under 30
202400052,52,2024,Manager,Sweden,Technology & IT Strategy,2023-02-21,2023-05-04,12,77400,105,1–2 years,30–39
202400053,53,2024,Manager,Sweden,Transformation & Change Management,2023-01-26,,11,89000,115,1–2 years,Under 30
202400054,54,2024,Manager,Germany,Digital Strategy Consulting,,2022-11-09,2,110300,88,Not available,40–49
202400055,55,2024,Non-manager,Sweden,Technology & IT Strategy,,2024-10-05,9,70900,128,Not available,40–49
202400056,56,2024,Manager,Sweden,Human Resources,,2023-05-13,6,110400,140,Not available,40–49
202400058,58,2024,Non-manager,Denmark,Finance & Operations,,2023-08-17,5,55400,102,Not available,Under 30
202400059,59,2024,Manager,Germany,Finance & Operations,2022-03-28,,5,81800,121,1–2 years,30–39
202400060,60,2024,Non-manager,Germany,Customer Experience & Design,2024-09-20,2023-08-26,6,46100,114,Less than 1 year,30–39
202400061,61,2024,Non-manager,Sweden,Technology & IT Strategy,2023-05-18,2023-11-14,9,55800,111,1–2 years,30–39
202400062,62,2024,Non-manager,Germany,Human Resources,2024-12-05,,5,69600,60,Less than 1 year,50–59
202400063,63,2024,Manager,Sweden,Finance & Operations,,,2,82300,153,Not available,30–39
202400064,64,2024,Non-manager,Spain,Data & Analytics Consulting,2024-06-18,2023-12-11,6,39500,112,Less than 1 year,Under 30
202400065,65,2024,Manager,Sweden,Data & Analytics Consulting,2015-08-13,2024-06-05,6,175100,114,6–10 years,50–59
202400066,66,2024,Manager,Sweden,Technology & IT Strategy,2021-12-20,2022-03-08,4,106900,89,3–5 years,30–39
202400067,67,2024,Non-manager,Spain,Technology & IT Strategy,2023-10-24,2023-09-24,6,32700,107,1–2 years,30–39
202400068,68,2024,Manager,Sweden,Finance & Operations,,2023-02-20,7,90900,115,Not available,Under 30
202400069,69,2024,Manager,Denmark,Digital Strategy Consulting,2024-04-05,2023-05-14,1,86800,114,Less than 1 year,30–39
202400070,70,2024,Non-manager,France,Sales & Business Development,2022-09-07,2024-07-05,3,49000,151,1–2 years,30–39
202400071,71,2024,Manager,Spain,Digital Marketing & Growth,2023-08-28,2023-08-23,4,51100,124,1–2 years,30–39
202400072,72,2024,Non-manager,France,Sales & Business Development,2023-08-27,2023-05-31,5,35400,100,1–2 years,Under 30
202400073,73,2024,Manager,Sweden,Data & Analytics Consulting,2023-01-06,2022-03-13,3,94700,98,1–2 years,40–49
202400075,75,2024,Non-manager,Sweden,Finance & Operations,2024-09-26,,3,41800,149,Less than 1 year,Under 30
202400076,76,2024,Non-manager,Denmark,Transformation & Change Management,,,4,74400,102,Not available,30–39
202400077,77,2024,Non-manager,Germany,Cybersecurity & Digital Risk,,2023-04-26,6,66600,119,Not available,30–39
202400078,78,2024,Manager,Sweden,Digital Strategy Consulting,2024-05-03,2024-06-25,4,68100,106,Less than 1 year,Under 30
202400079,79,2024,Non-manager,Spain,Sales & Business Development,,2024-01-04,4,33800,106,Not available,30–39
202400080,80,2024,Manager,France,Cybersecurity & Digital Risk,2021-06-23,2022-10-24,5,125900,106,3–5 years,30–39
202400081,81,2024,Non-manager,France,Finance & Operations,2022-03-02,,1,48600,120,1–2 years,30–39
202400082,82,2024,Manager,Sweden,Finance & Operations,2023-10-28,2024-04-18,2,93900,124,1–2 years,30–39
202400083,83,2024,Non-manager,Germany,Digital Strategy Consulting,,2024-08-25,4,90000,119,Not available,40–49
202400085,85,2024,Non-manager,Spain,Digital Strategy Consulting,2023-03-26,2024-06-28,2,41400,136,1–2 years,Under 30
202400086,86,2024,Non-manager,Spain,Technology & IT Strategy,,,7,54000,132,Not available,30–39
202400087,87,2024,Non-manager,Spain,Finance & Operations,,2024-02-15,3,67900,110,Not available,60 and above
202400088,88,2024,Manager,Sweden,Digital Marketing & Growth,,2023-10-09,6,74200,123,Not available,30–39
202400089,89,2024,Manager,Sweden,Digital Strategy Consulting,,2024-12-23,10,60100,103,Not available,Under 30
202400090,90,2024,Non-manager,Germany,Human Resources,,2023-09-12,3,84400,116,Not available,40–49
202400091,91,2024,Manager,Spain,Finance & Operations,2022-01-24,2024-10-12,4,70700,135,1–2 years,30–39
202400092,92,2024,Manager,France,Sales & Business Development,,2024-07-24,6,136000,71,Not available,40–49
202400093,93,2024,Non-manager,Sweden,Digital Strategy Consulting,2022-02-09,,4,65100,114,1–2 years,30–39
202400094,94,2024,Manager,Denmark,Cybersecurity & Digital Risk,,,9,130700,144,Not available,30–39
202400095,95,2024,Non-manager,Sweden,Customer Experience & Design,2020-05-16,2023-10-07,6,64400,126,3–5 years,40–49
202400096,96,2024,Non-manager,Denmark,Technology & IT Strategy,,2024-07-01,8,107400,114,Not available,40–49
202400098,98,2024,Non-manager,Denmark,Digital Marketing & Growth,,2022-01-03,5,60700,124,Not available,30–39
202400099,99,2024,Non-manager,Sweden,Digital Strategy Consulting,,,6,91700,99,Not available,30–39
202400100,100,2024,Non-manager,Sweden,Digital Strategy Consulting,,2024-09-17,4,55100,129,Not available,30–39
202400101,101,2024,Non-manager,Sweden,Digital Strategy Consulting,,2024-10-08,1,56300,112,Not available,30–39
202400102,102,2024,Manager,Spain,Finance & Operations,,2024-12-22,3,84600,125,Not available,Under 30
202400103,103,2024,Non-manager,Sweden,Human Resources,2024-06-18,2023-12-03,4,57900,151,Less than 1 year,Under 30
202400104,104,2024,Manager,Sweden,Data & Analytics Consulting,,2024-12-23,5,78500,107,Not available,Under 30
202400105,105,2024,Manager,Sweden,Sales & Business Development,2024-08-23,,5,89900,96,Less than 1 year,30–39
202400106,106,2024,Manager,Denmark,Sales & Business Development,2023-03-10,2023-01-22,6,123100,124,1–2 years,30–39
202400108,108,2024,Non-manager,Spain,Data & Analytics Consulting,,2024-08-05,3,39200,136,Not available,30–39
202400109,109,2024,Non-manager,Denmark,Technology & IT Strategy,,2024-04-12,5,68000,128,Not available,Under 30
202400110,110,2024,Manager,Sweden,Data & Analytics Consulting,,2024-04-24,5,110300,81,Not available,30–39
202400111,111,2024,Non-manager,Sweden,Data & Analytics Consulting,2024-09-19,2023-10-18,4,39600,112,Less than 1 year,Under 30
202400112,112,2024,Manager,Sweden,Digital Marketing & Growth,2020-12-06,2022-10-21,5,95800,110,3–5 years,30–39
202400113,113,2024,Manager,Sweden,Cybersecurity & Digital Risk,2022-07-25,2024-04-01,7,100600,128,1–2 years,30–39
202400114,114,2024,Non-manager,France,Technology & IT Strategy,2023-04-26,2023-12-02,2,50300,111,1–2 years,Under 30
202400115,115,2024,Non-manager,Spain,Digital Marketing & Growth,,,6,35200,135,Not available,30–39
202400116,116,2024,Manager,Sweden,Sales & Business Development,,2023-10-01,8,115100,125,Not available,30–39
202400117,117,2024,Manager,Sweden,Human Resources,,2024-06-18,4,106500,123,Not available,30–39
202400118,118,2024,Manager,Sweden,Sales & Business Development,2024-05-26,2022-06-17,5,92700,95,Less than 1 year,30–39
202400119,119,2024,Manager,Sweden,Data & Analytics Consulting,,2022-02-24,10,184900,108,Not available,40–49
202400120,120,2024,Non-manager,Germany,Customer Experience & Design,2022-11-11,2023-11-01,5,65600,95,1–2 years,40–49
202400121,121,2024,Non-manager,Sweden,Technology & IT Strategy,2019-07-07,2022-07-23,3,66700,111,3–5 years,30–39
202400122,122,2024,Manager,Sweden,Customer Experience & Design,2023-07-14,2024-03-18,4,77200,139,1–2 years,Under 30
202400123,123,2024,Non-manager,Denmark,Data & Analytics Consulting,,2024-10-01,8,69300,115,Not available,40–49
202400124,124,2024,Non-manager,France,Transformation & Change Management,2021-04-22,2023-08-19,3,62700,120,3–5 years,40–49
202400125,125,2024,Manager,Sweden,Digital Strategy Consulting,2023-06-13,2024-10-22,4,92400,141,1–2 years,Under 30
202400127,127,2024,Non-manager,Germany,Cybersecurity & Digital Risk,2023-11-04,2022-08-21,6,50400,148,1–2 years,30–39
202400128,128,2024,Non-manager,France,Technology & IT Strategy,,2022-10-31,1,75300,112,Not available,40–49
202400129,129,2024,Manager,Spain,Data & Analytics Consulting,,2022-04-14,3,79000,78,Not available,30–39
202400130,130,2024,Manager,Sweden,Digital Strategy Consulting,2024-07-07,,5,104100,164,Less than 1 year,30–39
202400131,131,2024,Non-manager,France,Sales & Business Development,2024-01-16,2023-03-26,7,50400,91,Less than 1 year,30–39
202400133,133,2024,Manager,Sweden,Data & Analytics Consulting,,2024-12-06,8,97400,106,Not available,Under 30
202400134,134,2024,Manager,France,Transformation & Change Management,2021-11-05,2023-09-29,2,96600,95,3–5 years,40–49
202400135,135,2024,Non-manager,Sweden,Technology & IT Strategy,,2024-04-14,10,63900,123,Not available,30–39
202400136,136,2024,Non-manager,Sweden,Customer Experience & Design,,2022-02-14,6,71200,124,Not available,30–39
202400137,137,2024,Manager,Germany,Customer Experience & Design,2023-04-12,,5,82100,92,1–2 years,Under 30
202400138,138,2024,Manager,Sweden,Finance & Operations,,2024-09-07,8,126300,119,Not available,50–59
202400139,139,2024,Manager,Denmark,Digital Marketing & Growth,2023-10-31,2022-12-10,1,81800,104,1–2 years,30–39
202400140,140,2024,Non-manager,France,Digital Strategy Consulting,2023-12-31,2023-03-17,4,30000,117,1–2 years,Under 30
202400141,141,2024,Non-manager,Spain,Finance & Operations,2023-11-04,2024-01-06,2,32300,133,1–2 years,Under 30
202400142,142,2024,Manager,Sweden,Technology & IT Strategy,2024-09-25,2023-04-01,6,84200,123,Less than 1 year,Under 30
202400143,143,2024,Manager,Sweden,Transformation & Change Management,2024-11-16,2022-02-08,5,145600,132,Less than 1 year,50–59
202400144,144,2024,Manager,Sweden,Customer Experience & Design,,,3,163200,108,Not available,50–59
202400145,145,2024,Non-manager,Spain,Digital Marketing & Growth,2023-06-17,2022-01-30,6,36100,143,1–2 years,Under 30
202400147,147,2024,Non-manager,Sweden,Sales & Business Development,2021-04-11,2024-01-05,2,46800,147,3–5 years,30–39
202400148,148,2024,Non-manager,Denmark,Technology & IT Strategy,2021-01-16,2024-09-15,5,66500,110,3–5 years,30–39
202400149,149,2024,Non-manager,Spain,Digital Strategy Consulting,,2022-08-21,3,70600,129,Not available,40–49
202400150,150,2024,Manager,Sweden,Sales & Business Development,2019-07-20,2024-12-24,4,139700,91,3–5 years,50–59
202400151,151,2024,Non-manager,France,Data & Analytics Consulting,,,5,89300,128,Not available,40–49
202400152,152,2024,Manager,Denmark,Digital Marketing & Growth,2023-02-04,,8,96000,119,1–2 years,Under 30
202400153,153,2024,Manager,Sweden,Transformation & Change Management,2023-06-19,2023-10-01,6,88600,126,1–2 years,Under 30
202400154,154,2024,Manager,Denmark,Transformation & Change Management,2023-04-07,2024-07-02,3,99900,113,1–2 years,30–39
202400155,155,2024,Non-manager,Germany,Digital Strategy Consulting,2022-09-18,2022-09-05,2,48800,105,1–2 years,30–39
202400156,156,2024,Manager,Denmark,Digital Strategy Consulting,2024-01-25,,3,144700,142,Less than 1 year,30–39
202400157,157,2024,Non-manager,Spain,Data & Analytics Consulting,,,4,71500,127,Not available,40–49
202400158,158,2024,Non-manager,Sweden,Finance & Operations,,2023-10-23,4,36600,87,Not available,30–39
202400160,160,2024,Non-manager,Sweden,Digital Strategy Consulting,,2024-02-26,3,63800,138,Not available,30–39
202400161,161,2024,Manager,Sweden,Data & Analytics Consulting,2023-10-31,2023-05-26,5,89400,116,1–2 years,30–39
202400162,162,2024,Manager,Denmark,Transformation & Change Management,,2024-11-10,5,157300,105,Not available,40–49
202400163,163,2024,Manager,France,Digital Strategy Consulting,2024-10-15,2023-07-22,8,55100,102,Less than 1 year,Under 30
202400164,164,2024,Non-manager,Sweden,Transformation & Change Management,2023-03-17,2022-07-06,4,46500,121,1–2 years,30–39
202400165,165,2024,Manager,Sweden,Sales & Business Development,,2023-01-20,8,137300,109,Not available,30–39
202400166,166,2024,Manager,Sweden,Human Resources,2018-06-11,2022-04-06,2,137200,117,6–10 years,40–49
202400167,167,2024,Non-manager,Spain,Customer Experience & Design,,2023-11-23,5,36500,129,Not available,30–39
202400168,168,2024,Manager,Sweden,Data & Analytics Consulting,2019-11-04,2023-12-15,7,116300,134,3–5 years,30–39
202400169,169,2024,Non-manager,Sweden,Customer Experience & Design,,2023-09-22,6,53600,86,Not available,Under 30
202400170,170,2024,Non-manager,Sweden,Human Resources,,2023-08-13,8,55600,121,Not available,Under 30
202400171,171,2024,Manager,Sweden,Sales & Business Development,2017-03-18,,1,170300,110,6–10 years,60 and above
202400172,172,2024,Manager,Spain,Data & Analytics Consulting,2023-06-09,2022-12-23,6,67400,75,1–2 years,Under 30
202400173,173,2024,Manager,Spain,Human Resources,,2023-03-10,4,66100,124,Not available,30–39
202400174,174,2024,Non-manager,Germany,Human Resources,2022-06-10,2022-08-28,5,53500,112,1–2 years,Under 30
202400175,175,2024,Non-manager,Sweden,Data & Analytics Consulting,,2023-06-25,7,66700,123,Not available,40–49
202400176,176,2024,Manager,Sweden,Digital Strategy Consulting,2024-10-16,2022-10-30,5,164000,95,Less than 1 year,40–49
202400177,177,2024,Non-manager,Sweden,Digital Strategy Consulting,,2023-08-17,7,44700,98,Not available,Under 30
202400178,178,2024,Manager,Denmark,Sales & Business Development,,2024-11-20,5,112100,112,Not available,30–39
202400179,179,2024,Manager,Sweden,Customer Experience & Design,2022-04-14,2023-02-13,6,104200,116,1–2 years,Under 30
202400180,180,2024,Non-manager,Spain,Cybersecurity & Digital Risk,2024-02-01,,10,36900,91,Less than 1 year,30–39
202400181,181,2024,Manager,Spain,Data & Analytics Consulting,2022-02-25,2024-06-20,4,74900,140,1–2 years,Under 30
202400182,182,2024,Non-manager,Denmark,Finance & Operations,2024-03-19,2022-02-21,8,67500,104,Less than 1 year,30–39
202400184,184,2024,Non-manager,Spain,Finance & Operations,,2024-12-25,5,48900,146,Not available,40–49
202400185,185,2024,Non-manager,Sweden,Data & Analytics Consulting,,,3,95800,126,Not available,50–59
202400186,186,2024,Non-manager,Denmark,Digital Strategy Consulting,2020-04-21,2024-03-25,3,75000,112,3–5 years,30–39
202400187,187,2024,Non-manager,Sweden,Finance & Operations,2020-07-25,2023-03-11,8,60200,124,3–5 years,30–39
202400188,188,2024,Manager,France,Human Resources,2024-03-24,2023-09-27,4,71700,116,Less than 1 year,30–39
202400189,189,2024,Non-manager,Spain,Finance & Operations,2023-06-08,2023-02-07,7,45600,70,1–2 years,40–49
202400191,191,2024,Manager,Sweden,Data & Analytics Consulting,2024-11-23,2023-01-06,9,88400,93,Less than 1 year,Under 30
202400192,192,2024,Manager,Spain,Sales & Business Development,,2022-11-14,4,98000,161,Not available,40–49
202400193,193,2024,Manager,Sweden,Digital Strategy Consulting,2024-05-07,2024-02-06,4,108200,113,Less than 1 year,30–39
202400194,194,2024,Manager,Germany,Transformation & Change Management,2024-11-21,2022-04-19,9,132100,113,Less than 1 year,50–59
202400195,195,2024,Manager,Denmark,Customer Experience & Design,2024-09-23,2022-09-09,4,168600,117,Less than 1 year,50–59
202400196,196,2024,Non-manager,Spain,Data & Analytics Consulting,2023-07-15,2024-05-28,9,44500,113,1–2 years,30–39
202400197,197,2024,Non-manager,Germany,Finance & Operations,2024-06-22,,3,53400,98,Less than 1 year,30–39
202400199,199,2024,Non-manager,Spain,Finance & Operations,2024-01-04,2023-12-20,0,31300,135,Less than 1 year,30–39
202400200,200,2024,Manager,Germany,Cybersecurity & Digital Risk,,2023-03-30,0,99400,113,Not available,30–39
202400201,201,2024,Non-manager,France,Sales & Business Development,2023-08-22,,4,46400,93,1–2 years,30–39
202400202,202,2024,Non-manager,Sweden,Digital Strategy Consulting,2024-12-12,2024-06-04,3,42800,143,Less than 1 year,Under 30
202400203,203,2024,Manager,Spain,Transformation & Change Management,2023-02-07,2022-09-23,5,61400,100,1–2 years,Under 30
202400204,204,2024,Non-manager,Denmark,Digital Marketing & Growth,2024-03-16,,3,74500,107,Less than 1 year,30–39
202400205,205,2024,Non-manager,Spain,Technology & IT Strategy,,2022-12-20,4,52200,142,Not available,40–49
202400206,206,2024,Manager,Sweden,Customer Experience & Design,,2023-10-06,5,71800,79,Not available,Under 30
202400207,207,2024,Non-manager,Germany,Data & Analytics Consulting,,2024-01-20,5,47300,108,Not available,Under 30
202400208,208,2024,Manager,Sweden,Data & Analytics Consulting,2021-08-28,2024-11-23,7,93800,107,3–5 years,30–39
202400209,209,2024,Non-manager,Sweden,Transformation & Change Management,2023-03-22,,2,42700,145,1–2 years,Under 30
202400210,210,2024,Manager,Germany,Digital Marketing & Growth,2024-10-29,2024-11-26,4,75800,118,Less than 1 year,Under 30
202400211,211,2024,Non-manager,Germany,Transformation & Change Management,,2022-07-22,3,53800,107,Not available,30–39
202400212,212,2024,Manager,Sweden,Digital Strategy Consulting,2021-11-30,2024-12-04,6,76100,86,3–5 years,30–39
202400213,213,2024,Non-manager,Germany,Technology & IT Strategy,2021-01-10,,2,66300,121,3–5 years,40–49
202400214,214,2024,Manager,Sweden,Digital Marketing & Growth,,2024-06-09,4,82600,124,Not available,30–39
202400215,215,2024,Non-manager,Sweden,Cybersecurity & Digital Risk,2024-03-17,2024-04-30,1,41400,115,Less than 1 year,Under 30
202400216,216,2024,Non-manager,France,Sales & Business Development,,2022-01-19,5,51100,111,Not available,40–49
202400217,217,2024,Manager,Spain,Data & Analytics Consulting,,,3,70300,116,Not available,30–39
202400218,218,2024,Non-manager,Denmark,Data & Analytics Consulting,2023-08-01,2023-03-14,6,46100,127,1–2 years,Under 30
202400219,219,2024,Non-manager,Sweden,Digital Marketing & Growth,2022-02-28,,4,54200,96,1–2 years,40–49
202400220,220,2024,Manager,Spain,Sales & Business Development,2023-09-09,,1,83400,105,1–2 years,30–39
202400221,221,2024,Non-manager,Sweden,Transformation & Change Management,2024-10-17,,5,71300,113,Less than 1 year,30–39
202400222,222,2024,Non-manager,Sweden,Sales & Business Development,,2024-12-30,6,68700,103,Not available,Under 30
202400223,223,2024,Manager,France,Digital Strategy Consulting,2023-09-28,2023-04-29,4,103800,142,1–2 years,30–39
202400224,224,2024,Non-manager,Denmark,Customer Experience & Design,,2024-02-11,8,42700,90,Not available,Under 30
202400225,225,2024,Manager,Sweden,Human Resources,2020-10-23,2022-08-17,6,92700,94,3–5 years,50–59
202400226,226,2024,Non-manager,Sweden,Transformation & Change Management,2023-05-03,2024-01-15,8,45700,87,1–2 years,Under 30
202400227,227,2024,Manager,Sweden,Data & Analytics Consulting,2022-07-09,2023-12-25,6,109200,105,1–2 years,30–39
202400228,228,2024,Non-manager,Spain,Finance & Operations,,2022-08-27,8,28400,131,Not available,30–39
202400229,229,2024,Non-manager,Sweden,Data & Analytics Consulting,2024-05-20,2024-07-03,10,51500,108,Less than 1 year,30–39
202400230,230,2024,Manager,Sweden,Sales & Business Development,,2023-09-21,6,76200,116,Not available,Under 30
202400231,231,2024,Non-manager,Germany,Sales & Business Development,,2024-02-15,4,47800,96,Not available,Under 30
202400232,232,2024,Non-manager,Spain,Technology & IT Strategy,,2024-04-15,4,39200,129,Not available,Under 30
202400233,233,2024,Non-manager,Germany,Transformation & Change Management,,2022-06-28,6,47100,126,Not available,40–49
202400234,234,2024,Non-manager,Sweden,Finance & Operations,2024-05-03,2023-05-02,8,41500,136,Less than 1 year,30–39
202400235,235,2024,Manager,Sweden,Transformation & Change Management,2024-07-14,2023-06-15,5,82400,72,Less than 1 year,Under 30
202400236,236,2024,Manager,Sweden,Cybersecurity & Digital Risk,,2023-08-10,10,151600,131,Not available,40–49
202400237,237,2024,Manager,Sweden,Sales & Business Development,,2024-12-07,4,94800,94,Not available,Under 30
202400238,238,2024,Manager,Sweden,Cybersecurity & Digital Risk,2023-10-02,2024-12-29,4,80700,124,1–2 years,30–39
202400239,239,2024,Manager,Spain,Sales & Business Development,2021-06-21,2024-07-24,3,82700,126,3–5 years,30–39
202400240,240,2024,Manager,Sweden,Technology & IT Strategy,2021-10-26,2023-08-02,7,85300,121,3–5 years,30–39
202400241,241,2024,Manager,Denmark,Digital Marketing & Growth,,2023-10-21,6,97400,106,Not available,30–39
202400242,242,2024,Manager,Germany,Human Resources,2015-07-18,2023-09-25,5,119000,110,6–10 years,30–39
202400243,243,2024,Manager,Sweden,Data & Analytics Consulting,,2023-07-15,6,81600,96,Not available,Under 30
202400244,244,2024,Manager,Sweden,Data & Analytics Consulting,,2024-04-10,4,78800,118,Not available,Under 30
202400246,246,2024,Manager,Sweden,Technology & IT Strategy,2023-09-08,2024-08-05,4,78600,119,1–2 years,30–39
202400247,247,2024,Non-manager,Germany,Finance & Operations,2024-02-17,2024-06-02,3,31800,113,Less than 1 year,Under 30
202400248,248,2024,Non-manager,Sweden,Customer Experience & Design,,2024-11-27,3,44500,86,Not available,Under 30
202400249,249,2024,Manager,France,Digital Strategy Consulting,,2023-11-09,7,85600,111,Not available,30–39
202400250,250,2024,Manager,France,Transformation & Change Management,,2024-02-29,4,108100,117,Not available,40–49
202400251,251,2024,Manager,Germany,Data & Analytics Consulting,2022-12-22,2024-08-27,4,88200,117,1–2 years,30–39
202400252,252,2024,Manager,Spain,Transformation & Change Management,2015-08-28,2023-06-28,10,97300,123,6–10 years,50–59
202400253,253,2024,Manager,Sweden,Data & Analytics Consulting,,,3,134300,79,Not available,50–59
202400254,254,2024,Non-manager,Sweden,Sales & Business Development,2023-09-23,2022-04-09,3,53800,123,1–2 years,Under 30
202400255,255,2024,Non-manager,France,Digital Strategy Consulting,,2023-06-12,4,44400,120,Not available,30–39
202400256,256,2024,Manager,Sweden,Transformation & Change Management,2018-02-01,,6,118700,132,6–10 years,30–39
202400257,257,2024,Non-manager,Denmark,Cybersecurity & Digital Risk,,,3,92900,120,Not available,50–59
202400258,258,2024,Non-manager,Sweden,Technology & IT Strategy,,2023-07-03,6,65700,104,Not available,30–39
202400259,259,2024,Non-manager,Sweden,Technology & IT Strategy,2023-05-16,2023-04-15,8,47100,141,1–2 years,Under 30
202400261,261,2024,Non-manager,Denmark,Sales & Business Development,,2023-03-16,4,66300,116,Not available,30–39
202400262,262,2024,Non-manager,Sweden,Customer Experience & Design,,2022-08-05,3,44400,101,Not available,Under 30
202400263,263,2024,Manager,Spain,Human Resources,2024-10-22,,4,49300,119,Less than 1 year,Under 30
202400264,264,2024,Non-manager,Sweden,Sales & Business Development,,,7,63800,94,Not available,30–39
202400265,265,2024,Non-manager,Sweden,Cybersecurity & Digital Risk,2022-12-20,2022-08-21,5,56300,99,1–2 years,30–39
202400266,266,2024,Non-manager,France,Transformation & Change Management,,2022-06-20,4,48500,116,Not available,30–39
202400267,267,2024,Non-manager,Germany,Customer Experience & Design,,,4,95600,119,Not available,40–49
202400268,268,2024,Manager,France,Cybersecurity & Digital Risk,,2024-10-15,1,108300,116,Not available,30–39
202400269,269,2024,Manager,Sweden,Transformation & Change Management,,2024-11-28,5,89000,139,Not available,30–39
202400270,270,2024,Non-manager,Spain,Customer Experience & Design,2023-09-08,2024-03-10,3,36700,108,1–2 years,30–39
202400271,271,2024,Manager,Sweden,Technology & IT Strategy,2016-12-26,2022-01-23,5,124200,109,6–10 years,30–39
202400272,272,2024,Non-manager,Germany,Digital Strategy Consulting,,2024-07-05,3,35900,99,Not available,Under 30
202400273,273,2024,Non-manager,Sweden,Human Resources,,2023-11-09,3,80200,77,Not available,50–59
202400274,274,2024,Manager,Germany,Finance & Operations,2022-03-22,2024-11-02,6,86900,81,1–2 years,30–39
202400275,275,2024,Non-manager,Sweden,Technology & IT Strategy,2021-11-17,2023-12-21,7,61100,140,3–5 years,30–39
202400276,276,2024,Non-manager,Spain,Data & Analytics Consulting,,2022-02-24,4,41400,116,Not available,30–39
202400277,277,2024,Non-manager,Sweden,Digital Marketing & Growth,2021-10-06,,5,57700,129,3–5 years,40–49
202400278,278,2024,Non-manager,Sweden,Data & Analytics Consulting,2023-07-20,2022-09-19,4,52000,106,1–2 years,30–39
202400279,279,2024,Non-manager,Sweden,Human Resources,,2023-03-20,0,67800,126,Not available,30–39
202400280,280,2024,Manager,Spain,Digital Strategy Consulting,,2024-01-22,5,94300,83,Not available,30–39
202400281,281,2024,Manager,France,Cybersecurity & Digital Risk,2021-01-01,2024-06-07,4,114900,87,3–5 years,40–49
202400282,282,2024,Non-manager,Sweden,Human Resources,2023-03-17,,2,47100,133,1–2 years,Under 30
202400283,283,2024,Non-manager,Sweden,Digital Marketing & Growth,2024-02-12,2024-02-09,3,56300,102,Less than 1 year,Under 30
202400285,285,2024,Non-manager,Sweden,Transformation & Change Management,,2023-11-19,13,46900,135,Not available,Under 30
202400286,286,2024,Non-manager,Sweden,Digital Strategy Consulting,2020-09-15,2022-07-24,3,64300,104,3–5 years,30–39
202400287,287,2024,Manager,Denmark,Digital Marketing & Growth,2022-07-25,2024-02-05,9,108600,99,1–2 years,30–39
202400288,288,2024,Non-manager,Sweden,Cybersecurity & Digital Risk,2024-05-27,2022-12-04,5,53200,133,Less than 1 year,30–39
202400289,289,2024,Non-manager,Spain,Finance & Operations,,2024-10-24,4,46900,107,Not available,30–39
202400290,290,2024,Non-manager,France,Technology & IT Strategy,,2022-07-07,5,57900,170,Not available,30–39
202400291,291,2024,Manager,Sweden,Customer Experience & Design,2018-05-25,2022-05-14,3,130500,75,6–10 years,30–39
202400292,292,2024,Manager,Sweden,Technology & IT Strategy,2021-04-23,2023-04-26,3,99800,122,3–5 years,40–49
202400293,293,2024,Manager,Sweden,Sales & Business Development,,2022-03-24,3,100700,97,Not available,40–49
202400294,294,2024,Manager,Germany,Sales & Business Development,,2023-06-13,6,78900,85,Not available,30–39
202400295,295,2024,Manager,Germany,Finance & Operations,2023-05-25,,4,138100,123,1–2 years,50–59
202400296,296,2024,Non-manager,Sweden,Transformation & Change Management,,,4,48700,129,Not available,30–39
202400297,297,2024,Non-manager,Spain,Digital Strategy Consulting,,2023-02-14,4,33100,107,Not available,Under 30
202400298,298,2024,Manager,Sweden,Transformation & Change Management,2023-06-27,2024-10-08,4,96800,116,1–2 years,30–39
202400299,299,2024,Non-manager,Spain,Finance & Operations,2021-10-27,2022-04-11,30,48400,139,3–5 years,30–39
202400300,300,2024,Non-manager,Sweden,Cybersecurity & Digital Risk,,2023-06-07,8,87800,118,Not available,50–59
202400301,301,2024,Non-manager,Sweden,Digital Marketing & Growth,,2022-04-04,7,56500,130,Not available,30–39
202400302,302,2024,Non-manager,Germany,Data & Analytics Consulting,,2024-08-21,5,41000,126,Not available,Under 30
202400303,303,2024,Manager,Denmark,Transformation & Change Management,2022-06-27,2023-06-28,5,121700,112,1–2 years,30–39
202400304,304,2024,Non-manager,Spain,Digital Strategy Consulting,2024-02-17,,3,38500,85,Less than 1 year,Under 30
202400305,305,2024,Non-manager,Spain,Data & Analytics Consulting,,2024-07-08,4,32000,102,Not available,Under 30
202400306,306,2024,Non-manager,Spain,Data & Analytics Consulting,,,3,70200,124,Not available,30–39
202400307,307,2024,Non-manager,Germany,Sales & Business Development,,2024-10-18,6,47300,117,Not available,Under 30
202400308,308,2024,Manager,France,Customer Experience & Design,,2024-07-24,6,74500,81,Not available,40–49
202400309,309,2024,Manager,Sweden,Finance & Operations,2023-09-16,,7,81300,109,1–2 years,30–39
202400310,310,2024,Non-manager,Denmark,Technology & IT Strategy,2022-09-08,2023-06-17,4,101900,115,1–2 years,40–49
202400311,311,2024,Non-manager,Spain,Data & Analytics Consulting,2024-11-11,2023-04-25,3,49200,122,Less than 1 year,30–39
202400312,312,2024,Manager,Sweden,Transformation & Change Management,2016-12-19,,5,121400,148,6–10 years,30–39
202400313,313,2024,Non-manager,France,Digital Marketing & Growth,2018-10-24,,2,46800,119,6–10 years,Under 30
202400314,314,2024,Manager,Sweden,Digital Marketing & Growth,,,4,125000,99,Not available,40–49
202400315,315,2024,Non-manager,Sweden,Transformation & Change Management,,2022-08-10,4,72100,109,Not available,30–39
202400316,316,2024,Non-manager,France,Human Resources,2023-04-03,2024-08-17,6,44900,115,1–2 years,30–39
202400317,317,2024,Non-manager,Sweden,Transformation & Change Management,2023-09-03,2023-06-07,4,46500,99,1–2 years,Under 30
202400318,318,2024,Manager,France,Transformation & Change Management,2024-01-06,2024-07-03,2,72300,101,Less than 1 year,Under 30
202400319,319,2024,Manager,Sweden,Cybersecurity & Digital Risk,,2023-08-19,6,134000,104,Not available,40–49
202400320,320,2024,Manager,Spain,Data & Analytics Consulting,,2022-01-05,5,104000,126,Not available,40–49
202400321,321,2024,Manager,Sweden,Human Resources,2023-12-14,,6,80500,109,1–2 years,Under 30
202400322,322,2024,Non-manager,Spain,Finance & Operations,2018-05-28,,2,56200,139,6–10 years,30–39
202400323,323,2024,Manager,Germany,Digital Strategy Consulting,2022-06-30,,5,94100,76,1–2 years,30–39
202400324,324,2024,Non-manager,Germany,Customer Experience & Design,2023-06-15,2023-10-09,4,45200,110,1–2 years,30–39
202400325,325,2024,Manager,France,Finance & Operations,,2024-09-06,2,86400,102,Not available,30–39
202400326,326,2024,Non-manager,Spain,Finance & Operations,2020-06-29,,6,38300,124,3–5 years,30–39
202400327,327,2024,Non-manager,Sweden,Technology & IT Strategy,2019-03-13,,4,83200,102,3–5 years,40–49
202400328,328,2024,Non-manager,Germany,Digital Marketing & Growth,,2023-11-04,2,53300,120,Not available,30–39
202400329,329,2024,Manager,France,Transformation & Change Management,,,3,104100,111,Not available,30–39
202400330,330,2024,Non-manager,Sweden,Cybersecurity & Digital Risk,,2024-08-25,3,47000,119,Not available,30–39
202400331,331,2024,Manager,Spain,Digital Strategy Consulting,,2023-07-23,3,108600,86,Not available,30–39
202400332,332,2024,Manager,Sweden,Digital Marketing & Growth,2020-07-02,2022-09-10,6,91500,130,3–5 years,30–39
202400333,333,2024,Non-manager,Germany,Cybersecurity & Digital Risk,2021-08-11,,2,88300,125,3–5 years,40–49
202400334,334,2024,Manager,Germany,Transformation & Change Management,,2023-05-27,2,78900,122,Not available,Under 30
202400335,335,2024,Non-manager,France,Technology & IT Strategy,2023-10-27,2023-09-29,2,40800,113,1–2 years,30–39
202400336,336,2024,Manager,Sweden,Cybersecurity & Digital Risk,,,3,87000,128,Not available,30–39
202400337,337,2024,Manager,Sweden,Customer Experience & Design,,2023-08-13,5,139300,127,Not available,40–49
202400338,338,2024,Non-manager,Sweden,Finance & Operations,,2023-10-26,8,59300,94,Not available,30–39
202400339,339,2024,Non-manager,Sweden,Finance & Operations,2021-08-13,,5,97400,112,3–5 years,40–49
202400340,340,2024,Non-manager,France,Technology & IT Strategy,2024-04-30,,2,66200,104,Less than 1 year,Under 30
202400341,341,2024,Non-manager,Sweden,Data & Analytics Consulting,2019-05-25,2024-03-17,2,66600,119,3–5 years,40–49
202400342,342,2024,Non-manager,Sweden,Sales & Business Development,2022-05-04,2022-07-13,7,51300,117,1–2 years,30–39
202400343,343,2024,Manager,Sweden,Digital Strategy Consulting,2022-08-08,2023-01-11,3,82400,118,1–2 years,30–39
202400344,344,2024,Manager,Germany,Customer Experience & Design,2024-08-18,,7,68100,89,Less than 1 year,Under 30
202400345,345,2024,Manager,Germany,Digital Marketing & Growth,,2022-07-04,3,89300,81,Not available,Under 30
202400346,346,2024,Manager,Sweden,Digital Strategy Consulting,2020-06-21,2023-03-21,4,181300,106,3–5 years,40–49
202400347,347,2024,Non-manager,Germany,Digital Strategy Consulting,,2022-07-28,3,49900,124,Not available,Under 30
202400349,349,2024,Non-manager,Germany,Transformation & Change Management,,2022-03-19,4,74100,107,Not available,40–49
202400350,350,2024,Manager,France,Customer Experience & Design,,2023-02-20,6,118200,104,Not available,40–49
202400351,351,2024,Manager,France,Data & Analytics Consulting,2022-05-15,2024-04-04,9,108600,126,1–2 years,40–49
202400352,352,2024,Non-manager,Germany,Technology & IT Strategy,2023-11-06,,5,67100,148,1–2 years,30–39
202400353,353,2024,Non-manager,Spain,Data & Analytics Consulting,2021-12-02,,4,53600,134,3–5 years,Under 30
202400354,354,2024,Non-manager,Germany,Digital Strategy Consulting,,,3,82400,125,Not available,50–59
202400355,355,2024,Manager,Germany,Cybersecurity & Digital Risk,,2022-10-10,2,102300,95,Not available,30–39
202400356,356,2024,Manager,France,Transformation & Change Management,2022-04-12,2024-05-15,4,74700,99,1–2 years,30–39
202400357,357,2024,Manager,Sweden,Customer Experience & Design,,2022-04-17,5,142700,113,Not available,40–49
202400358,358,2024,Manager,Sweden,Sales & Business Development,2024-08-14,2024-03-05,5,84700,122,Less than 1 year,30–39
202400359,359,2024,Manager,Denmark,Data & Analytics Consulting,2021-06-13,,3,100100,101,3–5 years,Under 30
202400360,360,2024,Manager,Sweden,Human Resources,,2022-08-08,2,79000,102,Not available,30–39
202400361,361,2024,Non-manager,Spain,Customer Experience & Design,,,3,56900,125,Not available,40–49
202400362,362,2024,Non-manager,Sweden,Human Resources,,2022-05-11,9,50700,84,Not available,30–39
202400363,363,2024,Non-manager,France,Technology & IT Strategy,,,4,68500,112,Not available,40–49
202400364,364,2024,Manager,Sweden,Transformation & Change Management,,2022-02-09,2,137600,119,Not available,50–59
202400365,365,2024,Non-manager,Germany,Customer Experience & Design,,2023-08-18,6,87500,121,Not available,50–59
202400366,366,2024,Manager,Spain,Digital Strategy Consulting,,2024-11-22,3,63400,116,Not available,30–39
202400367,367,2024,Manager,Denmark,Customer Experience & Design,,2024-04-19,5,179400,87,Not available,40–49
202400368,368,2024,Non-manager,Denmark,Customer Experience & Design,2024-08-06,,4,74000,108,Less than 1 year,Under 30
202400369,369,2024,Non-manager,Germany,Human Resources,2022-12-24,2024-01-12,2,39800,110,1–2 years,40–49
202400370,370,2024,Non-manager,Spain,Customer Experience & Design,,2022-03-01,7,68700,123,Not available,40–49
202400371,371,2024,Non-manager,Sweden,Data & Analytics Consulting,,2024-03-07,5,44500,111,Not available,30–39
202400372,372,2024,Manager,Germany,Data & Analytics Consulting,,,4,73400,110,Not available,30–39
202400373,373,2024,Non-manager,Sweden,Data & Analytics Consulting,2024-08-23,2024-12-08,7,66100,113,Less than 1 year,Under 30
202400374,374,2024,Manager,Sweden,Sales & Business Development,,,6,183400,98,Not available,40–49
202400376,376,2024,Non-manager,Sweden,Human Resources,2024-09-29,2024-01-23,3,77300,98,Less than 1 year,30–39
202400378,378,2024,Non-manager,Spain,Human Resources,,2024-01-29,4,69100,145,Not available,40–49
202400379,379,2024,Manager,Spain,Finance & Operations,2019-03-09,2022-08-10,5,107100,108,3–5 years,40–49
202400380,380,2024,Manager,Sweden,Finance & Operations,2022-06-07,2024-07-07,4,86100,79,1–2 years,30–39
202400381,381,2024,Manager,Germany,Cybersecurity & Digital Risk,2022-11-15,2023-02-27,4,102200,110,1–2 years,30–39
202400382,382,2024,Non-manager,Sweden,Data & Analytics Consulting,2024-12-21,2023-04-21,8,41300,126,Less than 1 year,Under 30
202400383,383,2024,Non-manager,Sweden,Customer Experience & Design,2021-06-28,2022-06-21,1,58100,89,3–5 years,30–39
202400384,384,2024,Manager,Spain,Human Resources,,,3,100300,93,Not available,30–39
202400385,385,2024,Manager,Germany,Sales & Business Development,,2024-11-21,3,97500,109,Not available,30–39
202400386,386,2024,Manager,France,Digital Marketing & Growth,2023-11-07,2024-03-07,6,94500,100,1–2 years,30–39
202400387,387,2024,Manager,Germany,Digital Strategy Consulting,2024-01-13,2023-09-13,6,90100,122,Less than 1 year,30–39
202400389,389,2024,Non-manager,Denmark,Technology & IT Strategy,2020-08-24,2023-07-26,10,79800,131,3–5 years,30–39
202400390,390,2024,Non-manager,Sweden,Transformation & Change Management,,2022-12-08,9,54500,135,Not available,Under 30
202400391,391,2024,Manager,Spain,Transformation & Change Management,,2022-04-07,2,108900,158,Not available,40–49
202400392,392,2024,Non-manager,Sweden,Transformation & Change Management,2018-09-25,2024-12-29,7,77400,54,6–10 years,40–49
202400394,394,2024,Manager,Sweden,Data & Analytics Consulting,2024-05-20,,4,88800,125,Less than 1 year,30–39
202400395,395,2024,Non-manager,Germany,Finance & Operations,,2023-12-02,8,34400,86,Not available,30–39
202400396,396,2024,Non-manager,France,Finance & Operations,2021-05-14,,5,55800,113,3–5 years,40–49
202400397,397,2024,Manager,Sweden,Human Resources,,,8,132700,110,Not available,50–59
202400398,398,2024,Non-manager,Germany,Transformation & Change Management,2019-06-26,,2,89100,122,3–5 years,50–59
202400399,399,2024,Manager,France,Customer Experience & Design,2023-09-19,,6,65600,129,1–2 years,Under 30
202400401,401,2024,Manager,France,Transformation & Change Management,,2024-03-26,8,98500,130,Not available,40–49
202400402,402,2024,Non-manager,France,Technology & IT Strategy,2016-01-13,2023-10-28,6,82500,149,6–10 years,40–49
202400403,403,2024,Non-manager,France,Customer Experience & Design,,2024-04-17,5,56900,105,Not available,40–49
202400404,404,2024,Non-manager,Sweden,Sales & Business Development,,2024-07-01,6,81600,117,Not available,40–49
202400406,406,2024,Manager,Sweden,Data & Analytics Consulting,,2024-09-23,2,84000,109,Not available,30–39
202400407,407,2024,Manager,Sweden,Data & Analytics Consulting,,2024-01-23,4,137100,111,Not available,50–59
202400408,408,2024,Manager,Germany,Digital Strategy Consulting,2022-10-27,2023-05-30,6,91900,124,1–2 years,Under 30
202400409,409,2024,Manager,Sweden,Transformation & Change Management,2023-07-02,2022-11-27,8,83200,107,1–2 years,Under 30
202400410,410,2024,Non-manager,France,Digital Strategy Consulting,2021-12-26,2024-06-23,4,50400,112,3–5 years,30–39
202400411,411,2024,Non-manager,Sweden,Technology & IT Strategy,2017-09-13,2023-10-13,10,90900,89,6–10 years,40–49
202400412,412,2024,Manager,Sweden,Finance & Operations,2016-08-12,2023-10-29,5,139000,95,6–10 years,30–39
202400413,413,2024,Non-manager,Sweden,Transformation & Change Management,,2022-06-07,9,90100,126,Not available,40–49
202400414,414,2024,Non-manager,France,Sales & Business Development,,2023-08-28,2,85600,165,Not available,30–39
202400415,415,2024,Non-manager,Denmark,Cybersecurity & Digital Risk,,2024-11-30,5,70900,126,Not available,30–39
202400416,416,2024,Non-manager,Sweden,Transformation & Change Management,2024-03-16,2023-07-04,5,53600,127,Less than 1 year,Under 30
202400417,417,2024,Manager,Denmark,Transformation & Change Management,2024-07-30,2022-01-01,9,93300,116,Less than 1 year,Under 30
202400418,418,2024,Non-manager,Sweden,Transformation & Change Management,2022-07-07,,6,52800,153,1–2 years,Under 30
202400419,419,2024,Manager,France,Technology & IT Strategy,2023-05-12,,10,93500,136,1–2 years,Under 30
202400421,421,2024,Manager,Sweden,Human Resources,2016-08-16,2023-05-16,3,108500,122,6–10 years,40–49
202400422,422,2024,Manager,Denmark,Digital Strategy Consulting,2023-12-30,2023-08-17,8,93100,98,1–2 years,Under 30
202400423,423,2024,Non-manager,Sweden,Transformation & Change Management,2022-09-05,2023-05-26,7,53600,105,1–2 years,30–39
202400424,424,2024,Manager,Sweden,Digital Strategy Consulting,,2023-02-14,4,110600,120,Not available,30–39
202400425,425,2024,Manager,Germany,Sales & Business Development,,,10,126100,112,Not available,30–39
202400426,426,2024,Non-manager,Sweden,Transformation & Change Management,2024-11-09,,5,54500,118,Less than 1 year,40–49
202400427,427,2024,Manager,Sweden,Digital Marketing & Growth,2021-11-07,2023-09-15,5,92400,97,3–5 years,Under 30
202400428,428,2024,Manager,Spain,Digital Marketing & Growth,2022-09-05,2023-12-01,1,80400,110,1–2 years,30–39
202400429,429,2024,Manager,Sweden,Technology & IT Strategy,2022-02-21,,7,84800,109,1–2 years,30–39
202400430,430,2024,Manager,Sweden,Digital Strategy Consulting,2024-10-20,2022-11-19,9,89700,105,Less than 1 year,30–39
202400431,431,2024,Non-manager,Sweden,Data & Analytics Consulting,2024-06-28,2023-10-10,6,37400,94,Less than 1 year,Under 30
202400432,432,2024,Manager,Denmark,Data & Analytics Consulting,,2023-09-13,6,91900,111,Not available,Under 30
202400434,434,2024,Non-manager,Sweden,Cybersecurity & Digital Risk,,2024-04-04,5,67000,120,Not available,Under 30
202400435,435,2024,Manager,Denmark,Digital Strategy Consulting,,2023-01-15,5,146000,117,Not available,40–49
202400436,436,2024,Non-manager,Sweden,Technology & IT Strategy,2018-09-05,2022-03-27,13,86800,130,6–10 years,40–49
202400437,437,2024,Manager,Sweden,Transformation & Change Management,,,5,139300,130,Not available,50–59
202400438,438,2024,Non-manager,Germany,Customer Experience & Design,2023-11-30,2023-09-24,8,48800,128,1–2 years,30–39
202400439,439,2024,Manager,Sweden,Cybersecurity & Digital Risk,2021-07-10,2023-12-06,7,94700,114,3–5 years,30–39
202400440,440,2024,Non-manager,Sweden,Technology & IT Strategy,2023-02-27,2024-12-06,5,73500,81,1–2 years,40–49
202400441,441,2024,Non-manager,Germany,Digital Strategy Consulting,,2023-04-14,3,55700,100,Not available,Under 30
202400442,442,2024,Manager,Germany,Human Resources,,2022-07-26,3,87600,104,Not available,40–49
202400443,443,2024,Non-manager,France,Data & Analytics Consulting,2021-03-11,2024-02-28,8,52800,126,3–5 years,Under 30
202400445,445,2024,Non-manager,Denmark,Cybersecurity & Digital Risk,,2022-12-17,9,111800,126,Not available,30–39
202400446,446,2024,Non-manager,France,Human Resources,2022-07-20,2024-09-19,3,44500,130,1–2 years,30–39
202400447,447,2024,Manager,Sweden,Technology & IT Strategy,2018-03-09,2023-02-13,2,168500,105,6–10 years,40–49
202400448,448,2024,Non-manager,Germany,Finance & Operations,2020-10-18,,1,58900,103,3–5 years,30–39
202400449,449,2024,Manager,Denmark,Cybersecurity & Digital Risk,2019-09-26,2022-11-10,5,165100,100,3–5 years,40–49
202400450,450,2024,Non-manager,Germany,Digital Strategy Consulting,2022-02-07,2023-11-09,9,75200,121,1–2 years,40–49
202400451,451,2024,Manager,Sweden,Digital Strategy Consulting,2021-07-03,2023-09-22,4,98500,102,3–5 years,Under 30
202400452,452,2024,Manager,Sweden,Transformation & Change Management,,2023-05-12,3,184000,109,Not available,50–59
202400453,453,2024,Manager,France,Customer Experience & Design,,2023-08-30,5,122100,86,Not available,40–49
202400454,454,2024,Non-manager,Sweden,Digital Strategy Consulting,2024-04-05,2024-09-06,2,56600,93,Less than 1 year,30–39
202400455,455,2024,Manager,Sweden,Digital Strategy Consulting,2022-12-02,,4,119300,120,1–2 years,40–49
202400456,456,2024,Non-manager,Spain,Transformation & Change Management,2022-05-10,2022-11-05,4,33700,155,1–2 years,40–49
202400457,457,2024,Non-manager,Sweden,Technology & IT Strategy,,2023-02-11,8,89500,129,Not available,40–49
202400459,459,2024,Non-manager,Denmark,Customer Experience & Design,2024-05-10,2023-09-26,7,63100,102,Less than 1 year,40–49
202400460,460,2024,Non-manager,Germany,Cybersecurity & Digital Risk,,2023-11-11,4,68000,135,Not available,Under 30
202400461,461,2024,Manager,Germany,Data & Analytics Consulting,2023-06-07,,4,94500,72,1–2 years,Under 30
202400462,462,2024,Non-manager,Sweden,Digital Marketing & Growth,,,5,38900,117,Not available,Under 30
202400463,463,2024,Non-manager,France,Digital Marketing & Growth,,2024-06-30,5,45600,104,Not available,40–49
202400464,464,2024,Manager,Sweden,Technology & IT Strategy,,,5,171000,103,Not available,50–59
202400465,465,2024,Non-manager,Denmark,Cybersecurity & Digital Risk,,2022-07-03,6,95000,114,Not available,30–39
202400466,466,2024,Non-manager,France,Data & Analytics Consulting,2023-10-24,2024-07-30,5,36100,124,1–2 years,Under 30
202400467,467,2024,Manager,France,Digital Strategy Consulting,,2022-08-24,6,87600,111,Not available,40–49
202400468,468,2024,Manager,Spain,Sales & Business Development,,2023-11-25,2,68600,128,Not available,30–39
202400469,469,2024,Manager,Sweden,Digital Strategy Consulting,2024-11-17,2023-09-08,6,74700,126,Less than 1 year,Under 30
202400470,470,2024,Manager,Sweden,Finance & Operations,2024-05-23,2024-08-02,4,107700,108,Less than 1 year,30–39
202400471,471,2024,Non-manager,Spain,Digital Marketing & Growth,2024-12-27,,5,38900,107,Less than 1 year,Under 30
202400472,472,2024,Non-manager,Sweden,Digital Marketing & Growth,,,6,52300,131,Not available,30–39
202400473,473,2024,Non-manager,Denmark,Cybersecurity & Digital Risk,2024-11-27,2023-02-25,3,55300,121,Less than 1 year,Under 30
202400474,474,2024,Non-manager,Germany,Digital Strategy Consulting,2024-08-20,2022-07-10,2,48500,102,Less than 1 year,Under 30
202400475,475,2024,Non-manager,France,Customer Experience & Design,2022-06-05,2024-10-05,9,52400,116,1–2 years,30–39
202400476,476,2024,Non-manager,Denmark,Digital Strategy Consulting,2022-08-02,2023-08-28,5,67700,124,1–2 years,30–39
202400477,477,2024,Manager,Germany,Digital Strategy Consulting,,2023-08-18,5,122500,69,Not available,40–49
202400478,478,2024,Non-manager,Sweden,Human Resources,2024-06-16,2023-09-21,2,45100,129,Less than 1 year,30–39
202400479,479,2024,Manager,France,Digital Strategy Consulting,2024-03-27,,3,67200,92,Less than 1 year,30–39
202400480,480,2024,Manager,Spain,Technology & IT Strategy,2023-05-01,2024-10-18,7,65200,129,1–2 years,30–39
202400481,481,2024,Manager,Sweden,Cybersecurity & Digital Risk,2021-10-10,2024-08-02,9,104800,132,3–5 years,30–39
202400482,482,2024,Manager,Sweden,Technology & IT Strategy,,2024-12-18,5,134500,100,Not available,30–39
202400483,483,2024,Manager,Germany,Technology & IT Strategy,,2024-10-12,2,106800,84,Not available,30–39
202400484,484,2024,Manager,Sweden,Sales & Business Development,2024-07-28,,5,79200,93,Less than 1 year,Under 30
202400485,485,2024,Manager,Sweden,Finance & Operations,2016-10-18,2022-03-22,6,140800,115,6–10 years,50–59
202400486,486,2024,Manager,Sweden,Data & Analytics Consulting,,2022-12-14,7,135200,100,Not available,50–59
202400487,487,2024,Manager,Sweden,Transformation & Change Management,2023-08-03,2022-05-11,5,104100,127,1–2 years,30–39
202400488,488,2024,Manager,Sweden,Sales & Business Development,2023-07-16,2023-01-24,2,80300,109,1–2 years,30–39
202400489,489,2024,Non-manager,France,Finance & Operations,2024-01-16,2024-09-12,7,41100,111,Less than 1 year,Under 30
202400490,490,2024,Non-manager,Sweden,Sales & Business Development,2021-04-28,2024-02-12,5,61900,110,3–5 years,30–39
202400491,491,2024,Non-manager,Sweden,Cybersecurity & Digital Risk,2024-05-07,2023-08-29,8,47200,136,Less than 1 year,Under 30
202400493,493,2024,Non-manager,Denmark,Data & Analytics Consulting,2024-04-21,,7,54100,106,Less than 1 year,30–39
202400494,494,2024,Manager,Germany,Customer Experience & Design,2024-03-22,,9,70100,110,Less than 1 year,30–39
202400495,495,2024,Non-manager,Sweden,Sales & Business Development,2022-07-09,,5,50200,147,1–2 years,30–39
202400496,496,2024,Manager,Spain,Data & Analytics Consulting,2024-04-10,2024-12-07,3,55400,117,Less than 1 year,Under 30
202400497,497,2024,Non-manager,Sweden,Transformation & Change Management,2021-01-30,2024-08-11,5,52500,124,3–5 years,30–39
202400498,498,2024,Non-manager,Sweden,Customer Experience & Design,,2024-04-23,6,53700,125,Not available,30–39
202400499,499,2024,Non-manager,France,Technology & IT Strategy,2022-02-09,,3,57900,89,1–2 years,30–39
202400500,500,2024,Manager,France,Data & Analytics Consulting,,,3,96500,112,Not available,40–49
202400501,501,2024,Manager,France,Data & Analytics Consulting,,,3,120900,87,Not available,40–49
202400502,502,2024,Non-manager,Sweden,Finance & Operations,,2022-07-31,6,55600,102,Not available,Under 30
202400503,503,2024,Manager,France,Data & Analytics Consulting,,2022-08-21,4,79100,101,Not available,30–39
202400504,504,2024,Manager,Sweden,Cybersecurity & Digital Risk,2021-11-23,2023-07-05,5,96100,134,3–5 years,30–39
202400505,505,2024,Manager,France,Transformation & Change Management,2019-02-26,2024-10-23,2,141600,92,3–5 years,40–49
202400506,506,2024,Manager,France,Human Resources,,2024-01-21,7,77300,146,Not available,30–39
202400507,507,2024,Manager,Denmark,Digital Strategy Consulting,2022-04-21,2024-09-25,6,107100,128,1–2 years,40–49
202400508,508,2024,Manager,Spain,Customer Experience & Design,,,4,54500,110,Not available,30–39
202400509,509,2024,Manager,Sweden,Data & Analytics Consulting,,2023-02-09,3,148600,108,Not available,50–59
202400510,510,2024,Manager,Germany,Finance & Operations,2023-12-13,2024-05-13,9,67300,123,1–2 years,Under 30
202400511,511,2024,Non-manager,Denmark,Technology & IT Strategy,,,4,102100,147,Not available,30–39
202400512,512,2024,Non-manager,France,Human Resources,,2022-06-13,4,48400,134,Not available,30–39
202400513,513,2024,Non-manager,Germany,Technology & IT Strategy,,2022-02-28,3,55300,112,Not available,Under 30
202400514,514,2024,Non-manager,Germany,Finance & Operations,2022-04-13,2024-06-15,4,47500,118,1–2 years,Under 30
202400515,515,2024,Non-manager,Spain,Digital Strategy Consulting,,2024-06-04,9,49800,118,Not available,30–39
202400516,516,2024,Manager,Sweden,Cybersecurity & Digital Risk,2022-04-10,2022-12-31,4,101200,133,1–2 years,30–39
202400518,518,2024,Manager,Sweden,Human Resources,,,11,124800,80,Not available,30–39
202400519,519,2024,Manager,Sweden,Digital Strategy Consulting,2021-12-31,2023-07-21,8,99200,139,3–5 years,30–39
202400520,520,2024,Non-manager,Germany,Customer Experience & Design,2024-07-12,2022-04-04,4,54500,71,Less than 1 year,Under 30
202400521,521,2024,Non-manager,Germany,Transformation & Change Management,2024-12-07,2024-05-02,9,38400,115,Less than 1 year,Under 30
202400522,522,2024,Non-manager,Sweden,Digital Marketing & Growth,2022-07-02,2022-08-15,4,54800,136,1–2 years,30–39
202400523,523,2024,Manager,Germany,Transformation & Change Management,2022-08-07,2022-09-21,1,71800,109,1–2 years,30–39
202400524,524,2024,Manager,Germany,Digital Strategy Consulting,,2024-05-24,1,77600,122,Not available,30–39
202400525,525,2024,Non-manager,Sweden,Cybersecurity & Digital Risk,,2022-12-01,5,62000,125,Not available,30–39
202400526,526,2024,Non-manager,Germany,Digital Marketing & Growth,,,1,61000,139,Not available,Under 30
202400527,527,2024,Manager,Denmark,Digital Marketing & Growth,,,9,129000,114,Not available,30–39
202400528,528,2024,Non-manager,France,Cybersecurity & Digital Risk,2021-02-24,,1,68800,86,3–5 years,30–39
202400529,529,2024,Manager,Sweden,Technology & IT Strategy,,2024-02-25,6,77400,85,Not available,Under 30
202400531,531,2024,Non-manager,Sweden,Digital Marketing & Growth,,2022-01-18,5,62100,145,Not available,40–49
202400533,533,2024,Non-manager,France,Digital Marketing & Growth,,2023-05-19,3,43900,131,Not available,30–39
202400534,534,2024,Non-manager,Denmark,Cybersecurity & Digital Risk,2018-08-27,2024-02-18,5,86300,118,6–10 years,30–39
202400535,535,2024,Non-manager,France,Technology & IT Strategy,,2024-07-07,7,45300,128,Not available,Under 30
202400536,536,2024,Non-manager,Sweden,Finance & Operations,2022-09-22,2024-01-01,7,50600,111,1–2 years,Under 30
202400537,537,2024,Manager,Germany,Finance & Operations,2023-06-25,2024-09-24,3,89100,84,1–2 years,40–49
202400538,538,2024,Non-manager,Sweden,Technology & IT Strategy,,,8,99400,152,Not available,40–49
202400540,540,2024,Non-manager,Germany,Sales & Business Development,,2023-01-30,4,69400,100,Not available,30–39
202400541,541,2024,Manager,Germany,Data & Analytics Consulting,,2024-04-19,2,118100,84,Not available,50–59
202400542,542,2024,Non-manager,France,Technology & IT Strategy,2022-10-09,2023-01-24,6,46900,125,1–2 years,Under 30
202400543,543,2024,Non-manager,Spain,Technology & IT Strategy,,2024-12-17,6,65300,160,Not available,40–49
202400544,544,2024,Manager,Sweden,Sales & Business Development,,2023-08-21,6,145800,134,Not available,40–49
202400545,545,2024,Manager,France,Sales & Business Development,,2023-03-07,2,89400,102,Not available,30–39
202400546,546,2024,Non-manager,Sweden,Digital Strategy Consulting,,2022-10-17,5,48600,131,Not available,30–39
202400547,547,2024,Manager,Germany,Digital Strategy Consulting,2021-06-14,2023-04-11,4,92900,119,3–5 years,40–49
202400548,548,2024,Manager,Denmark,Digital Marketing & Growth,2022-10-13,2022-09-03,6,113700,99,1–2 years,Under 30
202400549,549,2024,Non-manager,Sweden,Sales & Business Development,2021-12-22,2022-01-13,4,52100,149,3–5 years,Under 30
202400550,550,2024,Non-manager,Sweden,Technology & IT Strategy,,,8,51600,95,Not available,Under 30
202400551,551,2024,Non-manager,Sweden,Data & Analytics Consulting,,2024-11-04,3,56200,114,Not available,30–39
202400552,552,2024,Non-manager,Spain,Transformation & Change Management,,,4,33800,164,Not available,Under 30
202400553,553,2024,Manager,Sweden,Sales & Business Development,2024-07-14,2022-04-03,8,91000,89,Less than 1 year,Under 30
202400554,554,2024,Non-manager,Sweden,Digital Strategy Consulting,2020-10-06,,4,86600,101,3–5 years,30–39
202400555,555,2024,Manager,France,Finance & Operations,2023-10-31,,5,72000,167,1–2 years,30–39
202400556,556,2024,Manager,Denmark,Customer Experience & Design,,2024-10-08,4,90900,124,Not available,30–39
202400557,557,2024,Non-manager,Spain,Transformation & Change Management,2024-01-29,,4,32800,112,Less than 1 year,Under 30
202400558,558,2024,Manager,Sweden,Data & Analytics Consulting,2020-07-10,2024-07-13,2,88200,124,3–5 years,40–49
202400559,559,2024,Non-manager,Sweden,Finance & Operations,,,2,88300,137,Not available,50–59
202400560,560,2024,Non-manager,Denmark,Finance & Operations,2023-10-25,2023-08-23,13,49000,102,1–2 years,30–39
202400561,561,2024,Manager,France,Finance & Operations,2019-04-08,2024-09-12,0,97200,112,3–5 years,30–39
202400562,562,2024,Non-manager,Sweden,Sales & Business Development,,2024-02-07,7,46900,111,Not available,30–39
202400563,563,2024,Non-manager,France,Transformation & Change Management,,2024-08-21,7,43600,110,Not available,Under 30
202400564,564,2024,Non-manager,Germany,Customer Experience & Design,2023-10-05,2023-12-10,7,53500,126,1–2 years,30–39
202400565,565,2024,Non-manager,Spain,Digital Strategy Consulting,,2022-08-05,5,44400,115,Not available,30–39
202400566,566,2024,Non-manager,Sweden,Customer Experience & Design,,,7,68700,89,Not available,30–39
202400567,567,2024,Manager,Denmark,Technology & IT Strategy,2023-06-30,2023-06-26,6,101100,118,1–2 years,30–39
202400568,568,2024,Non-manager,France,Digital Marketing & Growth,,2023-03-04,5,72300,142,Not available,30–39
202400569,569,2024,Manager,Sweden,Transformation & Change Management,2021-12-28,2023-01-24,7,99100,89,3–5 years,30–39
202400570,570,2024,Non-manager,Spain,Data & Analytics Consulting,,,3,70900,121,Not available,50–59
202400571,571,2024,Manager,Sweden,Data & Analytics Consulting,2024-11-10,2022-08-24,9,90000,126,Less than 1 year,30–39
202400572,572,2024,Manager,France,Cybersecurity & Digital Risk,2024-05-24,2022-12-23,3,72200,132,Less than 1 year,Under 30
202400573,573,2024,Non-manager,Denmark,Customer Experience & Design,2023-04-25,,8,59500,124,1–2 years,30–39
202400574,574,2024,Manager,France,Technology & IT Strategy,2021-08-12,2022-02-15,2,98200,114,3–5 years,30–39
202400575,575,2024,Manager,Sweden,Digital Strategy Consulting,2022-04-30,2022-05-03,4,93100,99,1–2 years,30–39
202400576,576,2024,Non-manager,Sweden,Digital Strategy Consulting,,2024-01-31,6,46000,107,Not available,Under 30
202400577,577,2024,Non-manager,Denmark,Cybersecurity & Digital Risk,2024-07-18,2022-10-23,4,56700,81,Less than 1 year,Under 30
202400578,578,2024,Non-manager,Germany,Finance & Operations,2022-09-30,2022-02-15,4,52300,91,1–2 years,Under 30
202400579,579,2024,Manager,Denmark,Finance & Operations,2024-11-01,,0,98600,93,Less than 1 year,Under 30
202400580,580,2024,Manager,Denmark,Finance & Operations,,2023-06-16,4,105600,113,Not available,30–39
202400581,581,2024,Manager,Sweden,Human Resources,,2023-10-27,2,119900,83,Not available,40–49
202400582,582,2024,Manager,France,Digital Strategy Consulting,2019-06-20,2024-11-10,6,92500,125,3–5 years,30–39
202400583,583,2024,Manager,Sweden,Digital Strategy Consulting,2022-08-16,2023-06-20,5,108300,124,1–2 years,40–49
202400584,584,2024,Non-manager,Sweden,Data & Analytics Consulting,2019-09-08,2022-07-05,7,79500,127,3–5 years,30–39
202400585,585,2024,Non-manager,Sweden,Transformation & Change Management,2019-03-10,2022-02-13,6,99600,112,3–5 years,50–59
202400586,586,2024,Manager,Denmark,Customer Experience & Design,2022-09-07,2024-03-02,6,102000,133,1–2 years,Under 30
202400587,587,2024,Non-manager,Spain,Transformation & Change Management,2021-08-03,2024-11-29,4,35500,110,3–5 years,30–39
202400588,588,2024,Non-manager,Spain,Technology & IT Strategy,,,2,57900,110,Not available,30–39
202400589,589,2024,Manager,Sweden,Finance & Operations,,2023-10-06,8,79800,89,Not available,Under 30
202400590,590,2024,Manager,Sweden,Finance & Operations,,2022-10-23,2,182200,125,Not available,40–49
202400591,591,2024,Non-manager,Spain,Data & Analytics Consulting,,2022-08-12,5,43800,118,Not available,30–39
202400592,592,2024,Non-manager,Germany,Technology & IT Strategy,2024-09-17,2024-02-16,4,48900,111,Less than 1 year,Under 30
202400593,593,2024,Non-manager,Denmark,Finance & Operations,2020-11-05,2022-12-06,5,68100,95,3–5 years,40–49
202400594,594,2024,Non-manager,France,Customer Experience & Design,2022-11-07,2023-02-14,3,42900,133,1–2 years,30–39
202400595,595,2024,Manager,Denmark,Digital Marketing & Growth,,2024-08-11,4,106500,128,Not available,40–49
202400596,596,2024,Manager,Germany,Data & Analytics Consulting,2020-08-09,2024-03-02,3,115600,95,3–5 years,30–39
202400597,597,2024,Manager,France,Transformation & Change Management,,2022-12-15,2,139400,105,Not available,40–49
202400598,598,2024,Manager,Sweden,Finance & Operations,2024-07-02,,3,78500,119,Less than 1 year,30–39
202400599,599,2024,Non-manager,Sweden,Digital Strategy Consulting,2023-02-13,2022-03-21,4,58800,126,1–2 years,30–39
202400600,600,2024,Non-manager,Sweden,Technology & IT Strategy,,,8,50600,114,Not available,30–39
202400601,601,2024,Non-manager,Sweden,Cybersecurity & Digital Risk,,2023-09-14,8,59300,108,Not available,Under 30
202400602,602,2024,Non-manager,Sweden,Technology & IT Strategy,,,1,79100,117,Not available,40–49
202400603,603,2024,Manager,Denmark,Digital Strategy Consulting,2024-12-13,,5,95800,92,Less than 1 year,30–39
202400605,605,2024,Manager,Sweden,Data & Analytics Consulting,2024-07-24,,8,87600,112,Less than 1 year,30–39
202400606,606,2024,Non-manager,Sweden,Digital Strategy Consulting,2023-11-29,2024-01-09,2,64500,138,1–2 years,30–39
202400607,607,2024,Manager,Sweden,Finance & Operations,,2022-12-05,6,96900,102,Not available,30–39
202400608,608,2024,Manager,Sweden,Customer Experience & Design,,2022-10-20,5,130900,102,Not available,40–49
202400609,609,2024,Manager,Germany,Digital Strategy Consulting,,2024-04-09,5,72200,114,Not available,30–39
202400610,610,2024,Non-manager,Sweden,Digital Strategy Consulting,2016-01-16,2024-04-21,10,108700,111,6–10 years,50–59
202400611,611,2024,Non-manager,Sweden,Cybersecurity & Digital Risk,,,8,66900,114,Not available,Under 30
202400612,612,2024,Non-manager,Sweden,Digital Marketing & Growth,,2024-03-28,1,54500,106,Not available,30–39
202400613,613,2024,Non-manager,Germany,Data & Analytics Consulting,2021-09-04,2024-07-06,6,68000,93,3–5 years,30–39
202400614,614,2024,Non-manager,Germany,Digital Strategy Consulting,2024-05-31,2024-06-24,1,52500,99,Less than 1 year,Under 30
202400615,615,2024,Manager,Sweden,Digital Strategy Consulting,,2023-05-02,4,81000,93,Not available,Under 30
202400616,616,2024,Non-manager,France,Transformation & Change Management,2023-07-27,2022-05-18,3,62000,112,1–2 years,30–39
202400617,617,2024,Non-manager,Denmark,Digital Strategy Consulting,,2023-06-07,4,105200,124,Not available,50–59
202400618,618,2024,Manager,Sweden,Customer Experience & Design,2021-05-03,,8,107100,121,3–5 years,40–49
202400619,619,2024,Manager,France,Digital Marketing & Growth,2024-12-09,,2,66400,112,Less than 1 year,30–39
202400620,620,2024,Manager,Sweden,Data & Analytics Consulting,,2023-03-28,10,125000,103,Not available,30–39
202400621,621,2024,Manager,Germany,Data & Analytics Consulting,2024-12-25,2024-07-24,6,92400,116,Less than 1 year,Under 30
202400622,622,2024,Manager,Spain,Data & Analytics Consulting,2019-07-09,2024-10-16,4,87100,109,3–5 years,30–39
202400623,623,2024,Non-manager,Spain,Technology & IT Strategy,,2022-11-21,6,51400,115,Not available,30–39
202400624,624,2024,Non-manager,Spain,Digital Strategy Consulting,2024-04-01,,11,38200,102,Less than 1 year,30–39
202400625,625,2024,Manager,Sweden,Digital Strategy Consulting,2024-04-08,2024-11-30,3,74200,99,Less than 1 year,Under 30
202400626,626,2024,Manager,France,Data & Analytics Consulting,,2022-09-01,3,99900,104,Not available,30–39
202400627,627,2024,Manager,Sweden,Finance & Operations,2024-06-15,,5,104900,100,Less than 1 year,30–39
202400628,628,2024,Non-manager,Sweden,Digital Strategy Consulting,2024-07-29,2024-05-18,4,45700,93,Less than 1 year,30–39
202400629,629,2024,Non-manager,Spain,Transformation & Change Management,,,4,53300,106,Not available,30–39
202400630,630,2024,Non-manager,Sweden,Finance & Operations,,2022-04-27,8,45800,119,Not available,30–39
202400631,631,2024,Manager,Germany,Technology & IT Strategy,,2024-12-08,2,112400,108,Not available,30–39
202400632,632,2024,Non-manager,Sweden,Customer Experience & Design,,2023-06-11,5,53600,153,Not available,30–39
202400633,633,2024,Manager,Germany,Data & Analytics Consulting,,2023-11-02,5,137500,124,Not available,40–49
202400634,634,2024,Manager,France,Data & Analytics Consulting,,2023-08-10,5,85700,104,Not available,Under 30
202400635,635,2024,Non-manager,Sweden,Finance & Operations,2022-07-20,2024-04-04,0,42000,110,1–2 years,30–39
202400636,636,2024,Manager,Sweden,Digital Marketing & Growth,2017-01-08,2024-10-05,3,177200,96,6–10 years,50–59
202400637,637,2024,Manager,Sweden,Digital Marketing & Growth,,2023-03-31,6,183300,68,Not available,50–59
202400638,638,2024,Non-manager,Sweden,Human Resources,,2022-07-01,8,60400,132,Not available,Under 30
202400639,639,2024,Non-manager,Germany,Data & Analytics Consulting,,2024-08-27,5,62700,111,Not available,Under 30
202400640,640,2024,Non-manager,France,Cybersecurity & Digital Risk,2023-10-05,2024-06-12,4,53500,136,1–2 years,30–39
202400641,641,2024,Manager,Sweden,Finance & Operations,,,6,114600,146,Not available,30–39
202400642,642,2024,Manager,Sweden,Digital Strategy Consulting,,2024-01-13,9,93000,121,Not available,30–39
202400643,643,2024,Non-manager,Sweden,Customer Experience & Design,2024-10-18,2023-08-12,6,44600,99,Less than 1 year,30–39
202400644,644,2024,Non-manager,Sweden,Transformation & Change Management,2022-04-24,2024-05-14,1,61700,95,1–2 years,30–39
202400645,645,2024,Non-manager,Sweden,Digital Marketing & Growth,2022-07-02,2024-05-20,7,94200,112,1–2 years,40–49
202400646,646,2024,Manager,Denmark,Data & Analytics Consulting,,2022-01-27,4,138900,127,Not available,30–39
202400647,647,2024,Non-manager,Sweden,Digital Marketing & Growth,,,3,41200,59,Not available,Under 30
202400648,648,2024,Manager,Denmark,Finance & Operations,2023-04-03,,10,112200,69,1–2 years,30–39
202400649,649,2024,Non-manager,France,Data & Analytics Consulting,,2024-04-27,4,63100,94,Not available,30–39
202400650,650,2024,Manager,Denmark,Sales & Business Development,2021-10-01,2023-01-31,2,111600,76,3–5 years,30–39
202400651,651,2024,Manager,Sweden,Digital Strategy Consulting,,2022-03-02,4,108700,123,Not available,40–49
202400652,652,2024,Non-manager,Spain,Data & Analytics Consulting,,2022-05-02,5,41600,120,Not available,30–39
202400653,653,2024,Manager,Denmark,Customer Experience & Design,2023-03-27,2023-04-22,4,95200,93,1–2 years,30–39
202400654,654,2024,Manager,Denmark,Sales & Business Development,2024-03-30,2024-05-23,8,82800,127,Less than 1 year,Under 30
202400655,655,2024,Non-manager,Germany,Digital Strategy Consulting,,2024-08-08,5,38400,98,Not available,Under 30
202400656,656,2024,Manager,Germany,Finance & Operations,,2022-04-03,6,117700,98,Not available,50–59
202400657,657,2024,Manager,Sweden,Digital Strategy Consulting,2024-03-15,2024-09-30,10,75500,130,Less than 1 year,Under 30
202400658,658,2024,Manager,Denmark,Digital Strategy Consulting,2022-06-03,2024-02-15,4,143500,111,1–2 years,40–49
202400659,659,2024,Manager,Sweden,Cybersecurity & Digital Risk,2024-12-21,,6,98300,94,Less than 1 year,30–39
202400660,660,2024,Non-manager,France,Technology & IT Strategy,2024-03-08,2023-01-17,5,53100,119,Less than 1 year,30–39
202400661,661,2024,Non-manager,France,Digital Marketing & Growth,2023-07-24,2023-04-13,5,47600,99,1–2 years,30–39
202400662,662,2024,Manager,France,Digital Strategy Consulting,,2024-10-04,4,77500,115,Not available,30–39
202400663,663,2024,Non-manager,Germany,Digital Marketing & Growth,,,3,60100,135,Not available,40–49
202400664,664,2024,Non-manager,Sweden,Transformation & Change Management,,,6,49500,131,Not available,30–39
202400665,665,2024,Manager,Denmark,Transformation & Change Management,2022-10-14,2024-07-03,7,123200,151,1–2 years,30–39
202400666,666,2024,Non-manager,Denmark,Sales & Business Development,2015-01-27,2023-06-18,4,92300,147,6–10 years,30–39
202400667,667,2024,Manager,Spain,Digital Strategy Consulting,,,5,116300,122,Not available,50–59
202400669,669,2024,Manager,Spain,Cybersecurity & Digital Risk,,2024-01-22,3,70300,106,Not available,Under 30
202400670,670,2024,Non-manager,France,Digital Strategy Consulting,2020-08-13,2022-12-19,4,51500,116,3–5 years,30–39
202400671,671,2024,Non-manager,Sweden,Technology & IT Strategy,,2023-04-15,8,50600,95,Not available,30–39
202400672,672,2024,Non-manager,Sweden,Transformation & Change Management,,2023-08-19,2,59200,80,Not available,30–39
202400673,673,2024,Manager,France,Digital Strategy Consulting,2024-10-17,,6,92800,142,Less than 1 year,30–39
202400674,674,2024,Manager,France,Transformation & Change Management,,,7,93300,115,Not available,30–39
202400675,675,2024,Manager,Germany,Data & Analytics Consulting,,2024-05-22,7,108000,116,Not available,30–39
202400676,676,2024,Non-manager,Sweden,Data & Analytics Consulting,,2022-03-06,9,56700,113,Not available,30–39
202400677,677,2024,Non-manager,France,Digital Strategy Consulting,2024-09-22,,1,51500,105,Less than 1 year,30–39
202400678,678,2024,Manager,France,Transformation & Change Management,,2023-01-23,0,112800,84,Not available,30–39
202400679,679,2024,Non-manager,Sweden,Digital Strategy Consulting,2022-06-03,2022-09-22,5,65900,133,1–2 years,30–39
202400680,680,2024,Manager,France,Digital Strategy Consulting,,,5,85100,103,Not available,Under 30
202400681,681,2024,Non-manager,Sweden,Finance & Operations,2022-08-30,2023-07-14,6,53300,120,1–2 years,Under 30
202400682,682,2024,Manager,Spain,Customer Experience & Design,,2023-01-24,3,96000,123,Not available,50–59
202400683,683,2024,Manager,Sweden,Digital Strategy Consulting,,2022-09-14,5,103500,67,Not available,40–49
202400684,684,2024,Non-manager,Denmark,Digital Strategy Consulting,,2023-05-30,5,49500,133,Not available,30–39
202400685,685,2024,Manager,Spain,Data & Analytics Consulting,2024-01-23,,5,49600,93,Less than 1 year,Under 30
202400687,687,2024,Non-manager,Sweden,Customer Experience & Design,,2023-03-02,5,61900,119,Not available,30–39
202400688,688,2024,Manager,France,Customer Experience & Design,,,1,59100,73,Not available,Under 30
202400689,689,2024,Non-manager,France,Data & Analytics Consulting,,,3,72200,134,Not available,30–39
202400690,690,2024,Manager,Spain,Transformation & Change Management,2024-09-13,2022-04-18,4,67800,93,Less than 1 year,30–39
202400691,691,2024,Non-manager,Spain,Sales & Business Development,2020-05-25,2024-09-13,3,67000,131,3–5 years,30–39
202400692,692,2024,Manager,Germany,Sales & Business Development,2023-03-19,2024-12-22,2,88400,95,1–2 years,30–39
202400693,693,2024,Non-manager,Germany,Technology & IT Strategy,,2022-12-20,6,65500,109,Not available,30–39
202400694,694,2024,Manager,France,Transformation & Change Management,2022-11-13,2022-08-30,4,87900,129,1–2 years,30–39
202400695,695,2024,Non-manager,Denmark,Digital Marketing & Growth,2024-07-31,2022-07-04,8,60100,133,Less than 1 year,30–39
202400696,696,2024,Non-manager,Sweden,Customer Experience & Design,,2024-01-31,7,58200,121,Not available,Under 30
202400697,697,2024,Manager,France,Digital Marketing & Growth,2015-11-25,,6,131900,133,6–10 years,50–59
202400698,698,2024,Non-manager,Sweden,Customer Experience & Design,,,3,40500,65,Not available,40–49
202400699,699,2024,Manager,Sweden,Transformation & Change Management,2020-12-12,,4,108400,100,3–5 years,30–39
202400700,700,2024,Manager,Sweden,Finance & Operations,2024-06-02,2024-12-13,3,75400,106,Less than 1 year,Under 30
202400701,701,2024,Non-manager,Sweden,Technology & IT Strategy,2024-10-16,2022-09-19,4,88800,110,Less than 1 year,40–49
202400702,702,2024,Manager,Sweden,Cybersecurity & Digital Risk,,2024-05-31,8,134700,96,Not available,40–49
202400703,703,2024,Manager,Sweden,Human Resources,2023-03-08,,3,129500,118,1–2 years,40–49
202400704,704,2024,Non-manager,Sweden,Customer Experience & Design,,2024-05-04,2,40200,110,Not available,Under 30
202400705,705,2024,Manager,Sweden,Transformation & Change Management,,2022-09-08,4,118600,119,Not available,40–49
202400706,706,2024,Non-manager,France,Digital Strategy Consulting,2022-08-29,2024-12-29,4,39800,113,1–2 years,30–39
202400707,707,2024,Manager,Germany,Digital Strategy Consulting,2018-07-24,2023-04-27,3,119600,120,6–10 years,30–39
202400708,708,2024,Manager,Denmark,Technology & IT Strategy,,,4,144200,87,Not available,50–59
202400709,709,2024,Manager,France,Finance & Operations,,2024-11-13,9,116100,140,Not available,40–49
202400710,710,2024,Non-manager,Sweden,Finance & Operations,,,6,44500,122,Not available,30–39
202400711,711,2024,Manager,Sweden,Transformation & Change Management,,2022-07-31,6,118500,122,Not available,30–39
202400712,712,2024,Manager,Sweden,Finance & Operations,2020-07-06,2022-06-02,7,91900,96,3–5 years,30–39
202400713,713,2024,Non-manager,Sweden,Transformation & Change Management,,2024-08-02,5,60600,149,Not available,Under 30
202400714,714,2024,Non-manager,Germany,Data & Analytics Consulting,2021-11-03,,1,55600,94,3–5 years,30–39
202400715,715,2024,Non-manager,Denmark,Digital Marketing & Growth,2023-12-07,2024-09-16,5,51800,126,1–2 years,Under 30
202400716,716,2024,Non-manager,Denmark,Technology & IT Strategy,,2023-05-02,6,58600,119,Not available,30–39
202400718,718,2024,Manager,Sweden,Technology & IT Strategy,2022-07-06,2023-11-03,4,92700,131,1–2 years,30–39
202400719,719,2024,Non-manager,France,Technology & IT Strategy,2024-11-13,2023-07-09,6,44500,100,Less than 1 year,Under 30
202400720,720,2024,Non-manager,Germany,Sales & Business Development,2024-06-10,,6,53300,136,Less than 1 year,40–49
202400721,721,2024,Manager,Sweden,Data & Analytics Consulting,,2023-09-22,3,69700,116,Not available,30–39
202400722,722,2024,Manager,Sweden,Cybersecurity & Digital Risk,2017-02-15,2022-03-31,4,173400,103,6–10 years,40–49
202400723,723,2024,Manager,Denmark,Transformation & Change Management,2020-09-21,2022-02-25,3,116400,91,3–5 years,40–49
202400724,724,2024,Manager,Germany,Data & Analytics Consulting,2015-08-08,,4,130900,144,6–10 years,50–59
202400725,725,2024,Manager,Germany,Cybersecurity & Digital Risk,,2024-10-07,8,77300,102,Not available,30–39
202400726,726,2024,Non-manager,Spain,Digital Marketing & Growth,2021-12-13,2022-04-02,3,46500,130,3–5 years,Under 30
202400728,728,2024,Non-manager,Germany,Transformation & Change Management,,2024-11-15,5,47400,119,Not available,Under 30
202400730,730,2024,Manager,Sweden,Data & Analytics Consulting,2023-10-27,2022-12-29,1,93100,113,1–2 years,30–39
202400731,731,2024,Manager,Sweden,Digital Marketing & Growth,2022-09-18,,7,89400,138,1–2 years,Under 30
202400732,732,2024,Non-manager,Sweden,Customer Experience & Design,,2022-07-13,1,65800,92,Not available,40–49
202400733,733,2024,Manager,Denmark,Technology & IT Strategy,2022-03-06,2022-10-08,4,112000,122,1–2 years,30–39
202400734,734,2024,Non-manager,Sweden,Sales & Business Development,,2022-03-26,2,87100,106,Not available,30–39
202400735,735,2024,Non-manager,Germany,Transformation & Change Management,2021-07-24,,3,53300,117,3–5 years,30–39
202400736,736,2024,Manager,Denmark,Cybersecurity & Digital Risk,,2024-04-15,5,165400,137,Not available,40–49
202400737,737,2024,Manager,Sweden,Transformation & Change Management,2020-11-14,,6,98000,112,3–5 years,Under 30
202400738,738,2024,Manager,Sweden,Digital Marketing & Growth,,,3,119400,89,Not available,40–49
202400739,739,2024,Non-manager,Denmark,Data & Analytics Consulting,2024-06-24,2024-05-16,5,70200,108,Less than 1 year,Under 30
202400740,740,2024,Non-manager,Denmark,Human Resources,2023-05-07,,7,48500,125,1–2 years,Under 30
202400741,741,2024,Non-manager,Germany,Transformation & Change Management,,2024-06-23,11,88500,105,Not available,50–59
202400742,742,2024,Non-manager,Germany,Transformation & Change Management,2024-07-16,2022-09-24,3,58500,83,Less than 1 year,30–39
202400743,743,2024,Non-manager,France,Data & Analytics Consulting,2023-09-09,,3,54500,145,1–2 years,Under 30
202400744,744,2024,Non-manager,Spain,Finance & Operations,2023-06-14,2024-07-12,4,30700,149,1–2 years,Under 30
202400745,745,2024,Manager,Sweden,Technology & IT Strategy,2024-12-15,2023-09-05,12,71900,99,Less than 1 year,Under 30
202400746,746,2024,Manager,Spain,Digital Marketing & Growth,,2024-07-02,1,92000,126,Not available,30–39
202400747,747,2024,Manager,Sweden,Data & Analytics Consulting,,2024-11-08,6,144300,144,Not available,40–49
202400748,748,2024,Non-manager,Spain,Data & Analytics Consulting,2024-05-25,2022-12-20,3,34500,136,Less than 1 year,Under 30
202400749,749,2024,Non-manager,Spain,Technology & IT Strategy,,2023-05-10,5,34800,107,Not available,Under 30
202400750,750,2024,Manager,Denmark,Cybersecurity & Digital Risk,2021-10-24,2023-04-13,7,148700,107,3–5 years,30–39
202400751,751,2024,Non-manager,Sweden,Human Resources,,2022-08-17,6,38300,105,Not available,30–39
202400752,752,2024,Manager,Sweden,Customer Experience & Design,2022-10-20,2024-04-03,5,77000,104,1–2 years,30–39
202400753,753,2024,Manager,Spain,Finance & Operations,,2024-06-01,5,75700,66,Not available,30–39
202400754,754,2024,Manager,Denmark,Data & Analytics Consulting,,2022-07-28,7,105200,89,Not available,Under 30
202400755,755,2024,Non-manager,Sweden,Transformation & Change Management,,,5,84300,126,Not available,40–49
202400756,756,2024,Non-manager,Denmark,Digital Marketing & Growth,2024-05-19,2024-12-31,4,75500,114,Less than 1 year,30–39
202400757,757,2024,Manager,Sweden,Transformation & Change Management,2022-05-03,2023-10-25,4,91200,91,1–2 years,Under 30
202400758,758,2024,Manager,Sweden,Digital Strategy Consulting,2022-01-25,2022-03-17,6,86200,72,1–2 years,30–39
202400759,759,2024,Manager,Sweden,Digital Strategy Consulting,,2022-02-10,9,134900,118,Not available,50–59
202400760,760,2024,Non-manager,Spain,Sales & Business Development,2024-11-27,2024-01-03,1,49500,93,Less than 1 year,30–39
202400761,761,2024,Non-manager,France,Transformation & Change Management,2024-06-15,2024-12-21,5,46600,138,Less than 1 year,Under 30
202400762,762,2024,Non-manager,Sweden,Cybersecurity & Digital Risk,2022-02-12,,4,69100,120,1–2 years,30–39
202400763,763,2024,Manager,Sweden,Digital Strategy Consulting,,2024-12-08,4,80400,116,Not available,30–39
202400764,764,2024,Manager,Spain,Human Resources,,2024-05-13,4,87600,139,Not available,40–49
202400765,765,2024,Non-manager,France,Sales & Business Development,2022-01-10,2024-06-03,7,54300,117,1–2 years,40–49
202400766,766,2024,Non-manager,France,Data & Analytics Consulting,2024-05-21,2023-09-26,5,50700,108,Less than 1 year,Under 30
202400767,767,2024,Manager,Sweden,Transformation & Change Management,,2022-06-15,6,106300,110,Not available,30–39
202400768,768,2024,Non-manager,Germany,Digital Strategy Consulting,,2024-07-28,9,41100,97,Not available,Under 30
202400769,769,2024,Non-manager,Denmark,Transformation & Change Management,2024-02-01,2023-05-05,8,55800,133,Less than 1 year,30–39
202400770,770,2024,Manager,Sweden,Customer Experience & Design,2023-02-15,,6,110500,125,1–2 years,40–49
202400771,771,2024,Non-manager,Spain,Transformation & Change Management,,2023-12-15,6,47800,141,Not available,30–39
202400772,772,2024,Non-manager,Spain,Digital Strategy Consulting,,,1,70800,128,Not available,50–59
202400773,773,2024,Non-manager,Denmark,Data & Analytics Consulting,,2024-05-01,1,64800,117,Not available,Under 30
202400774,774,2024,Manager,Denmark,Digital Marketing & Growth,2021-11-11,2024-10-29,8,113400,141,3–5 years,Under 30
202400775,775,2024,Manager,Sweden,Digital Marketing & Growth,2023-08-10,2024-02-21,6,101600,130,1–2 years,30–39
202400776,776,2024,Non-manager,Sweden,Data & Analytics Consulting,2024-12-28,,4,39300,103,Less than 1 year,Under 30
202400777,777,2024,Non-manager,Denmark,Data & Analytics Consulting,2020-04-21,,3,86100,131,3–5 years,30–39
202400778,778,2024,Manager,Sweden,Digital Strategy Consulting,,,4,133700,104,Not available,40–49
202400779,779,2024,Non-manager,Spain,Technology & IT Strategy,,2023-11-23,4,31600,102,Not available,30–39
202400780,780,2024,Non-manager,Spain,Sales & Business Development,2023-02-22,,8,58400,137,1–2 years,30–39
202400781,781,2024,Non-manager,Germany,Customer Experience & Design,2022-06-24,,4,59600,126,1–2 years,30–39
202400782,782,2024,Manager,Sweden,Technology & IT Strategy,2022-05-24,2022-10-07,6,97700,110,1–2 years,40–49
202400783,783,2024,Manager,Denmark,Technology & IT Strategy,2023-12-08,,7,103100,106,1–2 years,30–39
202400784,784,2024,Manager,Sweden,Digital Strategy Consulting,2024-12-17,2023-08-07,5,77900,102,Less than 1 year,30–39
202400785,785,2024,Manager,Germany,Transformation & Change Management,2024-04-29,,3,85600,93,Less than 1 year,30–39
202400786,786,2024,Manager,Denmark,Technology & IT Strategy,,2022-08-25,10,154700,105,Not available,40–49
202400787,787,2024,Non-manager,Germany,Sales & Business Development,2023-12-20,2024-01-22,6,57300,146,1–2 years,30–39
202400788,788,2024,Manager,Germany,Data & Analytics Consulting,,2023-12-03,3,115400,144,Not available,40–49
202400789,789,2024,Non-manager,Sweden,Cybersecurity & Digital Risk,2021-09-12,2024-01-25,7,99100,90,3–5 years,50–59
202400790,790,2024,Manager,Germany,Digital Strategy Consulting,2021-11-06,,5,99900,122,3–5 years,30–39
202400791,791,2024,Non-manager,France,Customer Experience & Design,,2024-09-11,4,49700,125,Not available,Under 30
202400792,792,2024,Non-manager,Sweden,Customer Experience & Design,2024-09-04,2023-04-21,2,41700,96,Less than 1 year,Under 30
202400793,793,2024,Non-manager,Spain,Data & Analytics Consulting,2024-10-15,2024-11-28,4,42900,111,Less than 1 year,30–39
202400794,794,2024,Non-manager,Germany,Data & Analytics Consulting,2024-09-09,2024-06-13,3,42400,140,Less than 1 year,Under 30
202400795,795,2024,Manager,Sweden,Digital Strategy Consulting,2020-01-02,,3,99100,130,3–5 years,30–39
202400796,796,2024,Manager,Sweden,Sales & Business Development,,2023-03-28,5,95900,75,Not available,40–49
202400798,798,2024,Non-manager,Germany,Data & Analytics Consulting,,,8,40700,104,Not available,Under 30
202400799,799,2024,Manager,Sweden,Technology & IT Strategy,,2022-04-22,9,92000,97,Not available,30–39
202400800,800,2024,Non-manager,Denmark,Digital Strategy Consulting,,,7,66200,115,Not available,30–39
202400801,801,2024,Non-manager,Sweden,Digital Strategy Consulting,,2023-06-02,4,67300,100,Not available,30–39
202400802,802,2024,Non-manager,Germany,Digital Marketing & Growth,2024-05-30,2023-09-21,3,53700,92,Less than 1 year,30–39
202400803,803,2024,Non-manager,Germany,Digital Marketing & Growth,,,6,31900,123,Not available,Under 30
202400804,804,2024,Manager,Denmark,Customer Experience & Design,2020-06-14,2022-03-23,5,108000,103,3–5 years,30–39
202400805,805,2024,Manager,Germany,Technology & IT Strategy,,,4,133300,122,Not available,50–59
202400806,806,2024,Non-manager,Spain,Digital Marketing & Growth,2023-04-04,,9,44600,135,1–2 years,30–39
202400807,807,2024,Non-manager,Spain,Technology & IT Strategy,,2024-03-22,5,54000,108,Not available,30–39
202400808,808,2024,Non-manager,Sweden,Finance & Operations,2022-01-29,2022-09-13,5,60300,109,1–2 years,Under 30
202400809,809,2024,Non-manager,Spain,Cybersecurity & Digital Risk,2023-09-03,2024-05-06,7,35300,130,1–2 years,Under 30
202400810,810,2024,Manager,Denmark,Customer Experience & Design,2018-01-18,2024-06-28,5,164000,106,6–10 years,50–59
202400811,811,2024,Manager,France,Cybersecurity & Digital Risk,,2022-02-07,5,130200,120,Not available,40–49
202400812,812,2024,Non-manager,Sweden,Transformation & Change Management,,2023-12-29,3,51500,121,Not available,30–39
202400813,813,2024,Manager,Sweden,Digital Marketing & Growth,,,7,126600,105,Not available,40–49
202400814,814,2024,Non-manager,Sweden,Digital Strategy Consulting,2020-08-05,2024-05-06,7,60300,99,3–5 years,30–39
202400815,815,2024,Manager,Sweden,Customer Experience & Design,2021-01-17,2024-01-08,2,95400,110,3–5 years,Under 30
202400816,816,2024,Non-manager,Denmark,Human Resources,2024-08-29,2024-07-19,6,45800,132,Less than 1 year,Under 30
202400817,817,2024,Non-manager,Spain,Digital Marketing & Growth,,2023-06-18,2,51200,97,Not available,Under 30
202400818,818,2024,Manager,France,Data & Analytics Consulting,,,4,114700,105,Not available,40–49
202400819,819,2024,Manager,Sweden,Data & Analytics Consulting,2022-12-17,2023-05-14,2,80500,96,1–2 years,30–39
202400820,820,2024,Non-manager,Sweden,Human Resources,,2023-11-01,7,58400,107,Not available,30–39
202400821,821,2024,Non-manager,Spain,Transformation & Change Management,2024-08-25,2023-11-08,10,36200,140,Less than 1 year,30–39
202400822,822,2024,Manager,Spain,Transformation & Change Management,,,5,101600,139,Not available,50–59
202400823,823,2024,Non-manager,Sweden,Data & Analytics Consulting,,2024-08-10,3,50600,121,Not available,Under 30
202400824,824,2024,Manager,Sweden,Human Resources,2019-10-25,2022-02-27,4,105800,83,3–5 years,30–39
202400825,825,2024,Manager,Sweden,Transformation & Change Management,2021-12-12,2022-02-21,6,80700,106,3–5 years,30–39
202400826,826,2024,Manager,France,Technology & IT Strategy,,,1,118800,109,Not available,30–39
202400827,827,2024,Manager,Denmark,Sales & Business Development,,,6,124000,116,Not available,30–39
202400828,828,2024,Non-manager,Germany,Digital Marketing & Growth,2015-10-06,,2,79600,100,6–10 years,40–49
202400830,830,2024,Non-manager,Germany,Digital Strategy Consulting,2021-04-23,2024-03-15,4,59600,113,3–5 years,30–39
202400831,831,2024,Non-manager,Sweden,Finance & Operations,2024-07-10,,7,44900,147,Less than 1 year,30–39
202400832,832,2024,Manager,Sweden,Finance & Operations,2023-07-17,2024-12-24,5,79300,77,1–2 years,30–39
202400833,833,2024,Manager,France,Customer Experience & Design,2019-08-05,2023-05-22,2,98700,110,3–5 years,Under 30
202400834,834,2024,Manager,Sweden,Cybersecurity & Digital Risk,,2024-08-09,7,113400,76,Not available,30–39
202400835,835,2024,Manager,Sweden,Technology & IT Strategy,,2022-08-19,0,98800,114,Not available,30–39
202400836,836,2024,Non-manager,France,Human Resources,,2022-11-26,3,51400,116,Not available,30–39
202400837,837,2024,Manager,Denmark,Data & Analytics Consulting,2024-07-05,2023-01-22,5,94100,80,Less than 1 year,Under 30
202400838,838,2024,Manager,Denmark,Transformation & Change Management,,2022-02-12,5,93100,102,Not available,Under 30
202400839,839,2024,Non-manager,Spain,Sales & Business Development,2023-12-20,2023-10-13,2,40200,70,1–2 years,30–39
202400840,840,2024,Non-manager,Sweden,Sales & Business Development,2024-11-29,,4,48200,131,Less than 1 year,30–39
202400841,841,2024,Manager,Spain,Digital Strategy Consulting,,2023-03-30,3,73300,138,Not available,30–39
202400842,842,2024,Non-manager,Sweden,Digital Marketing & Growth,,2023-10-07,5,45000,103,Not available,Under 30
202400843,843,2024,Non-manager,Spain,Transformation & Change Management,2024-03-17,,4,33400,124,Less than 1 year,30–39
202400844,844,2024,Manager,Sweden,Transformation & Change Management,2024-04-05,2023-09-06,4,103200,121,Less than 1 year,40–49
202400845,845,2024,Manager,Sweden,Finance & Operations,2024-05-07,2022-10-17,2,124400,131,Less than 1 year,40–49
202400846,846,2024,Non-manager,Sweden,Digital Marketing & Growth,2023-12-19,2024-01-01,5,47600,110,1–2 years,30–39
202400847,847,2024,Manager,Spain,Finance & Operations,2022-11-14,,7,70100,134,1–2 years,30–39
202400848,848,2024,Manager,Sweden,Technology & IT Strategy,,2024-11-15,1,184800,118,Not available,40–49
202400849,849,2024,Manager,Spain,Technology & IT Strategy,,2023-04-13,3,92400,83,Not available,30–39
202400850,850,2024,Manager,Germany,Sales & Business Development,,,2,86600,99,Not available,30–39
202400851,851,2024,Manager,Denmark,Data & Analytics Consulting,,,4,94700,103,Not available,40–49
202400852,852,2024,Non-manager,Denmark,Customer Experience & Design,2020-02-12,2023-03-02,3,65400,130,3–5 years,30–39
202400853,853,2024,Non-manager,Sweden,Data & Analytics Consulting,2022-04-13,2024-03-18,3,51200,103,1–2 years,Under 30
202400854,854,2024,Manager,Sweden,Digital Strategy Consulting,,2022-12-01,2,130300,105,Not available,40–49
202400855,855,2024,Manager,Sweden,Digital Strategy Consulting,,2023-02-06,5,87500,77,Not available,30–39
202400856,856,2024,Non-manager,Spain,Transformation & Change Management,,2024-10-03,4,28000,96,Not available,Under 30
202400857,857,2024,Manager,Sweden,Data & Analytics Consulting,2022-09-04,,3,129000,81,1–2 years,40–49
202400858,858,2024,Non-manager,Sweden,Transformation & Change Management,,2023-07-06,3,75200,119,Not available,40–49
202400859,859,2024,Non-manager,Sweden,Technology & IT Strategy,2024-02-14,2022-12-12,3,53000,141,Less than 1 year,Under 30
202400860,860,2024,Manager,Denmark,Digital Strategy Consulting,,2023-12-23,5,84200,133,Not available,Under 30
202400861,861,2024,Manager,Sweden,Data & Analytics Consulting,,2022-07-15,8,181600,91,Not available,50–59
202400862,862,2024,Non-manager,Germany,Technology & IT Strategy,2022-07-07,2022-04-21,7,51700,111,1–2 years,Under 30
202400863,863,2024,Non-manager,Sweden,Customer Experience & Design,,,2,91500,131,Not available,30–39
202400864,864,2024,Non-manager,Germany,Customer Experience & Design,2023-01-25,2022-08-14,1,36000,143,1–2 years,30–39
202400865,865,2024,Non-manager,Sweden,Cybersecurity & Digital Risk,,,1,38700,125,Not available,30–39
202400867,867,2024,Manager,Sweden,Customer Experience & Design,2023-05-10,,3,89300,121,1–2 years,30–39
202400868,868,2024,Non-manager,Sweden,Cybersecurity & Digital Risk,2024-12-30,,4,59500,92,Less than 1 year,30–39
202400869,869,2024,Non-manager,Germany,Digital Strategy Consulting,,2022-09-14,5,49100,105,Not available,30–39
202400870,870,2024,Manager,Spain,Human Resources,2022-02-09,2023-03-20,13,70100,123,1–2 years,30–39
202400871,871,2024,Manager,Denmark,Data & Analytics Consulting,2019-09-04,2022-10-24,2,127500,137,3–5 years,Under 30
202400872,872,2024,Non-manager,Denmark,Technology & IT Strategy,2023-08-25,2024-10-14,8,55800,93,1–2 years,30–39
202400873,873,2024,Manager,Denmark,Data & Analytics Consulting,2023-11-26,2024-02-14,9,114200,113,1–2 years,Under 30
202400874,874,2024,Non-manager,Sweden,Cybersecurity & Digital Risk,2023-08-03,2022-07-01,3,58900,109,1–2 years,Under 30
202400875,875,2024,Non-manager,Sweden,Technology & IT Strategy,,2023-12-07,7,56200,129,Not available,30–39
202400876,876,2024,Manager,Spain,Digital Strategy Consulting,2018-03-18,2023-05-03,7,73800,99,6–10 years,40–49
202400877,877,2024,Non-manager,France,Digital Strategy Consulting,2024-11-10,,3,36100,108,Less than 1 year,Under 30
202400878,878,2024,Non-manager,France,Data & Analytics Consulting,2024-12-19,2023-01-07,5,53400,112,Less than 1 year,Under 30
202400879,879,2024,Non-manager,Denmark,Cybersecurity & Digital Risk,2022-01-16,2024-07-25,6,78200,131,1–2 years,40–49
202400880,880,2024,Manager,Germany,Data & Analytics Consulting,,2023-02-12,3,137000,92,Not available,40–49
202400881,881,2024,Manager,Sweden,Transformation & Change Management,,2022-01-18,3,176100,145,Not available,50–59
202400882,882,2024,Non-manager,Sweden,Digital Marketing & Growth,,2022-12-22,3,66100,110,Not available,Under 30
202400883,883,2024,Manager,France,Data & Analytics Consulting,2024-06-09,,7,98800,134,Less than 1 year,30–39
202400884,884,2024,Manager,Denmark,Human Resources,,,5,143100,125,Not available,50–59
202400885,885,2024,Manager,Denmark,Digital Marketing & Growth,2018-10-11,2022-01-10,8,138900,107,6–10 years,30–39
202400886,886,2024,Manager,Sweden,Finance & Operations,2022-04-06,,4,89600,118,1–2 years,30–39
202400887,887,2024,Non-manager,Sweden,Finance & Operations,,2022-01-10,6,61700,121,Not available,30–39
202400888,888,2024,Manager,Sweden,Transformation & Change Management,,2022-02-28,2,92500,120,Not available,Under 30
202400889,889,2024,Non-manager,Denmark,Digital Strategy Consulting,2015-12-29,2022-04-29,6,96800,103,6–10 years,40–49
202400890,890,2024,Manager,Sweden,Transformation & Change Management,2021-03-04,2024-04-08,1,105800,99,3–5 years,30–39
202400891,891,2024,Non-manager,Sweden,Finance & Operations,,2022-04-17,3,62600,95,Not available,30–39
202400892,892,2024,Non-manager,Denmark,Technology & IT Strategy,,2022-11-23,7,68300,156,Not available,30–39
202400894,894,2024,Manager,Sweden,Transformation & Change Management,2021-08-22,2023-12-29,6,88400,102,3–5 years,30–39
202400895,895,2024,Manager,Spain,Human Resources,,2023-07-29,3,67200,125,Not available,Under 30
202400896,896,2024,Non-manager,Sweden,Digital Marketing & Growth,2024-12-20,2022-09-20,5,41700,113,Less than 1 year,30–39
202400897,897,2024,Non-manager,Spain,Human Resources,,2022-11-24,9,42200,99,Not available,30–39
202400898,898,2024,Non-manager,Sweden,Technology & IT Strategy,2022-07-23,,2,80300,130,1–2 years,40–49
202400899,899,2024,Manager,Spain,Cybersecurity & Digital Risk,,2024-03-29,8,70600,119,Not available,30–39
202400900,900,2024,Manager,Germany,Data & Analytics Consulting,,2022-07-17,4,119600,113,Not available,40–49
202400901,901,2024,Non-manager,Sweden,Data & Analytics Consulting,2024-09-03,2023-07-06,4,53900,125,Less than 1 year,Under 30
202400902,902,2024,Manager,Sweden,Transformation & Change Management,,2024-11-25,3,89700,97,Not available,30–39
202400903,903,2024,Manager,Germany,Data & Analytics Consulting,,2024-05-22,5,70700,82,Not available,Under 30
202400904,904,2024,Non-manager,France,Digital Strategy Consulting,2024-02-02,2024-09-14,5,37900,131,Less than 1 year,Under 30
202400905,905,2024,Manager,Sweden,Digital Marketing & Growth,2023-03-15,2023-05-11,2,101900,83,1–2 years,30–39
202400906,906,2024,Non-manager,France,Cybersecurity & Digital Risk,2022-05-07,,6,47400,77,1–2 years,30–39
202400907,907,2024,Non-manager,Sweden,Sales & Business Development,2023-04-27,2023-03-31,2,47600,113,1–2 years,Under 30
202400908,908,2024,Non-manager,Sweden,Technology & IT Strategy,,2023-10-28,5,55700,102,Not available,30–39
202400909,909,2024,Manager,Denmark,Digital Strategy Consulting,2022-07-26,2022-10-21,5,103200,95,1–2 years,30–39
202400910,910,2024,Manager,Sweden,Technology & IT Strategy,,2022-07-17,0,135400,86,Not available,40–49
202400911,911,2024,Non-manager,Sweden,Human Resources,,2024-01-03,11,40500,120,Not available,Under 30
202400912,912,2024,Non-manager,Denmark,Digital Strategy Consulting,2022-11-10,,2,73400,111,1–2 years,Under 30
202400913,913,2024,Manager,Sweden,Cybersecurity & Digital Risk,,2024-01-04,2,109500,143,Not available,Under 30
202400914,914,2024,Manager,Spain,Sales & Business Development,2023-01-20,2022-03-03,2,84500,107,1–2 years,30–39
202400915,915,2024,Manager,Germany,Finance & Operations,2024-06-15,2024-08-17,5,68400,98,Less than 1 year,Under 30
202400916,916,2024,Non-manager,Denmark,Digital Strategy Consulting,,2024-10-03,6,73400,101,Not available,30–39
202400917,917,2024,Manager,Sweden,Technology & IT Strategy,,2023-01-06,6,140800,133,Not available,40–49
202400918,918,2024,Non-manager,Spain,Customer Experience & Design,,2022-03-30,8,56500,150,Not available,40–49
202400919,919,2024,Non-manager,France,Data & Analytics Consulting,,2022-12-06,3,71100,111,Not available,50–59
202400920,920,2024,Manager,Sweden,Digital Marketing & Growth,,2022-11-05,6,131400,118,Not available,40–49
202400921,921,2024,Non-manager,Spain,Sales & Business Development,2023-04-25,2023-08-03,5,31800,89,1–2 years,30–39
202400922,922,2024,Manager,Spain,Customer Experience & Design,,,3,66700,100,Not available,Under 30
202400923,923,2024,Manager,Germany,Technology & IT Strategy,2023-07-30,2024-08-11,3,75000,97,1–2 years,Under 30
202400924,924,2024,Manager,Denmark,Digital Strategy Consulting,2023-09-15,,5,94500,111,1–2 years,Under 30
202400925,925,2024,Non-manager,Denmark,Data & Analytics Consulting,2020-09-01,2023-11-18,6,71200,105,3–5 years,30–39
202400926,926,2024,Non-manager,Sweden,Digital Strategy Consulting,2022-07-05,2024-10-28,2,59800,138,1–2 years,Under 30
202400927,927,2024,Manager,France,Transformation & Change Management,2021-11-30,,7,80100,134,3–5 years,40–49
202400928,928,2024,Manager,France,Digital Marketing & Growth,,2024-03-28,0,113300,91,Not available,40–49
202400929,929,2024,Non-manager,Germany,Cybersecurity & Digital Risk,2024-11-10,,1,51800,101,Less than 1 year,30–39
202400930,930,2024,Manager,Spain,Digital Strategy Consulting,2022-12-03,2024-04-02,3,59600,109,1–2 years,30–39
202400931,931,2024,Manager,Spain,Data & Analytics Consulting,,2024-07-31,6,71100,109,Not available,40–49
202400932,932,2024,Manager,France,Digital Strategy Consulting,,2023-10-15,3,92300,87,Not available,30–39
202400934,934,2024,Non-manager,Sweden,Digital Strategy Consulting,2023-09-08,,1,50100,132,1–2 years,30–39
202400935,935,2024,Non-manager,Germany,Digital Strategy Consulting,2022-06-07,,5,65700,109,1–2 years,40–49
202400936,936,2024,Manager,Sweden,Human Resources,,,2,125600,97,Not available,40–49
202400937,937,2024,Manager,France,Data & Analytics Consulting,,2022-03-19,3,119000,106,Not available,40–49
202400938,938,2024,Non-manager,Germany,Data & Analytics Consulting,2024-04-06,,3,39600,110,Less than 1 year,Under 30
202400939,939,2024,Non-manager,Spain,Technology & IT Strategy,2023-02-15,2023-05-30,3,62100,122,1–2 years,30–39
202400940,940,2024,Non-manager,Germany,Human Resources,,,5,90600,108,Not available,30–39
202400941,941,2024,Manager,Sweden,Digital Strategy Consulting,2020-04-19,,12,139400,119,3–5 years,40–49
202400942,942,2024,Non-manager,Denmark,Finance & Operations,2017-01-03,2022-11-15,4,86300,93,6–10 years,50–59
202400943,943,2024,Non-manager,Sweden,Digital Strategy Consulting,2015-03-10,2024-02-13,1,87200,84,6–10 years,40–49
202400944,944,2024,Manager,Denmark,Customer Experience & Design,,,6,148100,106,Not available,50–59
202400945,945,2024,Non-manager,Sweden,Customer Experience & Design,2024-11-03,2024-12-28,4,54300,115,Less than 1 year,30–39
202400947,947,2024,Non-manager,Sweden,Digital Strategy Consulting,2023-12-25,2024-07-07,8,49600,111,1–2 years,Under 30
202400948,948,2024,Non-manager,Germany,Digital Strategy Consulting,2023-12-18,2022-11-13,1,57000,116,1–2 years,Under 30
202400949,949,2024,Manager,Spain,Sales & Business Development,2023-03-25,,4,106000,112,1–2 years,30–39
202400950,950,2024,Non-manager,Germany,Sales & Business Development,,2022-12-28,2,71700,113,Not available,30–39
202400951,951,2024,Non-manager,Sweden,Human Resources,2024-07-11,2023-07-04,7,53300,124,Less than 1 year,30–39
202400952,952,2024,Manager,Sweden,Data & Analytics Consulting,2021-09-01,2024-10-23,4,95900,118,3–5 years,40–49
202400953,953,2024,Non-manager,Spain,Cybersecurity & Digital Risk,,2022-04-28,5,51600,125,Not available,40–49
202400954,954,2024,Manager,Sweden,Human Resources,2021-07-31,2022-03-25,8,94400,110,3–5 years,30–39
202400955,955,2024,Non-manager,Spain,Digital Strategy Consulting,,,9,58200,119,Not available,40–49
202400956,956,2024,Manager,Spain,Data & Analytics Consulting,2020-01-29,2024-04-07,4,66800,126,3–5 years,40–49
202400957,957,2024,Manager,Sweden,Data & Analytics Consulting,,2022-06-23,6,107700,120,Not available,40–49
202400958,958,2024,Non-manager,Denmark,Finance & Operations,2021-02-01,2024-09-24,1,72000,94,3–5 years,30–39
202400959,959,2024,Non-manager,Denmark,Digital Marketing & Growth,2022-11-26,2024-11-11,8,60800,120,1–2 years,Under 30
202400960,960,2024,Non-manager,Sweden,Data & Analytics Consulting,,2022-11-03,7,51200,117,Not available,Under 30
202400961,961,2024,Manager,Spain,Cybersecurity & Digital Risk,,2022-11-03,6,59000,129,Not available,40–49
202400962,962,2024,Non-manager,Germany,Transformation & Change Management,2020-02-06,2022-03-02,5,53200,134,3–5 years,30–39
202400963,963,2024,Manager,Sweden,Digital Marketing & Growth,,2024-09-26,5,67300,127,Not available,Under 30
202400964,964,2024,Manager,Germany,Digital Marketing & Growth,2024-06-23,2024-11-28,6,77300,104,Less than 1 year,30–39
202400965,965,2024,Manager,Sweden,Transformation & Change Management,2024-04-09,2024-08-30,5,78200,79,Less than 1 year,Under 30
202400966,966,2024,Non-manager,Sweden,Human Resources,2016-07-27,2024-07-01,3,80900,81,6–10 years,50–59
202400967,967,2024,Non-manager,Sweden,Technology & IT Strategy,2023-05-19,2024-01-25,9,43400,141,1–2 years,Under 30
202400968,968,2024,Non-manager,Germany,Transformation & Change Management,2024-12-09,2024-05-19,5,52200,111,Less than 1 year,40–49
202400969,969,2024,Manager,Sweden,Digital Marketing & Growth,2022-06-28,,14,92600,112,1–2 years,30–39
202400970,970,2024,Manager,Denmark,Transformation & Change Management,,2024-09-24,5,174600,92,Not available,50–59
202400971,971,2024,Non-manager,Germany,Data & Analytics Consulting,2024-04-20,2023-05-07,4,45700,87,Less than 1 year,30–39
202400972,972,2024,Manager,Sweden,Digital Strategy Consulting,,,5,85000,114,Not available,Under 30
202400973,973,2024,Manager,Spain,Digital Marketing & Growth,2022-04-26,,7,57700,148,1–2 years,30–39
202400974,974,2024,Non-manager,Sweden,Data & Analytics Consulting,2024-09-30,2024-05-04,7,47900,125,Less than 1 year,Under 30
202400975,975,2024,Non-manager,Sweden,Data & Analytics Consulting,2023-01-27,,6,47200,112,1–2 years,Under 30
202400976,976,2024,Manager,Sweden,Data & Analytics Consulting,,,0,123800,103,Not available,30–39
202400977,977,2024,Manager,Spain,Transformation & Change Management,,2023-10-14,4,109600,80,Not available,50–59
202400978,978,2024,Manager,Spain,Data & Analytics Consulting,,2022-03-22,5,113100,144,Not available,50–59
202400979,979,2024,Non-manager,Sweden,Human Resources,2024-09-20,2024-10-06,5,52800,114,Less than 1 year,Under 30
202400980,980,2024,Non-manager,Sweden,Digital Strategy Consulting,,2023-02-18,4,51200,85,Not available,30–39
202400981,981,2024,Manager,Denmark,Digital Strategy Consulting,,,2,179200,100,Not available,40–49
202400982,982,2024,Manager,Denmark,Digital Strategy Consulting,2019-02-16,,8,110000,120,3–5 years,40–49
202400983,983,2024,Manager,Denmark,Transformation & Change Management,2024-10-10,,4,140800,92,Less than 1 year,30–39
202400984,984,2024,Manager,Sweden,Technology & IT Strategy,,,9,135600,92,Not available,40–49
202400985,985,2024,Manager,Denmark,Data & Analytics Consulting,2023-05-16,2024-05-10,6,97600,107,1–2 years,30–39
202400986,986,2024,Non-manager,Sweden,Technology & IT Strategy,2020-12-06,,2,59600,113,3–5 years,40–49
202400987,987,2024,Manager,Germany,Digital Strategy Consulting,,2023-06-29,7,95200,93,Not available,30–39
202400988,988,2024,Non-manager,Spain,Digital Marketing & Growth,,2023-12-05,5,46000,126,Not available,30–39
202400990,990,2024,Non-manager,Denmark,Cybersecurity & Digital Risk,,2024-10-19,4,74000,106,Not available,30–39
202400991,991,2024,Manager,Sweden,Finance & Operations,,2024-10-11,2,97600,103,Not available,30–39
202400992,992,2024,Non-manager,Spain,Data & Analytics Consulting,2020-08-13,2022-10-15,4,44500,158,3–5 years,40–49
202400993,993,2024,Non-manager,Sweden,Digital Strategy Consulting,2024-04-30,2024-06-25,6,37300,100,Less than 1 year,Under 30
202400994,994,2024,Manager,Spain,Transformation & Change Management,,2023-10-29,2,110300,123,Not available,30–39
202400995,995,2024,Non-manager,Sweden,Transformation & Change Management,,2022-12-04,3,52900,118,Not available,30–39
202400996,996,2024,Non-manager,Sweden,Digital Strategy Consulting,2023-11-01,2024-11-25,7,51700,117,1–2 years,Under 30
202400997,997,2024,Manager,Sweden,Sales & Business Development,2024-06-29,2024-08-22,2,81900,112,Less than 1 year,Under 30
202400998,998,2024,Non-manager,Spain,Sales & Business Development,2022-04-14,,4,45200,122,1–2 years,30–39
202401000,1000,2024,Manager,Sweden,Sales & Business Development,2024-05-29,,4,119100,85,Less than 1 year,40–49
202401001,1001,2024,Manager,Denmark,Sales & Business Development,,,9,113800,95,Not available,30–39
202401002,1002,2024,Non-manager,Denmark,Customer Experience & Design,,2024-06-26,6,56600,138,Not available,30–39
202401003,1003,2024,Non-manager,Germany,Sales & Business Development,,,5,49200,114,Not available,30–39
202401004,1004,2024,Non-manager,Sweden,Technology & IT Strategy,,2023-04-21,4,95400,117,Not available,30–39
202401005,1005,2024,Non-manager,Sweden,Digital Strategy Consulting,,2024-01-05,5,69000,92,Not available,30–39
202401006,1006,2024,Non-manager,Germany,Transformation & Change Management,,,8,60900,125,Not available,40–49
202401008,1008,2024,Non-manager,Denmark,Human Resources,,,7,75100,100,Not available,30–39
202401009,1009,2024,Non-manager,Spain,Digital Marketing & Growth,2023-04-16,2023-08-14,7,43100,131,1–2 years,30–39
202401010,1010,2024,Manager,Spain,Digital Strategy Consulting,,2023-12-26,1,70700,114,Not available,40–49
202401011,1011,2024,Non-manager,Denmark,Cybersecurity & Digital Risk,,,8,78500,104,Not available,30–39
202401012,1012,2024,Manager,Germany,Digital Marketing & Growth,2023-11-22,,1,75400,110,1–2 years,30–39
202401014,1014,2024,Non-manager,Sweden,Digital Strategy Consulting,,2023-06-07,6,60500,132,Not available,Under 30
202401015,1015,2024,Non-manager,Sweden,Customer Experience & Design,2022-08-02,2023-09-07,3,47800,130,1–2 years,30–39
202401016,1016,2024,Non-manager,France,Data & Analytics Consulting,,2024-01-11,3,37300,113,Not available,Under 30
202401017,1017,2024,Non-manager,Sweden,Digital Marketing & Growth,2022-09-19,2024-10-03,8,60500,87,1–2 years,Under 30
202401018,1018,2024,Manager,France,Data & Analytics Consulting,2017-07-19,,3,131100,111,6–10 years,50–59
202401019,1019,2024,Non-manager,Sweden,Digital Strategy Consulting,,2024-01-08,4,40500,96,Not available,Under 30
202401020,1020,2024,Non-manager,Sweden,Technology & IT Strategy,2021-02-21,2022-02-08,6,57700,123,3–5 years,30–39
202401021,1021,2024,Manager,Sweden,Sales & Business Development,2023-09-04,2022-01-14,9,106200,142,1–2 years,30–39
202401022,1022,2024,Non-manager,Sweden,Digital Strategy Consulting,2024-06-12,2024-05-28,9,43500,120,Less than 1 year,Under 30
202401023,1023,2024,Manager,Sweden,Digital Marketing & Growth,2024-02-28,,3,144500,112,Less than 1 year,30–39
202401024,1024,2024,Non-manager,Sweden,Digital Strategy Consulting,2023-04-04,2024-06-13,3,51100,112,1–2 years,40–49
202401025,1025,2024,Manager,Sweden,Finance & Operations,2023-02-26,2024-07-09,9,70100,90,1–2 years,Under 30
202401026,1026,2024,Non-manager,France,Data & Analytics Consulting,2022-02-07,,7,54400,89,1–2 years,30–39
202401027,1027,2024,Manager,Spain,Digital Strategy Consulting,2023-02-06,2024-11-28,8,116000,102,1–2 years,40–49
202401028,1028,2024,Non-manager,Sweden,Digital Strategy Consulting,,2022-03-23,5,58700,121,Not available,30–39
202401029,1029,2024,Non-manager,France,Human Resources,,2024-01-19,0,30000,126,Not available,Under 30
202401030,1030,2024,Manager,Sweden,Cybersecurity & Digital Risk,2024-01-26,,3,116700,122,Less than 1 year,30–39
202401031,1031,2024,Manager,Sweden,Data & Analytics Consulting,2018-11-26,2022-09-13,4,108900,76,6–10 years,30–39
202401032,1032,2024,Non-manager,France,Transformation & Change Management,2024-08-18,2022-08-19,4,68100,122,Less than 1 year,Under 30
202401033,1033,2024,Non-manager,France,Data & Analytics Consulting,2018-10-01,2023-11-27,3,65400,144,6–10 years,40–49
202401034,1034,2024,Non-manager,Germany,Transformation & Change Management,,2023-12-20,4,34600,131,Not available,30–39
202401036,1036,2024,Non-manager,Sweden,Data & Analytics Consulting,,,3,83000,105,Not available,30–39
202401037,1037,2024,Non-manager,Denmark,Cybersecurity & Digital Risk,,2022-10-22,3,84400,107,Not available,40–49
202401038,1038,2024,Non-manager,Sweden,Technology & IT Strategy,2023-09-26,2022-02-16,4,62100,113,1–2 years,30–39
202401039,1039,2024,Manager,Germany,Transformation & Change Management,,,4,151400,137,Not available,40–49
202401040,1040,2024,Manager,Sweden,Finance & Operations,2021-01-01,,7,92600,108,3–5 years,30–39
202401041,1041,2024,Manager,Sweden,Transformation & Change Management,2019-02-19,2024-11-03,4,176700,129,3–5 years,40–49
202401042,1042,2024,Non-manager,Sweden,Digital Strategy Consulting,2023-01-27,2023-07-01,6,54100,78,1–2 years,Under 30
202401043,1043,2024,Non-manager,Denmark,Finance & Operations,2023-05-23,2023-06-21,2,53400,78,1–2 years,30–39
202401044,1044,2024,Non-manager,Spain,Transformation & Change Management,,2023-06-05,8,38900,121,Not available,30–39
202401045,1045,2024,Manager,Sweden,Customer Experience & Design,,2022-11-13,10,101400,95,Not available,40–49
202401046,1046,2024,Manager,Denmark,Transformation & Change Management,2023-07-01,,5,174100,109,1–2 years,50–59
202401047,1047,2024,Non-manager,Sweden,Cybersecurity & Digital Risk,,2023-02-07,3,75000,105,Not available,40–49
202401048,1048,2024,Manager,Sweden,Customer Experience & Design,2024-08-25,2024-07-08,4,73500,114,Less than 1 year,Under 30
202401049,1049,2024,Non-manager,Sweden,Data & Analytics Consulting,2023-03-14,,10,63600,122,1–2 years,30–39
202401050,1050,2024,Manager,France,Human Resources,2023-12-15,2024-06-10,8,55000,122,1–2 years,Under 30
202401051,1051,2024,Manager,Sweden,Sales & Business Development,,2023-04-12,3,113100,144,Not available,30–39
202401052,1052,2024,Manager,Sweden,Finance & Operations,2024-04-29,2024-11-15,4,85300,129,Less than 1 year,30–39
202401053,1053,2024,Manager,Sweden,Technology & IT Strategy,2023-02-15,2024-05-30,2,95500,137,1–2 years,40–49
202401054,1054,2024,Manager,Denmark,Finance & Operations,2022-12-31,2023-02-17,8,111200,114,1–2 years,30–39
202401055,1055,2024,Non-manager,Sweden,Sales & Business Development,2023-09-26,2024-09-09,2,47000,128,1–2 years,Under 30
202401056,1056,2024,Non-manager,Germany,Cybersecurity & Digital Risk,,,3,88400,132,Not available,40–49
202401057,1057,2024,Manager,Spain,Data & Analytics Consulting,,2022-02-03,4,94600,129,Not available,30–39
202401058,1058,2024,Non-manager,Sweden,Transformation & Change Management,2024-11-13,,5,50200,93,Less than 1 year,Under 30
202401059,1059,2024,Manager,Sweden,Finance & Operations,2022-03-10,2022-09-29,2,76300,93,1–2 years,Under 30
202401060,1060,2024,Non-manager,Sweden,Transformation & Change Management,2024-10-18,,4,52600,130,Less than 1 year,30–39
202401061,1061,2024,Manager,Sweden,Data & Analytics Consulting,2020-09-07,,5,102300,112,3–5 years,30–39
202401062,1062,2024,Manager,Germany,Digital Strategy Consulting,2022-03-30,2024-02-25,9,71800,110,1–2 years,40–49
202401063,1063,2024,Non-manager,Sweden,Digital Strategy Consulting,2019-04-13,2022-03-02,6,66100,131,3–5 years,30–39
202401064,1064,2024,Non-manager,Sweden,Technology & IT Strategy,2018-09-26,2022-05-14,6,67200,125,6–10 years,40–49
202401065,1065,2024,Non-manager,Sweden,Technology & IT Strategy,,2022-05-28,5,104000,137,Not available,40–49
202401066,1066,2024,Non-manager,Sweden,Technology & IT Strategy,,2022-11-23,5,60700,109,Not available,Under 30
202401067,1067,2024,Non-manager,Sweden,Transformation & Change Management,2024-01-09,2024-06-07,4,46500,134,Less than 1 year,Under 30
202401068,1068,2024,Non-manager,Sweden,Cybersecurity & Digital Risk,,2024-03-14,7,68300,100,Not available,40–49
202401069,1069,2024,Manager,France,Cybersecurity & Digital Risk,2022-10-23,2022-11-30,6,87700,113,1–2 years,Under 30
202401070,1070,2024,Manager,Sweden,Transformation & Change Management,,2023-01-30,4,106400,108,Not available,30–39
202401073,1073,2024,Manager,Spain,Customer Experience & Design,2023-05-29,2024-06-05,9,71000,128,1–2 years,30–39
202401074,1074,2024,Manager,Germany,Digital Strategy Consulting,2019-04-02,2022-09-01,3,100400,123,3–5 years,40–49
202401075,1075,2024,Manager,Sweden,Data & Analytics Consulting,2023-06-08,2024-11-24,7,100000,113,1–2 years,30–39
202401076,1076,2024,Non-manager,Germany,Data & Analytics Consulting,,2023-08-26,4,64700,86,Not available,30–39
202401077,1077,2024,Manager,Spain,Data & Analytics Consulting,2024-05-06,2023-10-28,2,59000,94,Less than 1 year,30–39
202401078,1078,2024,Manager,Sweden,Transformation & Change Management,,2024-03-04,6,106800,88,Not available,30–39
202401080,1080,2024,Manager,Sweden,Transformation & Change Management,2023-02-09,2023-09-17,5,84300,95,1–2 years,30–39
202401081,1081,2024,Manager,Spain,Technology & IT Strategy,,2023-02-02,3,68500,96,Not available,Under 30
202401082,1082,2024,Non-manager,Sweden,Customer Experience & Design,,,4,46300,120,Not available,Under 30
202401083,1083,2024,Manager,Sweden,Data & Analytics Consulting,2023-03-13,2022-06-04,7,92300,129,1–2 years,30–39
202401084,1084,2024,Manager,Sweden,Digital Marketing & Growth,2024-12-21,2024-12-08,6,67700,128,Less than 1 year,Under 30
202401085,1085,2024,Manager,Sweden,Digital Strategy Consulting,,,4,133400,116,Not available,40–49
202401086,1086,2024,Non-manager,Spain,Customer Experience & Design,,2024-10-19,5,32700,124,Not available,Under 30
202401087,1087,2024,Non-manager,Sweden,Customer Experience & Design,2023-10-17,2023-06-15,3,48000,103,1–2 years,30–39
202401088,1088,2024,Non-manager,Sweden,Human Resources,2024-11-07,2023-08-24,6,41200,107,Less than 1 year,30–39
202401089,1089,2024,Non-manager,Germany,Digital Marketing & Growth,2022-11-24,2023-08-14,3,44300,133,1–2 years,30–39
202401090,1090,2024,Manager,Spain,Technology & IT Strategy,,2022-05-11,3,93800,108,Not available,40–49
202401091,1091,2024,Non-manager,Sweden,Cybersecurity & Digital Risk,2023-10-21,,9,45000,104,1–2 years,30–39
202401092,1092,2024,Manager,Germany,Digital Strategy Consulting,,2022-04-09,7,88900,116,Not available,30–39
202401093,1093,2024,Non-manager,Germany,Transformation & Change Management,2023-06-03,2024-01-24,3,57500,87,1–2 years,30–39
202401094,1094,2024,Non-manager,Sweden,Data & Analytics Consulting,,2023-01-19,8,61000,128,Not available,30–39
202401095,1095,2024,Non-manager,Sweden,Transformation & Change Management,,,5,44200,131,Not available,30–39
202401096,1096,2024,Non-manager,Denmark,Sales & Business Development,2022-12-24,2024-07-07,9,80000,126,1–2 years,30–39
202401097,1097,2024,Manager,Spain,Human Resources,,2024-04-17,2,72500,139,Not available,30–39
202401098,1098,2024,Non-manager,Sweden,Technology & IT Strategy,2024-04-13,,11,38400,117,Less than 1 year,30–39
202401099,1099,2024,Non-manager,Spain,Data & Analytics Consulting,2024-07-28,,5,51200,107,Less than 1 year,30–39
202401100,1100,2024,Non-manager,Sweden,Customer Experience & Design,,,6,56400,125,Not available,40–49
202401101,1101,2024,Manager,Sweden,Digital Marketing & Growth,2020-10-02,2022-07-26,8,89200,101,3–5 years,Under 30
202401102,1102,2024,Non-manager,Germany,Technology & IT Strategy,,2023-03-26,0,84100,117,Not available,30–39
202401103,1103,2024,Non-manager,France,Human Resources,,2024-09-01,6,54000,93,Not available,40–49
202401104,1104,2024,Non-manager,Sweden,Technology & IT Strategy,,2024-02-14,4,56700,142,Not available,Under 30
202401105,1105,2024,Manager,Germany,Finance & Operations,,2023-03-06,4,100500,82,Not available,30–39
202401106,1106,2024,Manager,France,Technology & IT Strategy,2022-12-05,2022-09-25,4,103500,72,1–2 years,30–39
202401107,1107,2024,Non-manager,Denmark,Digital Strategy Consulting,2021-07-15,2023-11-23,6,65100,101,3–5 years,30–39
202401108,1108,2024,Non-manager,Sweden,Technology & IT Strategy,,2022-03-11,3,64600,94,Not available,30–39
202401109,1109,2024,Non-manager,Germany,Digital Marketing & Growth,2023-04-13,,7,47000,87,1–2 years,Under 30
202401110,1110,2024,Manager,Denmark,Digital Strategy Consulting,,2023-01-20,3,153900,83,Not available,40–49
202401111,1111,2024,Manager,Sweden,Data & Analytics Consulting,,2023-07-08,4,135600,85,Not available,30–39
202401112,1112,2024,Non-manager,France,Sales & Business Development,2024-05-10,,3,57400,116,Less than 1 year,Under 30
202401113,1113,2024,Non-manager,Spain,Human Resources,2018-03-29,,6,56900,132,6–10 years,40–49
202401114,1114,2024,Non-manager,Spain,Finance & Operations,2024-01-01,2024-11-13,2,28000,115,Less than 1 year,Under 30
202401115,1115,2024,Non-manager,Germany,Customer Experience & Design,,2023-08-11,7,65900,105,Not available,30–39
202401116,1116,2024,Manager,Denmark,Customer Experience & Design,2017-09-29,2024-12-05,5,127200,107,6–10 years,30–39
202401117,1117,2024,Manager,Sweden,Data & Analytics Consulting,,2022-01-27,4,84000,94,Not available,30–39
202401118,1118,2024,Non-manager,Germany,Digital Strategy Consulting,2021-10-10,2023-05-25,5,56600,103,3–5 years,30–39
202401119,1119,2024,Non-manager,Germany,Human Resources,,2023-06-21,1,61800,81,Not available,30–39
202401120,1120,2024,Non-manager,France,Data & Analytics Consulting,,2022-08-10,3,45200,113,Not available,Under 30
202401121,1121,2024,Non-manager,Sweden,Digital Strategy Consulting,2020-07-23,2022-03-04,7,66700,127,3–5 years,30–39
202401122,1122,2024,Non-manager,Sweden,Sales & Business Development,2020-01-29,2023-09-16,6,64200,113,3–5 years,30–39
202401123,1123,2024,Manager,Sweden,Digital Strategy Consulting,,2024-05-18,5,99300,79,Not available,40–49
202401124,1124,2024,Manager,Sweden,Transformation & Change Management,,2022-01-13,7,101200,98,Not available,40–49
202401125,1125,2024,Manager,Sweden,Data & Analytics Consulting,2023-05-10,2024-01-20,6,75100,130,1–2 years,30–39
202401127,1127,2024,Non-manager,France,Human Resources,2021-04-14,2022-12-24,4,45500,109,3–5 years,Under 30
202401128,1128,2024,Manager,Sweden,Digital Strategy Consulting,2022-10-08,,4,87800,99,1–2 years,Under 30
202401129,1129,2024,Non-manager,Germany,Cybersecurity & Digital Risk,,2022-02-24,14,70300,136,Not available,30–39
202401130,1130,2024,Non-manager,Germany,Data & Analytics Consulting,2021-12-29,2022-06-29,6,48500,117,3–5 years,30–39
202401131,1131,2024,Manager,Germany,Transformation & Change Management,,,2,123200,100,Not available,50–59
202401132,1132,2024,Non-manager,Sweden,Customer Experience & Design,,,4,71200,127,Not available,40–49
202401133,1133,2024,Non-manager,Sweden,Transformation & Change Management,,2023-08-15,4,84900,115,Not available,30–39
202401134,1134,2024,Non-manager,Denmark,Data & Analytics Consulting,,2024-07-28,5,112300,137,Not available,60 and above
202401135,1135,2024,Manager,Sweden,Transformation & Change Management,,,6,144200,133,Not available,40–49
202401136,1136,2024,Non-manager,Germany,Digital Marketing & Growth,2024-06-11,2024-09-02,1,34500,125,Less than 1 year,30–39
202401137,1137,2024,Non-manager,France,Transformation & Change Management,,,1,47200,118,Not available,30–39
202401138,1138,2024,Non-manager,France,Human Resources,,,5,34500,147,Not available,Under 30
202401139,1139,2024,Manager,Denmark,Digital Marketing & Growth,,2023-03-02,5,131900,113,Not available,30–39
202401140,1140,2024,Non-manager,Sweden,Digital Strategy Consulting,,2024-07-13,12,47100,88,Not available,Under 30
202401141,1141,2024,Non-manager,Germany,Sales & Business Development,2021-09-10,2024-01-31,7,43500,105,3–5 years,30–39
202401142,1142,2024,Non-manager,Sweden,Digital Marketing & Growth,,2022-01-08,4,68100,128,Not available,30–39
202401143,1143,2024,Non-manager,Sweden,Digital Strategy Consulting,2021-08-03,2022-10-06,6,55500,149,3–5 years,30–39
202401144,1144,2024,Non-manager,Sweden,Finance & Operations,,2024-08-21,1,68300,109,Not available,30–39
202401145,1145,2024,Non-manager,Sweden,Digital Marketing & Growth,,2023-10-03,4,72200,135,Not available,30–39
202401146,1146,2024,Non-manager,Sweden,Digital Strategy Consulting,2022-06-01,2024-03-10,3,63500,102,1–2 years,30–39
202401147,1147,2024,Manager,Germany,Digital Strategy Consulting,2021-11-06,2022-08-03,1,145000,83,3–5 years,40–49
202401148,1148,2024,Manager,Sweden,Sales & Business Development,2023-06-25,2023-03-31,6,106200,99,1–2 years,40–49
202401149,1149,2024,Manager,Sweden,Transformation & Change Management,,2024-04-16,7,131800,103,Not available,40–49
202401150,1150,2024,Non-manager,Sweden,Sales & Business Development,2023-07-07,2024-04-07,3,49900,118,1–2 years,30–39
202401151,1151,2024,Non-manager,France,Digital Strategy Consulting,2023-10-30,2024-11-14,9,63600,135,1–2 years,30–39
202401152,1152,2024,Manager,Germany,Sales & Business Development,2024-05-09,,3,62600,107,Less than 1 year,Under 30
202401153,1153,2024,Non-manager,Sweden,Human Resources,2023-05-29,2022-05-22,4,41200,105,1–2 years,30–39
202401154,1154,2024,Non-manager,Denmark,Cybersecurity & Digital Risk,,2023-11-29,5,81900,96,Not available,30–39
202401155,1155,2024,Non-manager,Denmark,Sales & Business Development,,2023-09-13,2,104800,119,Not available,40–49
202401156,1156,2024,Non-manager,Sweden,Transformation & Change Management,,,3,65500,132,Not available,40–49
202401157,1157,2024,Non-manager,Germany,Technology & IT Strategy,,2023-08-25,5,50100,100,Not available,Under 30
202401158,1158,2024,Manager,Denmark,Finance & Operations,2023-11-29,2022-03-29,8,93200,127,1–2 years,30–39
202401159,1159,2024,Non-manager,France,Customer Experience & Design,,2023-10-14,6,59300,134,Not available,30–39
202401161,1161,2024,Non-manager,Denmark,Data & Analytics Consulting,2021-06-06,2023-04-20,7,91900,126,3–5 years,30–39
202401162,1162,2024,Manager,Germany,Sales & Business Development,2020-11-13,2022-01-05,4,95000,136,3–5 years,Under 30
202401163,1163,2024,Non-manager,Spain,Finance & Operations,2022-06-24,2024-09-16,7,46500,145,1–2 years,30–39
202401164,1164,2024,Manager,Denmark,Data & Analytics Consulting,2018-12-18,2023-06-11,4,121300,94,6–10 years,30–39
202401165,1165,2024,Non-manager,Sweden,Human Resources,2024-07-10,2024-11-03,6,47100,126,Less than 1 year,Under 30
202401166,1166,2024,Manager,Sweden,Transformation & Change Management,,2022-09-06,2,82100,106,Not available,30–39
202401167,1167,2024,Non-manager,Denmark,Digital Marketing & Growth,2021-10-18,2024-12-18,8,74100,123,3–5 years,30–39
202401168,1168,2024,Manager,Sweden,Transformation & Change Management,2024-03-13,2023-08-12,6,100900,101,Less than 1 year,40–49
202401169,1169,2024,Manager,Denmark,Technology & IT Strategy,2022-07-15,2024-03-18,7,97600,102,1–2 years,30–39
202401170,1170,2024,Manager,Sweden,Digital Strategy Consulting,,,3,104800,114,Not available,30–39
202401171,1171,2024,Non-manager,France,Finance & Operations,2024-08-26,2024-04-09,3,33400,108,Less than 1 year,Under 30
202401172,1172,2024,Non-manager,Sweden,Digital Strategy Consulting,,2024-07-04,3,66300,79,Not available,40–49
202401173,1173,2024,Non-manager,Germany,Customer Experience & Design,2020-09-24,2022-11-10,4,54900,122,3–5 years,30–39
202401174,1174,2024,Non-manager,Germany,Customer Experience & Design,2021-02-15,2023-11-01,2,57900,102,3–5 years,Under 30
202401175,1175,2024,Non-manager,Denmark,Data & Analytics Consulting,2023-03-18,2022-10-29,2,60900,97,1–2 years,30–39
202401176,1176,2024,Manager,Denmark,Digital Strategy Consulting,2024-05-27,2022-09-13,7,143900,100,Less than 1 year,30–39
202401177,1177,2024,Manager,Sweden,Finance & Operations,2022-02-04,2024-05-12,5,98400,104,1–2 years,30–39
202401178,1178,2024,Non-manager,Germany,Cybersecurity & Digital Risk,2020-01-11,2023-05-21,3,63600,135,3–5 years,30–39
202401179,1179,2024,Non-manager,Spain,Technology & IT Strategy,2021-08-31,,3,67300,126,3–5 years,30–39
202401180,1180,2024,Manager,Sweden,Human Resources,,2022-12-18,3,91000,150,Not available,30–39
202401181,1181,2024,Non-manager,Spain,Technology & IT Strategy,,2022-10-05,5,70500,149,Not available,40–49
202401182,1182,2024,Manager,Spain,Data & Analytics Consulting,,2023-05-10,5,86400,136,Not available,30–39
202401183,1183,2024,Non-manager,Denmark,Data & Analytics Consulting,,2024-02-17,5,63200,111,Not available,30–39
202401184,1184,2024,Manager,Sweden,Digital Strategy Consulting,,,6,187000,115,Not available,50–59
202401185,1185,2024,Manager,Spain,Sales & Business Development,,,4,96400,115,Not available,Under 30
202401186,1186,2024,Manager,Denmark,Technology & IT Strategy,,2024-11-10,5,173000,78,Not available,40–49
202401188,1188,2024,Non-manager,Spain,Finance & Operations,2018-01-16,2024-12-16,2,62300,105,6–10 years,50–59
202401189,1189,2024,Manager,Sweden,Technology & IT Strategy,2020-10-24,2023-09-15,8,110400,93,3–5 years,40–49
202401190,1190,2024,Manager,France,Human Resources,,2022-08-07,5,88900,120,Not available,30–39
202401191,1191,2024,Manager,Sweden,Customer Experience & Design,2017-06-16,2022-10-11,9,135900,120,6–10 years,50–59
202401192,1192,2024,Non-manager,Sweden,Digital Marketing & Growth,2021-07-14,2023-12-13,5,54600,100,3–5 years,30–39
202401193,1193,2024,Manager,Sweden,Sales & Business Development,,,4,141400,88,Not available,40–49
202401194,1194,2024,Non-manager,Denmark,Data & Analytics Consulting,,2024-06-03,1,74200,103,Not available,30–39
202401195,1195,2024,Manager,Spain,Human Resources,,2024-11-15,7,82100,139,Not available,30–39
202401196,1196,2024,Non-manager,France,Data & Analytics Consulting,,2024-02-04,5,54200,126,Not available,Under 30
202401197,1197,2024,Non-manager,Germany,Digital Strategy Consulting,2020-09-27,,3,91100,114,3–5 years,40–49
202401198,1198,2024,Manager,Spain,Sales & Business Development,2021-12-19,2022-07-03,1,68300,127,3–5 years,Under 30
202401199,1199,2024,Non-manager,Germany,Data & Analytics Consulting,2023-08-04,2022-10-01,3,51900,134,1–2 years,Under 30
202401200,1200,2024,Manager,France,Customer Experience & Design,,2022-08-30,0,111600,88,Not available,40–49
202401201,1201,2024,Non-manager,Germany,Digital Strategy Consulting,,2023-05-23,11,73800,133,Not available,30–39
202401202,1202,2024,Non-manager,France,Sales & Business Development,2024-09-27,2024-02-01,7,48000,153,Less than 1 year,30–39
202401203,1203,2024,Non-manager,Sweden,Data & Analytics Consulting,,2023-01-31,9,88900,111,Not available,30–39
202401204,1204,2024,Non-manager,Germany,Technology & IT Strategy,,2022-03-17,2,65400,97,Not available,30–39
202401205,1205,2024,Manager,Sweden,Transformation & Change Management,,,3,89200,141,Not available,Under 30
202401206,1206,2024,Manager,France,Digital Strategy Consulting,,2024-05-29,9,75600,132,Not available,30–39
202401207,1207,2024,Non-manager,Sweden,Technology & IT Strategy,2020-07-12,2023-01-03,5,68800,127,3–5 years,Under 30
202401208,1208,2024,Non-manager,Spain,Technology & IT Strategy,,2023-10-30,2,46200,125,Not available,30–39
202401209,1209,2024,Non-manager,Denmark,Customer Experience & Design,2023-07-05,2024-06-13,5,60400,89,1–2 years,Under 30
202401210,1210,2024,Non-manager,Germany,Data & Analytics Consulting,,,2,50600,103,Not available,30–39
202401211,1211,2024,Manager,Spain,Technology & IT Strategy,2022-01-25,,6,80200,107,1–2 years,40–49
202401212,1212,2024,Manager,Sweden,Technology & IT Strategy,2024-10-25,2022-06-12,6,96800,100,Less than 1 year,30–39
202401213,1213,2024,Non-manager,Denmark,Human Resources,,,2,43000,76,Not available,Under 30
202401214,1214,2024,Manager,Germany,Sales & Business Development,2021-04-18,2022-02-09,7,91300,116,3–5 years,Under 30
202401215,1215,2024,Manager,Sweden,Transformation & Change Management,,2022-06-14,3,97400,111,Not available,30–39
202401216,1216,2024,Manager,France,Data & Analytics Consulting,,2023-06-21,0,80600,113,Not available,30–39
202401217,1217,2024,Non-manager,France,Transformation & Change Management,,2022-12-25,7,40200,118,Not available,Under 30
202401218,1218,2024,Manager,Spain,Transformation & Change Management,,2022-04-17,1,66200,107,Not available,Under 30
202401219,1219,2024,Non-manager,Denmark,Finance & Operations,,2024-09-27,3,98800,124,Not available,40–49
202401220,1220,2024,Manager,Spain,Digital Strategy Consulting,2024-12-17,2023-06-24,3,68900,146,Less than 1 year,Under 30
202401223,1223,2024,Non-manager,Spain,Data & Analytics Consulting,,2024-02-28,4,53200,114,Not available,30–39
202401224,1224,2024,Manager,Spain,Data & Analytics Consulting,,2023-06-13,2,64200,122,Not available,30–39
202401225,1225,2024,Non-manager,Denmark,Transformation & Change Management,2023-12-01,2024-01-19,9,48700,107,1–2 years,30–39
202401226,1226,2024,Manager,Germany,Data & Analytics Consulting,2023-02-27,2024-10-23,8,93500,100,1–2 years,30–39
202401227,1227,2024,Manager,Sweden,Digital Strategy Consulting,2023-12-27,,7,72900,91,1–2 years,Under 30
202401228,1228,2024,Non-manager,Spain,Technology & IT Strategy,2023-10-28,2024-06-19,5,35200,121,1–2 years,Under 30
202401229,1229,2024,Manager,Sweden,Data & Analytics Consulting,,2022-01-21,4,102900,99,Not available,30–39
202401230,1230,2024,Non-manager,Sweden,Transformation & Change Management,2021-05-18,2024-10-28,0,55900,121,3–5 years,Under 30
202401231,1231,2024,Manager,Denmark,Technology & IT Strategy,2024-04-26,,6,117900,101,Less than 1 year,30–39
202401232,1232,2024,Manager,Sweden,Customer Experience & Design,2021-04-28,2023-12-01,2,177400,98,3–5 years,50–59
202401233,1233,2024,Non-manager,Spain,Data & Analytics Consulting,,,6,78200,97,Not available,40–49
202401234,1234,2024,Manager,Denmark,Transformation & Change Management,,2024-09-17,6,122400,88,Not available,30–39
202401235,1235,2024,Non-manager,Sweden,Transformation & Change Management,2024-01-12,2024-02-26,3,36700,147,Less than 1 year,Under 30
202401236,1236,2024,Non-manager,Sweden,Technology & IT Strategy,,2022-08-20,8,56400,143,Not available,Under 30
202401237,1237,2024,Non-manager,Germany,Technology & IT Strategy,,2024-06-16,4,43600,129,Not available,30–39
202401238,1238,2024,Non-manager,Sweden,Transformation & Change Management,2021-02-15,2023-02-18,4,52700,116,3–5 years,30–39
202401239,1239,2024,Non-manager,Sweden,Technology & IT Strategy,,2023-11-08,7,66100,142,Not available,40–49
202401240,1240,2024,Manager,Germany,Digital Marketing & Growth,2023-05-11,2022-06-16,5,88200,97,1–2 years,Under 30
202401241,1241,2024,Manager,Germany,Technology & IT Strategy,,2022-03-09,0,147300,88,Not available,40–49
202401242,1242,2024,Non-manager,Sweden,Customer Experience & Design,,2023-10-24,7,49900,126,Not available,30–39
202401243,1243,2024,Non-manager,Denmark,Technology & IT Strategy,,2023-01-17,7,108300,112,Not available,40–49
202401244,1244,2024,Manager,Spain,Data & Analytics Consulting,2021-10-17,2022-07-25,3,71200,145,3–5 years,Under 30
202401245,1245,2024,Manager,Germany,Digital Marketing & Growth,,2022-04-18,6,89600,130,Not available,30–39
202401246,1246,2024,Manager,France,Customer Experience & Design,2021-02-24,2022-11-18,5,105300,117,3–5 years,40–49
202401247,1247,2024,Manager,Sweden,Sales & Business Development,,2022-07-08,8,93400,71,Not available,40–49
202401248,1248,2024,Non-manager,Denmark,Digital Marketing & Growth,2023-12-25,2024-09-19,6,53800,130,1–2 years,Under 30
202401249,1249,2024,Manager,Spain,Digital Strategy Consulting,,2024-09-20,4,88500,118,Not available,50–59
202401250,1250,2024,Manager,Germany,Technology & IT Strategy,2023-12-13,2023-03-22,2,75100,104,1–2 years,30–39
202401251,1251,2024,Non-manager,Denmark,Digital Strategy Consulting,,,4,49600,115,Not available,Under 30
202401252,1252,2024,Non-manager,Germany,Transformation & Change Management,2023-10-19,,3,43000,107,1–2 years,30–39
202401253,1253,2024,Non-manager,Sweden,Customer Experience & Design,,,12,37900,129,Not available,Under 30
202401254,1254,2024,Manager,Sweden,Finance & Operations,2024-02-19,2023-03-16,5,69500,88,Less than 1 year,30–39
202401255,1255,2024,Non-manager,Sweden,Technology & IT Strategy,,,5,100100,110,Not available,40–49
202401256,1256,2024,Manager,Germany,Customer Experience & Design,,2022-07-18,2,94900,111,Not available,40–49
202401257,1257,2024,Manager,Sweden,Transformation & Change Management,,2023-05-03,4,132700,56,Not available,40–49
202401258,1258,2024,Manager,Denmark,Transformation & Change Management,,,4,112500,100,Not available,30–39
202401259,1259,2024,Non-manager,Sweden,Technology & IT Strategy,2019-12-30,2024-06-01,2,65200,95,3–5 years,30–39
202401260,1260,2024,Non-manager,Denmark,Digital Strategy Consulting,2021-06-13,2023-08-21,4,65900,126,3–5 years,Under 30
202401261,1261,2024,Manager,Sweden,Digital Strategy Consulting,,2024-12-20,6,68600,103,Not available,Under 30
202401262,1262,2024,Manager,Sweden,Digital Strategy Consulting,2024-10-29,2022-03-04,2,101000,134,Less than 1 year,30–39
202401263,1263,2024,Manager,France,Transformation & Change Management,,2022-06-16,3,84900,133,Not available,30–39
202401264,1264,2024,Non-manager,Sweden,Sales & Business Development,2021-03-15,2023-12-23,6,70900,123,3–5 years,40–49
202401265,1265,2024,Manager,Germany,Technology & IT Strategy,2021-12-13,2023-07-17,4,78700,80,3–5 years,30–39
202401266,1266,2024,Manager,Spain,Data & Analytics Consulting,,2023-01-18,3,66900,100,Not available,30–39
202401267,1267,2024,Non-manager,Sweden,Transformation & Change Management,2020-04-01,2023-10-18,5,51000,129,3–5 years,30–39
202401268,1268,2024,Manager,Germany,Customer Experience & Design,,2023-03-09,6,78800,148,Not available,Under 30
202401269,1269,2024,Non-manager,France,Technology & IT Strategy,,2022-01-12,5,55400,110,Not available,40–49
202401270,1270,2024,Manager,Germany,Technology & IT Strategy,,,2,113700,111,Not available,Under 30
202401271,1271,2024,Manager,Denmark,Digital Strategy Consulting,2024-05-11,2023-08-12,5,108600,127,Less than 1 year,30–39
202401272,1272,2024,Non-manager,Germany,Digital Marketing & Growth,2023-09-25,2023-10-12,6,43100,125,1–2 years,30–39
202401273,1273,2024,Manager,Sweden,Finance & Operations,2019-06-16,,4,100900,124,3–5 years,30–39
202401274,1274,2024,Non-manager,Spain,Finance & Operations,2024-08-28,,4,45800,123,Less than 1 year,40–49
202401275,1275,2024,Manager,Sweden,Digital Strategy Consulting,2021-09-22,2023-08-23,2,97800,85,3–5 years,30–39
202401276,1276,2024,Manager,Denmark,Finance & Operations,,2023-10-26,4,138600,104,Not available,30–39
202401277,1277,2024,Non-manager,Sweden,Digital Strategy Consulting,,2023-03-15,6,48100,121,Not available,30–39
202401278,1278,2024,Manager,Sweden,Human Resources,2024-02-10,2024-08-29,4,73300,91,Less than 1 year,30–39
202401279,1279,2024,Non-manager,France,Human Resources,2022-09-13,2023-01-06,2,50800,134,1–2 years,30–39
202401280,1280,2024,Manager,Sweden,Data & Analytics Consulting,,2024-11-26,3,141400,113,Not available,40–49
202401281,1281,2024,Non-manager,Sweden,Sales & Business Development,2020-10-24,2023-03-15,4,88000,120,3–5 years,30–39
202401282,1282,2024,Non-manager,Denmark,Finance & Operations,,2023-05-08,5,55500,100,Not available,40–49
202401283,1283,2024,Manager,Sweden,Data & Analytics Consulting,2021-02-07,,4,97700,92,3–5 years,30–39
202401284,1284,2024,Manager,Spain,Sales & Business Development,2022-09-11,2024-09-10,7,76900,98,1–2 years,Under 30
202401285,1285,2024,Non-manager,Sweden,Customer Experience & Design,,2022-04-26,7,60100,93,Not available,Under 30
202401286,1286,2024,Manager,Germany,Data & Analytics Consulting,2021-07-25,,10,136500,143,3–5 years,50–59
202401287,1287,2024,Manager,Sweden,Digital Strategy Consulting,2024-02-07,2023-10-23,6,82000,119,Less than 1 year,Under 30
202401288,1288,2024,Manager,France,Transformation & Change Management,,2022-03-21,7,122900,121,Not available,30–39
202401289,1289,2024,Non-manager,Germany,Technology & IT Strategy,2023-04-30,,4,56100,130,1–2 years,Under 30
202401290,1290,2024,Non-manager,Denmark,Customer Experience & Design,,,4,97000,121,Not available,30–39
202401291,1291,2024,Manager,Sweden,Sales & Business Development,,2023-06-24,3,184200,121,Not available,50–59
202401292,1292,2024,Non-manager,France,Technology & IT Strategy,2021-07-12,2022-02-28,3,50600,99,3–5 years,30–39
202401293,1293,2024,Manager,France,Cybersecurity & Digital Risk,,2022-12-26,6,137300,151,Not available,50–59
202401294,1294,2024,Non-manager,Sweden,Technology & IT Strategy,,2024-09-28,3,47000,116,Not available,Under 30
202401295,1295,2024,Non-manager,Sweden,Data & Analytics Consulting,,2022-05-26,4,77100,134,Not available,40–49
202401296,1296,2024,Manager,Spain,Human Resources,2023-10-03,2022-08-23,4,64600,127,1–2 years,Under 30
202401297,1297,2024,Non-manager,Spain,Customer Experience & Design,2023-05-13,,4,34200,119,1–2 years,30–39
202401298,1298,2024,Manager,Sweden,Cybersecurity & Digital Risk,2023-02-22,2022-07-03,6,89900,120,1–2 years,30–39
202401299,1299,2024,Non-manager,Spain,Finance & Operations,2024-10-02,2024-01-09,4,34300,133,Less than 1 year,Under 30
202401300,1300,2024,Manager,Sweden,Data & Analytics Consulting,2021-09-24,2022-10-24,3,92300,113,3–5 years,30–39
202401301,1301,2024,Non-manager,Denmark,Data & Analytics Consulting,,,5,110000,105,Not available,40–49
202401302,1302,2024,Manager,Denmark,Digital Strategy Consulting,2018-09-19,,5,135700,97,6–10 years,30–39
202401303,1303,2024,Manager,Denmark,Customer Experience & Design,2021-10-29,2024-11-01,2,122300,121,3–5 years,30–39
202401304,1304,2024,Non-manager,France,Technology & IT Strategy,2021-10-31,2024-11-21,3,61300,123,3–5 years,Under 30
202401305,1305,2024,Non-manager,Spain,Data & Analytics Consulting,,2024-04-13,4,72700,134,Not available,40–49
202401306,1306,2024,Non-manager,Sweden,Customer Experience & Design,,,5,57500,78,Not available,30–39
202401307,1307,2024,Manager,Sweden,Digital Marketing & Growth,2021-03-14,2024-01-29,5,112900,97,3–5 years,40–49
202401308,1308,2024,Manager,Sweden,Transformation & Change Management,,2022-05-16,9,127600,122,Not available,40–49
202401309,1309,2024,Manager,France,Sales & Business Development,2024-08-23,,5,69600,126,Less than 1 year,30–39
202401310,1310,2024,Manager,Germany,Technology & IT Strategy,,,4,87600,127,Not available,Under 30
202401311,1311,2024,Non-manager,France,Sales & Business Development,,2024-03-23,6,55600,136,Not available,30–39
202401312,1312,2024,Manager,Sweden,Digital Strategy Consulting,2020-06-07,2023-09-22,4,88600,110,3–5 years,Under 30
202401313,1313,2024,Non-manager,Sweden,Cybersecurity & Digital Risk,2024-09-24,2024-10-08,2,49000,129,Less than 1 year,Under 30
202401314,1314,2024,Manager,Germany,Data & Analytics Consulting,,2023-02-20,4,89100,113,Not available,30–39
202401315,1315,2024,Non-manager,Germany,Finance & Operations,,2024-10-09,7,37300,130,Not available,30–39
202401316,1316,2024,Manager,Sweden,Data & Analytics Consulting,2023-05-25,2024-02-06,4,89100,116,1–2 years,Under 30
202401317,1317,2024,Non-manager,Sweden,Technology & IT Strategy,,2023-12-28,2,67500,121,Not available,Under 30
202401318,1318,2024,Manager,Sweden,Data & Analytics Consulting,2019-12-31,,4,104000,82,3–5 years,40–49
202401319,1319,2024,Manager,Sweden,Customer Experience & Design,2024-04-03,2023-05-01,6,100700,121,Less than 1 year,30–39
202401320,1320,2024,Manager,Sweden,Data & Analytics Consulting,2023-11-10,2023-08-05,8,81400,113,1–2 years,30–39
202401321,1321,2024,Non-manager,France,Finance & Operations,2024-03-10,2023-12-08,5,32100,108,Less than 1 year,Under 30
202401322,1322,2024,Non-manager,Denmark,Digital Marketing & Growth,2023-10-16,2023-10-03,5,45500,125,1–2 years,30–39
202401323,1323,2024,Non-manager,Denmark,Digital Marketing & Growth,,2023-04-06,3,71100,133,Not available,Under 30
202401324,1324,2024,Manager,Spain,Sales & Business Development,,2022-11-20,6,104900,97,Not available,30–39
202401325,1325,2024,Manager,Sweden,Digital Strategy Consulting,,,4,168700,85,Not available,50–59
202401326,1326,2024,Non-manager,Sweden,Technology & IT Strategy,,2022-09-19,3,53700,100,Not available,Under 30
202401327,1327,2024,Non-manager,Germany,Data & Analytics Consulting,2023-10-27,2024-06-23,6,47200,156,1–2 years,Under 30
202401328,1328,2024,Non-manager,France,Transformation & Change Management,2022-08-14,2023-07-12,3,48800,139,1–2 years,Under 30
202401329,1329,2024,Manager,Denmark,Customer Experience & Design,2017-10-11,2024-06-19,3,162700,122,6–10 years,30–39
202401330,1330,2024,Non-manager,Spain,Customer Experience & Design,2024-12-04,,2,49200,119,Less than 1 year,40–49
202401331,1331,2024,Non-manager,Denmark,Digital Strategy Consulting,,2023-03-27,5,51800,119,Not available,Under 30
202401332,1332,2024,Non-manager,Sweden,Digital Marketing & Growth,2020-01-02,,8,62200,118,3–5 years,Under 30
202401333,1333,2024,Non-manager,Spain,Cybersecurity & Digital Risk,2023-11-26,2022-07-01,5,49300,111,1–2 years,30–39
202401334,1334,2024,Non-manager,Sweden,Transformation & Change Management,2022-06-16,2022-03-06,2,76500,105,1–2 years,Under 30
202401335,1335,2024,Manager,Germany,Sales & Business Development,,2023-04-26,1,85800,93,Not available,30–39
202401336,1336,2024,Non-manager,Sweden,Sales & Business Development,,2022-05-02,0,94000,113,Not available,40–49
202401337,1337,2024,Non-manager,Germany,Finance & Operations,2021-05-25,2022-05-26,2,52600,127,3–5 years,Under 30
202401338,1338,2024,Manager,Sweden,Cybersecurity & Digital Risk,2024-10-02,2022-05-22,7,90800,106,Less than 1 year,30–39
202401339,1339,2024,Non-manager,France,Customer Experience & Design,,,3,50200,137,Not available,30–39
202401340,1340,2024,Non-manager,France,Digital Marketing & Growth,2022-06-17,2024-05-11,8,49700,104,1–2 years,30–39
202401341,1341,2024,Manager,Sweden,Technology & IT Strategy,,2022-01-07,4,93800,112,Not available,30–39
202401342,1342,2024,Manager,France,Sales & Business Development,2024-09-11,,3,68600,136,Less than 1 year,Under 30
202401343,1343,2024,Manager,Germany,Data & Analytics Consulting,2020-11-01,2023-09-24,5,102000,135,3–5 years,Under 30
202401344,1344,2024,Manager,Sweden,Technology & IT Strategy,,2022-10-25,3,115500,91,Not available,30–39
202401345,1345,2024,Non-manager,Spain,Human Resources,,2024-09-06,5,71600,139,Not available,50–59
202401346,1346,2024,Non-manager,Sweden,Digital Strategy Consulting,,2022-02-19,8,55200,98,Not available,30–39
202401347,1347,2024,Non-manager,France,Digital Strategy Consulting,2023-02-07,,1,39000,102,1–2 years,30–39
202401349,1349,2024,Non-manager,Denmark,Customer Experience & Design,2020-06-16,2023-07-18,6,58400,130,3–5 years,40–49
202401350,1350,2024,Manager,Sweden,Human Resources,2023-04-06,2022-10-09,6,90600,120,1–2 years,Under 30
202401351,1351,2024,Non-manager,Germany,Sales & Business Development,,2022-03-27,6,54600,110,Not available,Under 30
202401352,1352,2024,Manager,Spain,Cybersecurity & Digital Risk,2022-10-11,2024-07-10,6,65800,92,1–2 years,30–39
202401353,1353,2024,Non-manager,Denmark,Digital Strategy Consulting,2020-06-26,2023-06-19,5,73300,129,3–5 years,30–39
202401354,1354,2024,Manager,Spain,Data & Analytics Consulting,2022-11-22,2023-02-02,5,62500,97,1–2 years,40–49
202401355,1355,2024,Non-manager,Sweden,Sales & Business Development,2021-01-28,,4,65300,144,3–5 years,40–49
202401356,1356,2024,Manager,France,Technology & IT Strategy,2017-03-02,2024-03-16,1,107100,134,6–10 years,30–39
202401357,1357,2024,Non-manager,France,Finance & Operations,2024-04-23,2024-01-08,4,39400,101,Less than 1 year,Under 30
202401358,1358,2024,Manager,Denmark,Digital Marketing & Growth,,,6,88000,76,Not available,30–39
202401359,1359,2024,Manager,Sweden,Data & Analytics Consulting,2021-02-08,,5,128600,107,3–5 years,50–59
202401360,1360,2024,Non-manager,Germany,Data & Analytics Consulting,,,3,51100,111,Not available,30–39
202401361,1361,2024,Non-manager,Germany,Finance & Operations,2023-12-20,2022-06-26,5,64600,81,1–2 years,40–49
202401362,1362,2024,Manager,Sweden,Sales & Business Development,2024-06-19,2022-09-16,4,72900,95,Less than 1 year,30–39
202401363,1363,2024,Manager,France,Data & Analytics Consulting,2023-06-21,2023-05-29,3,91000,145,1–2 years,30–39
202401364,1364,2024,Non-manager,Sweden,Data & Analytics Consulting,,2022-05-26,6,78000,105,Not available,40–49
202401365,1365,2024,Manager,Sweden,Transformation & Change Management,2023-06-16,,6,75600,73,1–2 years,Under 30
202401366,1366,2024,Non-manager,France,Human Resources,2022-05-15,2023-03-26,3,35200,145,1–2 years,30–39
202401367,1367,2024,Manager,Spain,Digital Strategy Consulting,2021-03-08,2022-07-09,7,76600,100,3–5 years,30–39
202401368,1368,2024,Non-manager,Sweden,Transformation & Change Management,,2022-12-04,4,62200,93,Not available,30–39
202401369,1369,2024,Non-manager,Sweden,Finance & Operations,,2023-03-18,6,53000,101,Not available,Under 30
202401370,1370,2024,Manager,Sweden,Data & Analytics Consulting,,,4,109400,99,Not available,30–39
202401371,1371,2024,Manager,Denmark,Data & Analytics Consulting,,2024-02-10,4,111300,107,Not available,30–39
202401373,1373,2024,Non-manager,France,Transformation & Change Management,2024-05-24,2024-08-14,7,41600,121,Less than 1 year,Under 30
202401374,1374,2024,Non-manager,Sweden,Transformation & Change Management,,2024-08-10,5,34400,92,Not available,Under 30
202401375,1375,2024,Manager,Sweden,Technology & IT Strategy,2024-11-18,2024-09-04,3,73200,91,Less than 1 year,Under 30
202401376,1376,2024,Non-manager,Denmark,Digital Strategy Consulting,2019-10-14,2024-04-21,1,89800,114,3–5 years,30–39
202401377,1377,2024,Non-manager,Sweden,Data & Analytics Consulting,,2024-02-03,10,45500,129,Not available,30–39
202401378,1378,2024,Non-manager,Sweden,Digital Strategy Consulting,2021-11-21,2023-04-16,8,53700,144,3–5 years,Under 30
202401379,1379,2024,Manager,Sweden,Finance & Operations,2020-05-22,2024-12-25,9,91500,91,3–5 years,30–39
202401380,1380,2024,Manager,Sweden,Human Resources,,2024-06-05,6,88600,66,Not available,30–39
202401381,1381,2024,Non-manager,Denmark,Transformation & Change Management,,2024-06-16,9,74500,128,Not available,40–49
202401382,1382,2024,Manager,Sweden,Sales & Business Development,2022-11-24,2023-03-23,6,78900,113,1–2 years,30–39
202401383,1383,2024,Non-manager,Germany,Technology & IT Strategy,,2022-06-14,2,53800,112,Not available,30–39
202401384,1384,2024,Manager,Sweden,Data & Analytics Consulting,2020-06-13,2024-08-26,3,132000,88,3–5 years,40–49
202401385,1385,2024,Non-manager,Germany,Transformation & Change Management,2021-05-22,2022-08-31,5,48500,84,3–5 years,30–39
202401386,1386,2024,Manager,Sweden,Digital Strategy Consulting,,2022-11-09,5,144100,120,Not available,50–59
202401387,1387,2024,Non-manager,Sweden,Technology & IT Strategy,,2024-02-12,4,51600,100,Not available,Under 30
202401389,1389,2024,Manager,Sweden,Transformation & Change Management,,,7,97400,109,Not available,40–49
202401390,1390,2024,Non-manager,Sweden,Sales & Business Development,,2023-07-20,10,48700,106,Not available,30–39
202401391,1391,2024,Non-manager,Denmark,Transformation & Change Management,2024-02-21,2022-11-08,3,61700,135,Less than 1 year,30–39
202401392,1392,2024,Manager,Sweden,Digital Marketing & Growth,,2024-06-03,4,94600,144,Not available,30–39
202401393,1393,2024,Non-manager,France,Sales & Business Development,2024-03-10,2024-10-06,1,66600,139,Less than 1 year,30–39
202401394,1394,2024,Non-manager,Germany,Customer Experience & Design,2024-08-07,2022-04-30,4,79600,127,Less than 1 year,50–59
202401395,1395,2024,Non-manager,Spain,Data & Analytics Consulting,2023-04-09,2022-09-27,6,45200,145,1–2 years,30–39
202401396,1396,2024,Manager,Sweden,Digital Strategy Consulting,2020-01-25,,6,113500,108,3–5 years,30–39
202401397,1397,2024,Non-manager,France,Cybersecurity & Digital Risk,,2022-07-06,4,58800,136,Not available,40–49
202401398,1398,2024,Manager,Sweden,Sales & Business Development,2021-03-03,2024-01-19,3,127400,91,3–5 years,40–49
202401399,1399,2024,Non-manager,Spain,Human Resources,,2024-02-18,9,38600,115,Not available,40–49
202401400,1400,2024,Manager,Spain,Transformation & Change Management,2024-11-25,,5,52500,109,Less than 1 year,30–39
202401401,1401,2024,Manager,France,Data & Analytics Consulting,,2022-05-07,2,100800,93,Not available,30–39
202401402,1402,2024,Manager,Sweden,Sales & Business Development,2024-03-25,2023-09-17,5,80200,101,Less than 1 year,30–39
202401403,1403,2024,Non-manager,Sweden,Data & Analytics Consulting,2019-10-14,2022-12-11,3,60900,114,3–5 years,40–49
202401404,1404,2024,Manager,France,Data & Analytics Consulting,2024-11-20,2024-03-11,7,69900,128,Less than 1 year,Under 30
202401405,1405,2024,Non-manager,Sweden,Digital Strategy Consulting,,,6,45600,128,Not available,30–39
202401406,1406,2024,Manager,Spain,Digital Strategy Consulting,2020-09-26,2023-04-05,5,109100,111,3–5 years,60 and above
202401407,1407,2024,Non-manager,Sweden,Technology & IT Strategy,2019-06-23,,4,69200,110,3–5 years,40–49
202401408,1408,2024,Non-manager,Denmark,Digital Strategy Consulting,2024-09-10,2022-12-03,5,56000,105,Less than 1 year,Under 30
202401409,1409,2024,Non-manager,Denmark,Customer Experience & Design,2023-10-22,2023-03-19,8,56500,113,1–2 years,30–39
202401410,1410,2024,Manager,Sweden,Customer Experience & Design,2023-05-19,2024-12-18,6,77100,144,1–2 years,Under 30
202401411,1411,2024,Manager,Denmark,Sales & Business Development,2022-12-27,2022-07-30,6,124900,106,1–2 years,30–39
202401412,1412,2024,Manager,Sweden,Digital Strategy Consulting,2020-11-08,,6,96700,76,3–5 years,30–39
202401413,1413,2024,Non-manager,Germany,Customer Experience & Design,2019-06-22,2024-08-16,4,81700,97,3–5 years,40–49
202401414,1414,2024,Non-manager,Germany,Transformation & Change Management,,2022-01-24,6,42000,107,Not available,Under 30
202401415,1415,2024,Non-manager,Sweden,Human Resources,2021-09-30,2024-04-06,2,50500,128,3–5 years,30–39
202401416,1416,2024,Manager,Denmark,Human Resources,,,2,99400,130,Not available,30–39
202401417,1417,2024,Manager,Sweden,Sales & Business Development,2020-08-08,2024-12-21,4,83700,91,3–5 years,Under 30
202401418,1418,2024,Manager,France,Customer Experience & Design,2017-05-21,2022-04-16,6,130900,122,6–10 years,40–49
202401419,1419,2024,Manager,Sweden,Technology & IT Strategy,2018-08-03,2022-07-05,6,131700,121,6–10 years,30–39
202401420,1420,2024,Non-manager,Germany,Customer Experience & Design,2023-10-17,2024-04-16,5,36600,122,1–2 years,Under 30
202401421,1421,2024,Manager,Sweden,Technology & IT Strategy,,,3,88600,96,Not available,30–39
202401422,1422,2024,Non-manager,Sweden,Human Resources,2022-06-19,2023-07-22,6,55100,93,1–2 years,40–49
202401423,1423,2024,Non-manager,Sweden,Transformation & Change Management,2023-08-03,2022-09-14,4,48000,88,1–2 years,30–39
202401424,1424,2024,Non-manager,Sweden,Digital Marketing & Growth,2021-12-12,2022-08-05,0,50800,149,3–5 years,30–39
202401425,1425,2024,Manager,Germany,Digital Strategy Consulting,,,5,109400,104,Not available,30–39
202401426,1426,2024,Manager,Sweden,Data & Analytics Consulting,,2022-12-01,9,174600,86,Not available,50–59
202401427,1427,2024,Non-manager,Germany,Digital Strategy Consulting,,2024-05-14,3,87000,106,Not available,30–39
202401428,1428,2024,Manager,Sweden,Digital Strategy Consulting,2020-02-15,2024-11-29,7,97400,101,3–5 years,30–39
202401429,1429,2024,Non-manager,Sweden,Data & Analytics Consulting,2022-01-27,2023-09-05,4,58300,129,1–2 years,30–39
202401430,1430,2024,Non-manager,Germany,Sales & Business Development,,2023-04-20,5,84600,98,Not available,30–39
202401432,1432,2024,Non-manager,France,Finance & Operations,2017-01-12,2024-09-14,2,76500,150,6–10 years,50–59
202401433,1433,2024,Manager,Spain,Digital Strategy Consulting,2024-07-31,2024-03-06,3,52900,117,Less than 1 year,Under 30
202401434,1434,2024,Non-manager,Sweden,Human Resources,,2023-06-17,8,37300,130,Not available,30–39
202401435,1435,2024,Non-manager,Germany,Human Resources,2024-11-02,2022-09-06,3,52200,99,Less than 1 year,Under 30
202401436,1436,2024,Non-manager,Denmark,Customer Experience & Design,2023-03-25,2023-03-19,7,48600,120,1–2 years,30–39
202401437,1437,2024,Non-manager,France,Transformation & Change Management,2024-09-14,2023-08-24,2,46300,117,Less than 1 year,40–49
202401438,1438,2024,Non-manager,Germany,Digital Marketing & Growth,,2023-11-19,4,60000,97,Not available,30–39
202401439,1439,2024,Non-manager,France,Cybersecurity & Digital Risk,2022-10-14,2022-07-21,5,55700,111,1–2 years,30–39
202401440,1440,2024,Non-manager,Sweden,Transformation & Change Management,2022-01-16,2023-01-29,2,55300,119,1–2 years,Under 30
202401441,1441,2024,Non-manager,France,Data & Analytics Consulting,,2024-01-24,4,42500,114,Not available,30–39
202401442,1442,2024,Manager,Sweden,Transformation & Change Management,,,5,90100,86,Not available,30–39
202401443,1443,2024,Manager,Spain,Digital Marketing & Growth,,,3,81300,117,Not available,30–39
202401444,1444,2024,Non-manager,Sweden,Data & Analytics Consulting,2024-09-21,2024-04-23,3,55500,140,Less than 1 year,Under 30
202401445,1445,2024,Non-manager,Spain,Data & Analytics Consulting,,2023-09-11,5,48400,121,Not available,30–39
202401446,1446,2024,Non-manager,France,Finance & Operations,2023-11-16,2022-07-29,1,56700,86,1–2 years,30–39
202401447,1447,2024,Non-manager,France,Human Resources,2022-04-24,2023-08-12,4,53300,122,1–2 years,30–39
202401448,1448,2024,Non-manager,Spain,Digital Strategy Consulting,2023-09-13,,5,37800,135,1–2 years,30–39
202401449,1449,2024,Non-manager,Sweden,Digital Strategy Consulting,2021-09-25,2023-11-02,4,59700,143,3–5 years,30–39
202401450,1450,2024,Non-manager,Denmark,Finance & Operations,,2024-02-12,6,109600,140,Not available,40–49
202401451,1451,2024,Non-manager,Spain,Digital Strategy Consulting,,,6,40600,102,Not available,30–39
202401452,1452,2024,Non-manager,Germany,Digital Strategy Consulting,,2023-08-14,3,35400,145,Not available,Under 30
202401453,1453,2024,Non-manager,Spain,Cybersecurity & Digital Risk,2024-01-15,2024-07-10,8,42600,94,Less than 1 year,Under 30
202401454,1454,2024,Non-manager,Sweden,Data & Analytics Consulting,,2023-07-11,10,44100,159,Not available,Under 30
202401455,1455,2024,Manager,Sweden,Customer Experience & Design,,,2,138500,94,Not available,30–39
202401456,1456,2024,Non-manager,Sweden,Cybersecurity & Digital Risk,,,8,43300,116,Not available,30–39
202401457,1457,2024,Manager,Sweden,Digital Strategy Consulting,,2023-12-02,5,124700,93,Not available,40–49
202401458,1458,2024,Non-manager,Denmark,Human Resources,,2023-09-11,3,74200,120,Not available,Under 30
202401459,1459,2024,Non-manager,Sweden,Digital Marketing & Growth,2018-07-02,2022-02-09,5,77000,123,6–10 years,Under 30
202401460,1460,2024,Non-manager,Sweden,Digital Marketing & Growth,,2024-09-11,5,39800,105,Not available,Under 30
202401461,1461,2024,Manager,France,Data & Analytics Consulting,2024-09-18,2022-10-20,5,71000,105,Less than 1 year,30–39
202401462,1462,2024,Non-manager,Sweden,Cybersecurity & Digital Risk,2020-08-16,,10,98800,101,3–5 years,40–49
202401463,1463,2024,Non-manager,Germany,Customer Experience & Design,,,8,59700,147,Not available,30–39
202401464,1464,2024,Non-manager,Sweden,Human Resources,2024-08-07,2022-04-03,4,49700,131,Less than 1 year,Under 30
202401465,1465,2024,Manager,Sweden,Human Resources,,2022-11-04,3,98100,107,Not available,30–39
202401466,1466,2024,Non-manager,Sweden,Data & Analytics Consulting,2021-03-24,2022-03-10,7,55900,98,3–5 years,Under 30
202401467,1467,2024,Manager,Sweden,Data & Analytics Consulting,2022-02-06,2022-02-18,9,98200,87,1–2 years,40–49
202401468,1468,2024,Non-manager,Sweden,Transformation & Change Management,2019-12-29,,5,70000,90,3–5 years,30–39
202401469,1469,2024,Manager,Sweden,Sales & Business Development,2021-05-11,,7,100700,95,3–5 years,Under 30
202401470,1470,2024,Non-manager,Germany,Data & Analytics Consulting,2023-02-20,2023-01-24,4,41900,82,1–2 years,Under 30
202401471,1471,2024,Manager,France,Digital Strategy Consulting,2020-12-28,2023-01-21,4,100900,114,3–5 years,30–39
202401472,1472,2024,Non-manager,Germany,Sales & Business Development,2021-04-26,2023-06-11,3,47700,101,3–5 years,30–39
202401473,1473,2024,Manager,Germany,Customer Experience & Design,2021-07-14,2024-09-02,3,84500,87,3–5 years,30–39
202401474,1474,2024,Manager,Spain,Transformation & Change Management,2018-12-09,2023-08-08,5,98700,127,6–10 years,40–49
202401475,1475,2024,Manager,Sweden,Customer Experience & Design,,,7,136100,113,Not available,40–49
202401476,1476,2024,Non-manager,France,Digital Strategy Consulting,,2023-05-09,2,39200,126,Not available,Under 30
202401477,1477,2024,Non-manager,France,Digital Strategy Consulting,2019-03-27,2022-04-27,5,64200,128,3–5 years,30–39
202401478,1478,2024,Manager,Sweden,Customer Experience & Design,,2023-01-14,4,144800,102,Not available,40–49
202401479,1479,2024,Manager,France,Digital Marketing & Growth,2020-09-14,2024-05-12,2,112600,130,3–5 years,40–49
202401480,1480,2024,Manager,Denmark,Technology & IT Strategy,2024-02-02,2024-02-10,1,82400,102,Less than 1 year,Under 30
202401481,1481,2024,Non-manager,France,Digital Strategy Consulting,2024-04-11,2024-05-17,4,47500,109,Less than 1 year,Under 30
202401482,1482,2024,Manager,Germany,Digital Strategy Consulting,2024-01-28,,4,79600,81,Less than 1 year,Under 30
202401483,1483,2024,Manager,Germany,Sales & Business Development,,,4,122200,86,Not available,40–49
202401484,1484,2024,Manager,Spain,Technology & IT Strategy,2022-09-07,2022-10-12,4,70000,106,1–2 years,30–39
202401485,1485,2024,Non-manager,Germany,Data & Analytics Consulting,,2022-04-17,6,55700,107,Not available,Under 30
202401486,1486,2024,Manager,Germany,Digital Marketing & Growth,,2024-10-26,7,71800,138,Not available,30–39
202401487,1487,2024,Manager,Sweden,Human Resources,2024-10-24,2024-10-01,3,68800,110,Less than 1 year,Under 30
202401488,1488,2024,Non-manager,Germany,Digital Strategy Consulting,2021-08-08,,7,88300,112,3–5 years,40–49
202401489,1489,2024,Manager,Sweden,Finance & Operations,2022-10-07,2024-06-10,7,99800,104,1–2 years,30–39
202401490,1490,2024,Manager,Sweden,Finance & Operations,2023-03-02,2024-06-20,2,68400,119,1–2 years,Under 30
202401491,1491,2024,Non-manager,Spain,Transformation & Change Management,,2022-06-14,1,47800,128,Not available,40–49
202401492,1492,2024,Non-manager,Sweden,Data & Analytics Consulting,,2024-10-24,5,59300,152,Not available,30–39
202401493,1493,2024,Manager,Denmark,Finance & Operations,2023-04-26,2024-07-29,4,93700,86,1–2 years,40–49
202401494,1494,2024,Non-manager,Sweden,Cybersecurity & Digital Risk,,2023-07-22,5,63800,130,Not available,30–39
202401495,1495,2024,Non-manager,France,Transformation & Change Management,2021-11-12,2023-03-22,4,55800,133,3–5 years,30–39
202401496,1496,2024,Manager,Germany,Transformation & Change Management,,2023-04-22,3,103800,114,Not available,30–39
202401497,1497,2024,Manager,Sweden,Data & Analytics Consulting,2021-09-21,2023-06-09,6,94500,103,3–5 years,Under 30
202401498,1498,2024,Non-manager,Denmark,Customer Experience & Design,2023-02-12,2024-12-24,6,55400,121,1–2 years,40–49
202401499,1499,2024,Non-manager,France,Customer Experience & Design,2023-09-09,,9,58300,104,1–2 years,40–49
202401500,1500,2024,Non-manager,Sweden,Finance & Operations,2024-10-10,2024-04-23,6,53500,98,Less than 1 year,40–49
202401502,1502,2024,Manager,Sweden,Technology & IT Strategy,2020-07-06,2022-03-21,5,108800,79,3–5 years,40–49
202401503,1503,2024,Manager,Sweden,Digital Strategy Consulting,2024-11-30,2024-09-17,3,72700,106,Less than 1 year,Under 30
202401504,1504,2024,Manager,Spain,Digital Marketing & Growth,2022-10-14,2022-03-08,4,67800,92,1–2 years,30–39
202401505,1505,2024,Non-manager,Sweden,Digital Strategy Consulting,2020-11-29,,5,65500,110,3–5 years,30–39
202401506,1506,2024,Non-manager,Spain,Digital Marketing & Growth,2023-06-07,2022-11-06,8,34800,143,1–2 years,30–39
202401507,1507,2024,Non-manager,Germany,Customer Experience & Design,,,4,85300,131,Not available,60 and above
202401508,1508,2024,Non-manager,Germany,Transformation & Change Management,2023-07-18,,2,47100,113,1–2 years,Under 30
202401509,1509,2024,Non-manager,Sweden,Customer Experience & Design,,2023-10-20,4,91500,128,Not available,40–49
202401510,1510,2024,Manager,Denmark,Digital Strategy Consulting,,,3,186900,100,Not available,40–49
202401511,1511,2024,Non-manager,Sweden,Technology & IT Strategy,2015-05-17,,12,88200,93,6–10 years,40–49
202401512,1512,2024,Non-manager,Denmark,Transformation & Change Management,2024-07-19,2023-01-13,6,51300,124,Less than 1 year,30–39
202401513,1513,2024,Non-manager,Sweden,Cybersecurity & Digital Risk,2024-05-28,2024-03-22,5,51500,97,Less than 1 year,30–39
202401514,1514,2024,Manager,Sweden,Digital Strategy Consulting,,2022-07-03,5,89300,110,Not available,Under 30
202401515,1515,2024,Manager,Spain,Digital Marketing & Growth,2022-02-06,2022-02-13,7,54500,130,1–2 years,30–39
202401516,1516,2024,Manager,Spain,Digital Strategy Consulting,2017-03-21,2024-04-02,4,90900,118,6–10 years,40–49
202401517,1517,2024,Non-manager,Sweden,Transformation & Change Management,2024-02-19,2023-11-27,5,60200,128,Less than 1 year,30–39
202401518,1518,2024,Manager,Germany,Digital Strategy Consulting,2022-02-12,2022-12-16,8,84400,124,1–2 years,Under 30
202401519,1519,2024,Non-manager,Denmark,Customer Experience & Design,,2023-11-06,1,57000,117,Not available,30–39
202401520,1520,2024,Non-manager,Sweden,Digital Strategy Consulting,,2024-06-02,2,89400,126,Not available,40–49
202401521,1521,2024,Non-manager,Germany,Transformation & Change Management,2022-08-15,2024-04-01,3,45800,123,1–2 years,30–39
202401522,1522,2024,Manager,Germany,Customer Experience & Design,,2023-11-14,4,82600,119,Not available,30–39
202401523,1523,2024,Manager,Sweden,Customer Experience & Design,,2024-04-26,5,135500,126,Not available,30–39
202401524,1524,2024,Manager,Sweden,Technology & IT Strategy,2024-01-03,2024-03-03,4,73600,130,Less than 1 year,Under 30
202401525,1525,2024,Manager,Sweden,Customer Experience & Design,,2022-11-19,5,96000,104,Not available,30–39
202401526,1526,2024,Non-manager,Sweden,Digital Strategy Consulting,2020-08-16,2023-10-04,3,59200,117,3–5 years,30–39
202401527,1527,2024,Manager,Spain,Digital Strategy Consulting,,,11,80200,128,Not available,Under 30
202401529,1529,2024,Non-manager,Sweden,Sales & Business Development,2023-08-23,2022-09-05,4,57800,89,1–2 years,30–39
202401530,1530,2024,Non-manager,Germany,Customer Experience & Design,2024-01-19,2024-09-08,8,38200,101,Less than 1 year,Under 30
202401531,1531,2024,Manager,Germany,Sales & Business Development,,,6,135300,101,Not available,30–39
202401532,1532,2024,Manager,Spain,Customer Experience & Design,2023-12-20,2022-04-22,2,102800,148,1–2 years,50–59
202401533,1533,2024,Non-manager,Sweden,Digital Strategy Consulting,,2024-05-30,6,49200,130,Not available,30–39
202401534,1534,2024,Manager,Germany,Transformation & Change Management,,2023-06-06,4,82900,117,Not available,Under 30
202401535,1535,2024,Non-manager,Denmark,Data & Analytics Consulting,,2024-12-02,9,66600,128,Not available,30–39
202401536,1536,2024,Non-manager,Sweden,Transformation & Change Management,,2023-10-27,12,47900,141,Not available,30–39
202401537,1537,2024,Non-manager,Denmark,Transformation & Change Management,,2023-08-24,2,59900,113,Not available,30–39
202401538,1538,2024,Non-manager,Sweden,Technology & IT Strategy,2019-10-23,2023-04-03,5,101400,73,3–5 years,50–59
202401539,1539,2024,Non-manager,Spain,Sales & Business Development,2022-11-12,2024-06-18,6,40100,126,1–2 years,30–39
202401540,1540,2024,Manager,Sweden,Cybersecurity & Digital Risk,2023-11-19,2024-05-20,4,92100,152,1–2 years,Under 30
202401541,1541,2024,Non-manager,France,Customer Experience & Design,,2022-07-20,3,47100,123,Not available,40–49
202401542,1542,2024,Non-manager,Denmark,Sales & Business Development,2023-01-18,2022-12-15,6,73100,126,1–2 years,40–49
202401543,1543,2024,Non-manager,Germany,Cybersecurity & Digital Risk,2023-10-17,2022-05-01,3,57700,93,1–2 years,Under 30
202401544,1544,2024,Non-manager,Sweden,Human Resources,2019-11-21,2023-05-04,3,99100,110,3–5 years,50–59
202401545,1545,2024,Manager,Germany,Data & Analytics Consulting,,2024-03-09,6,139400,102,Not available,40–49
202401546,1546,2024,Manager,Germany,Technology & IT Strategy,2021-06-21,2022-10-20,3,102100,101,3–5 years,Under 30
202401547,1547,2024,Manager,Sweden,Transformation & Change Management,,2022-04-24,11,135900,108,Not available,40–49
202401548,1548,2024,Non-manager,Germany,Data & Analytics Consulting,,2024-09-16,7,64300,153,Not available,40–49
202401549,1549,2024,Non-manager,Spain,Digital Strategy Consulting,2024-06-18,,5,48100,124,Less than 1 year,Under 30
202401550,1550,2024,Non-manager,France,Data & Analytics Consulting,,2024-08-11,3,44000,106,Not available,Under 30
202401551,1551,2024,Manager,Spain,Transformation & Change Management,2024-07-29,2023-02-25,5,66500,120,Less than 1 year,30–39
202401552,1552,2024,Manager,Denmark,Sales & Business Development,2024-09-19,2022-08-12,2,116000,143,Less than 1 year,30–39
202401553,1553,2024,Manager,Sweden,Finance & Operations,2022-11-19,2024-05-23,6,170600,85,1–2 years,50–59
202401554,1554,2024,Non-manager,Sweden,Transformation & Change Management,,2023-12-02,4,36100,120,Not available,30–39
202401555,1555,2024,Non-manager,France,Technology & IT Strategy,,2022-10-02,10,49100,119,Not available,Under 30
202401556,1556,2024,Manager,Denmark,Sales & Business Development,,2023-11-24,6,148300,129,Not available,30–39
202401557,1557,2024,Non-manager,Spain,Technology & IT Strategy,,2024-04-01,7,60600,105,Not available,50–59
202401558,1558,2024,Manager,Sweden,Transformation & Change Management,,2023-08-17,6,88200,99,Not available,Under 30
202401559,1559,2024,Manager,Germany,Transformation & Change Management,2022-01-16,2024-01-08,3,90600,96,1–2 years,30–39
202401560,1560,2024,Non-manager,Sweden,Sales & Business Development,2023-04-23,2024-01-04,3,39800,111,1–2 years,Under 30
202401561,1561,2024,Manager,Spain,Finance & Operations,,2022-01-24,6,93000,123,Not available,40–49
202401562,1562,2024,Non-manager,Sweden,Digital Strategy Consulting,,2023-11-26,4,47500,132,Not available,30–39
202401563,1563,2024,Non-manager,Sweden,Customer Experience & Design,,2024-10-03,8,58200,117,Not available,30–39
202401564,1564,2024,Non-manager,Germany,Digital Marketing & Growth,,2023-06-14,4,72300,122,Not available,40–49
202401565,1565,2024,Non-manager,Sweden,Digital Strategy Consulting,,2024-12-21,5,60700,131,Not available,30–39
202401566,1566,2024,Manager,Sweden,Digital Strategy Consulting,2023-11-13,2022-02-13,5,85000,87,1–2 years,30–39
202401567,1567,2024,Manager,Sweden,Customer Experience & Design,2024-08-26,2022-03-28,4,87700,79,Less than 1 year,30–39
202401568,1568,2024,Manager,Sweden,Technology & IT Strategy,2024-03-23,2024-02-19,9,88100,92,Less than 1 year,30–39
202401569,1569,2024,Manager,France,Digital Strategy Consulting,2019-02-18,2023-06-30,6,88400,115,3–5 years,40–49
202401570,1570,2024,Non-manager,France,Transformation & Change Management,2024-04-17,2024-12-21,2,39600,94,Less than 1 year,Under 30
202401571,1571,2024,Non-manager,Spain,Technology & IT Strategy,2024-04-04,2022-06-06,6,52100,103,Less than 1 year,40–49
202401572,1572,2024,Non-manager,Germany,Sales & Business Development,2024-10-08,2022-03-28,1,60000,130,Less than 1 year,30–39
202401573,1573,2024,Manager,Sweden,Transformation & Change Management,,2022-01-12,5,118800,109,Not available,30–39
202401574,1574,2024,Manager,Sweden,Finance & Operations,2022-12-04,,4,89500,152,1–2 years,30–39
202401575,1575,2024,Non-manager,Sweden,Digital Strategy Consulting,2023-08-16,2023-07-06,5,48300,109,1–2 years,30–39
202401576,1576,2024,Non-manager,Sweden,Technology & IT Strategy,2022-11-14,2022-04-16,7,53700,98,1–2 years,Under 30
202401577,1577,2024,Non-manager,Sweden,Finance & Operations,2021-04-06,2023-06-27,8,54200,119,3–5 years,30–39
202401578,1578,2024,Manager,Spain,Sales & Business Development,2022-08-01,2024-11-23,3,75800,108,1–2 years,30–39
202401579,1579,2024,Non-manager,Sweden,Transformation & Change Management,2023-06-30,2023-10-04,10,41500,129,1–2 years,Under 30
202401580,1580,2024,Manager,Germany,Transformation & Change Management,,,6,141400,95,Not available,30–39
202401581,1581,2024,Manager,France,Digital Strategy Consulting,2023-12-31,2023-07-07,2,63000,112,1–2 years,30–39
202401582,1582,2024,Non-manager,Sweden,Data & Analytics Consulting,,2024-01-07,9,47400,148,Not available,Under 30
202401583,1583,2024,Manager,Sweden,Sales & Business Development,2024-07-06,,2,100200,113,Less than 1 year,30–39
202401584,1584,2024,Non-manager,Germany,Technology & IT Strategy,,,4,42900,127,Not available,30–39
202401585,1585,2024,Manager,Sweden,Digital Strategy Consulting,2016-08-03,,5,130000,103,6–10 years,40–49
202401586,1586,2024,Manager,Sweden,Digital Strategy Consulting,2024-06-04,2024-07-04,7,75100,119,Less than 1 year,Under 30
202401587,1587,2024,Non-manager,Sweden,Digital Marketing & Growth,2024-12-29,2023-05-05,5,45400,94,Less than 1 year,30–39
202401588,1588,2024,Non-manager,Sweden,Digital Marketing & Growth,,,7,57500,125,Not available,40–49
202401589,1589,2024,Non-manager,France,Cybersecurity & Digital Risk,2024-03-27,2023-05-14,9,53600,118,Less than 1 year,30–39
202401590,1590,2024,Manager,Sweden,Digital Strategy Consulting,2018-06-11,2024-09-27,4,103800,70,6–10 years,40–49
202401591,1591,2024,Non-manager,Sweden,Finance & Operations,,,4,71800,139,Not available,30–39
202401592,1592,2024,Manager,France,Technology & IT Strategy,,,1,129000,127,Not available,50–59
202401593,1593,2024,Manager,France,Technology & IT Strategy,,2022-09-01,7,125600,103,Not available,30–39
202401594,1594,2024,Non-manager,France,Technology & IT Strategy,2024-04-05,2024-11-12,4,61300,114,Less than 1 year,Under 30
202401595,1595,2024,Manager,Spain,Data & Analytics Consulting,2024-11-21,2022-12-08,3,74600,119,Less than 1 year,40–49
202401596,1596,2024,Manager,Sweden,Technology & IT Strategy,2023-01-15,2022-02-25,9,88400,110,1–2 years,30–39
202401597,1597,2024,Non-manager,Germany,Cybersecurity & Digital Risk,2024-08-11,2024-02-20,1,58900,113,Less than 1 year,30–39
202401598,1598,2024,Manager,Spain,Finance & Operations,2023-09-15,2023-07-11,4,81400,133,1–2 years,40–49
202401599,1599,2024,Non-manager,Sweden,Digital Strategy Consulting,2024-04-11,2023-06-15,5,62500,129,Less than 1 year,Under 30
202401600,1600,2024,Manager,France,Transformation & Change Management,2021-03-14,2022-08-11,3,117400,118,3–5 years,40–49
202401601,1601,2024,Non-manager,Sweden,Technology & IT Strategy,2024-12-27,2022-02-23,2,53600,101,Less than 1 year,Under 30
202401602,1602,2024,Non-manager,France,Sales & Business Development,,,4,96400,124,Not available,40–49
202401603,1603,2024,Non-manager,Sweden,Transformation & Change Management,2024-08-27,2023-06-28,7,47800,126,Less than 1 year,Under 30
202401605,1605,2024,Non-manager,Sweden,Customer Experience & Design,2022-07-15,,8,48000,90,1–2 years,30–39
202401606,1606,2024,Manager,France,Customer Experience & Design,2023-07-06,,6,78800,108,1–2 years,Under 30
202401607,1607,2024,Non-manager,Germany,Sales & Business Development,,,4,92100,128,Not available,30–39
202401608,1608,2024,Non-manager,Spain,Digital Strategy Consulting,,2023-12-27,6,50300,95,Not available,30–39
202401609,1609,2024,Non-manager,Sweden,Human Resources,,2023-07-16,2,65200,103,Not available,40–49
202401610,1610,2024,Non-manager,Sweden,Transformation & Change Management,,2022-01-08,7,100500,112,Not available,50–59
202401611,1611,2024,Non-manager,Denmark,Technology & IT Strategy,2016-06-10,,3,105800,115,6–10 years,40–49
202401612,1612,2024,Non-manager,Sweden,Cybersecurity & Digital Risk,,2024-01-04,6,46000,129,Not available,30–39
202401613,1613,2024,Non-manager,Germany,Data & Analytics Consulting,,2023-11-20,5,48600,108,Not available,40–49
202401615,1615,2024,Non-manager,Sweden,Customer Experience & Design,,,4,81900,121,Not available,30–39
202401616,1616,2024,Non-manager,Spain,Sales & Business Development,2024-10-23,2024-11-21,4,33300,144,Less than 1 year,Under 30
202401617,1617,2024,Non-manager,Sweden,Data & Analytics Consulting,2022-03-11,2022-04-07,4,51200,101,1–2 years,30–39
202401618,1618,2024,Non-manager,Denmark,Digital Strategy Consulting,2023-02-15,2023-09-26,8,87100,112,1–2 years,30–39
202401619,1619,2024,Manager,Sweden,Digital Strategy Consulting,2022-07-29,2022-04-07,2,94600,111,1–2 years,Under 30
202401620,1620,2024,Manager,France,Transformation & Change Management,2017-02-16,2022-11-18,2,121700,111,6–10 years,40–49
202401621,1621,2024,Non-manager,Spain,Digital Strategy Consulting,2024-03-22,,7,33600,93,Less than 1 year,Under 30
202401622,1622,2024,Manager,Denmark,Digital Marketing & Growth,2018-03-17,2024-04-21,5,175200,89,6–10 years,50–59
202401623,1623,2024,Manager,Denmark,Cybersecurity & Digital Risk,,2023-10-30,4,122100,129,Not available,40–49
202401624,1624,2024,Non-manager,France,Digital Strategy Consulting,,2022-06-04,4,63900,132,Not available,30–39
202401625,1625,2024,Manager,Denmark,Digital Strategy Consulting,,2024-06-17,6,159600,129,Not available,50–59
202401626,1626,2024,Non-manager,Denmark,Finance & Operations,,2022-03-15,2,49500,127,Not available,Under 30
202401627,1627,2024,Non-manager,Denmark,Digital Marketing & Growth,2020-01-30,,7,65600,124,3–5 years,40–49
202401628,1628,2024,Manager,Sweden,Transformation & Change Management,,2024-11-27,5,81700,89,Not available,Under 30
202401630,1630,2024,Non-manager,Spain,Digital Marketing & Growth,2015-07-03,2024-05-20,1,54600,175,6–10 years,30–39
202401631,1631,2024,Manager,Sweden,Digital Strategy Consulting,,2022-04-07,5,134200,116,Not available,40–49
202401632,1632,2024,Manager,France,Data & Analytics Consulting,,,3,103200,110,Not available,40–49
202401633,1633,2024,Non-manager,Sweden,Digital Strategy Consulting,2024-02-23,,2,43800,61,Less than 1 year,Under 30
202401634,1634,2024,Manager,Sweden,Transformation & Change Management,,2022-07-25,8,139500,98,Not available,40–49
202401635,1635,2024,Manager,Sweden,Transformation & Change Management,2023-06-05,2022-09-15,6,98000,92,1–2 years,40–49
202401636,1636,2024,Manager,France,Digital Strategy Consulting,2020-08-09,2022-06-19,4,91300,135,3–5 years,30–39
202401637,1637,2024,Non-manager,France,Technology & IT Strategy,,,3,76800,88,Not available,40–49
202401638,1638,2024,Non-manager,Spain,Customer Experience & Design,,2022-03-14,6,39100,136,Not available,30–39
202401639,1639,2024,Manager,Sweden,Technology & IT Strategy,2022-08-20,2024-08-30,5,88100,85,1–2 years,30–39
202401640,1640,2024,Non-manager,Sweden,Data & Analytics Consulting,2024-08-23,2024-12-26,6,55400,94,Less than 1 year,30–39
202401641,1641,2024,Non-manager,Sweden,Finance & Operations,,2024-09-05,8,51100,113,Not available,Under 30
202401642,1642,2024,Manager,Spain,Cybersecurity & Digital Risk,2020-12-08,2024-01-06,2,73000,97,3–5 years,30–39
202401643,1643,2024,Manager,Sweden,Finance & Operations,2024-06-15,,6,179700,90,Less than 1 year,40–49
202401644,1644,2024,Manager,Germany,Data & Analytics Consulting,,2024-02-28,0,100700,130,Not available,30–39
202401645,1645,2024,Non-manager,Sweden,Cybersecurity & Digital Risk,,2022-02-26,2,81300,116,Not available,50–59
202401646,1646,2024,Manager,Spain,Transformation & Change Management,2017-10-13,,1,80800,129,6–10 years,30–39
202401647,1647,2024,Non-manager,Sweden,Cybersecurity & Digital Risk,2023-12-04,2023-08-18,4,73200,91,1–2 years,40–49
202401648,1648,2024,Non-manager,Spain,Finance & Operations,2022-06-16,,7,40400,145,1–2 years,30–39
202401649,1649,2024,Manager,Germany,Sales & Business Development,,2023-04-29,2,156400,118,Not available,50–59
202401650,1650,2024,Non-manager,Sweden,Human Resources,2022-12-14,2022-07-28,4,42500,119,1–2 years,Under 30
202401651,1651,2024,Non-manager,Germany,Transformation & Change Management,2022-09-06,2022-05-18,4,41200,78,1–2 years,30–39
202401652,1652,2024,Non-manager,Sweden,Technology & IT Strategy,2024-09-09,,3,59500,113,Less than 1 year,30–39
202401654,1654,2024,Non-manager,France,Customer Experience & Design,2021-06-08,2023-10-27,7,62800,146,3–5 years,40–49
202401655,1655,2024,Manager,France,Finance & Operations,2024-12-05,,6,59900,96,Less than 1 year,30–39
202401656,1656,2024,Manager,Sweden,Transformation & Change Management,2024-06-18,2023-08-26,4,74700,150,Less than 1 year,Under 30
202401657,1657,2024,Manager,France,Customer Experience & Design,,2024-10-05,6,86900,129,Not available,40–49
202401658,1658,2024,Non-manager,Spain,Technology & IT Strategy,,2024-08-05,3,48300,127,Not available,30–39
202401659,1659,2024,Non-manager,Sweden,Cybersecurity & Digital Risk,2023-01-19,2022-02-23,3,60200,135,1–2 years,30–39
202401660,1660,2024,Non-manager,France,Digital Strategy Consulting,2024-02-26,,3,46500,135,Less than 1 year,30–39
202401661,1661,2024,Non-manager,Sweden,Digital Strategy Consulting,,2022-11-27,5,63400,121,Not available,30–39
202401662,1662,2024,Manager,Spain,Sales & Business Development,,2022-01-13,4,106800,88,Not available,30–39
202401663,1663,2024,Manager,Sweden,Customer Experience & Design,,2024-03-19,4,76300,132,Not available,Under 30
202401664,1664,2024,Non-manager,Denmark,Sales & Business Development,2024-09-02,2023-12-15,7,63500,99,Less than 1 year,Under 30
202401665,1665,2024,Non-manager,Sweden,Digital Strategy Consulting,,2024-04-05,4,90900,96,Not available,40–49
202401666,1666,2024,Manager,Spain,Technology & IT Strategy,,2024-07-23,6,85600,141,Not available,30–39
202401667,1667,2024,Manager,Sweden,Sales & Business Development,2024-11-18,2024-06-23,3,74800,130,Less than 1 year,Under 30
202401668,1668,2024,Manager,Sweden,Digital Strategy Consulting,,2023-06-28,6,170900,94,Not available,60 and above
202401669,1669,2024,Manager,Sweden,Finance & Operations,2022-05-18,2024-07-30,5,122200,100,1–2 years,40–49
202401670,1670,2024,Non-manager,Sweden,Finance & Operations,2022-05-06,,8,72100,118,1–2 years,30–39
202401672,1672,2024,Non-manager,Sweden,Digital Strategy Consulting,2024-06-01,2024-05-28,4,64200,125,Less than 1 year,40–49
202401673,1673,2024,Non-manager,Sweden,Transformation & Change Management,,2024-09-16,2,64900,120,Not available,30–39
202401674,1674,2024,Manager,Spain,Data & Analytics Consulting,2024-06-24,2023-09-22,5,52400,97,Less than 1 year,30–39
202401675,1675,2024,Manager,Spain,Finance & Operations,2020-06-24,,4,74000,126,3–5 years,30–39
202401676,1676,2024,Non-manager,Sweden,Data & Analytics Consulting,,,5,57200,101,Not available,Under 30
202401677,1677,2024,Manager,Denmark,Digital Strategy Consulting,2022-03-20,,3,141700,121,1–2 years,40–49
202401678,1678,2024,Manager,Sweden,Digital Strategy Consulting,2023-12-06,2023-08-15,2,78200,104,1–2 years,Under 30
202401679,1679,2024,Manager,Sweden,Technology & IT Strategy,,2024-05-10,11,115600,142,Not available,30–39
202401680,1680,2024,Non-manager,Sweden,Data & Analytics Consulting,,2022-09-13,8,96800,110,Not available,50–59
202401681,1681,2024,Manager,France,Digital Marketing & Growth,,,4,96900,143,Not available,30–39
202401682,1682,2024,Non-manager,Germany,Digital Strategy Consulting,,,4,64000,123,Not available,30–39
202401683,1683,2024,Non-manager,Denmark,Customer Experience & Design,2024-03-31,2023-07-22,5,71800,109,Less than 1 year,30–39
202401684,1684,2024,Non-manager,Spain,Sales & Business Development,,2024-05-10,2,43900,124,Not available,Under 30
202401685,1685,2024,Non-manager,Sweden,Customer Experience & Design,,2023-06-10,9,48200,88,Not available,30–39
202401686,1686,2024,Non-manager,Germany,Transformation & Change Management,2023-05-27,2024-11-14,4,64500,90,1–2 years,30–39
202401687,1687,2024,Manager,Sweden,Sales & Business Development,2023-07-18,2024-04-12,5,79500,108,1–2 years,Under 30
202401688,1688,2024,Manager,France,Data & Analytics Consulting,,,6,96600,131,Not available,30–39
202401689,1689,2024,Manager,Sweden,Finance & Operations,2023-12-07,2024-06-04,9,86300,120,1–2 years,40–49
202401690,1690,2024,Non-manager,Denmark,Finance & Operations,,,4,64400,161,Not available,30–39
202401691,1691,2024,Non-manager,Spain,Finance & Operations,2024-08-17,2024-08-05,4,38500,132,Less than 1 year,30–39
202401692,1692,2024,Non-manager,Spain,Human Resources,,,6,38300,114,Not available,Under 30
202401693,1693,2024,Non-manager,Sweden,Digital Marketing & Growth,,2023-07-27,5,63500,127,Not available,Under 30
202401694,1694,2024,Manager,France,Data & Analytics Consulting,2024-10-13,2024-02-23,7,69100,81,Less than 1 year,Under 30
202401695,1695,2024,Manager,Sweden,Digital Marketing & Growth,2024-04-09,,5,166500,111,Less than 1 year,50–59
202401696,1696,2024,Manager,Germany,Digital Strategy Consulting,2018-01-22,2022-12-15,4,108000,110,6–10 years,30–39
202401697,1697,2024,Manager,Sweden,Customer Experience & Design,,,5,70600,98,Not available,Under 30
202401698,1698,2024,Manager,France,Transformation & Change Management,,2022-06-04,4,122600,138,Not available,30–39
202401699,1699,2024,Manager,Sweden,Sales & Business Development,,2024-04-24,5,86500,107,Not available,30–39
202401700,1700,2024,Manager,Spain,Technology & IT Strategy,2020-07-28,2024-04-04,6,83400,117,3–5 years,30–39
202401701,1701,2024,Manager,France,Transformation & Change Management,2024-11-19,2024-08-31,6,70400,101,Less than 1 year,Under 30
202401702,1702,2024,Manager,Spain,Sales & Business Development,,,6,63200,123,Not available,Under 30
202401703,1703,2024,Manager,France,Sales & Business Development,2024-11-09,2024-04-20,7,74200,133,Less than 1 year,Under 30
202401704,1704,2024,Non-manager,Sweden,Digital Strategy Consulting,,2023-01-24,6,76500,121,Not available,50–59
202401705,1705,2024,Non-manager,Sweden,Technology & IT Strategy,2024-09-21,2022-12-17,4,50100,114,Less than 1 year,30–39
202401706,1706,2024,Manager,Sweden,Transformation & Change Management,2024-02-27,,6,61000,135,Less than 1 year,Under 30
202401707,1707,2024,Non-manager,Sweden,Technology & IT Strategy,2024-11-22,,8,54600,106,Less than 1 year,30–39
202401708,1708,2024,Manager,Sweden,Data & Analytics Consulting,,2023-06-11,4,108800,82,Not available,30–39
202401709,1709,2024,Manager,Sweden,Finance & Operations,,2023-11-09,8,105900,150,Not available,40–49
202401710,1710,2024,Manager,Sweden,Finance & Operations,2022-01-01,2023-10-18,5,93900,109,1–2 years,30–39
202401711,1711,2024,Non-manager,Sweden,Digital Marketing & Growth,,2022-07-30,12,79000,106,Not available,40–49
202401712,1712,2024,Manager,Germany,Sales & Business Development,2023-03-05,2024-10-07,5,84600,103,1–2 years,Under 30
202401713,1713,2024,Non-manager,Sweden,Finance & Operations,2015-09-19,2022-03-12,10,101600,93,6–10 years,50–59
202401714,1714,2024,Non-manager,France,Sales & Business Development,2022-09-12,2024-08-15,10,53200,116,1–2 years,Under 30
202401716,1716,2024,Manager,Sweden,Cybersecurity & Digital Risk,2024-07-30,2024-11-02,5,74300,117,Less than 1 year,Under 30
202401717,1717,2024,Manager,Germany,Digital Strategy Consulting,,,4,102900,121,Not available,40–49
202401718,1718,2024,Manager,Sweden,Sales & Business Development,2015-07-04,,3,167100,118,6–10 years,40–49
202401719,1719,2024,Non-manager,Germany,Finance & Operations,,2022-06-22,3,58900,98,Not available,30–39
202401720,1720,2024,Manager,Germany,Digital Strategy Consulting,2020-08-31,2022-09-27,3,94400,113,3–5 years,40–49
202401721,1721,2024,Non-manager,Sweden,Customer Experience & Design,,2023-12-01,3,50700,103,Not available,30–39
202401722,1722,2024,Non-manager,Sweden,Transformation & Change Management,2015-05-17,2024-10-20,4,104200,114,6–10 years,50–59
202401723,1723,2024,Manager,Denmark,Customer Experience & Design,,,8,92900,121,Not available,Under 30
202401724,1724,2024,Manager,Spain,Technology & IT Strategy,2019-07-03,2024-05-31,8,83600,129,3–5 years,Under 30
202401725,1725,2024,Manager,Sweden,Digital Marketing & Growth,2021-10-03,2023-08-02,7,105900,104,3–5 years,30–39
202401726,1726,2024,Manager,Denmark,Data & Analytics Consulting,,2024-08-02,8,174000,92,Not available,50–59
202401727,1727,2024,Manager,Spain,Data & Analytics Consulting,2024-02-26,,2,83700,78,Less than 1 year,30–39
202401728,1728,2024,Manager,Denmark,Digital Strategy Consulting,2023-08-06,,4,99800,105,1–2 years,30–39
202401729,1729,2024,Manager,France,Digital Marketing & Growth,2022-08-28,2023-01-17,3,82800,116,1–2 years,30–39
202401730,1730,2024,Manager,Sweden,Finance & Operations,2024-03-13,2024-02-05,1,82200,114,Less than 1 year,30–39
202401731,1731,2024,Non-manager,France,Cybersecurity & Digital Risk,,2024-11-25,5,65200,98,Not available,40–49
202401732,1732,2024,Non-manager,Germany,Sales & Business Development,,2022-02-20,5,59500,100,Not available,30–39
202401733,1733,2024,Manager,Sweden,Transformation & Change Management,2023-10-12,2024-02-18,7,107300,101,1–2 years,30–39
202401734,1734,2024,Manager,France,Digital Marketing & Growth,,2024-08-11,8,126700,114,Not available,40–49
202401735,1735,2024,Manager,Denmark,Transformation & Change Management,2022-09-02,2023-12-05,6,118600,146,1–2 years,30–39
202401736,1736,2024,Manager,Germany,Digital Strategy Consulting,2023-12-14,2024-04-15,6,81200,116,1–2 years,30–39
202401738,1738,2024,Manager,Sweden,Sales & Business Development,,2024-11-20,4,71100,108,Not available,Under 30
202401739,1739,2024,Manager,Sweden,Digital Strategy Consulting,2022-05-31,2023-11-22,4,84600,116,1–2 years,Under 30
202401740,1740,2024,Manager,France,Technology & IT Strategy,2021-02-28,,3,106200,131,3–5 years,40–49
202401741,1741,2024,Non-manager,Germany,Customer Experience & Design,2022-07-31,2022-05-13,5,50500,87,1–2 years,Under 30
202401742,1742,2024,Non-manager,Spain,Digital Strategy Consulting,2024-12-18,,3,38200,130,Less than 1 year,Under 30
202401743,1743,2024,Manager,Germany,Finance & Operations,2022-01-19,2022-08-08,3,93700,92,1–2 years,30–39
202401744,1744,2024,Manager,Sweden,Data & Analytics Consulting,2018-07-25,2022-10-12,5,130500,108,6–10 years,40–49
202401745,1745,2024,Manager,Germany,Technology & IT Strategy,2021-12-15,2024-03-30,7,88800,103,3–5 years,30–39
202401746,1746,2024,Non-manager,Germany,Customer Experience & Design,2024-08-01,2024-01-20,4,42100,94,Less than 1 year,Under 30
202401747,1747,2024,Non-manager,Denmark,Technology & IT Strategy,2022-08-16,,6,69800,137,1–2 years,Under 30
202401748,1748,2024,Non-manager,Sweden,Digital Marketing & Growth,,,3,69200,84,Not available,30–39
202401749,1749,2024,Non-manager,Sweden,Sales & Business Development,2021-12-30,2023-02-24,8,67900,123,3–5 years,30–39
202401750,1750,2024,Non-manager,Denmark,Transformation & Change Management,,,2,55500,125,Not available,30–39
202401751,1751,2024,Non-manager,Sweden,Customer Experience & Design,,2024-02-05,8,59400,93,Not available,30–39
202401752,1752,2024,Manager,Denmark,Finance & Operations,,,1,156600,82,Not available,50–59
202401753,1753,2024,Manager,Denmark,Sales & Business Development,2020-04-03,2023-12-10,4,102400,115,3–5 years,40–49
202401754,1754,2024,Non-manager,Sweden,Transformation & Change Management,2024-11-30,2023-01-18,6,42900,98,Less than 1 year,30–39
202401755,1755,2024,Non-manager,Germany,Finance & Operations,2022-01-20,,4,52900,126,1–2 years,40–49
202401756,1756,2024,Manager,Sweden,Transformation & Change Management,,,8,133300,117,Not available,30–39
202401757,1757,2024,Non-manager,Germany,Digital Strategy Consulting,2023-10-28,2024-03-22,6,55700,115,1–2 years,30–39
202401758,1758,2024,Non-manager,France,Technology & IT Strategy,2023-06-08,2022-02-22,4,65800,123,1–2 years,30–39
202401759,1759,2024,Manager,Spain,Digital Marketing & Growth,2023-03-30,2023-12-27,4,99100,88,1–2 years,40–49
202401760,1760,2024,Non-manager,Sweden,Data & Analytics Consulting,,2024-09-13,2,64900,124,Not available,Under 30
202401761,1761,2024,Non-manager,Germany,Technology & IT Strategy,2021-12-28,2022-10-06,4,58800,121,3–5 years,30–39
202401762,1762,2024,Manager,Sweden,Digital Marketing & Growth,,,5,131100,107,Not available,30–39
202401763,1763,2024,Non-manager,Denmark,Transformation & Change Management,,2023-12-09,3,55300,71,Not available,30–39
202401765,1765,2024,Manager,Germany,Sales & Business Development,,2023-02-08,5,98300,115,Not available,30–39
202401766,1766,2024,Non-manager,Sweden,Customer Experience & Design,2022-09-26,2022-03-22,5,40800,101,1–2 years,30–39
202401767,1767,2024,Non-manager,Sweden,Transformation & Change Management,2023-10-27,,3,49800,141,1–2 years,Under 30
202401768,1768,2024,Non-manager,Spain,Digital Strategy Consulting,2022-12-19,2022-12-30,4,33900,122,1–2 years,30–39
202401769,1769,2024,Non-manager,France,Transformation & Change Management,2022-05-25,2022-09-22,2,43700,114,1–2 years,30–39
202401770,1770,2024,Manager,Sweden,Technology & IT Strategy,,2023-12-31,3,185900,112,Not available,40–49
202401771,1771,2024,Non-manager,Sweden,Data & Analytics Consulting,,2024-04-06,4,47500,119,Not available,Under 30
202401772,1772,2024,Manager,Germany,Human Resources,,2022-01-07,3,90600,109,Not available,Under 30
202401773,1773,2024,Non-manager,Germany,Finance & Operations,,,6,78700,108,Not available,30–39
202401774,1774,2024,Manager,Sweden,Human Resources,2023-07-18,2023-09-23,5,65200,98,1–2 years,30–39
202401775,1775,2024,Manager,Sweden,Transformation & Change Management,2021-03-20,2023-06-27,4,93200,109,3–5 years,30–39
202401776,1776,2024,Non-manager,Denmark,Digital Strategy Consulting,,2022-05-23,5,85700,123,Not available,30–39
202401777,1777,2024,Non-manager,Denmark,Sales & Business Development,2020-10-02,2023-12-08,5,77400,140,3–5 years,30–39
202401778,1778,2024,Manager,Sweden,Sales & Business Development,,,8,130500,149,Not available,30–39
202401780,1780,2024,Non-manager,Sweden,Data & Analytics Consulting,2024-07-10,2023-02-02,4,46500,126,Less than 1 year,30–39
202401781,1781,2024,Manager,France,Cybersecurity & Digital Risk,2023-12-24,2023-03-30,6,76500,95,1–2 years,30–39
202401782,1782,2024,Manager,Sweden,Transformation & Change Management,2024-08-12,2022-07-13,6,93400,72,Less than 1 year,30–39
202401783,1783,2024,Manager,Spain,Customer Experience & Design,2017-09-01,2023-07-12,3,97700,102,6–10 years,50–59
202401784,1784,2024,Manager,Germany,Cybersecurity & Digital Risk,2022-09-24,2023-03-27,3,96000,107,1–2 years,30–39
202401785,1785,2024,Manager,Sweden,Digital Marketing & Growth,2022-10-26,,5,82400,112,1–2 years,30–39
202401786,1786,2024,Manager,Sweden,Data & Analytics Consulting,2021-11-04,2024-03-16,6,109200,75,3–5 years,30–39
202401787,1787,2024,Non-manager,Sweden,Data & Analytics Consulting,2024-09-23,2023-09-23,4,53700,119,Less than 1 year,30–39
202401788,1788,2024,Manager,Spain,Technology & IT Strategy,2022-03-01,2022-05-16,3,57300,132,1–2 years,30–39
202401789,1789,2024,Manager,Sweden,Transformation & Change Management,2023-03-14,,7,86400,119,1–2 years,30–39
202401790,1790,2024,Non-manager,Denmark,Finance & Operations,,2024-10-11,4,55500,99,Not available,40–49
202401791,1791,2024,Non-manager,Denmark,Sales & Business Development,,2022-09-23,3,98800,109,Not available,40–49
202401792,1792,2024,Non-manager,Spain,Customer Experience & Design,2023-09-09,2022-06-06,3,35300,124,1–2 years,30–39
202401793,1793,2024,Manager,Sweden,Transformation & Change Management,,2023-11-07,7,84300,97,Not available,Under 30
202401794,1794,2024,Non-manager,Sweden,Digital Marketing & Growth,,2022-04-09,9,54100,100,Not available,30–39
202401795,1795,2024,Manager,Denmark,Digital Marketing & Growth,,2024-05-12,7,100400,96,Not available,30–39
202401796,1796,2024,Non-manager,France,Digital Strategy Consulting,2018-08-15,2024-11-25,0,66600,142,6–10 years,40–49
202401797,1797,2024,Non-manager,Sweden,Digital Marketing & Growth,2022-02-20,2023-05-31,8,59100,123,1–2 years,40–49
202401799,1799,2024,Non-manager,Sweden,Cybersecurity & Digital Risk,2021-06-25,2022-10-22,3,53000,132,3–5 years,Under 30
202401800,1800,2024,Manager,Sweden,Transformation & Change Management,,2024-07-24,4,118900,84,Not available,40–49
202401801,1801,2024,Non-manager,Sweden,Cybersecurity & Digital Risk,,2024-11-11,5,65100,109,Not available,Under 30
202401802,1802,2024,Manager,Spain,Transformation & Change Management,2024-08-28,2023-10-24,4,61200,109,Less than 1 year,30–39
202401803,1803,2024,Manager,Sweden,Data & Analytics Consulting,,,4,183700,126,Not available,40–49
202401804,1804,2024,Manager,Sweden,Data & Analytics Consulting,2024-08-19,2022-09-04,9,100500,93,Less than 1 year,30–39
202401805,1805,2024,Non-manager,Spain,Transformation & Change Management,,2022-04-06,5,45600,111,Not available,40–49
202401806,1806,2024,Non-manager,Sweden,Data & Analytics Consulting,2024-02-10,2024-06-03,4,50400,117,Less than 1 year,30–39
202401807,1807,2024,Non-manager,Denmark,Human Resources,,2024-07-14,7,87100,151,Not available,40–49
202401808,1808,2024,Non-manager,Germany,Digital Marketing & Growth,,,3,58600,105,Not available,30–39
202401809,1809,2024,Non-manager,Denmark,Technology & IT Strategy,,2023-10-18,5,66400,106,Not available,Under 30
202401811,1811,2024,Non-manager,France,Finance & Operations,,2024-01-04,7,50300,102,Not available,30–39
202401812,1812,2024,Non-manager,Sweden,Digital Strategy Consulting,,2022-05-20,4,69400,123,Not available,40–49
202401813,1813,2024,Manager,France,Finance & Operations,,,6,116000,130,Not available,40–49
202401814,1814,2024,Manager,Spain,Finance & Operations,,2022-02-26,5,73200,123,Not available,Under 30
202401815,1815,2024,Non-manager,France,Finance & Operations,2022-10-14,2022-11-29,5,58900,144,1–2 years,30–39
202401816,1816,2024,Manager,Sweden,Digital Strategy Consulting,2023-10-03,2024-08-28,3,78300,111,1–2 years,Under 30
202401817,1817,2024,Non-manager,Spain,Data & Analytics Consulting,,2022-10-22,2,40200,87,Not available,30–39
202401818,1818,2024,Manager,Spain,Sales & Business Development,2022-08-18,2023-05-08,1,64700,97,1–2 years,30–39
202401819,1819,2024,Non-manager,France,Transformation & Change Management,,2022-12-26,2,49400,128,Not available,30–39
202401820,1820,2024,Manager,Sweden,Cybersecurity & Digital Risk,2018-07-22,2022-11-02,6,137800,110,6–10 years,40–49
202401821,1821,2024,Non-manager,Sweden,Digital Strategy Consulting,,2022-12-04,1,96900,130,Not available,40–49
202401822,1822,2024,Manager,Germany,Digital Strategy Consulting,,2024-11-28,8,102400,112,Not available,40–49
202401823,1823,2024,Non-manager,Denmark,Cybersecurity & Digital Risk,2022-03-24,2022-08-28,5,72000,104,1–2 years,30–39
202401825,1825,2024,Manager,Sweden,Customer Experience & Design,2022-05-20,2023-03-04,5,91000,83,1–2 years,Under 30
202401826,1826,2024,Manager,France,Data & Analytics Consulting,,2024-10-08,4,81400,110,Not available,30–39
202401827,1827,2024,Non-manager,France,Finance & Operations,2023-07-20,,3,53100,107,1–2 years,Under 30
202401828,1828,2024,Non-manager,Sweden,Finance & Operations,2023-08-25,,7,54200,101,1–2 years,Under 30
202401829,1829,2024,Non-manager,Spain,Digital Marketing & Growth,2022-02-24,2024-06-22,10,43600,101,1–2 years,Under 30
202401830,1830,2024,Manager,Germany,Digital Marketing & Growth,,2022-08-15,10,108200,118,Not available,40–49
202401831,1831,2024,Non-manager,Sweden,Human Resources,2020-08-04,2023-12-30,2,54000,142,3–5 years,30–39
202401832,1832,2024,Manager,France,Data & Analytics Consulting,2022-02-16,2023-04-21,2,79100,96,1–2 years,Under 30
202401833,1833,2024,Manager,Denmark,Customer Experience & Design,,2023-09-10,5,109700,112,Not available,Under 30
202401834,1834,2024,Manager,Sweden,Digital Strategy Consulting,,2023-05-21,4,98000,84,Not available,Under 30
202401835,1835,2024,Non-manager,France,Data & Analytics Consulting,,2022-08-10,9,46700,140,Not available,Under 30
202401836,1836,2024,Non-manager,Germany,Digital Strategy Consulting,,2022-06-10,4,47600,135,Not available,30–39
202401837,1837,2024,Manager,Sweden,Customer Experience & Design,,2022-11-06,5,100300,95,Not available,40–49
202401838,1838,2024,Non-manager,Denmark,Technology & IT Strategy,2024-10-16,,2,55900,106,Less than 1 year,Under 30
202401839,1839,2024,Manager,Germany,Sales & Business Development,,2023-04-17,4,134500,107,Not available,30–39
202401840,1840,2024,Manager,Sweden,Digital Strategy Consulting,2020-05-29,2023-09-24,4,111600,104,3–5 years,40–49
202401841,1841,2024,Manager,Germany,Human Resources,2022-01-28,2022-11-16,8,99200,116,1–2 years,Under 30
202401842,1842,2024,Manager,Germany,Transformation & Change Management,2023-12-08,2023-01-13,3,86500,85,1–2 years,30–39
202401843,1843,2024,Manager,Sweden,Digital Marketing & Growth,2021-11-29,2023-02-08,5,115000,133,3–5 years,30–39
202401844,1844,2024,Manager,Sweden,Data & Analytics Consulting,2022-05-06,2024-11-13,7,86300,115,1–2 years,Under 30
202401845,1845,2024,Non-manager,Sweden,Finance & Operations,2017-01-10,2023-05-12,6,81200,93,6–10 years,40–49
202401846,1846,2024,Manager,Sweden,Data & Analytics Consulting,2022-09-06,2023-06-02,7,92000,109,1–2 years,30–39
202401847,1847,2024,Non-manager,Sweden,Digital Strategy Consulting,2023-09-24,2023-08-05,9,57100,104,1–2 years,Under 30
202401848,1848,2024,Non-manager,Sweden,Data & Analytics Consulting,,2024-09-27,6,63800,109,Not available,Under 30
202401849,1849,2024,Non-manager,Sweden,Digital Strategy Consulting,,,3,77900,144,Not available,30–39
202401850,1850,2024,Manager,Sweden,Finance & Operations,2024-08-30,2023-08-02,4,70000,116,Less than 1 year,30–39
202401851,1851,2024,Non-manager,Germany,Data & Analytics Consulting,2024-03-03,2023-09-11,6,45800,144,Less than 1 year,30–39
202401852,1852,2024,Non-manager,Germany,Sales & Business Development,2024-10-11,2023-06-13,2,47100,146,Less than 1 year,30–39
202401853,1853,2024,Manager,Sweden,Transformation & Change Management,,2024-12-16,5,72400,138,Not available,Under 30
202401854,1854,2024,Non-manager,Spain,Transformation & Change Management,2023-09-21,2024-05-07,2,36300,129,1–2 years,30–39
202401855,1855,2024,Manager,Spain,Finance & Operations,2024-09-15,2024-10-23,5,57800,113,Less than 1 year,30–39
202401856,1856,2024,Non-manager,Sweden,Data & Analytics Consulting,,,4,70800,131,Not available,30–39
202401857,1857,2024,Manager,Spain,Technology & IT Strategy,2024-12-20,2022-11-26,3,67000,107,Less than 1 year,30–39
202401858,1858,2024,Manager,Sweden,Cybersecurity & Digital Risk,,2023-12-27,7,165600,63,Not available,40–49
202401859,1859,2024,Manager,Sweden,Transformation & Change Management,,2024-02-02,5,152100,103,Not available,50–59
202401860,1860,2024,Non-manager,Denmark,Human Resources,2020-10-09,2024-04-15,8,63500,120,3–5 years,30–39
202401861,1861,2024,Non-manager,Sweden,Sales & Business Development,,2023-10-11,4,51900,98,Not available,30–39
202401862,1862,2024,Non-manager,Sweden,Digital Strategy Consulting,2023-12-10,,5,35400,115,1–2 years,Under 30
202401863,1863,2024,Manager,Denmark,Finance & Operations,2022-07-31,2022-10-11,6,93500,99,1–2 years,30–39
202401864,1864,2024,Manager,Spain,Human Resources,2024-11-01,2022-12-10,5,70600,117,Less than 1 year,Under 30
202401865,1865,2024,Non-manager,Spain,Data & Analytics Consulting,2024-02-12,2024-06-20,4,48100,131,Less than 1 year,30–39
202401866,1866,2024,Non-manager,Spain,Digital Marketing & Growth,2020-08-13,,5,41500,121,3–5 years,Under 30
202401867,1867,2024,Non-manager,France,Technology & IT Strategy,,2023-02-14,2,66100,145,Not available,40–49
202401868,1868,2024,Manager,Sweden,Transformation & Change Management,,2022-03-24,3,98700,108,Not available,Under 30
202401869,1869,2024,Manager,France,Technology & IT Strategy,2020-06-26,2022-04-03,6,95500,83,3–5 years,30–39
202401870,1870,2024,Manager,Denmark,Finance & Operations,,2023-10-14,3,159500,115,Not available,40–49
202401871,1871,2024,Non-manager,Spain,Cybersecurity & Digital Risk,,,3,38600,137,Not available,30–39
202401872,1872,2024,Non-manager,Sweden,Digital Marketing & Growth,,,8,40200,94,Not available,Under 30
202401873,1873,2024,Non-manager,Sweden,Sales & Business Development,,2024-09-21,8,50100,96,Not available,Under 30
202401874,1874,2024,Non-manager,Germany,Transformation & Change Management,2015-08-11,2024-12-30,2,87500,96,6–10 years,50–59
202401875,1875,2024,Manager,Sweden,Customer Experience & Design,,,7,132100,109,Not available,50–59
202401876,1876,2024,Non-manager,Sweden,Digital Strategy Consulting,2024-12-04,2024-08-27,8,47100,110,Less than 1 year,Under 30
202401877,1877,2024,Non-manager,Germany,Digital Marketing & Growth,,2023-12-15,2,73300,119,Not available,50–59
202401878,1878,2024,Non-manager,Denmark,Customer Experience & Design,2024-01-03,2024-03-18,2,47600,129,Less than 1 year,Under 30
202401879,1879,2024,Non-manager,Germany,Transformation & Change Management,2024-09-23,2023-08-08,8,43000,123,Less than 1 year,30–39
202401880,1880,2024,Manager,Sweden,Transformation & Change Management,2024-11-18,2024-07-29,4,92100,105,Less than 1 year,40–49
202401881,1881,2024,Non-manager,Denmark,Digital Strategy Consulting,2023-06-16,2023-12-03,6,47400,118,1–2 years,Under 30
202401882,1882,2024,Manager,Denmark,Digital Strategy Consulting,,,4,112600,124,Not available,30–39
202401883,1883,2024,Non-manager,Sweden,Digital Strategy Consulting,,2023-04-07,7,48400,108,Not available,30–39
202401884,1884,2024,Non-manager,France,Technology & IT Strategy,,2023-12-25,6,56400,133,Not available,30–39
202401885,1885,2024,Non-manager,Sweden,Digital Marketing & Growth,,2024-06-07,4,46900,83,Not available,Under 30
202401886,1886,2024,Non-manager,France,Digital Strategy Consulting,2023-08-04,2022-02-25,7,58200,129,1–2 years,30–39
202401887,1887,2024,Non-manager,Spain,Customer Experience & Design,2021-05-02,2022-11-03,2,33800,154,3–5 years,40–49
202401888,1888,2024,Manager,Denmark,Finance & Operations,,2023-09-23,4,100700,118,Not available,30–39
202401889,1889,2024,Manager,Sweden,Sales & Business Development,,2023-01-18,3,100400,119,Not available,Under 30
202401891,1891,2024,Non-manager,Sweden,Digital Strategy Consulting,,2024-01-10,7,50800,136,Not available,30–39
202401892,1892,2024,Manager,Germany,Sales & Business Development,,2022-05-31,7,108500,136,Not available,Under 30
202401893,1893,2024,Non-manager,Sweden,Digital Strategy Consulting,,2022-11-04,5,67700,110,Not available,40–49
202401894,1894,2024,Non-manager,Denmark,Transformation & Change Management,2022-02-14,2024-09-11,5,60300,122,1–2 years,Under 30
202401895,1895,2024,Manager,Spain,Transformation & Change Management,2020-08-14,2023-08-23,5,83000,83,3–5 years,40–49
202401897,1897,2024,Manager,Sweden,Sales & Business Development,,2023-01-25,6,101300,97,Not available,40–49
202401898,1898,2024,Manager,Germany,Digital Strategy Consulting,,2022-02-05,4,142400,107,Not available,40–49
202401900,1900,2024,Non-manager,Denmark,Digital Marketing & Growth,,2022-12-07,6,56300,112,Not available,Under 30
202401901,1901,2024,Manager,Sweden,Digital Strategy Consulting,2024-07-06,2024-12-13,6,63300,115,Less than 1 year,30–39
202401902,1902,2024,Non-manager,Sweden,Digital Strategy Consulting,,2024-11-28,6,36100,114,Not available,Under 30
202401903,1903,2024,Non-manager,Sweden,Data & Analytics Consulting,,2024-12-11,4,36800,142,Not available,Under 30
202401904,1904,2024,Manager,Germany,Technology & IT Strategy,2024-12-30,,5,68100,138,Less than 1 year,Under 30
202401905,1905,2024,Manager,Sweden,Data & Analytics Consulting,2024-01-18,2024-05-21,3,77800,137,Less than 1 year,Under 30
202401906,1906,2024,Non-manager,Sweden,Cybersecurity & Digital Risk,,,5,49700,114,Not available,Under 30
202401907,1907,2024,Non-manager,France,Finance & Operations,2024-08-08,,4,31100,125,Less than 1 year,Under 30
202401908,1908,2024,Non-manager,Sweden,Transformation & Change Management,2024-10-19,2024-06-18,5,32900,103,Less than 1 year,Under 30
202401909,1909,2024,Non-manager,Spain,Human Resources,2024-11-30,2024-09-30,9,29400,97,Less than 1 year,Under 30
202401910,1910,2024,Non-manager,Sweden,Transformation & Change Management,,2024-10-19,7,30000,131,Not available,Under 30
202401911,1911,2024,Non-manager,Sweden,Cybersecurity & Digital Risk,2024-04-26,,4,53100,102,Less than 1 year,Under 30
202401912,1912,2024,Manager,Sweden,Digital Strategy Consulting,,2024-12-04,8,68000,123,Not available,30–39
202401913,1913,2024,Non-manager,Denmark,Digital Strategy Consulting,,2024-06-12,3,46600,115,Not available,Under 30
202401914,1914,2024,Non-manager,France,Cybersecurity & Digital Risk,,2024-09-23,4,50900,119,Not available,30–39
202401915,1915,2024,Manager,Sweden,Digital Strategy Consulting,,2024-12-05,5,74900,107,Not available,30–39
202401916,1916,2024,Non-manager,Denmark,Digital Strategy Consulting,,2024-08-14,6,35000,116,Not available,Under 30
202401917,1917,2024,Non-manager,Sweden,Sales & Business Development,,2024-10-06,7,46200,125,Not available,30–39
202401918,1918,2024,Non-manager,Sweden,Finance & Operations,,2024-12-21,5,30000,154,Not available,30–39
202401919,1919,2024,Non-manager,Denmark,Finance & Operations,,2024-11-07,7,45400,109,Not available,Under 30
202401920,1920,2024,Non-manager,France,Finance & Operations,,,1,38900,128,Not available,Under 30
202401921,1921,2024,Non-manager,Sweden,Finance & Operations,,2024-12-19,6,40400,122,Not available,Under 30
202401922,1922,2024,Manager,Germany,Data & Analytics Consulting,2024-11-25,2024-12-11,3,59700,121,Less than 1 year,Under 30
202401923,1923,2024,Non-manager,Sweden,Digital Strategy Consulting,,2024-11-16,5,42600,124,Not available,Under 30
202401924,1924,2024,Non-manager,Germany,Transformation & Change Management,,2024-11-16,8,32700,112,Not available,Under 30
202401925,1925,2024,Manager,Germany,Transformation & Change Management,2024-11-22,2024-08-16,3,71500,127,Less than 1 year,Under 30
202401926,1926,2024,Non-manager,Germany,Customer Experience & Design,2024-12-16,2024-12-19,3,44700,100,Less than 1 year,30–39
202401927,1927,2024,Non-manager,Germany,Digital Strategy Consulting,2024-12-27,2024-12-27,7,37500,154,Less than 1 year,Under 30
202401928,1928,2024,Non-manager,Germany,Customer Experience & Design,,2024-09-23,8,38100,115,Not available,30–39
202401929,1929,2024,Non-manager,Sweden,Digital Marketing & Growth,,2024-12-24,3,38200,125,Not available,30–39
202401930,1930,2024,Non-manager,Spain,Transformation & Change Management,,2024-06-04,4,30600,134,Not available,Under 30
202401931,1931,2024,Non-manager,Sweden,Data & Analytics Consulting,,2024-10-22,5,35200,150,Not available,Under 30
202401932,1932,2024,Non-manager,Spain,Transformation & Change Management,,2024-12-21,5,28000,100,Not available,Under 30
202401933,1933,2024,Manager,Sweden,Data & Analytics Consulting,2024-11-20,2024-09-09,5,64300,98,Less than 1 year,Under 30
202401934,1934,2024,Non-manager,Sweden,Transformation & Change Management,,2024-11-11,7,44600,113,Not available,Under 30
202401935,1935,2024,Non-manager,Sweden,Cybersecurity & Digital Risk,,2024-12-08,4,48400,79,Not available,Under 30
202401936,1936,2024,Manager,Denmark,Human Resources,,2024-11-22,4,87800,92,Not available,Under 30
202401937,1937,2024,Non-manager,France,Transformation & Change Management,2024-12-23,2024-12-02,3,30000,115,Less than 1 year,Under 30
202401938,1938,2024,Non-manager,Germany,Data & Analytics Consulting,,,7,41200,127,Not available,Under 30
202401939,1939,2024,Non-manager,Sweden,Digital Strategy Consulting,2024-12-25,2024-11-19,7,43400,119,Less than 1 year,30–39
202401940,1940,2024,Non-manager,Germany,Finance & Operations,,2024-12-01,5,42500,111,Not available,Under 30
202401941,1941,2024,Non-manager,Sweden,Sales & Business Development,2024-06-06,,8,36100,124,Less than 1 year,30–39
202401942,1942,2024,Non-manager,Spain,Cybersecurity & Digital Risk,2024-10-27,,4,28000,121,Less than 1 year,Under 30
202401943,1943,2024,Non-manager,Sweden,Digital Strategy Consulting,,2024-12-31,4,47600,115,Not available,30–39
202401944,1944,2024,Non-manager,Germany,Sales & Business Development,,2024-03-22,3,49700,118,Not available,30–39
202401945,1945,2024,Non-manager,France,Customer Experience & Design,,,5,30000,126,Not available,30–39
202401946,1946,2024,Non-manager,France,Cybersecurity & Digital Risk,,,3,45600,122,Not available,30–39
202401947,1947,2024,Non-manager,Denmark,Technology & IT Strategy,,2024-10-11,3,36400,102,Not available,Under 30
202401948,1948,2024,Non-manager,Sweden,Data & Analytics Consulting,,2024-11-27,3,46200,123,Not available,Under 30
202401949,1949,2024,Non-manager,Sweden,Data & Analytics Consulting,2024-09-06,2024-07-17,7,51800,136,Less than 1 year,Under 30
202401950,1950,2024,Manager,Sweden,Data & Analytics Consulting,,2024-04-16,5,77200,119,Not available,Under 30
202401951,1951,2024,Manager,Sweden,Transformation & Change Management,,,1,67400,105,Not available,Under 30
202401952,1952,2024,Non-manager,Denmark,Transformation & Change Management,,2024-11-04,0,44300,109,Not available,Under 30
202401953,1953,2024,Manager,Sweden,Data & Analytics Consulting,,2024-04-21,6,75100,95,Not available,Under 30
202401954,1954,2024,Non-manager,Denmark,Human Resources,,,2,44800,106,Not available,Under 30
202401955,1955,2024,Non-manager,Spain,Transformation & Change Management,,2024-06-23,3,28000,160,Not available,Under 30
202401956,1956,2024,Manager,Sweden,Sales & Business Development,,2024-03-08,3,76400,96,Not available,Under 30
202401957,1957,2024,Non-manager,Spain,Cybersecurity & Digital Risk,,2024-08-26,2,29100,140,Not available,Under 30
202401958,1958,2024,Non-manager,Sweden,Sales & Business Development,,,4,42900,117,Not available,Under 30
202401959,1959,2024,Non-manager,Sweden,Technology & IT Strategy,2024-10-12,,4,40100,137,Less than 1 year,30–39
202401960,1960,2024,Non-manager,Sweden,Finance & Operations,2024-12-22,2024-11-28,4,43100,103,Less than 1 year,Under 30
202401961,1961,2024,Non-manager,Spain,Sales & Business Development,,2024-08-02,3,28000,105,Not available,Under 30
202401962,1962,2024,Non-manager,France,Finance & Operations,,2024-07-24,2,32900,123,Not available,Under 30
202401963,1963,2024,Non-manager,Spain,Transformation & Change Management,2024-07-30,2024-08-13,4,28000,110,Less than 1 year,Under 30
202401964,1964,2024,Non-manager,Sweden,Customer Experience & Design,,2024-10-27,5,36100,115,Not available,Under 30
202401965,1965,2024,Non-manager,France,Cybersecurity & Digital Risk,,2024-05-05,2,39800,115,Not available,Under 30
202401966,1966,2024,Manager,Sweden,Digital Strategy Consulting,,,3,69100,148,Not available,Under 30
202401967,1967,2024,Non-manager,Spain,Finance & Operations,,2024-04-29,7,37400,108,Not available,Under 30
202401968,1968,2024,Non-manager,Sweden,Sales & Business Development,2024-10-18,2024-05-31,10,47000,110,Less than 1 year,Under 30
202401969,1969,2024,Non-manager,Sweden,Transformation & Change Management,,2024-08-08,4,35800,104,Not available,30–39
202401970,1970,2024,Non-manager,Germany,Digital Strategy Consulting,2024-11-26,,6,43100,120,Less than 1 year,Under 30
202401971,1971,2024,Non-manager,Denmark,Data & Analytics Consulting,,2024-12-15,7,49200,113,Not available,Under 30
202401972,1972,2024,Non-manager,Sweden,Data & Analytics Consulting,2024-06-15,2024-12-19,3,44700,88,Less than 1 year,Under 30
202401973,1973,2024,Non-manager,Sweden,Finance & Operations,,2024-10-04,2,35200,132,Not available,Under 30
202401974,1974,2024,Manager,Sweden,Digital Strategy Consulting,2024-07-24,2024-11-20,7,75100,72,Less than 1 year,Under 30
202401975,1975,2024,Non-manager,Sweden,Finance & Operations,,2024-11-02,7,41700,116,Not available,Under 30
202401976,1976,2024,Non-manager,Spain,Customer Experience & Design,,,4,28000,132,Not available,Under 30
202401977,1977,2024,Non-manager,Germany,Human Resources,,,6,35000,115,Not available,Under 30
202401978,1978,2024,Non-manager,France,Data & Analytics Consulting,,2024-08-04,1,35800,109,Not available,30–39
202401979,1979,2024,Non-manager,Germany,Digital Marketing & Growth,,2024-12-27,7,36400,113,Not available,Under 30
202401980,1980,2024,Non-manager,Spain,Digital Marketing & Growth,,,2,31500,111,Not available,Under 30
202401981,1981,2024,Non-manager,Germany,Sales & Business Development,,,5,36400,114,Not available,Under 30
202401982,1982,2024,Non-manager,Sweden,Transformation & Change Management,,2024-12-23,6,37000,100,Not available,Under 30
202401983,1983,2024,Non-manager,France,Digital Strategy Consulting,,,4,33100,136,Not available,Under 30
202401984,1984,2024,Non-manager,Germany,Transformation & Change Management,,2024-12-21,7,30000,86,Not available,Under 30
202401985,1985,2024,Non-manager,Germany,Data & Analytics Consulting,,2024-11-14,1,37000,145,Not available,Under 30
202401986,1986,2024,Non-manager,Denmark,Finance & Operations,,2024-11-18,4,44100,118,Not available,Under 30
202401987,1987,2024,Manager,Sweden,Transformation & Change Management,,,7,73100,106,Not available,30–39
202401988,1988,2024,Non-manager,Sweden,Digital Marketing & Growth,,2024-12-23,4,35900,121,Not available,Under 30
202401989,1989,2024,Non-manager,Germany,Data & Analytics Consulting,,2024-12-13,7,34400,110,Not available,Under 30
202401990,1990,2024,Non-manager,Sweden,Data & Analytics Consulting,,2024-11-19,6,39500,128,Not available,Under 30
202401991,1991,2024,Non-manager,Denmark,Cybersecurity & Digital Risk,2024-10-30,,1,42500,112,Less than 1 year,Under 30
202401992,1992,2024,Non-manager,Sweden,Cybersecurity & Digital Risk,2024-11-11,2024-09-17,4,55300,139,Less than 1 year,Under 30
202401993,1993,2024,Non-manager,Spain,Transformation & Change Management,,2024-11-24,2,31300,140,Not available,Under 30
202401994,1994,2024,Non-manager,France,Cybersecurity & Digital Risk,2024-10-20,2024-08-08,3,30000,132,Less than 1 year,Under 30
202401995,1995,2024,Non-manager,Denmark,Cybersecurity & Digital Risk,,,2,50100,135,Not available,Under 30
202401996,1996,2024,Manager,France,Customer Experience & Design,2024-12-26,2024-12-28,1,66900,137,Less than 1 year,Under 30
202401997,1997,2024,Non-manager,France,Finance & Operations,2024-11-28,2024-11-27,5,30600,121,Less than 1 year,30–39
202401998,1998,2024,Manager,Denmark,Finance & Operations,2024-12-04,2024-10-27,5,82700,105,Less than 1 year,Under 30
202401999,1999,2024,Manager,France,Digital Strategy Consulting,,2024-06-21,4,63000,105,Not available,30–39
202402000,2000,2024,Non-manager,Sweden,Customer Experience & Design,,,3,58500,152,Not available,30–39
202402001,2001,2024,Non-manager,Sweden,Customer Experience & Design,,,2,41000,121,Not available,Under 30
202402002,2002,2024,Non-manager,Sweden,Finance & Operations,,,5,46000,120,Not available,30–39
202402003,2003,2024,Non-manager,Denmark,Digital Strategy Consulting,2024-06-27,,5,45400,125,Less than 1 year,Under 30
202402004,2004,2024,Non-manager,Germany,Data & Analytics Consulting,,2024-02-25,0,39500,110,Not available,Under 30
202402005,2005,2024,Non-manager,Sweden,Digital Marketing & Growth,,,5,30000,88,Not available,Under 30
202402006,2006,2024,Non-manager,Spain,Digital Strategy Consulting,2024-11-29,2024-07-03,11,29200,115,Less than 1 year,Under 30
202402007,2007,2024,Non-manager,Germany,Finance & Operations,,2024-11-10,4,35600,122,Not available,30–39
202402008,2008,2024,Manager,Denmark,Technology & IT Strategy,,2024-08-18,6,81000,124,Not available,Under 30
202402009,2009,2024,Non-manager,France,Digital Strategy Consulting,,2024-12-21,3,38700,115,Not available,30–39
202402010,2010,2024,Non-manager,Germany,Transformation & Change Management,,2024-12-10,2,34500,85,Not available,30–39
202402011,2011,2024,Non-manager,Spain,Technology & IT Strategy,,2024-09-29,6,29300,133,Not available,30–39
202402012,2012,2024,Non-manager,Sweden,Transformation & Change Management,,2024-09-22,6,49800,96,Not available,30–39
202402013,2013,2024,Non-manager,France,Finance & Operations,,2024-08-26,4,35700,105,Not available,Under 30
202402014,2014,2024,Non-manager,Germany,Customer Experience & Design,,2024-11-20,2,43700,136,Not available,Under 30
202402015,2015,2024,Non-manager,Denmark,Data & Analytics Consulting,,2024-10-03,6,49100,153,Not available,30–39
202402016,2016,2024,Manager,Sweden,Cybersecurity & Digital Risk,,,4,75500,110,Not available,30–39
202402017,2017,2024,Non-manager,Spain,Digital Strategy Consulting,2024-12-17,,4,28000,117,Less than 1 year,Under 30
202402018,2018,2024,Non-manager,Sweden,Finance & Operations,2024-12-05,2024-12-13,4,36300,79,Less than 1 year,30–39
202402019,2019,2024,Non-manager,Spain,Transformation & Change Management,,2024-08-28,2,28000,95,Not available,Under 30
202402020,2020,2024,Manager,Spain,Transformation & Change Management,,,1,53400,127,Not available,Under 30
202402021,2021,2024,Non-manager,France,Sales & Business Development,,2024-08-27,4,35500,95,Not available,Under 30
202402022,2022,2024,Non-manager,Germany,Customer Experience & Design,,2024-06-17,3,41400,90,Not available,Under 30
202402023,2023,2024,Manager,France,Digital Marketing & Growth,,2024-01-26,2,74100,96,Not available,Under 30
202402024,2024,2024,Non-manager,Sweden,Data & Analytics Consulting,,2024-11-23,6,44700,119,Not available,30–39
202402025,2025,2024,Non-manager,Sweden,Data & Analytics Consulting,2024-09-06,2024-10-31,4,42800,122,Less than 1 year,Under 30
202402026,2026,2024,Non-manager,Sweden,Digital Strategy Consulting,,,7,34700,93,Not available,Under 30
202402027,2027,2024,Non-manager,Sweden,Digital Strategy Consulting,,,6,35900,118,Not available,Under 30
202402028,2028,2024,Non-manager,France,Cybersecurity & Digital Risk,,2024-12-23,2,44000,144,Not available,Under 30
202402029,2029,2024,Manager,Germany,Transformation & Change Management,2024-10-09,2024-10-17,2,74300,122,Less than 1 year,30–39
202402030,2030,2024,Non-manager,Sweden,Data & Analytics Consulting,,2024-12-03,5,34600,105,Not available,30–39
202500001,1,2025,Manager,Sweden,Digital Strategy Consulting,,2023-08-02,5,180900,94,Not available,50–59
202500002,2,2025,Manager,Denmark,Finance & Operations,2025-12-31,2025-01-27,5,81300,139,Less than 1 year,30–39
202500003,3,2025,Manager,Sweden,Technology & IT Strategy,2024-01-23,2024-04-05,7,85600,133,1–2 years,30–39
202500004,4,2025,Manager,Sweden,Transformation & Change Management,,2024-07-01,5,115200,101,Not available,30–39
202500005,5,2025,Manager,Sweden,Digital Strategy Consulting,,2024-12-20,9,179000,137,Not available,40–49
202500006,6,2025,Non-manager,Sweden,Digital Marketing & Growth,2024-07-08,2025-01-13,5,61200,132,1–2 years,30–39
202500007,7,2025,Manager,Sweden,Sales & Business Development,,2023-10-22,7,101200,123,Not available,Under 30
202500008,8,2025,Manager,Sweden,Customer Experience & Design,2024-01-15,2024-08-23,3,78600,107,1–2 years,Under 30
202500009,9,2025,Non-manager,Sweden,Digital Strategy Consulting,,2025-03-15,6,77300,105,Not available,Under 30
202500010,10,2025,Non-manager,Sweden,Transformation & Change Management,2024-02-06,,3,46200,102,1–2 years,Under 30
202500011,11,2025,Manager,Germany,Transformation & Change Management,2025-04-28,2024-09-16,5,109300,131,Less than 1 year,30–39
202500012,12,2025,Non-manager,Sweden,Finance & Operations,2025-03-18,2025-08-22,7,61800,124,Less than 1 year,Under 30
202500013,13,2025,Non-manager,Spain,Customer Experience & Design,,2025-02-28,2,63900,135,Not available,30–39
202500014,14,2025,Non-manager,Sweden,Technology & IT Strategy,2024-03-26,2024-10-22,4,50900,111,1–2 years,Under 30
202500015,15,2025,Manager,Sweden,Transformation & Change Management,2024-01-26,2024-06-17,4,110000,99,1–2 years,30–39
202500016,16,2025,Non-manager,Sweden,Sales & Business Development,,,4,87400,126,Not available,40–49
202500017,17,2025,Manager,Sweden,Finance & Operations,2022-10-10,,3,134400,107,3–5 years,50–59
202500018,18,2025,Manager,Germany,Technology & IT Strategy,2025-12-06,2025-06-23,5,92500,128,Less than 1 year,Under 30
202500019,19,2025,Manager,Spain,Technology & IT Strategy,,2023-03-19,1,111200,140,Not available,50–59
202500020,20,2025,Manager,Sweden,Transformation & Change Management,,,7,145500,99,Not available,50–59
202500022,22,2025,Manager,Sweden,Transformation & Change Management,,,5,108200,91,Not available,30–39
202500023,23,2025,Non-manager,Germany,Data & Analytics Consulting,2021-03-27,2023-06-08,2,57000,126,3–5 years,30–39
202500024,24,2025,Non-manager,Germany,Transformation & Change Management,2023-04-21,2023-02-01,2,58900,113,1–2 years,40–49
202500025,25,2025,Manager,Denmark,Finance & Operations,2024-11-24,2023-10-02,3,103100,111,1–2 years,30–39
202500026,26,2025,Non-manager,Sweden,Finance & Operations,2024-08-27,2025-03-13,4,54100,109,1–2 years,30–39
202500027,27,2025,Manager,Sweden,Technology & IT Strategy,2021-10-20,2025-07-27,5,109600,131,3–5 years,Under 30
202500028,28,2025,Non-manager,Denmark,Transformation & Change Management,2025-02-11,,9,56800,111,Less than 1 year,Under 30
202500029,29,2025,Manager,Spain,Human Resources,2017-03-07,2023-06-17,3,107900,129,6–10 years,30–39
202500031,31,2025,Non-manager,France,Customer Experience & Design,2022-07-11,2024-02-15,4,50500,105,3–5 years,30–39
202500032,32,2025,Non-manager,Germany,Customer Experience & Design,,2023-07-04,6,54200,136,Not available,30–39
202500033,33,2025,Non-manager,Denmark,Digital Strategy Consulting,,2023-04-10,5,81500,136,Not available,40–49
202500034,34,2025,Manager,Denmark,Sales & Business Development,2022-04-16,2025-06-06,4,136400,124,3–5 years,30–39
202500035,35,2025,Non-manager,France,Digital Strategy Consulting,2022-07-15,2024-09-10,6,40800,114,3–5 years,30–39
202500036,36,2025,Manager,Sweden,Finance & Operations,,2023-05-04,1,144200,126,Not available,30–39
202500037,37,2025,Manager,Germany,Data & Analytics Consulting,2024-12-14,,2,92800,141,1–2 years,30–39
202500038,38,2025,Non-manager,Denmark,Finance & Operations,2023-06-08,2024-07-09,2,64800,89,1–2 years,30–39
202500039,39,2025,Manager,Germany,Digital Strategy Consulting,2023-07-17,2023-03-27,9,86500,77,1–2 years,30–39
202500042,42,2025,Non-manager,Spain,Technology & IT Strategy,2022-07-23,2023-04-28,1,47500,118,3–5 years,30–39
202500043,43,2025,Non-manager,Sweden,Digital Strategy Consulting,2023-05-18,2024-06-08,4,53200,99,1–2 years,Under 30
202500044,44,2025,Manager,Sweden,Transformation & Change Management,2025-01-20,2024-01-15,4,100300,112,Less than 1 year,30–39
202500046,46,2025,Non-manager,Germany,Technology & IT Strategy,2024-07-21,2024-07-05,8,63100,99,1–2 years,30–39
202500047,47,2025,Manager,Sweden,Transformation & Change Management,,2023-02-03,4,133600,110,Not available,40–49
202500048,48,2025,Manager,Germany,Data & Analytics Consulting,2025-01-16,2023-11-25,4,83300,87,Less than 1 year,Under 30
202500049,49,2025,Manager,Spain,Technology & IT Strategy,2021-08-25,2024-02-28,6,109200,102,3–5 years,40–49
202500050,50,2025,Non-manager,France,Human Resources,,,3,55200,119,Not available,30–39
202500051,51,2025,Non-manager,Germany,Digital Strategy Consulting,,2025-11-15,1,50200,97,Not available,30–39
202500052,52,2025,Manager,Sweden,Technology & IT Strategy,,2025-11-18,7,88300,97,Not available,40–49
202500053,53,2025,Manager,Sweden,Transformation & Change Management,2023-07-16,2025-04-16,6,81800,95,1–2 years,Under 30
202500054,54,2025,Manager,Germany,Digital Strategy Consulting,,,4,113700,112,Not available,40–49
202500055,55,2025,Manager,Sweden,Technology & IT Strategy,,,2,120700,125,Not available,40–49
202500056,56,2025,Manager,Sweden,Human Resources,,2024-03-25,1,111000,103,Not available,40–49
202500058,58,2025,Non-manager,Denmark,Finance & Operations,2024-11-10,2023-12-30,5,55300,95,1–2 years,Under 30
202500059,59,2025,Manager,Germany,Finance & Operations,2024-02-09,2024-05-17,4,82700,125,1–2 years,30–39
202500060,60,2025,Non-manager,Germany,Customer Experience & Design,2023-09-20,2024-08-19,4,44900,129,1–2 years,30–39
202500061,61,2025,Manager,Sweden,Technology & IT Strategy,2025-06-29,2023-06-16,5,96400,126,Less than 1 year,30–39
202500062,62,2025,Non-manager,Germany,Human Resources,,2023-08-15,4,80500,145,Not available,50–59
202500063,63,2025,Manager,Sweden,Finance & Operations,,,3,93800,118,Not available,30–39
202500064,64,2025,Non-manager,Spain,Data & Analytics Consulting,,2025-04-02,7,38600,83,Not available,Under 30
202500065,65,2025,Manager,Sweden,Data & Analytics Consulting,2025-02-06,,3,173800,111,Less than 1 year,50–59
202500066,66,2025,Manager,Sweden,Technology & IT Strategy,2022-06-29,2023-10-09,5,110300,119,3–5 years,30–39
202500067,67,2025,Non-manager,Spain,Technology & IT Strategy,2025-08-25,2024-11-04,5,38400,94,Less than 1 year,30–39
202500068,68,2025,Manager,Sweden,Finance & Operations,,2024-06-04,3,99100,105,Not available,Under 30
202500069,69,2025,Manager,Denmark,Digital Strategy Consulting,,2023-06-20,7,100600,112,Not available,30–39
202500070,70,2025,Non-manager,France,Sales & Business Development,2022-04-12,,6,53800,123,3–5 years,30–39
202500071,71,2025,Manager,Spain,Digital Marketing & Growth,2025-11-27,2024-03-25,4,86100,103,Less than 1 year,30–39
202500072,72,2025,Manager,France,Sales & Business Development,2025-09-18,2024-04-29,3,77700,111,Less than 1 year,Under 30
202500073,73,2025,Manager,Sweden,Data & Analytics Consulting,2024-11-26,2025-03-05,3,107100,119,1–2 years,40–49
202500075,75,2025,Manager,Sweden,Finance & Operations,2024-06-11,2025-01-20,7,79100,111,1–2 years,Under 30
202500076,76,2025,Manager,Denmark,Transformation & Change Management,2024-03-01,2025-08-13,2,135800,132,1–2 years,30–39
202500077,77,2025,Non-manager,Germany,Cybersecurity & Digital Risk,,2023-03-02,6,69300,114,Not available,30–39
202500078,78,2025,Manager,Sweden,Digital Strategy Consulting,2025-10-13,2023-10-05,3,90000,138,Less than 1 year,Under 30
202500079,79,2025,Manager,Spain,Sales & Business Development,,,6,69200,122,Not available,30–39
202500080,80,2025,Manager,France,Cybersecurity & Digital Risk,,2023-07-12,4,125000,122,Not available,40–49
202500081,81,2025,Non-manager,France,Finance & Operations,2025-01-15,,12,47900,114,Less than 1 year,30–39
202500082,82,2025,Manager,Sweden,Finance & Operations,,,3,101500,95,Not available,30–39
202500083,83,2025,Manager,Germany,Digital Strategy Consulting,,2023-10-19,4,142900,82,Not available,50–59
202500085,85,2025,Non-manager,Spain,Digital Strategy Consulting,2025-04-28,2025-06-08,4,44600,97,Less than 1 year,Under 30
202500086,86,2025,Manager,Spain,Technology & IT Strategy,,,4,83100,128,Not available,30–39
202500087,87,2025,Non-manager,Spain,Finance & Operations,2018-05-06,2024-01-09,2,77000,129,6–10 years,60 and above
202500088,88,2025,Manager,Sweden,Digital Marketing & Growth,,2025-06-20,4,83400,111,Not available,30–39
202500089,89,2025,Manager,Sweden,Digital Strategy Consulting,2023-11-28,2025-03-28,3,84400,118,1–2 years,30–39
202500090,90,2025,Manager,Germany,Human Resources,,2023-01-04,4,131600,109,Not available,40–49
202500091,91,2025,Manager,Spain,Finance & Operations,,2024-12-03,3,79300,123,Not available,30–39
202500092,92,2025,Manager,France,Sales & Business Development,,2023-04-01,5,137200,118,Not available,40–49
202500093,93,2025,Non-manager,Sweden,Digital Strategy Consulting,2021-02-27,2024-12-13,5,58500,150,3–5 years,30–39
202500094,94,2025,Manager,Denmark,Cybersecurity & Digital Risk,,,4,136600,109,Not available,30–39
202500095,95,2025,Non-manager,Sweden,Customer Experience & Design,2025-12-05,2024-11-04,5,65100,139,Less than 1 year,40–49
202500096,96,2025,Manager,Denmark,Technology & IT Strategy,,2023-06-13,9,165900,120,Not available,40–49
202500098,98,2025,Non-manager,Denmark,Digital Marketing & Growth,2021-11-10,2023-08-06,2,88200,115,3–5 years,30–39
202500099,99,2025,Non-manager,Sweden,Digital Strategy Consulting,2025-05-14,2025-12-13,5,98500,119,Less than 1 year,30–39
202500100,100,2025,Manager,Sweden,Digital Strategy Consulting,2025-11-17,2024-04-10,5,97300,102,Less than 1 year,30–39
202500101,101,2025,Non-manager,Sweden,Digital Strategy Consulting,,2023-10-05,6,69800,79,Not available,30–39
202500102,102,2025,Manager,Spain,Finance & Operations,,,4,88500,92,Not available,30–39
202500103,103,2025,Non-manager,Sweden,Human Resources,2024-03-24,2023-09-14,4,50800,103,1–2 years,30–39
202500104,104,2025,Manager,Sweden,Data & Analytics Consulting,,2025-04-19,5,84500,136,Not available,Under 30
202500105,105,2025,Manager,Sweden,Sales & Business Development,2023-12-02,2024-11-11,2,96700,90,1–2 years,30–39
202500106,106,2025,Manager,Denmark,Sales & Business Development,2021-06-04,,4,137300,107,3–5 years,30–39
202500108,108,2025,Non-manager,Spain,Data & Analytics Consulting,2024-08-31,2023-03-23,7,38400,131,1–2 years,30–39
202500109,109,2025,Manager,Denmark,Technology & IT Strategy,2024-06-07,2024-05-19,2,119200,118,1–2 years,30–39
202500110,110,2025,Manager,Sweden,Data & Analytics Consulting,2019-06-23,2025-10-31,1,117800,89,6–10 years,30–39
202500111,111,2025,Non-manager,Sweden,Data & Analytics Consulting,2025-12-05,2023-11-22,7,50500,91,Less than 1 year,Under 30
202500112,112,2025,Manager,Sweden,Digital Marketing & Growth,2023-11-26,2025-04-03,3,104900,93,1–2 years,30–39
202500113,113,2025,Manager,Sweden,Cybersecurity & Digital Risk,2021-04-11,2024-05-12,3,94900,110,3–5 years,30–39
202500115,115,2025,Non-manager,Spain,Digital Marketing & Growth,,2024-06-16,4,37000,129,Not available,30–39
202500116,116,2025,Manager,Sweden,Sales & Business Development,2020-02-02,2025-05-29,2,124000,101,3–5 years,30–39
202500117,117,2025,Manager,Sweden,Human Resources,,2023-12-12,5,121100,128,Not available,30–39
202500118,118,2025,Manager,Sweden,Sales & Business Development,2023-10-26,2024-01-05,0,104600,124,1–2 years,30–39
202500119,119,2025,Manager,Sweden,Data & Analytics Consulting,,,2,179900,81,Not available,50–59
202500120,120,2025,Non-manager,Germany,Customer Experience & Design,,2023-08-31,2,71700,87,Not available,40–49
202500121,121,2025,Manager,Sweden,Technology & IT Strategy,,2023-01-15,4,113000,98,Not available,30–39
202500122,122,2025,Manager,Sweden,Customer Experience & Design,2023-06-18,2024-05-23,5,86900,91,1–2 years,Under 30
202500123,123,2025,Non-manager,Denmark,Data & Analytics Consulting,2020-03-19,2025-02-11,4,81600,109,3–5 years,40–49
202500124,124,2025,Non-manager,France,Transformation & Change Management,,2023-08-20,1,84100,141,Not available,40–49
202500125,125,2025,Manager,Sweden,Digital Strategy Consulting,2022-07-23,2024-07-18,3,104100,144,3–5 years,Under 30
202500127,127,2025,Non-manager,Germany,Cybersecurity & Digital Risk,,2025-10-12,2,51200,117,Not available,30–39
202500128,128,2025,Manager,France,Technology & IT Strategy,2024-07-26,2023-04-11,5,124900,138,1–2 years,40–49
202500129,129,2025,Manager,Spain,Data & Analytics Consulting,,2025-09-22,4,97200,123,Not available,30–39
202500130,130,2025,Manager,Sweden,Digital Strategy Consulting,2024-06-05,2025-10-08,4,111200,96,1–2 years,30–39
202500131,131,2025,Manager,France,Sales & Business Development,,2024-06-26,5,97500,125,Not available,30–39
202500133,133,2025,Manager,Sweden,Data & Analytics Consulting,2021-03-13,2024-11-09,3,102700,98,3–5 years,Under 30
202500134,134,2025,Manager,France,Transformation & Change Management,2023-10-06,2023-03-22,5,97600,114,1–2 years,40–49
202500135,135,2025,Non-manager,Sweden,Technology & IT Strategy,,2024-06-07,13,72600,102,Not available,30–39
202500136,136,2025,Non-manager,Sweden,Customer Experience & Design,2023-06-19,2025-03-02,7,82600,98,1–2 years,30–39
202500137,137,2025,Manager,Germany,Customer Experience & Design,,2023-11-30,3,76600,124,Not available,Under 30
202500138,138,2025,Manager,Sweden,Finance & Operations,,,5,138200,119,Not available,60 and above
202500139,139,2025,Manager,Denmark,Digital Marketing & Growth,2022-04-08,2024-01-26,3,102500,91,3–5 years,30–39
202500140,140,2025,Manager,France,Digital Strategy Consulting,2025-03-27,2023-01-03,8,77100,128,Less than 1 year,Under 30
202500141,141,2025,Manager,Spain,Finance & Operations,2025-11-10,2025-03-19,7,64700,112,Less than 1 year,Under 30
202500142,142,2025,Manager,Sweden,Technology & IT Strategy,,2025-05-10,7,91600,107,Not available,30–39
202500143,143,2025,Manager,Sweden,Transformation & Change Management,,2025-10-20,11,151200,101,Not available,60 and above
202500144,144,2025,Manager,Sweden,Customer Experience & Design,2016-06-29,,6,179400,99,6–10 years,50–59
202500145,145,2025,Manager,Spain,Digital Marketing & Growth,,,7,69800,138,Not available,Under 30
202500147,147,2025,Non-manager,Sweden,Sales & Business Development,2025-02-27,,5,55400,92,Less than 1 year,30–39
202500148,148,2025,Non-manager,Denmark,Technology & IT Strategy,2023-03-20,2024-10-15,7,77200,138,1–2 years,30–39
202500149,149,2025,Non-manager,Spain,Digital Strategy Consulting,2020-11-18,,6,75700,109,3–5 years,40–49
202500150,150,2025,Manager,Sweden,Sales & Business Development,,2024-10-27,3,181700,97,Not available,50–59
202500151,151,2025,Non-manager,France,Data & Analytics Consulting,2018-03-12,2023-01-19,4,101400,115,6–10 years,40–49
202500152,152,2025,Manager,Denmark,Digital Marketing & Growth,2024-02-17,2024-04-17,2,95500,87,1–2 years,30–39
202500153,153,2025,Manager,Sweden,Transformation & Change Management,2024-02-20,2025-05-20,7,82600,116,1–2 years,Under 30
202500154,154,2025,Manager,Denmark,Transformation & Change Management,2025-09-18,2024-10-13,5,105500,80,Less than 1 year,30–39
202500155,155,2025,Non-manager,Germany,Digital Strategy Consulting,2022-12-04,2023-04-09,5,56600,125,3–5 years,30–39
202500156,156,2025,Manager,Denmark,Digital Strategy Consulting,2016-02-20,2024-07-19,2,152100,110,6–10 years,30–39
202500157,157,2025,Non-manager,Spain,Data & Analytics Consulting,,2023-10-19,7,73100,138,Not available,50–59
202500158,158,2025,Non-manager,Sweden,Finance & Operations,2024-07-18,2024-10-06,2,47600,103,1–2 years,30–39
202500160,160,2025,Manager,Sweden,Digital Strategy Consulting,2024-11-22,,7,125400,118,1–2 years,30–39
202500161,161,2025,Manager,Sweden,Data & Analytics Consulting,2024-09-21,2023-11-29,9,103400,97,1–2 years,30–39
202500162,162,2025,Manager,Denmark,Transformation & Change Management,2020-09-17,2025-05-10,5,158900,93,3–5 years,40–49
202500163,163,2025,Manager,France,Digital Strategy Consulting,2025-11-08,2024-05-05,3,81800,132,Less than 1 year,Under 30
202500164,164,2025,Non-manager,Sweden,Transformation & Change Management,2022-04-14,2024-09-10,7,54400,147,3–5 years,30–39
202500166,166,2025,Manager,Sweden,Human Resources,2022-08-10,,7,135900,113,3–5 years,40–49
202500167,167,2025,Non-manager,Spain,Customer Experience & Design,2025-02-05,2025-07-31,2,49100,113,Less than 1 year,30–39
202500168,168,2025,Manager,Sweden,Data & Analytics Consulting,,2023-11-17,6,125100,128,Not available,30–39
202500169,169,2025,Non-manager,Sweden,Customer Experience & Design,2024-01-28,2023-06-16,5,50600,124,1–2 years,Under 30
202500170,170,2025,Non-manager,Sweden,Human Resources,2023-11-11,2025-02-12,10,51600,87,1–2 years,30–39
202500171,171,2025,Manager,Sweden,Sales & Business Development,,2025-04-30,5,175500,92,Not available,60 and above
202500172,172,2025,Manager,Spain,Data & Analytics Consulting,2022-11-13,,1,82000,127,3–5 years,Under 30
202500173,173,2025,Manager,Spain,Human Resources,,,6,79200,112,Not available,30–39
202500174,174,2025,Manager,Germany,Human Resources,2023-08-28,2023-08-11,3,97700,109,1–2 years,Under 30
202500175,175,2025,Non-manager,Sweden,Data & Analytics Consulting,,,0,67900,74,Not available,40–49
202500176,176,2025,Manager,Sweden,Digital Strategy Consulting,,2023-12-04,6,182700,132,Not available,40–49
202500178,178,2025,Manager,Denmark,Sales & Business Development,2024-08-01,2024-02-29,7,115500,125,1–2 years,30–39
202500179,179,2025,Manager,Sweden,Customer Experience & Design,,,10,110800,99,Not available,Under 30
202500180,180,2025,Non-manager,Spain,Cybersecurity & Digital Risk,2025-10-29,2024-05-05,9,39900,112,Less than 1 year,30–39
202500181,181,2025,Manager,Spain,Data & Analytics Consulting,2022-04-12,2024-12-14,0,77700,109,3–5 years,30–39
202500182,182,2025,Non-manager,Denmark,Finance & Operations,2024-10-22,2023-03-15,4,74600,95,1–2 years,30–39
202500184,184,2025,Manager,Spain,Finance & Operations,,2024-08-24,4,77400,99,Not available,40–49
202500185,185,2025,Non-manager,Sweden,Data & Analytics Consulting,2017-02-15,2025-10-11,6,92800,108,6–10 years,50–59
202500187,187,2025,Manager,Sweden,Finance & Operations,,2025-10-06,5,98800,105,Not available,30–39
202500188,188,2025,Manager,France,Human Resources,,2025-10-31,5,70900,99,Not available,30–39
202500189,189,2025,Non-manager,Spain,Finance & Operations,2020-07-29,,1,47400,125,3–5 years,40–49
202500191,191,2025,Manager,Sweden,Data & Analytics Consulting,,2024-05-02,6,95900,107,Not available,30–39
202500192,192,2025,Manager,Spain,Sales & Business Development,,2025-12-04,4,89100,109,Not available,40–49
202500194,194,2025,Manager,Germany,Transformation & Change Management,2019-12-05,2023-10-05,2,138300,141,6–10 years,50–59
202500195,195,2025,Manager,Denmark,Customer Experience & Design,2019-05-31,2025-07-13,3,177700,82,6–10 years,50–59
202500196,196,2025,Non-manager,Spain,Data & Analytics Consulting,,,5,49600,115,Not available,30–39
202500197,197,2025,Non-manager,Germany,Finance & Operations,2023-04-09,2023-05-22,1,48200,127,1–2 years,30–39
202500199,199,2025,Non-manager,Spain,Finance & Operations,2024-03-02,,7,50300,138,1–2 years,30–39
202500200,200,2025,Manager,Germany,Cybersecurity & Digital Risk,,2025-03-22,6,112800,88,Not available,30–39
202500201,201,2025,Non-manager,France,Sales & Business Development,2022-01-23,2025-02-26,6,57900,141,3–5 years,30–39
202500202,202,2025,Non-manager,Sweden,Digital Strategy Consulting,2024-07-30,2024-10-09,2,46900,131,1–2 years,Under 30
202500203,203,2025,Manager,Spain,Transformation & Change Management,2023-04-14,2023-10-15,9,64700,96,1–2 years,Under 30
202500204,204,2025,Manager,Denmark,Digital Marketing & Growth,,2025-02-01,4,129400,114,Not available,30–39
202500205,205,2025,Non-manager,Spain,Technology & IT Strategy,,2023-04-11,3,61700,127,Not available,40–49
202500206,206,2025,Manager,Sweden,Customer Experience & Design,2025-07-07,2023-04-10,3,81200,107,Less than 1 year,30–39
202500207,207,2025,Manager,Germany,Data & Analytics Consulting,2025-08-15,2024-08-06,5,75600,126,Less than 1 year,Under 30
202500208,208,2025,Manager,Sweden,Data & Analytics Consulting,2024-04-23,2025-07-13,6,96600,105,1–2 years,30–39
202500209,209,2025,Manager,Sweden,Transformation & Change Management,2024-08-14,2025-09-16,8,86300,87,1–2 years,Under 30
202500210,210,2025,Manager,Germany,Digital Marketing & Growth,2023-12-07,2023-06-05,4,75600,118,1–2 years,Under 30
202500212,212,2025,Manager,Sweden,Digital Strategy Consulting,2025-09-11,2025-09-01,9,84600,124,Less than 1 year,30–39
202500213,213,2025,Non-manager,Germany,Technology & IT Strategy,,,2,58700,120,Not available,40–49
202500214,214,2025,Manager,Sweden,Digital Marketing & Growth,2021-12-09,2023-06-26,3,104700,119,3–5 years,30–39
202500215,215,2025,Manager,Sweden,Cybersecurity & Digital Risk,2024-08-10,2025-02-13,3,84800,91,1–2 years,Under 30
202500218,218,2025,Non-manager,Denmark,Data & Analytics Consulting,2023-05-28,2023-03-30,1,57300,141,1–2 years,Under 30
202500219,219,2025,Non-manager,Sweden,Digital Marketing & Growth,,,6,63700,108,Not available,40–49
202500220,220,2025,Manager,Spain,Sales & Business Development,,2025-12-13,5,86100,114,Not available,30–39
202500221,221,2025,Non-manager,Sweden,Transformation & Change Management,2025-05-22,2025-01-06,9,73500,116,Less than 1 year,30–39
202500223,223,2025,Manager,France,Digital Strategy Consulting,2025-06-21,2025-01-30,4,101100,114,Less than 1 year,30–39
202500224,224,2025,Non-manager,Denmark,Customer Experience & Design,,2025-07-25,6,70100,103,Not available,Under 30
202500225,225,2025,Manager,Sweden,Human Resources,2024-04-22,2024-07-09,6,107900,83,1–2 years,50–59
202500226,226,2025,Non-manager,Sweden,Transformation & Change Management,,2024-09-21,7,74900,141,Not available,Under 30
202500227,227,2025,Manager,Sweden,Data & Analytics Consulting,2024-07-11,2024-06-28,5,117900,123,1–2 years,30–39
202500228,228,2025,Non-manager,Spain,Finance & Operations,,2023-10-31,7,36500,114,Not available,30–39
202500229,229,2025,Non-manager,Sweden,Data & Analytics Consulting,2023-01-03,2025-05-26,7,71700,109,1–2 years,30–39
202500230,230,2025,Non-manager,Sweden,Sales & Business Development,2023-12-28,2025-12-24,5,59800,100,1–2 years,Under 30
202500231,231,2025,Non-manager,Germany,Sales & Business Development,,2024-11-21,4,65000,113,Not available,Under 30
202500232,232,2025,Manager,Spain,Technology & IT Strategy,2023-12-19,2024-03-02,5,67800,97,1–2 years,Under 30
202500233,233,2025,Manager,Germany,Transformation & Change Management,2023-04-16,2023-09-21,4,84400,105,1–2 years,40–49
202500234,234,2025,Non-manager,Sweden,Finance & Operations,,,5,52700,112,Not available,30–39
202500235,235,2025,Manager,Sweden,Transformation & Change Management,2025-06-03,2024-10-01,5,89700,96,Less than 1 year,Under 30
202500236,236,2025,Manager,Sweden,Cybersecurity & Digital Risk,,,5,178100,94,Not available,40–49
202500237,237,2025,Manager,Sweden,Sales & Business Development,2022-08-11,2023-12-02,8,97800,136,3–5 years,Under 30
202500238,238,2025,Manager,Sweden,Cybersecurity & Digital Risk,,2024-05-09,1,87200,95,Not available,30–39
202500239,239,2025,Manager,Spain,Sales & Business Development,,2023-03-18,4,90400,135,Not available,30–39
202500240,240,2025,Manager,Sweden,Technology & IT Strategy,,2025-03-26,2,109600,109,Not available,30–39
202500241,241,2025,Manager,Denmark,Digital Marketing & Growth,2022-12-28,2023-03-05,3,100500,113,3–5 years,30–39
202500242,242,2025,Manager,Germany,Human Resources,2019-11-04,2024-05-08,4,122300,108,6–10 years,30–39
202500244,244,2025,Non-manager,Sweden,Data & Analytics Consulting,,2024-08-28,3,46700,136,Not available,Under 30
202500246,246,2025,Manager,Sweden,Technology & IT Strategy,,2025-11-24,4,90300,103,Not available,30–39
202500247,247,2025,Manager,Germany,Finance & Operations,,2024-11-02,3,79100,106,Not available,Under 30
202500248,248,2025,Non-manager,Sweden,Customer Experience & Design,2023-12-08,2024-07-05,13,41700,114,1–2 years,Under 30
202500249,249,2025,Manager,France,Digital Strategy Consulting,2022-02-15,,4,86000,112,3–5 years,30–39
202500250,250,2025,Manager,France,Transformation & Change Management,2018-12-11,2025-02-05,5,118400,108,6–10 years,40–49
202500251,251,2025,Manager,Germany,Data & Analytics Consulting,2022-06-22,2024-03-12,4,99800,97,3–5 years,30–39
202500252,252,2025,Manager,Spain,Transformation & Change Management,2021-09-28,,3,105700,118,3–5 years,50–59
202500253,253,2025,Manager,Sweden,Data & Analytics Consulting,,2023-05-10,4,137300,62,Not available,50–59
202500254,254,2025,Manager,Sweden,Sales & Business Development,,2025-03-23,3,93000,124,Not available,Under 30
202500255,255,2025,Non-manager,France,Digital Strategy Consulting,2025-05-03,,2,50500,112,Less than 1 year,30–39
202500256,256,2025,Manager,Sweden,Transformation & Change Management,2022-07-01,2023-11-16,8,119900,90,3–5 years,30–39
202500258,258,2025,Non-manager,Sweden,Technology & IT Strategy,,2025-05-22,4,79700,138,Not available,30–39
202500261,261,2025,Non-manager,Denmark,Sales & Business Development,2025-01-21,2024-08-06,4,67900,113,Less than 1 year,30–39
202500262,262,2025,Manager,Sweden,Customer Experience & Design,,,3,100400,101,Not available,Under 30
202500263,263,2025,Manager,Spain,Human Resources,2025-06-17,2024-07-23,4,63900,127,Less than 1 year,Under 30
202500264,264,2025,Non-manager,Sweden,Sales & Business Development,,2025-12-05,4,60000,94,Not available,30–39
202500265,265,2025,Manager,Sweden,Cybersecurity & Digital Risk,2023-02-09,2023-11-27,8,87300,119,1–2 years,30–39
202500266,266,2025,Manager,France,Transformation & Change Management,2025-12-09,2025-08-28,3,92500,110,Less than 1 year,30–39
202500267,267,2025,Non-manager,Germany,Customer Experience & Design,2020-02-07,,6,98200,122,3–5 years,40–49
202500268,268,2025,Manager,France,Cybersecurity & Digital Risk,2019-02-08,2024-03-16,4,119200,100,6–10 years,30–39
202500269,269,2025,Manager,Sweden,Transformation & Change Management,,2025-01-25,4,111500,84,Not available,30–39
202500270,270,2025,Non-manager,Spain,Customer Experience & Design,,2025-09-20,9,41300,112,Not available,30–39
202500271,271,2025,Manager,Sweden,Technology & IT Strategy,2018-04-28,,4,125300,95,6–10 years,30–39
202500272,272,2025,Non-manager,Germany,Digital Strategy Consulting,2024-06-30,2025-10-11,4,53200,141,1–2 years,Under 30
202500273,273,2025,Manager,Sweden,Human Resources,,,3,172900,127,Not available,50–59
202500274,274,2025,Manager,Germany,Finance & Operations,2021-01-11,,3,97700,155,3–5 years,30–39
202500275,275,2025,Manager,Sweden,Technology & IT Strategy,,2024-01-26,8,120100,109,Not available,30–39
202500277,277,2025,Non-manager,Sweden,Digital Marketing & Growth,,2024-01-14,6,73500,106,Not available,40–49
202500278,278,2025,Non-manager,Sweden,Data & Analytics Consulting,2023-03-07,2023-10-26,4,63800,103,1–2 years,30–39
202500279,279,2025,Non-manager,Sweden,Human Resources,,2024-09-10,6,65800,117,Not available,30–39
202500280,280,2025,Manager,Spain,Digital Strategy Consulting,,,6,95700,111,Not available,40–49
202500281,281,2025,Manager,France,Cybersecurity & Digital Risk,2025-03-21,2025-06-08,7,115800,133,Less than 1 year,40–49
202500282,282,2025,Manager,Sweden,Human Resources,2022-11-15,2025-05-21,8,94400,99,3–5 years,Under 30
202500283,283,2025,Non-manager,Sweden,Digital Marketing & Growth,,2024-11-01,7,52300,117,Not available,Under 30
202500285,285,2025,Non-manager,Sweden,Transformation & Change Management,,2025-08-01,4,59700,113,Not available,Under 30
202500286,286,2025,Non-manager,Sweden,Digital Strategy Consulting,2023-10-06,2023-01-02,5,75400,106,1–2 years,40–49
202500287,287,2025,Manager,Denmark,Digital Marketing & Growth,,,12,113200,105,Not available,30–39
202500288,288,2025,Non-manager,Sweden,Cybersecurity & Digital Risk,2022-06-30,2023-03-04,5,55000,118,3–5 years,30–39
202500289,289,2025,Manager,Spain,Finance & Operations,,2024-07-17,2,72800,129,Not available,30–39
202500290,290,2025,Manager,France,Technology & IT Strategy,2022-11-20,2024-07-24,5,99700,142,3–5 years,30–39
202500291,291,2025,Manager,Sweden,Customer Experience & Design,,2025-04-13,6,140100,67,Not available,30–39
202500292,292,2025,Manager,Sweden,Technology & IT Strategy,2022-11-05,,6,114500,107,3–5 years,40–49
202500293,293,2025,Manager,Sweden,Sales & Business Development,,2023-09-27,13,112700,107,Not available,40–49
202500294,294,2025,Manager,Germany,Sales & Business Development,,2023-08-16,4,92500,131,Not available,30–39
202500295,295,2025,Manager,Germany,Finance & Operations,2024-12-13,2023-05-03,3,139300,116,1–2 years,50–59
202500296,296,2025,Manager,Sweden,Transformation & Change Management,2022-10-08,2024-02-25,4,91400,130,3–5 years,30–39
202500297,297,2025,Non-manager,Spain,Digital Strategy Consulting,2023-10-06,2023-11-19,8,41400,130,1–2 years,30–39
202500298,298,2025,Manager,Sweden,Transformation & Change Management,2025-07-06,2024-03-12,1,96600,127,Less than 1 year,30–39
202500299,299,2025,Non-manager,Spain,Finance & Operations,,,5,43500,151,Not available,30–39
202500300,300,2025,Manager,Sweden,Cybersecurity & Digital Risk,2023-02-26,2024-04-27,5,147500,119,1–2 years,50–59
202500301,301,2025,Non-manager,Sweden,Digital Marketing & Growth,,2024-10-02,10,74100,138,Not available,40–49
202500302,302,2025,Non-manager,Germany,Data & Analytics Consulting,,2024-06-11,5,49200,94,Not available,Under 30
202500303,303,2025,Manager,Denmark,Transformation & Change Management,,,5,137300,145,Not available,30–39
202500304,304,2025,Non-manager,Spain,Digital Strategy Consulting,,,5,45600,131,Not available,Under 30
202500305,305,2025,Non-manager,Spain,Data & Analytics Consulting,2024-07-08,2025-10-02,2,38700,162,1–2 years,Under 30
202500306,306,2025,Non-manager,Spain,Data & Analytics Consulting,2024-08-17,2024-10-21,6,67800,148,1–2 years,30–39
202500307,307,2025,Non-manager,Germany,Sales & Business Development,2025-02-03,2025-03-05,3,50800,127,Less than 1 year,Under 30
202500308,308,2025,Manager,France,Customer Experience & Design,2023-04-02,,6,82400,92,1–2 years,40–49
202500309,309,2025,Manager,Sweden,Finance & Operations,2023-07-18,2025-06-22,1,100300,59,1–2 years,30–39
202500311,311,2025,Manager,Spain,Data & Analytics Consulting,,2025-02-12,3,77500,106,Not available,30–39
202500312,312,2025,Manager,Sweden,Transformation & Change Management,,2024-03-07,3,125100,136,Not available,30–39
202500313,313,2025,Non-manager,France,Digital Marketing & Growth,,,2,68600,120,Not available,Under 30
202500314,314,2025,Non-manager,Sweden,Digital Marketing & Growth,,2024-03-13,5,89200,135,Not available,40–49
202500315,315,2025,Non-manager,Sweden,Transformation & Change Management,2023-12-04,,4,67700,76,1–2 years,30–39
202500316,316,2025,Non-manager,France,Human Resources,2024-04-22,2025-07-19,5,45000,99,1–2 years,30–39
202500317,317,2025,Non-manager,Sweden,Transformation & Change Management,2023-03-10,,8,55200,155,1–2 years,30–39
202500318,318,2025,Manager,France,Transformation & Change Management,,2023-05-31,5,76200,124,Not available,Under 30
202500319,319,2025,Manager,Sweden,Cybersecurity & Digital Risk,,2025-04-12,3,138800,126,Not available,40–49
202500320,320,2025,Non-manager,Spain,Data & Analytics Consulting,,2023-02-03,7,67900,126,Not available,50–59
202500321,321,2025,Manager,Sweden,Human Resources,2024-02-25,2025-05-10,4,66900,136,1–2 years,Under 30
202500322,322,2025,Non-manager,Spain,Finance & Operations,,2025-01-01,5,62300,150,Not available,30–39
202500323,323,2025,Manager,Germany,Digital Strategy Consulting,2020-10-19,,6,114200,94,3–5 years,30–39
202500324,324,2025,Non-manager,Germany,Customer Experience & Design,2024-12-08,2024-03-17,3,32200,133,1–2 years,30–39
202500325,325,2025,Manager,France,Finance & Operations,2020-06-20,2025-08-15,2,87900,111,3–5 years,30–39
202500326,326,2025,Non-manager,Spain,Finance & Operations,2025-01-23,2024-12-27,5,35300,149,Less than 1 year,30–39
202500327,327,2025,Manager,Sweden,Technology & IT Strategy,,2025-02-25,7,144400,107,Not available,40–49
202500328,328,2025,Non-manager,Germany,Digital Marketing & Growth,,2025-06-27,6,49200,84,Not available,30–39
202500329,329,2025,Manager,France,Transformation & Change Management,,2023-08-02,4,117600,139,Not available,30–39
202500330,330,2025,Non-manager,Sweden,Cybersecurity & Digital Risk,2023-09-27,2025-01-03,3,59300,137,1–2 years,30–39
202500331,331,2025,Manager,Spain,Digital Strategy Consulting,,2025-03-06,3,109800,131,Not available,40–49
202500332,332,2025,Manager,Sweden,Digital Marketing & Growth,2020-10-15,2024-11-08,5,110900,142,3–5 years,40–49
202500333,333,2025,Non-manager,Germany,Cybersecurity & Digital Risk,,2025-10-11,9,91200,132,Not available,40–49
202500334,334,2025,Manager,Germany,Transformation & Change Management,2025-07-24,2024-01-02,4,80500,111,Less than 1 year,Under 30
202500336,336,2025,Manager,Sweden,Cybersecurity & Digital Risk,2023-04-20,2024-10-14,7,102000,112,1–2 years,30–39
202500337,337,2025,Manager,Sweden,Customer Experience & Design,2019-01-04,2023-08-14,7,167900,118,6–10 years,50–59
202500338,338,2025,Non-manager,Sweden,Finance & Operations,,,2,78200,119,Not available,30–39
202500339,339,2025,Non-manager,Sweden,Finance & Operations,,2024-05-05,0,97800,135,Not available,40–49
202500340,340,2025,Non-manager,France,Technology & IT Strategy,2025-02-09,2024-09-10,7,57000,94,Less than 1 year,Under 30
202500342,342,2025,Non-manager,Sweden,Sales & Business Development,2025-07-13,2024-05-22,5,66200,119,Less than 1 year,30–39
202500343,343,2025,Manager,Sweden,Digital Strategy Consulting,,,4,95100,69,Not available,30–39
202500344,344,2025,Manager,Germany,Customer Experience & Design,,2025-12-31,7,72000,112,Not available,Under 30
202500345,345,2025,Manager,Germany,Digital Marketing & Growth,2024-10-18,2023-06-06,4,87400,127,1–2 years,30–39
202500346,346,2025,Manager,Sweden,Digital Strategy Consulting,,2023-06-02,3,183900,136,Not available,40–49
202500347,347,2025,Non-manager,Germany,Digital Strategy Consulting,,,8,59700,110,Not available,30–39
202500349,349,2025,Non-manager,Germany,Transformation & Change Management,,2025-05-28,4,84800,109,Not available,40–49
202500350,350,2025,Manager,France,Customer Experience & Design,,2025-07-17,5,120900,103,Not available,40–49
202500351,351,2025,Manager,France,Data & Analytics Consulting,2023-02-21,2024-04-23,4,120600,124,1–2 years,40–49
202500352,352,2025,Non-manager,Germany,Technology & IT Strategy,2021-10-12,,3,67700,138,3–5 years,30–39
202500353,353,2025,Non-manager,Spain,Data & Analytics Consulting,2022-04-12,2025-10-10,5,46200,106,3–5 years,Under 30
202500354,354,2025,Manager,Germany,Digital Strategy Consulting,,2025-12-06,6,145400,108,Not available,50–59
202500355,355,2025,Manager,Germany,Cybersecurity & Digital Risk,2024-07-26,2024-04-22,5,118000,149,1–2 years,30–39
202500356,356,2025,Manager,France,Transformation & Change Management,,2024-09-25,3,82300,106,Not available,30–39
202500357,357,2025,Manager,Sweden,Customer Experience & Design,,2023-09-05,8,139200,123,Not available,40–49
202500358,358,2025,Manager,Sweden,Sales & Business Development,2025-09-05,2023-11-13,3,100000,99,Less than 1 year,30–39
202500359,359,2025,Manager,Denmark,Data & Analytics Consulting,2024-09-15,2024-09-18,4,112600,106,1–2 years,Under 30
202500360,360,2025,Manager,Sweden,Human Resources,2022-05-03,2023-06-14,4,92800,113,3–5 years,30–39
202500361,361,2025,Manager,Spain,Customer Experience & Design,,,2,95000,115,Not available,40–49
202500362,362,2025,Non-manager,Sweden,Human Resources,2023-11-22,,8,56700,111,1–2 years,30–39
202500363,363,2025,Manager,France,Technology & IT Strategy,,2023-11-29,3,112000,102,Not available,40–49
202500364,364,2025,Non-manager,Sweden,Transformation & Change Management,2024-07-03,,3,95000,113,1–2 years,50–59
202500365,365,2025,Non-manager,Germany,Customer Experience & Design,,,7,96200,112,Not available,50–59
202500366,366,2025,Non-manager,Spain,Digital Strategy Consulting,2025-09-14,2025-09-12,4,47400,124,Less than 1 year,30–39
202500367,367,2025,Manager,Denmark,Customer Experience & Design,,,4,182600,120,Not available,40–49
202500368,368,2025,Manager,Denmark,Customer Experience & Design,2020-03-18,,8,124000,96,3–5 years,Under 30
202500369,369,2025,Non-manager,Germany,Human Resources,2023-06-05,2025-12-12,6,46100,112,1–2 years,40–49
202500370,370,2025,Non-manager,Spain,Customer Experience & Design,,,5,73600,100,Not available,40–49
202500371,371,2025,Non-manager,Sweden,Data & Analytics Consulting,2024-03-04,2025-02-27,3,58800,115,1–2 years,30–39
202500372,372,2025,Manager,Germany,Data & Analytics Consulting,2024-11-04,2023-08-25,10,85500,63,1–2 years,30–39
202500373,373,2025,Non-manager,Sweden,Data & Analytics Consulting,2024-10-29,2023-12-05,7,70100,101,1–2 years,Under 30
202500374,374,2025,Manager,Sweden,Sales & Business Development,2021-01-13,2023-01-15,4,200000,115,3–5 years,40–49
202500376,376,2025,Non-manager,Sweden,Human Resources,,,9,92300,133,Not available,30–39
202500378,378,2025,Non-manager,Spain,Human Resources,2022-07-21,2023-07-28,6,67900,102,3–5 years,40–49
202500379,379,2025,Manager,Spain,Finance & Operations,,2025-03-05,7,118100,120,Not available,40–49
202500380,380,2025,Manager,Sweden,Finance & Operations,2023-03-29,2023-01-25,3,86900,95,1–2 years,30–39
202500381,381,2025,Manager,Germany,Cybersecurity & Digital Risk,2024-10-17,2025-09-12,1,115000,116,1–2 years,30–39
202500382,382,2025,Non-manager,Sweden,Data & Analytics Consulting,2024-02-29,2023-06-15,7,52700,97,1–2 years,Under 30
202500383,383,2025,Non-manager,Sweden,Customer Experience & Design,,,3,66100,160,Not available,30–39
202500384,384,2025,Manager,Spain,Human Resources,,2024-02-10,3,102300,126,Not available,30–39
202500385,385,2025,Manager,Germany,Sales & Business Development,2022-10-22,2023-08-21,5,97300,103,3–5 years,30–39
202500386,386,2025,Manager,France,Digital Marketing & Growth,2019-10-11,2024-12-03,5,103200,124,6–10 years,30–39
202500387,387,2025,Manager,Germany,Digital Strategy Consulting,,2023-09-03,7,92500,136,Not available,30–39
202500389,389,2025,Manager,Denmark,Technology & IT Strategy,2024-04-18,2025-02-14,5,117300,125,1–2 years,30–39
202500390,390,2025,Non-manager,Sweden,Transformation & Change Management,2021-11-29,2025-09-30,6,65000,108,3–5 years,Under 30
202500391,391,2025,Manager,Spain,Transformation & Change Management,,2025-12-01,5,104500,125,Not available,40–49
202500392,392,2025,Manager,Sweden,Transformation & Change Management,,2023-11-07,8,135000,113,Not available,40–49
202500394,394,2025,Manager,Sweden,Data & Analytics Consulting,2021-09-08,2025-09-18,4,100700,117,3–5 years,30–39
202500395,395,2025,Non-manager,Germany,Finance & Operations,2024-01-17,2023-06-07,3,51400,138,1–2 years,30–39
202500396,396,2025,Non-manager,France,Finance & Operations,,,2,52000,146,Not available,40–49
202500397,397,2025,Manager,Sweden,Human Resources,,2023-11-19,4,176200,106,Not available,50–59
202500398,398,2025,Non-manager,Germany,Transformation & Change Management,,2025-03-22,7,78100,118,Not available,50–59
202500399,399,2025,Manager,France,Customer Experience & Design,2024-08-07,2025-12-24,4,82400,83,1–2 years,Under 30
202500401,401,2025,Manager,France,Transformation & Change Management,2024-05-14,,4,104600,104,1–2 years,40–49
202500402,402,2025,Manager,France,Technology & IT Strategy,,2024-06-02,5,116100,133,Not available,40–49
202500403,403,2025,Manager,France,Customer Experience & Design,,,3,88800,110,Not available,40–49
202500404,404,2025,Manager,Sweden,Sales & Business Development,,2023-09-21,5,143200,52,Not available,40–49
202500406,406,2025,Manager,Sweden,Data & Analytics Consulting,,2025-10-23,3,97400,96,Not available,30–39
202500407,407,2025,Manager,Sweden,Data & Analytics Consulting,2020-10-13,2023-08-20,6,145800,131,3–5 years,50–59
202500408,408,2025,Non-manager,Germany,Digital Strategy Consulting,,2024-03-26,10,52600,127,Not available,30–39
202500409,409,2025,Manager,Sweden,Transformation & Change Management,,2025-12-01,7,104000,101,Not available,Under 30
202500410,410,2025,Manager,France,Digital Strategy Consulting,2024-12-16,2025-03-13,4,100800,111,1–2 years,30–39
202500411,411,2025,Manager,Sweden,Technology & IT Strategy,2020-06-11,2025-07-19,5,136300,93,3–5 years,40–49
202500413,413,2025,Manager,Sweden,Transformation & Change Management,,2025-03-31,8,136400,128,Not available,40–49
202500415,415,2025,Manager,Denmark,Cybersecurity & Digital Risk,,2025-01-16,2,137600,94,Not available,30–39
202500416,416,2025,Non-manager,Sweden,Transformation & Change Management,2023-08-25,,7,54800,120,1–2 years,Under 30
202500417,417,2025,Manager,Denmark,Transformation & Change Management,2025-05-29,2023-10-06,5,117400,126,Less than 1 year,Under 30
202500418,418,2025,Non-manager,Sweden,Transformation & Change Management,2023-10-28,2023-12-14,8,66100,135,1–2 years,Under 30
202500419,419,2025,Manager,France,Technology & IT Strategy,,2023-02-01,4,99700,106,Not available,30–39
202500421,421,2025,Manager,Sweden,Human Resources,2017-04-14,2024-07-29,2,120700,109,6–10 years,50–59
202500422,422,2025,Manager,Denmark,Digital Strategy Consulting,2024-06-19,2024-01-03,5,93800,88,1–2 years,Under 30
202500423,423,2025,Non-manager,Sweden,Transformation & Change Management,2022-08-12,2024-12-29,5,66100,135,3–5 years,30–39
202500424,424,2025,Manager,Sweden,Digital Strategy Consulting,2021-04-11,2024-03-29,6,116600,119,3–5 years,30–39
202500425,425,2025,Manager,Germany,Sales & Business Development,2020-05-18,2023-03-05,4,130000,132,3–5 years,30–39
202500426,426,2025,Non-manager,Sweden,Transformation & Change Management,2021-09-03,2023-07-25,5,62100,95,3–5 years,40–49
202500427,427,2025,Manager,Sweden,Digital Marketing & Growth,2023-09-10,,9,90200,104,1–2 years,Under 30
202500428,428,2025,Non-manager,Spain,Digital Marketing & Growth,,2023-02-28,6,54500,144,Not available,30–39
202500429,429,2025,Manager,Sweden,Technology & IT Strategy,,2023-09-23,4,88100,116,Not available,30–39
202500430,430,2025,Manager,Sweden,Digital Strategy Consulting,,2023-04-16,5,104900,103,Not available,30–39
202500431,431,2025,Manager,Sweden,Data & Analytics Consulting,2025-06-21,2023-10-04,4,92200,102,Less than 1 year,Under 30
202500432,432,2025,Manager,Denmark,Data & Analytics Consulting,2023-12-05,2025-01-24,5,103900,103,1–2 years,30–39
202500434,434,2025,Non-manager,Sweden,Cybersecurity & Digital Risk,,2023-06-14,6,72200,101,Not available,Under 30
202500436,436,2025,Manager,Sweden,Technology & IT Strategy,,2024-11-29,10,135100,94,Not available,40–49
202500437,437,2025,Manager,Sweden,Transformation & Change Management,2021-11-02,2025-09-06,6,142200,121,3–5 years,50–59
202500438,438,2025,Manager,Germany,Customer Experience & Design,2023-12-10,2023-07-02,6,93800,121,1–2 years,30–39
202500439,439,2025,Manager,Sweden,Cybersecurity & Digital Risk,2024-08-16,,1,112500,107,1–2 years,30–39
202500440,440,2025,Non-manager,Sweden,Technology & IT Strategy,2025-03-26,2023-08-14,2,82800,119,Less than 1 year,40–49
202500441,441,2025,Non-manager,Germany,Digital Strategy Consulting,,2023-07-07,0,66300,142,Not available,Under 30
202500442,442,2025,Manager,Germany,Human Resources,2020-09-11,2023-04-19,5,111100,111,3–5 years,40–49
202500443,443,2025,Non-manager,France,Data & Analytics Consulting,,2023-10-12,6,68100,132,Not available,Under 30
202500445,445,2025,Non-manager,Denmark,Cybersecurity & Digital Risk,,2025-04-26,4,106300,142,Not available,30–39
202500446,446,2025,Manager,France,Human Resources,,2023-05-10,2,81100,125,Not available,30–39
202500447,447,2025,Manager,Sweden,Technology & IT Strategy,,2024-08-27,4,174400,121,Not available,40–49
202500448,448,2025,Non-manager,Germany,Finance & Operations,2021-09-08,2025-01-14,4,57300,135,3–5 years,40–49
202500449,449,2025,Manager,Denmark,Cybersecurity & Digital Risk,2017-11-01,2025-01-02,4,173700,82,6–10 years,40–49
202500451,451,2025,Manager,Sweden,Digital Strategy Consulting,2024-10-18,2024-06-08,5,102800,140,1–2 years,30–39
202500452,452,2025,Manager,Sweden,Transformation & Change Management,,2023-01-02,5,197700,111,Not available,50–59
202500453,453,2025,Manager,France,Customer Experience & Design,,2024-05-12,8,130800,114,Not available,40–49
202500454,454,2025,Manager,Sweden,Digital Strategy Consulting,,2023-06-25,4,86300,125,Not available,30–39
202500455,455,2025,Manager,Sweden,Digital Strategy Consulting,,,10,130100,93,Not available,40–49
202500456,456,2025,Non-manager,Spain,Transformation & Change Management,2022-07-20,2025-01-24,5,43400,138,3–5 years,40–49
202500457,457,2025,Non-manager,Sweden,Technology & IT Strategy,,,2,92100,69,Not available,40–49
202500459,459,2025,Manager,Denmark,Customer Experience & Design,2023-11-09,2025-04-20,4,109500,121,1–2 years,40–49
202500460,460,2025,Non-manager,Germany,Cybersecurity & Digital Risk,,2025-08-06,5,81100,104,Not available,Under 30
202500461,461,2025,Manager,Germany,Data & Analytics Consulting,2021-04-06,2024-05-29,4,96200,144,3–5 years,30–39
202500462,462,2025,Non-manager,Sweden,Digital Marketing & Growth,2025-12-20,2024-05-22,7,49600,144,Less than 1 year,Under 30
202500463,463,2025,Non-manager,France,Digital Marketing & Growth,2022-01-15,2024-05-16,4,56700,120,3–5 years,40–49
202500464,464,2025,Manager,Sweden,Technology & IT Strategy,,2025-11-13,5,192600,137,Not available,50–59
202500465,465,2025,Manager,Denmark,Cybersecurity & Digital Risk,2019-04-18,2024-08-12,5,159500,89,6–10 years,30–39
202500466,466,2025,Non-manager,France,Data & Analytics Consulting,2025-01-30,2025-02-15,4,44200,115,Less than 1 year,Under 30
202500467,467,2025,Manager,France,Digital Strategy Consulting,,2024-06-01,4,94500,104,Not available,40–49
202500468,468,2025,Manager,Spain,Sales & Business Development,2023-04-05,2024-03-10,3,59600,125,1–2 years,30–39
202500469,469,2025,Manager,Sweden,Digital Strategy Consulting,,2024-12-10,4,87800,96,Not available,Under 30
202500470,470,2025,Manager,Sweden,Finance & Operations,,2024-05-30,5,123200,118,Not available,30–39
202500471,471,2025,Non-manager,Spain,Digital Marketing & Growth,2024-03-15,2023-09-25,2,34000,135,1–2 years,Under 30
202500472,472,2025,Non-manager,Sweden,Digital Marketing & Growth,2025-08-16,2024-04-12,4,62200,112,Less than 1 year,30–39
202500473,473,2025,Non-manager,Denmark,Cybersecurity & Digital Risk,2025-12-27,,5,69000,105,Less than 1 year,30–39
202500474,474,2025,Non-manager,Germany,Digital Strategy Consulting,2024-11-01,2024-10-25,3,62000,127,1–2 years,Under 30
202500475,475,2025,Non-manager,France,Customer Experience & Design,,,6,47100,146,Not available,40–49
202500477,477,2025,Manager,Germany,Digital Strategy Consulting,2016-03-04,,4,136600,111,6–10 years,40–49
202500478,478,2025,Non-manager,Sweden,Human Resources,2025-12-25,2025-06-20,8,41100,119,Less than 1 year,30–39
202500479,479,2025,Manager,France,Digital Strategy Consulting,2024-01-06,2024-12-28,3,74400,115,1–2 years,30–39
202500480,480,2025,Manager,Spain,Technology & IT Strategy,,2024-04-07,5,75700,104,Not available,30–39
202500481,481,2025,Non-manager,Sweden,Cybersecurity & Digital Risk,,,6,65900,155,Not available,30–39
202500482,482,2025,Manager,Sweden,Technology & IT Strategy,2016-07-05,2025-08-16,6,146400,117,6–10 years,30–39
202500483,483,2025,Manager,Germany,Technology & IT Strategy,2022-11-30,2024-06-26,5,111700,100,3–5 years,30–39
202500484,484,2025,Manager,Sweden,Sales & Business Development,2024-12-30,2024-08-21,8,79600,123,1–2 years,Under 30
202500485,485,2025,Manager,Sweden,Finance & Operations,2016-09-22,2023-05-05,10,169300,90,6–10 years,50–59
202500486,486,2025,Non-manager,Sweden,Data & Analytics Consulting,,,5,92500,140,Not available,50–59
202500487,487,2025,Manager,Sweden,Transformation & Change Management,2024-08-31,2025-08-07,2,104000,106,1–2 years,30–39
202500488,488,2025,Manager,Sweden,Sales & Business Development,2024-09-14,2023-08-13,4,87600,100,1–2 years,30–39
202500489,489,2025,Non-manager,France,Finance & Operations,,,3,43300,96,Not available,Under 30
202500490,490,2025,Non-manager,Sweden,Sales & Business Development,2024-12-14,2024-10-13,3,72100,138,1–2 years,30–39
202500491,491,2025,Non-manager,Sweden,Cybersecurity & Digital Risk,,2025-12-23,3,42500,113,Not available,Under 30
202500493,493,2025,Non-manager,Denmark,Data & Analytics Consulting,2025-11-25,2025-09-22,2,70700,128,Less than 1 year,30–39
202500494,494,2025,Manager,Germany,Customer Experience & Design,2024-01-31,,8,72800,109,1–2 years,30–39
202500495,495,2025,Non-manager,Sweden,Sales & Business Development,2025-11-18,2023-01-24,6,59400,116,Less than 1 year,30–39
202500496,496,2025,Manager,Spain,Data & Analytics Consulting,2025-11-05,2024-04-13,3,58000,90,Less than 1 year,Under 30
202500497,497,2025,Non-manager,Sweden,Transformation & Change Management,2022-01-11,2025-11-29,7,67100,143,3–5 years,30–39
202500498,498,2025,Manager,Sweden,Customer Experience & Design,2023-07-14,,3,96900,92,1–2 years,30–39
202500499,499,2025,Non-manager,France,Technology & IT Strategy,,2024-02-24,6,52900,149,Not available,30–39
202500501,501,2025,Manager,France,Data & Analytics Consulting,2024-10-23,,3,129500,139,1–2 years,40–49
202500502,502,2025,Manager,Sweden,Finance & Operations,2025-10-24,,6,97100,97,Less than 1 year,30–39
202500503,503,2025,Manager,France,Data & Analytics Consulting,2025-01-21,2023-07-13,3,84300,116,Less than 1 year,30–39
202500504,504,2025,Manager,Sweden,Cybersecurity & Digital Risk,,2024-03-07,5,109900,122,Not available,30–39
202500505,505,2025,Manager,France,Transformation & Change Management,,2025-01-09,0,154200,85,Not available,40–49
202500506,506,2025,Manager,France,Human Resources,,2023-03-06,4,79500,88,Not available,30–39
202500507,507,2025,Manager,Denmark,Digital Strategy Consulting,2023-05-12,2024-08-07,11,119500,84,1–2 years,40–49
202500508,508,2025,Manager,Spain,Customer Experience & Design,2025-12-23,2025-03-31,3,58700,158,Less than 1 year,30–39
202500509,509,2025,Non-manager,Sweden,Data & Analytics Consulting,,,5,104800,99,Not available,50–59
202500510,510,2025,Manager,Germany,Finance & Operations,2024-07-11,,8,74100,96,1–2 years,30–39
202500511,511,2025,Manager,Denmark,Technology & IT Strategy,,2023-04-28,5,164300,96,Not available,30–39
202500512,512,2025,Non-manager,France,Human Resources,2021-12-23,2023-05-21,6,58300,161,3–5 years,30–39
202500513,513,2025,Manager,Germany,Technology & IT Strategy,,,3,95800,114,Not available,Under 30
202500514,514,2025,Non-manager,Germany,Finance & Operations,,2024-08-04,4,54700,91,Not available,Under 30
202500515,515,2025,Manager,Spain,Digital Strategy Consulting,2024-07-31,,5,89600,147,1–2 years,30–39
202500516,516,2025,Manager,Sweden,Cybersecurity & Digital Risk,,2023-09-21,3,112200,143,Not available,30–39
202500518,518,2025,Manager,Sweden,Human Resources,2021-08-28,2023-08-21,8,131400,122,3–5 years,30–39
202500519,519,2025,Manager,Sweden,Digital Strategy Consulting,,,4,104500,124,Not available,40–49
202500520,520,2025,Non-manager,Germany,Customer Experience & Design,2025-11-19,2024-09-10,4,52600,114,Less than 1 year,Under 30
202500521,521,2025,Non-manager,Germany,Transformation & Change Management,2024-05-02,2024-02-22,2,38000,145,1–2 years,Under 30
202500522,522,2025,Manager,Sweden,Digital Marketing & Growth,,2023-10-11,4,99200,127,Not available,30–39
202500523,523,2025,Manager,Germany,Transformation & Change Management,,2024-07-17,3,85600,79,Not available,30–39
202500525,525,2025,Manager,Sweden,Cybersecurity & Digital Risk,,,8,117600,92,Not available,30–39
202500526,526,2025,Non-manager,Germany,Digital Marketing & Growth,,,5,81300,110,Not available,Under 30
202500527,527,2025,Manager,Denmark,Digital Marketing & Growth,,2025-02-12,5,137300,74,Not available,30–39
202500528,528,2025,Non-manager,France,Cybersecurity & Digital Risk,,2024-05-05,7,77200,132,Not available,40–49
202500529,529,2025,Manager,Sweden,Technology & IT Strategy,,,3,88200,105,Not available,Under 30
202500531,531,2025,Non-manager,Sweden,Digital Marketing & Growth,,2023-01-28,7,73000,114,Not available,40–49
202500533,533,2025,Non-manager,France,Digital Marketing & Growth,2025-02-05,,4,37900,110,Less than 1 year,30–39
202500535,535,2025,Non-manager,France,Technology & IT Strategy,,2023-12-08,1,35100,128,Not available,Under 30
202500536,536,2025,Non-manager,Sweden,Finance & Operations,2022-11-02,2023-10-22,2,59200,98,3–5 years,Under 30
202500537,537,2025,Manager,Germany,Finance & Operations,2023-07-10,2025-03-18,5,102200,118,1–2 years,40–49
202500538,538,2025,Manager,Sweden,Technology & IT Strategy,2016-01-07,,7,178900,123,6–10 years,50–59
202500541,541,2025,Manager,Germany,Data & Analytics Consulting,,2024-02-06,5,124300,100,Not available,50–59
202500542,542,2025,Non-manager,France,Technology & IT Strategy,,,7,53300,96,Not available,30–39
202500543,543,2025,Non-manager,Spain,Technology & IT Strategy,,,5,68300,119,Not available,40–49
202500544,544,2025,Manager,Sweden,Sales & Business Development,,2024-05-28,5,178500,111,Not available,40–49
202500545,545,2025,Manager,France,Sales & Business Development,,2025-04-15,9,115300,117,Not available,40–49
202500546,546,2025,Non-manager,Sweden,Digital Strategy Consulting,2025-08-01,2025-01-02,3,55300,146,Less than 1 year,30–39
202500547,547,2025,Manager,Germany,Digital Strategy Consulting,,,5,115700,113,Not available,40–49
202500548,548,2025,Manager,Denmark,Digital Marketing & Growth,,,11,122400,126,Not available,Under 30
202500550,550,2025,Non-manager,Sweden,Technology & IT Strategy,2024-03-15,2023-12-16,4,60800,119,1–2 years,Under 30
202500551,551,2025,Manager,Sweden,Data & Analytics Consulting,2021-10-20,2025-02-13,5,108000,130,3–5 years,30–39
202500552,552,2025,Non-manager,Spain,Transformation & Change Management,2023-01-24,2024-10-12,2,38400,139,1–2 years,30–39
202500553,553,2025,Non-manager,Sweden,Sales & Business Development,,2024-02-28,5,64500,127,Not available,Under 30
202500554,554,2025,Non-manager,Sweden,Digital Strategy Consulting,,2024-12-27,6,93800,107,Not available,30–39
202500555,555,2025,Manager,France,Finance & Operations,2025-10-17,2024-06-09,5,84300,112,Less than 1 year,30–39
202500556,556,2025,Manager,Denmark,Customer Experience & Design,2023-01-18,2023-10-20,4,98900,102,1–2 years,30–39
202500557,557,2025,Non-manager,Spain,Transformation & Change Management,2024-04-26,2023-08-14,2,40200,169,1–2 years,Under 30
202500558,558,2025,Manager,Sweden,Data & Analytics Consulting,2024-08-27,,10,112500,115,1–2 years,40–49
202500559,559,2025,Non-manager,Sweden,Finance & Operations,,2023-05-10,4,87700,114,Not available,50–59
202500560,560,2025,Non-manager,Denmark,Finance & Operations,,2023-11-11,5,60000,136,Not available,30–39
202500561,561,2025,Manager,France,Finance & Operations,,,1,98300,132,Not available,30–39
202500562,562,2025,Non-manager,Sweden,Sales & Business Development,2021-12-24,,8,64500,114,3–5 years,30–39
202500563,563,2025,Manager,France,Transformation & Change Management,2025-09-24,2023-03-31,6,82400,112,Less than 1 year,Under 30
202500564,564,2025,Manager,Germany,Customer Experience & Design,2025-09-09,2024-11-25,8,84200,128,Less than 1 year,30–39
202500565,565,2025,Non-manager,Spain,Digital Strategy Consulting,,2023-01-28,4,51100,94,Not available,30–39
202500566,566,2025,Non-manager,Sweden,Customer Experience & Design,2025-12-31,,6,64100,103,Less than 1 year,30–39
202500567,567,2025,Manager,Denmark,Technology & IT Strategy,2022-01-25,2025-01-24,9,103000,99,3–5 years,30–39
202500568,568,2025,Non-manager,France,Digital Marketing & Growth,,2023-04-14,6,85100,137,Not available,30–39
202500569,569,2025,Manager,Sweden,Transformation & Change Management,,2025-05-26,10,98800,107,Not available,30–39
202500570,570,2025,Non-manager,Spain,Data & Analytics Consulting,,2023-10-18,2,65900,138,Not available,50–59
202500571,571,2025,Manager,Sweden,Data & Analytics Consulting,,2025-06-16,2,99400,109,Not available,30–39
202500572,572,2025,Manager,France,Cybersecurity & Digital Risk,2023-12-31,2023-06-02,4,84200,116,1–2 years,Under 30
202500573,573,2025,Non-manager,Denmark,Customer Experience & Design,2025-04-12,2024-11-03,5,61200,134,Less than 1 year,30–39
202500574,574,2025,Manager,France,Technology & IT Strategy,2025-12-10,2024-04-11,2,98700,127,Less than 1 year,30–39
202500575,575,2025,Manager,Sweden,Digital Strategy Consulting,2020-05-24,2025-11-13,6,110400,97,3–5 years,30–39
202500576,576,2025,Non-manager,Sweden,Digital Strategy Consulting,2024-04-09,2023-05-11,5,54700,165,1–2 years,Under 30
202500577,577,2025,Non-manager,Denmark,Cybersecurity & Digital Risk,,2024-12-10,4,71000,117,Not available,Under 30
202500578,578,2025,Manager,Germany,Finance & Operations,2023-12-06,2024-07-30,7,81800,122,1–2 years,Under 30
202500579,579,2025,Manager,Denmark,Finance & Operations,2022-07-20,2025-02-25,4,95500,151,3–5 years,Under 30
202500580,580,2025,Manager,Denmark,Finance & Operations,,2025-09-12,5,122500,80,Not available,30–39
202500581,581,2025,Manager,Sweden,Human Resources,,2023-11-11,5,137200,112,Not available,40–49
202500582,582,2025,Manager,France,Digital Strategy Consulting,,,1,105000,148,Not available,30–39
202500583,583,2025,Manager,Sweden,Digital Strategy Consulting,,,8,108400,128,Not available,40–49
202500584,584,2025,Manager,Sweden,Data & Analytics Consulting,,2023-10-01,6,119800,111,Not available,30–39
202500585,585,2025,Manager,Sweden,Transformation & Change Management,,2024-06-12,2,188300,102,Not available,50–59
202500586,586,2025,Manager,Denmark,Customer Experience & Design,2024-12-15,2025-01-05,7,105700,81,1–2 years,Under 30
202500587,587,2025,Non-manager,Spain,Transformation & Change Management,2022-08-31,2023-04-22,4,46300,113,3–5 years,30–39
202500588,588,2025,Non-manager,Spain,Technology & IT Strategy,,2024-03-23,6,69800,103,Not available,40–49
202500589,589,2025,Manager,Sweden,Finance & Operations,2024-07-01,2023-10-27,9,84900,133,1–2 years,Under 30
202500590,590,2025,Manager,Sweden,Finance & Operations,,2023-08-21,9,182700,90,Not available,40–49
202500591,591,2025,Non-manager,Spain,Data & Analytics Consulting,,,6,47000,180,Not available,30–39
202500592,592,2025,Non-manager,Germany,Technology & IT Strategy,,2025-02-05,2,54800,118,Not available,Under 30
202500593,593,2025,Non-manager,Denmark,Finance & Operations,,,6,96400,122,Not available,40–49
202500594,594,2025,Non-manager,France,Customer Experience & Design,2024-02-25,,5,55500,134,1–2 years,30–39
202500595,595,2025,Manager,Denmark,Digital Marketing & Growth,2019-12-26,2024-10-13,2,125100,134,6–10 years,40–49
202500596,596,2025,Manager,Germany,Data & Analytics Consulting,2019-11-13,2025-08-25,7,126100,110,6–10 years,30–39
202500597,597,2025,Manager,France,Transformation & Change Management,2025-11-06,2023-04-07,4,152500,123,Less than 1 year,40–49
202500598,598,2025,Manager,Sweden,Finance & Operations,2021-08-09,2024-08-25,5,98300,123,3–5 years,30–39
202500599,599,2025,Manager,Sweden,Digital Strategy Consulting,,2025-01-27,5,112500,127,Not available,30–39
202500600,600,2025,Non-manager,Sweden,Technology & IT Strategy,2024-09-27,2023-06-17,7,57100,125,1–2 years,30–39
202500601,601,2025,Non-manager,Sweden,Cybersecurity & Digital Risk,,2024-08-26,6,60800,122,Not available,Under 30
202500602,602,2025,Non-manager,Sweden,Technology & IT Strategy,2019-01-27,,9,80400,129,6–10 years,40–49
202500603,603,2025,Manager,Denmark,Digital Strategy Consulting,2022-05-10,2023-04-01,6,107700,150,3–5 years,30–39
202500605,605,2025,Manager,Sweden,Data & Analytics Consulting,,,5,92400,142,Not available,40–49
202500606,606,2025,Non-manager,Sweden,Digital Strategy Consulting,2021-11-12,,4,75300,104,3–5 years,30–39
202500607,607,2025,Manager,Sweden,Finance & Operations,,,10,98000,155,Not available,30–39
202500609,609,2025,Manager,Germany,Digital Strategy Consulting,,2023-09-27,3,78600,118,Not available,30–39
202500610,610,2025,Manager,Sweden,Digital Strategy Consulting,2024-10-07,2025-06-20,6,169100,77,1–2 years,50–59
202500611,611,2025,Non-manager,Sweden,Cybersecurity & Digital Risk,,2023-06-10,2,81500,122,Not available,Under 30
202500612,612,2025,Manager,Sweden,Digital Marketing & Growth,,,6,100600,95,Not available,30–39
202500613,613,2025,Non-manager,Germany,Data & Analytics Consulting,2019-12-18,,7,57300,109,6–10 years,30–39
202500614,614,2025,Non-manager,Germany,Digital Strategy Consulting,2025-01-14,2024-10-12,5,56900,96,Less than 1 year,Under 30
202500615,615,2025,Manager,Sweden,Digital Strategy Consulting,2022-11-29,2024-03-29,6,93600,98,3–5 years,Under 30
202500616,616,2025,Manager,France,Transformation & Change Management,,2023-12-22,9,108400,126,Not available,30–39
202500617,617,2025,Manager,Denmark,Digital Strategy Consulting,,2025-04-17,7,168000,103,Not available,50–59
202500618,618,2025,Manager,Sweden,Customer Experience & Design,,2023-09-13,9,113700,139,Not available,40–49
202500619,619,2025,Manager,France,Digital Marketing & Growth,2025-09-28,2025-05-02,5,69900,160,Less than 1 year,30–39
202500620,620,2025,Manager,Sweden,Data & Analytics Consulting,,2024-04-14,2,131700,115,Not available,30–39
202500621,621,2025,Manager,Germany,Data & Analytics Consulting,2025-07-03,2025-02-08,6,103200,114,Less than 1 year,Under 30
202500622,622,2025,Manager,Spain,Data & Analytics Consulting,2025-03-25,2023-05-13,2,95800,105,Less than 1 year,30–39
202500623,623,2025,Non-manager,Spain,Technology & IT Strategy,2024-06-11,2023-06-07,5,51400,100,1–2 years,30–39
202500624,624,2025,Manager,Spain,Digital Strategy Consulting,,2025-07-11,2,70700,96,Not available,30–39
202500625,625,2025,Manager,Sweden,Digital Strategy Consulting,2023-11-23,2025-07-08,9,90500,122,1–2 years,Under 30
202500626,626,2025,Manager,France,Data & Analytics Consulting,2024-07-18,,4,110500,93,1–2 years,30–39
202500627,627,2025,Manager,Sweden,Finance & Operations,,2023-07-02,8,106000,119,Not available,30–39
202500628,628,2025,Non-manager,Sweden,Digital Strategy Consulting,2022-12-28,2025-07-05,5,53200,123,3–5 years,30–39
202500629,629,2025,Manager,Spain,Transformation & Change Management,,2025-07-11,5,94200,117,Not available,30–39
202500630,630,2025,Non-manager,Sweden,Finance & Operations,2023-05-09,2023-04-04,6,51700,129,1–2 years,30–39
202500631,631,2025,Manager,Germany,Technology & IT Strategy,,2023-10-13,3,121100,109,Not available,30–39
202500632,632,2025,Non-manager,Sweden,Customer Experience & Design,2023-12-20,2025-12-08,5,59000,111,1–2 years,30–39
202500633,633,2025,Manager,Germany,Data & Analytics Consulting,2025-07-25,2024-12-12,3,137700,71,Less than 1 year,40–49
202500634,634,2025,Manager,France,Data & Analytics Consulting,,2023-01-06,2,97200,164,Not available,Under 30
202500635,635,2025,Non-manager,Sweden,Finance & Operations,2024-04-28,2025-01-29,4,40000,134,1–2 years,30–39
202500636,636,2025,Manager,Sweden,Digital Marketing & Growth,,2023-10-02,10,183700,105,Not available,50–59
202500637,637,2025,Manager,Sweden,Digital Marketing & Growth,,2023-07-30,2,186200,111,Not available,50–59
202500638,638,2025,Non-manager,Sweden,Human Resources,2025-09-24,2023-08-08,4,52400,107,Less than 1 year,Under 30
202500639,639,2025,Non-manager,Germany,Data & Analytics Consulting,2023-10-06,,5,54800,119,1–2 years,Under 30
202500640,640,2025,Manager,France,Cybersecurity & Digital Risk,,,4,97900,123,Not available,30–39
202500641,641,2025,Manager,Sweden,Finance & Operations,,,6,124600,131,Not available,30–39
202500642,642,2025,Manager,Sweden,Digital Strategy Consulting,2025-06-19,2024-12-11,3,104600,70,Less than 1 year,30–39
202500643,643,2025,Non-manager,Sweden,Customer Experience & Design,2023-12-20,2025-06-21,7,52800,110,1–2 years,30–39
202500644,644,2025,Manager,Sweden,Transformation & Change Management,,2024-01-01,2,105700,122,Not available,30–39
202500645,645,2025,Non-manager,Sweden,Digital Marketing & Growth,2022-02-08,,4,95700,118,3–5 years,40–49
202500646,646,2025,Manager,Denmark,Data & Analytics Consulting,2022-11-23,2024-05-23,3,137000,65,3–5 years,40–49
202500647,647,2025,Non-manager,Sweden,Digital Marketing & Growth,2024-09-16,2024-05-30,6,54600,140,1–2 years,Under 30
202500648,648,2025,Manager,Denmark,Finance & Operations,2023-11-12,,3,121300,128,1–2 years,30–39
202500649,649,2025,Manager,France,Data & Analytics Consulting,,2023-05-13,5,102700,110,Not available,30–39
202500650,650,2025,Manager,Denmark,Sales & Business Development,,2024-10-27,9,111600,114,Not available,30–39
202500651,651,2025,Manager,Sweden,Digital Strategy Consulting,,2025-10-16,4,113900,115,Not available,40–49
202500652,652,2025,Manager,Spain,Data & Analytics Consulting,,,9,68500,139,Not available,30–39
202500653,653,2025,Manager,Denmark,Customer Experience & Design,2023-09-21,2024-03-22,9,100300,125,1–2 years,30–39
202500654,654,2025,Manager,Denmark,Sales & Business Development,,2024-09-15,4,98500,92,Not available,Under 30
202500655,655,2025,Non-manager,Germany,Digital Strategy Consulting,2025-07-03,,1,52800,132,Less than 1 year,Under 30
202500656,656,2025,Manager,Germany,Finance & Operations,2022-05-27,2023-06-21,5,129400,92,3–5 years,50–59
202500657,657,2025,Manager,Sweden,Digital Strategy Consulting,2025-08-14,2025-02-21,6,68500,115,Less than 1 year,Under 30
202500658,658,2025,Manager,Denmark,Digital Strategy Consulting,,2024-08-29,5,152700,114,Not available,40–49
202500659,659,2025,Manager,Sweden,Cybersecurity & Digital Risk,2021-05-24,2025-08-01,6,106100,124,3–5 years,30–39
202500660,660,2025,Manager,France,Technology & IT Strategy,,2024-10-18,6,92900,115,Not available,40–49
202500661,661,2025,Non-manager,France,Digital Marketing & Growth,2025-03-08,,1,48000,105,Less than 1 year,30–39
202500662,662,2025,Manager,France,Digital Strategy Consulting,2022-03-22,2024-09-18,3,85400,117,3–5 years,30–39
202500663,663,2025,Non-manager,Germany,Digital Marketing & Growth,,2024-05-27,2,62200,113,Not available,40–49
202500664,664,2025,Manager,Sweden,Transformation & Change Management,2022-04-15,2023-12-06,5,96900,87,3–5 years,30–39
202500665,665,2025,Manager,Denmark,Transformation & Change Management,2018-10-03,2024-09-28,8,136500,86,6–10 years,30–39
202500666,666,2025,Non-manager,Denmark,Sales & Business Development,,,7,113700,108,Not available,30–39
202500667,667,2025,Manager,Spain,Digital Strategy Consulting,2019-06-14,2025-04-02,1,125000,131,6–10 years,60 and above
202500669,669,2025,Manager,Spain,Cybersecurity & Digital Risk,2023-11-02,,6,71200,121,1–2 years,Under 30
202500670,670,2025,Manager,France,Digital Strategy Consulting,2024-07-11,2023-08-03,5,93100,116,1–2 years,30–39
202500671,671,2025,Manager,Sweden,Technology & IT Strategy,2023-01-17,,10,90400,88,1–2 years,30–39
202500672,672,2025,Manager,Sweden,Transformation & Change Management,,2025-12-03,3,105500,143,Not available,30–39
202500673,673,2025,Manager,France,Digital Strategy Consulting,2021-03-02,2023-09-12,2,85800,144,3–5 years,30–39
202500674,674,2025,Manager,France,Transformation & Change Management,2025-03-11,2024-12-29,5,104400,126,Less than 1 year,30–39
202500675,675,2025,Non-manager,Germany,Data & Analytics Consulting,,2025-03-05,5,65000,97,Not available,40–49
202500676,676,2025,Manager,Sweden,Data & Analytics Consulting,,2023-03-15,5,105900,118,Not available,30–39
202500677,677,2025,Non-manager,France,Digital Strategy Consulting,2024-09-10,2023-08-04,7,50000,134,1–2 years,30–39
202500678,678,2025,Manager,France,Transformation & Change Management,,2024-12-13,4,118300,126,Not available,30–39
202500679,679,2025,Non-manager,Sweden,Digital Strategy Consulting,,2023-03-01,4,70100,121,Not available,30–39
202500680,680,2025,Manager,France,Digital Strategy Consulting,,2025-10-08,3,90100,107,Not available,Under 30
202500682,682,2025,Manager,Spain,Customer Experience & Design,,2023-04-20,4,97900,144,Not available,50–59
202500683,683,2025,Manager,Sweden,Digital Strategy Consulting,,,5,99300,94,Not available,40–49
202500684,684,2025,Non-manager,Denmark,Digital Strategy Consulting,,2023-02-08,4,60900,100,Not available,30–39
202500685,685,2025,Manager,Spain,Data & Analytics Consulting,2025-02-28,2024-02-27,8,66300,146,Less than 1 year,Under 30
202500687,687,2025,Non-manager,Sweden,Customer Experience & Design,,2023-09-28,5,50200,130,Not available,30–39
202500688,688,2025,Manager,France,Customer Experience & Design,2023-11-17,2025-05-07,3,79400,135,1–2 years,Under 30
202500689,689,2025,Non-manager,France,Data & Analytics Consulting,,,8,76200,77,Not available,30–39
202500690,690,2025,Manager,Spain,Transformation & Change Management,2024-12-28,2023-12-24,4,75500,87,1–2 years,30–39
202500691,691,2025,Manager,Spain,Sales & Business Development,,2025-08-01,5,112100,130,Not available,30–39
202500692,692,2025,Manager,Germany,Sales & Business Development,,2024-04-28,2,100600,68,Not available,30–39
202500694,694,2025,Manager,France,Transformation & Change Management,,2023-06-30,3,92600,130,Not available,30–39
202500695,695,2025,Non-manager,Denmark,Digital Marketing & Growth,2023-10-28,2023-05-12,1,55900,111,1–2 years,30–39
202500696,696,2025,Non-manager,Sweden,Customer Experience & Design,,2024-08-20,0,49500,111,Not available,Under 30
202500697,697,2025,Manager,France,Digital Marketing & Growth,,,5,142700,100,Not available,50–59
202500698,698,2025,Non-manager,Sweden,Customer Experience & Design,2022-04-17,2024-01-10,8,59100,89,3–5 years,40–49
202500699,699,2025,Manager,Sweden,Transformation & Change Management,,2025-04-03,3,108000,123,Not available,30–39
202500700,700,2025,Manager,Sweden,Finance & Operations,,2023-11-02,6,81500,124,Not available,Under 30
202500701,701,2025,Non-manager,Sweden,Technology & IT Strategy,,2024-03-30,5,86400,128,Not available,40–49
202500702,702,2025,Manager,Sweden,Cybersecurity & Digital Risk,2016-06-13,,5,136900,121,6–10 years,40–49
202500703,703,2025,Manager,Sweden,Human Resources,,2024-09-26,3,140000,115,Not available,40–49
202500704,704,2025,Non-manager,Sweden,Customer Experience & Design,,,4,42500,142,Not available,Under 30
202500705,705,2025,Manager,Sweden,Transformation & Change Management,,2023-04-09,2,136100,124,Not available,40–49
202500706,706,2025,Non-manager,France,Digital Strategy Consulting,2022-09-27,2025-09-22,8,55400,140,3–5 years,30–39
202500707,707,2025,Manager,Germany,Digital Strategy Consulting,2017-04-28,,4,136400,102,6–10 years,30–39
202500708,708,2025,Manager,Denmark,Technology & IT Strategy,,,5,152500,96,Not available,50–59
202500709,709,2025,Manager,France,Finance & Operations,,,5,138800,123,Not available,40–49
202500710,710,2025,Non-manager,Sweden,Finance & Operations,,2024-05-24,4,49400,121,Not available,30–39
202500711,711,2025,Manager,Sweden,Transformation & Change Management,2020-04-28,2023-08-03,2,134000,114,3–5 years,30–39
202500712,712,2025,Manager,Sweden,Finance & Operations,2022-04-10,2024-04-21,4,103800,121,3–5 years,30–39
202500713,713,2025,Manager,Sweden,Transformation & Change Management,2023-05-24,,8,106000,118,1–2 years,Under 30
202500714,714,2025,Non-manager,Germany,Data & Analytics Consulting,,,3,73200,124,Not available,30–39
202500715,715,2025,Non-manager,Denmark,Digital Marketing & Growth,,2025-05-16,4,58500,117,Not available,Under 30
202500716,716,2025,Non-manager,Denmark,Technology & IT Strategy,,2025-11-20,1,77700,103,Not available,30–39
202500718,718,2025,Manager,Sweden,Technology & IT Strategy,,2023-03-27,7,107900,110,Not available,30–39
202500719,719,2025,Non-manager,France,Technology & IT Strategy,2023-06-15,,3,45600,131,1–2 years,Under 30
202500720,720,2025,Manager,Germany,Sales & Business Development,2024-02-29,2024-02-11,8,103000,108,1–2 years,40–49
202500721,721,2025,Manager,Sweden,Data & Analytics Consulting,2023-07-30,2025-05-13,5,89100,120,1–2 years,30–39
202500722,722,2025,Manager,Sweden,Cybersecurity & Digital Risk,2017-01-28,2025-12-17,6,184400,122,6–10 years,40–49
202500723,723,2025,Manager,Denmark,Transformation & Change Management,2023-01-22,2023-01-21,5,130700,102,1–2 years,40–49
202500724,724,2025,Manager,Germany,Data & Analytics Consulting,,2023-02-26,2,138100,129,Not available,50–59
202500725,725,2025,Manager,Germany,Cybersecurity & Digital Risk,2024-02-14,2025-09-05,4,76300,111,1–2 years,30–39
202500726,726,2025,Non-manager,Spain,Digital Marketing & Growth,,2024-06-29,8,59400,127,Not available,30–39
202500728,728,2025,Manager,Germany,Transformation & Change Management,2023-08-25,2024-06-14,3,80600,98,1–2 years,Under 30
202500730,730,2025,Non-manager,Sweden,Data & Analytics Consulting,,,8,63700,115,Not available,30–39
202500731,731,2025,Manager,Sweden,Digital Marketing & Growth,2021-10-06,2025-03-10,9,107300,107,3–5 years,Under 30
202500732,732,2025,Non-manager,Sweden,Customer Experience & Design,,2025-03-22,2,69200,84,Not available,40–49
202500733,733,2025,Manager,Denmark,Technology & IT Strategy,2025-09-14,2024-12-12,3,116400,104,Less than 1 year,30–39
202500734,734,2025,Non-manager,Sweden,Sales & Business Development,,2024-02-18,4,94700,121,Not available,30–39
202500735,735,2025,Manager,Germany,Transformation & Change Management,,2023-05-06,5,99800,129,Not available,30–39
202500737,737,2025,Manager,Sweden,Transformation & Change Management,,2023-12-12,2,94100,126,Not available,30–39
202500738,738,2025,Manager,Sweden,Digital Marketing & Growth,,2024-07-22,3,128400,116,Not available,40–49
202500739,739,2025,Manager,Denmark,Data & Analytics Consulting,2025-12-04,2025-08-24,3,100700,106,Less than 1 year,Under 30
202500740,740,2025,Non-manager,Denmark,Human Resources,,2024-06-17,6,54800,131,Not available,Under 30
202500741,741,2025,Non-manager,Germany,Transformation & Change Management,2022-11-25,2023-05-04,4,105600,108,3–5 years,50–59
202500742,742,2025,Manager,Germany,Transformation & Change Management,,2023-08-28,6,101600,78,Not available,30–39
202500743,743,2025,Non-manager,France,Data & Analytics Consulting,2022-08-23,2023-10-22,3,57800,151,3–5 years,Under 30
202500744,744,2025,Non-manager,Spain,Finance & Operations,2022-04-28,,4,54200,124,3–5 years,Under 30
202500745,745,2025,Manager,Sweden,Technology & IT Strategy,2024-07-30,2024-10-21,4,92300,130,1–2 years,Under 30
202500746,746,2025,Manager,Spain,Digital Marketing & Growth,,2023-07-09,8,84600,121,Not available,40–49
202500747,747,2025,Manager,Sweden,Data & Analytics Consulting,,2024-01-31,5,140600,138,Not available,40–49
202500748,748,2025,Non-manager,Spain,Data & Analytics Consulting,2025-04-20,2025-02-07,6,40600,164,Less than 1 year,Under 30
202500749,749,2025,Non-manager,Spain,Technology & IT Strategy,2024-12-17,2024-12-24,5,44400,151,1–2 years,Under 30
202500750,750,2025,Manager,Denmark,Cybersecurity & Digital Risk,,,4,161700,115,Not available,30–39
202500751,751,2025,Non-manager,Sweden,Human Resources,2021-11-28,2023-04-30,2,60100,128,3–5 years,30–39
202500752,752,2025,Manager,Sweden,Customer Experience & Design,,2023-10-17,2,83800,94,Not available,30–39
202500754,754,2025,Manager,Denmark,Data & Analytics Consulting,2022-09-18,2024-03-15,5,117700,96,3–5 years,Under 30
202500755,755,2025,Manager,Sweden,Transformation & Change Management,2020-10-16,,6,135000,102,3–5 years,40–49
202500756,756,2025,Non-manager,Denmark,Digital Marketing & Growth,,2025-05-22,13,83800,88,Not available,30–39
202500757,757,2025,Manager,Sweden,Transformation & Change Management,2024-04-24,,6,108300,100,1–2 years,Under 30
202500758,758,2025,Manager,Sweden,Digital Strategy Consulting,,2024-08-18,6,101100,143,Not available,30–39
202500759,759,2025,Manager,Sweden,Digital Strategy Consulting,2020-09-18,2024-04-23,4,164100,101,3–5 years,50–59
202500760,760,2025,Non-manager,Spain,Sales & Business Development,2021-11-17,2024-08-30,8,56300,115,3–5 years,30–39
202500761,761,2025,Non-manager,France,Transformation & Change Management,,2025-11-14,3,44100,102,Not available,Under 30
202500762,762,2025,Non-manager,Sweden,Cybersecurity & Digital Risk,,2024-11-24,3,68300,119,Not available,30–39
202500763,763,2025,Manager,Sweden,Digital Strategy Consulting,2023-09-10,2025-07-23,3,83100,100,1–2 years,30–39
202500764,764,2025,Manager,Spain,Human Resources,2021-06-05,,5,96400,128,3–5 years,40–49
202500765,765,2025,Non-manager,France,Sales & Business Development,,2023-10-10,2,70900,110,Not available,40–49
202500766,766,2025,Manager,France,Data & Analytics Consulting,,2024-09-11,7,83000,96,Not available,Under 30
202500767,767,2025,Manager,Sweden,Transformation & Change Management,,2025-12-19,5,113200,86,Not available,40–49
202500768,768,2025,Non-manager,Germany,Digital Strategy Consulting,2024-04-04,,2,47500,107,1–2 years,Under 30
202500769,769,2025,Non-manager,Denmark,Transformation & Change Management,2025-07-25,,2,52700,116,Less than 1 year,30–39
202500770,770,2025,Manager,Sweden,Customer Experience & Design,,2024-12-22,4,106800,74,Not available,40–49
202500771,771,2025,Manager,Spain,Transformation & Change Management,2024-11-05,,6,84900,129,1–2 years,30–39
202500772,772,2025,Non-manager,Spain,Digital Strategy Consulting,,2025-01-10,2,64800,145,Not available,50–59
202500773,773,2025,Manager,Denmark,Data & Analytics Consulting,2023-05-02,,8,105500,94,1–2 years,Under 30
202500774,774,2025,Manager,Denmark,Digital Marketing & Growth,2025-09-03,2023-08-28,3,127100,112,Less than 1 year,Under 30
202500775,775,2025,Manager,Sweden,Digital Marketing & Growth,,2023-10-15,10,113300,103,Not available,30–39
202500777,777,2025,Manager,Denmark,Data & Analytics Consulting,2024-01-14,,4,129900,126,1–2 years,30–39
202500779,779,2025,Non-manager,Spain,Technology & IT Strategy,2022-07-05,2023-09-21,2,45300,76,3–5 years,30–39
202500780,780,2025,Non-manager,Spain,Sales & Business Development,,2024-05-26,5,53400,139,Not available,30–39
202500781,781,2025,Non-manager,Germany,Customer Experience & Design,,,6,82100,130,Not available,30–39
202500782,782,2025,Manager,Sweden,Technology & IT Strategy,2020-11-26,2025-10-10,5,114500,112,3–5 years,40–49
202500783,783,2025,Manager,Denmark,Technology & IT Strategy,2022-12-12,,4,117300,74,3–5 years,30–39
202500784,784,2025,Manager,Sweden,Digital Strategy Consulting,2023-11-21,2024-02-04,5,88900,96,1–2 years,30–39
202500785,785,2025,Manager,Germany,Transformation & Change Management,2025-07-20,2024-01-06,7,97000,117,Less than 1 year,30–39
202500787,787,2025,Non-manager,Germany,Sales & Business Development,2022-10-16,2023-12-19,9,71100,124,3–5 years,30–39
202500788,788,2025,Manager,Germany,Data & Analytics Consulting,,2025-04-18,9,120500,115,Not available,40–49
202500789,789,2025,Manager,Sweden,Cybersecurity & Digital Risk,,2025-06-09,7,137800,88,Not available,50–59
202500790,790,2025,Manager,Germany,Digital Strategy Consulting,2024-05-29,,5,111200,117,1–2 years,30–39
202500791,791,2025,Manager,France,Customer Experience & Design,2021-05-02,2023-01-31,1,87400,122,3–5 years,30–39
202500792,792,2025,Non-manager,Sweden,Customer Experience & Design,,2024-08-09,2,47600,94,Not available,Under 30
202500793,793,2025,Non-manager,Spain,Data & Analytics Consulting,2025-02-24,2025-11-16,4,52600,127,Less than 1 year,30–39
202500794,794,2025,Non-manager,Germany,Data & Analytics Consulting,2023-06-30,2023-09-14,4,50300,136,1–2 years,Under 30
202500795,795,2025,Manager,Sweden,Digital Strategy Consulting,,2025-01-12,7,114400,103,Not available,30–39
202500796,796,2025,Non-manager,Sweden,Sales & Business Development,2024-01-22,,5,73000,136,1–2 years,40–49
202500798,798,2025,Non-manager,Germany,Data & Analytics Consulting,2024-07-08,,3,56900,145,1–2 years,30–39
202500799,799,2025,Manager,Sweden,Technology & IT Strategy,2024-05-18,2024-08-22,8,102500,121,1–2 years,30–39
202500800,800,2025,Non-manager,Denmark,Digital Strategy Consulting,,2024-01-27,3,68000,135,Not available,30–39
202500801,801,2025,Non-manager,Sweden,Digital Strategy Consulting,,2023-05-10,8,57600,110,Not available,30–39
202500802,802,2025,Non-manager,Germany,Digital Marketing & Growth,2025-08-19,2023-10-19,1,55800,106,Less than 1 year,30–39
202500803,803,2025,Manager,Germany,Digital Marketing & Growth,2024-03-20,2024-11-07,4,87300,119,1–2 years,Under 30
202500804,804,2025,Manager,Denmark,Customer Experience & Design,2021-02-14,2023-12-12,4,121800,119,3–5 years,30–39
202500805,805,2025,Manager,Germany,Technology & IT Strategy,,2024-02-26,2,143400,116,Not available,50–59
202500806,806,2025,Non-manager,Spain,Digital Marketing & Growth,2024-11-02,,7,44800,138,1–2 years,30–39
202500807,807,2025,Non-manager,Spain,Technology & IT Strategy,2024-08-14,,2,54900,124,1–2 years,30–39
202500808,808,2025,Non-manager,Sweden,Finance & Operations,2021-11-13,,6,67100,120,3–5 years,Under 30
202500809,809,2025,Non-manager,Spain,Cybersecurity & Digital Risk,,2025-11-13,4,42000,130,Not available,Under 30
202500811,811,2025,Manager,France,Cybersecurity & Digital Risk,,2024-10-25,3,130400,108,Not available,40–49
202500812,812,2025,Non-manager,Sweden,Transformation & Change Management,2021-11-24,2023-10-17,3,77700,107,3–5 years,30–39
202500813,813,2025,Manager,Sweden,Digital Marketing & Growth,,2025-11-30,7,138600,100,Not available,40–49
202500814,814,2025,Manager,Sweden,Digital Strategy Consulting,,,4,118500,137,Not available,30–39
202500815,815,2025,Manager,Sweden,Customer Experience & Design,2023-11-12,2023-12-03,2,103700,112,1–2 years,Under 30
202500816,816,2025,Non-manager,Denmark,Human Resources,,2024-05-17,4,58300,108,Not available,Under 30
202500817,817,2025,Non-manager,Spain,Digital Marketing & Growth,,,3,55000,122,Not available,Under 30
202500818,818,2025,Manager,France,Data & Analytics Consulting,2018-12-10,2023-03-20,4,113800,119,6–10 years,40–49
202500819,819,2025,Manager,Sweden,Data & Analytics Consulting,2025-06-30,2023-07-10,6,99900,113,Less than 1 year,30–39
202500820,820,2025,Non-manager,Sweden,Human Resources,,2024-02-03,8,71100,92,Not available,30–39
202500821,821,2025,Non-manager,Spain,Transformation & Change Management,,2023-09-25,7,34100,111,Not available,30–39
202500822,822,2025,Manager,Spain,Transformation & Change Management,,,2,123300,128,Not available,50–59
202500823,823,2025,Non-manager,Sweden,Data & Analytics Consulting,2023-06-30,,7,57300,94,1–2 years,Under 30
202500824,824,2025,Manager,Sweden,Human Resources,,2025-04-14,8,114800,127,Not available,40–49
202500825,825,2025,Manager,Sweden,Transformation & Change Management,,2024-12-01,4,85600,114,Not available,30–39
202500826,826,2025,Manager,France,Technology & IT Strategy,,,5,120000,98,Not available,30–39
202500827,827,2025,Manager,Denmark,Sales & Business Development,2019-07-27,,5,124900,82,6–10 years,30–39
202500830,830,2025,Non-manager,Germany,Digital Strategy Consulting,,2024-06-15,5,51500,92,Not available,30–39
202500831,831,2025,Non-manager,Sweden,Finance & Operations,2025-01-15,2025-03-26,3,47200,141,Less than 1 year,30–39
202500832,832,2025,Manager,Sweden,Finance & Operations,2025-04-25,2023-10-23,5,86000,112,Less than 1 year,30–39
202500833,833,2025,Manager,France,Customer Experience & Design,,2023-09-09,7,108600,88,Not available,30–39
202500834,834,2025,Manager,Sweden,Cybersecurity & Digital Risk,2020-10-10,2023-08-22,3,127500,120,3–5 years,30–39
202500835,835,2025,Non-manager,Sweden,Technology & IT Strategy,2023-01-10,,4,63800,110,1–2 years,30–39
202500836,836,2025,Non-manager,France,Human Resources,,2025-12-23,7,43200,131,Not available,30–39
202500837,837,2025,Manager,Denmark,Data & Analytics Consulting,2024-09-13,,5,96500,92,1–2 years,Under 30
202500838,838,2025,Manager,Denmark,Transformation & Change Management,2022-06-28,,4,106900,130,3–5 years,Under 30
202500839,839,2025,Non-manager,Spain,Sales & Business Development,2024-05-30,2025-04-28,3,43600,149,1–2 years,30–39
202500840,840,2025,Non-manager,Sweden,Sales & Business Development,2023-08-22,2024-10-13,5,69500,102,1–2 years,30–39
202500841,841,2025,Manager,Spain,Digital Strategy Consulting,,2023-01-03,4,88500,141,Not available,40–49
202500842,842,2025,Non-manager,Sweden,Digital Marketing & Growth,,2024-08-01,9,45400,120,Not available,Under 30
202500843,843,2025,Non-manager,Spain,Transformation & Change Management,2024-05-29,2024-05-26,4,29800,119,1–2 years,30–39
202500844,844,2025,Manager,Sweden,Transformation & Change Management,2023-08-03,2024-01-05,4,119500,95,1–2 years,40–49
202500845,845,2025,Manager,Sweden,Finance & Operations,2023-12-05,2024-08-16,7,124100,153,1–2 years,40–49
202500846,846,2025,Non-manager,Sweden,Digital Marketing & Growth,2025-11-27,2025-06-30,2,52000,104,Less than 1 year,30–39
202500847,847,2025,Manager,Spain,Finance & Operations,2022-10-06,,1,78900,151,3–5 years,30–39
202500848,848,2025,Manager,Sweden,Technology & IT Strategy,,,3,190200,125,Not available,40–49
202500850,850,2025,Manager,Germany,Sales & Business Development,2022-10-02,2025-12-07,3,100500,88,3–5 years,30–39
202500851,851,2025,Manager,Denmark,Data & Analytics Consulting,,,9,111200,111,Not available,40–49
202500852,852,2025,Non-manager,Denmark,Customer Experience & Design,2025-02-14,2025-03-01,7,70600,127,Less than 1 year,30–39
202500853,853,2025,Non-manager,Sweden,Data & Analytics Consulting,,,5,75700,142,Not available,Under 30
202500854,854,2025,Manager,Sweden,Digital Strategy Consulting,,2024-07-08,5,138200,123,Not available,40–49
202500855,855,2025,Non-manager,Sweden,Digital Strategy Consulting,2022-09-24,2025-03-18,7,52100,115,3–5 years,30–39
202500856,856,2025,Non-manager,Spain,Transformation & Change Management,,2024-09-04,6,29400,108,Not available,Under 30
202500857,857,2025,Manager,Sweden,Data & Analytics Consulting,,2025-04-14,8,129100,79,Not available,40–49
202500858,858,2025,Non-manager,Sweden,Transformation & Change Management,,2024-06-15,7,71200,94,Not available,40–49
202500859,859,2025,Manager,Sweden,Technology & IT Strategy,2022-12-10,2024-05-27,4,96500,132,3–5 years,Under 30
202500860,860,2025,Manager,Denmark,Digital Strategy Consulting,,2025-02-18,4,92900,92,Not available,Under 30
202500861,861,2025,Manager,Sweden,Data & Analytics Consulting,,2024-04-21,5,192700,103,Not available,50–59
202500862,862,2025,Non-manager,Germany,Technology & IT Strategy,2023-07-22,2025-11-26,5,40000,118,1–2 years,Under 30
202500863,863,2025,Non-manager,Sweden,Customer Experience & Design,,,6,92900,119,Not available,30–39
202500864,864,2025,Non-manager,Germany,Customer Experience & Design,2023-03-22,2024-09-05,2,53500,104,1–2 years,30–39
202500865,865,2025,Non-manager,Sweden,Cybersecurity & Digital Risk,2024-11-02,2025-03-01,7,56600,117,1–2 years,30–39
202500867,867,2025,Manager,Sweden,Customer Experience & Design,2023-03-13,2023-06-22,2,92300,116,1–2 years,30–39
202500868,868,2025,Non-manager,Sweden,Cybersecurity & Digital Risk,,2025-09-22,5,76600,135,Not available,30–39
202500869,869,2025,Non-manager,Germany,Digital Strategy Consulting,,,5,55100,120,Not available,30–39
202500870,870,2025,Manager,Spain,Human Resources,2022-03-24,2025-11-05,7,66000,128,3–5 years,40–49
202500871,871,2025,Manager,Denmark,Data & Analytics Consulting,,,3,146200,93,Not available,30–39
202500872,872,2025,Manager,Denmark,Technology & IT Strategy,2024-08-05,2024-02-15,2,98000,116,1–2 years,30–39
202500873,873,2025,Manager,Denmark,Data & Analytics Consulting,2022-09-13,,5,120800,115,3–5 years,30–39
202500875,875,2025,Non-manager,Sweden,Technology & IT Strategy,2022-11-27,2025-11-22,5,54600,106,3–5 years,30–39
202500876,876,2025,Manager,Spain,Digital Strategy Consulting,,2023-09-11,3,88700,121,Not available,40–49
202500877,877,2025,Manager,France,Digital Strategy Consulting,2024-05-23,2023-10-18,4,73600,112,1–2 years,Under 30
202500878,878,2025,Non-manager,France,Data & Analytics Consulting,2021-06-19,2023-07-15,1,54800,122,3–5 years,Under 30
202500880,880,2025,Manager,Germany,Data & Analytics Consulting,,2025-06-03,6,135000,65,Not available,40–49
202500881,881,2025,Manager,Sweden,Transformation & Change Management,2022-04-22,,1,161600,129,3–5 years,50–59
202500882,882,2025,Non-manager,Sweden,Digital Marketing & Growth,2018-07-06,2023-04-04,3,80100,103,6–10 years,30–39
202500883,883,2025,Manager,France,Data & Analytics Consulting,,,1,109300,104,Not available,40–49
202500884,884,2025,Manager,Denmark,Human Resources,2022-01-23,2025-01-03,7,170100,109,3–5 years,50–59
202500885,885,2025,Manager,Denmark,Digital Marketing & Growth,,2025-02-13,7,147800,120,Not available,30–39
202500886,886,2025,Manager,Sweden,Finance & Operations,2023-06-30,2023-02-21,5,109400,112,1–2 years,30–39
202500887,887,2025,Non-manager,Sweden,Finance & Operations,2019-07-24,,2,71000,109,6–10 years,30–39
202500888,888,2025,Manager,Sweden,Transformation & Change Management,2023-10-26,2025-06-16,13,101400,110,1–2 years,30–39
202500889,889,2025,Manager,Denmark,Digital Strategy Consulting,,2024-01-09,6,158900,125,Not available,40–49
202500890,890,2025,Manager,Sweden,Transformation & Change Management,,,3,107800,134,Not available,30–39
202500891,891,2025,Non-manager,Sweden,Finance & Operations,,,0,75800,134,Not available,30–39
202500892,892,2025,Non-manager,Denmark,Technology & IT Strategy,,,3,75800,97,Not available,30–39
202500894,894,2025,Manager,Sweden,Transformation & Change Management,2023-06-11,,9,95500,105,1–2 years,30–39
202500895,895,2025,Manager,Spain,Human Resources,2022-03-28,2023-12-22,5,71300,97,3–5 years,30–39
202500896,896,2025,Non-manager,Sweden,Digital Marketing & Growth,,2023-09-20,4,44800,94,Not available,30–39
202500897,897,2025,Non-manager,Spain,Human Resources,2025-11-14,2023-06-26,5,44200,99,Less than 1 year,30–39
202500898,898,2025,Manager,Sweden,Technology & IT Strategy,,2025-01-07,9,136200,101,Not available,40–49
202500899,899,2025,Manager,Spain,Cybersecurity & Digital Risk,,2024-04-18,4,74000,119,Not available,30–39
202500900,900,2025,Manager,Germany,Data & Analytics Consulting,2018-03-24,,5,125200,102,6–10 years,40–49
202500901,901,2025,Non-manager,Sweden,Data & Analytics Consulting,2022-10-05,2024-12-28,3,62800,120,3–5 years,Under 30
202500902,902,2025,Manager,Sweden,Transformation & Change Management,2024-11-19,2025-06-23,6,100300,85,1–2 years,30–39
202500903,903,2025,Manager,Germany,Data & Analytics Consulting,2022-08-02,2024-01-03,3,85300,133,3–5 years,Under 30
202500904,904,2025,Non-manager,France,Digital Strategy Consulting,2023-06-16,2025-07-04,4,40300,135,1–2 years,Under 30
202500905,905,2025,Manager,Sweden,Digital Marketing & Growth,,,5,113200,64,Not available,30–39
202500906,906,2025,Non-manager,France,Cybersecurity & Digital Risk,2023-08-10,2023-07-12,7,54700,129,1–2 years,30–39
202500907,907,2025,Non-manager,Sweden,Sales & Business Development,,2025-02-03,3,48300,126,Not available,Under 30
202500908,908,2025,Non-manager,Sweden,Technology & IT Strategy,2023-09-26,2023-11-24,8,65600,130,1–2 years,30–39
202500909,909,2025,Manager,Denmark,Digital Strategy Consulting,,2023-11-24,6,110900,138,Not available,30–39
202500910,910,2025,Manager,Sweden,Technology & IT Strategy,,,5,144200,142,Not available,40–49
202500911,911,2025,Non-manager,Sweden,Human Resources,2025-02-05,2024-11-20,6,44100,132,Less than 1 year,30–39
202500912,912,2025,Manager,Denmark,Digital Strategy Consulting,2024-03-18,2025-05-11,0,123700,99,1–2 years,Under 30
202500913,913,2025,Manager,Sweden,Cybersecurity & Digital Risk,2017-08-09,,11,124800,86,6–10 years,30–39
202500914,914,2025,Manager,Spain,Sales & Business Development,,2024-11-22,5,84600,121,Not available,30–39
202500915,915,2025,Manager,Germany,Finance & Operations,2025-07-10,2024-12-17,4,67700,134,Less than 1 year,Under 30
202500916,916,2025,Manager,Denmark,Digital Strategy Consulting,2020-02-17,,6,137400,93,3–5 years,30–39
202500917,917,2025,Manager,Sweden,Technology & IT Strategy,,2025-04-24,8,142100,101,Not available,40–49
202500918,918,2025,Non-manager,Spain,Customer Experience & Design,,2024-08-03,3,66900,120,Not available,40–49
202500919,919,2025,Non-manager,France,Data & Analytics Consulting,,,4,84500,110,Not available,50–59
202500920,920,2025,Manager,Sweden,Digital Marketing & Growth,,2025-12-12,7,130200,100,Not available,40–49
202500921,921,2025,Non-manager,Spain,Sales & Business Development,2025-09-04,2025-10-03,2,41300,79,Less than 1 year,30–39
202500922,922,2025,Manager,Spain,Customer Experience & Design,2023-07-30,,4,62400,130,1–2 years,Under 30
202500923,923,2025,Manager,Germany,Technology & IT Strategy,2025-01-25,2023-11-30,3,81400,111,Less than 1 year,Under 30
202500924,924,2025,Manager,Denmark,Digital Strategy Consulting,2025-04-10,2025-03-04,9,106100,139,Less than 1 year,Under 30
202500925,925,2025,Manager,Denmark,Data & Analytics Consulting,,2025-03-09,5,146500,119,Not available,30–39
202500926,926,2025,Non-manager,Sweden,Digital Strategy Consulting,,2024-10-05,3,61700,116,Not available,Under 30
202500927,927,2025,Manager,France,Transformation & Change Management,2025-01-01,,6,86900,113,Less than 1 year,40–49
202500928,928,2025,Manager,France,Digital Marketing & Growth,2022-07-20,2023-05-08,3,120800,127,3–5 years,40–49
202500929,929,2025,Non-manager,Germany,Cybersecurity & Digital Risk,,2025-01-12,5,53600,92,Not available,30–39
202500930,930,2025,Manager,Spain,Digital Strategy Consulting,2024-05-13,2024-09-24,6,64900,103,1–2 years,30–39
202500931,931,2025,Manager,Spain,Data & Analytics Consulting,,2025-09-17,3,82400,101,Not available,40–49
202500932,932,2025,Manager,France,Digital Strategy Consulting,,2024-10-26,6,103100,123,Not available,30–39
202500934,934,2025,Non-manager,Sweden,Digital Strategy Consulting,2023-04-27,2024-05-31,4,54900,104,1–2 years,30–39
202500935,935,2025,Non-manager,Germany,Digital Strategy Consulting,,2024-10-12,4,68100,127,Not available,40–49
202500937,937,2025,Manager,France,Data & Analytics Consulting,2017-11-14,2023-10-12,3,130000,102,6–10 years,40–49
202500938,938,2025,Non-manager,Germany,Data & Analytics Consulting,2025-02-11,2025-12-05,5,53300,122,Less than 1 year,Under 30
202500939,939,2025,Non-manager,Spain,Technology & IT Strategy,,2025-06-15,5,56300,142,Not available,30–39
202500940,940,2025,Non-manager,Germany,Human Resources,2023-03-13,2025-08-16,6,97000,126,1–2 years,40–49
202500941,941,2025,Manager,Sweden,Digital Strategy Consulting,,2023-09-14,5,175500,103,Not available,40–49
202500942,942,2025,Non-manager,Denmark,Finance & Operations,,2025-02-23,9,98000,111,Not available,50–59
202500943,943,2025,Non-manager,Sweden,Digital Strategy Consulting,,2024-05-12,4,89700,122,Not available,40–49
202500944,944,2025,Manager,Denmark,Customer Experience & Design,2025-04-06,,5,160100,114,Less than 1 year,50–59
202500945,945,2025,Non-manager,Sweden,Customer Experience & Design,,2024-11-23,9,47500,150,Not available,30–39
202500947,947,2025,Non-manager,Sweden,Digital Strategy Consulting,,2023-04-29,7,52500,99,Not available,Under 30
202500948,948,2025,Non-manager,Germany,Digital Strategy Consulting,,2024-06-10,3,64900,133,Not available,Under 30
202500949,949,2025,Manager,Spain,Sales & Business Development,,2024-09-01,5,113800,131,Not available,30–39
202500950,950,2025,Non-manager,Germany,Sales & Business Development,,,2,69100,93,Not available,30–39
202500951,951,2025,Non-manager,Sweden,Human Resources,2023-04-26,2025-03-26,9,59800,126,1–2 years,30–39
202500952,952,2025,Manager,Sweden,Data & Analytics Consulting,2021-02-07,,3,106300,121,3–5 years,40–49
202500953,953,2025,Non-manager,Spain,Cybersecurity & Digital Risk,,2025-10-28,2,57700,115,Not available,40–49
202500955,955,2025,Manager,Spain,Digital Strategy Consulting,2018-06-04,2023-06-06,4,104100,119,6–10 years,40–49
202500956,956,2025,Manager,Spain,Data & Analytics Consulting,2025-10-21,2025-03-03,4,89000,93,Less than 1 year,40–49
202500957,957,2025,Manager,Sweden,Data & Analytics Consulting,2024-06-30,2024-08-04,4,115400,121,1–2 years,40–49
202500958,958,2025,Non-manager,Denmark,Finance & Operations,,2023-03-29,8,77500,123,Not available,30–39
202500959,959,2025,Manager,Denmark,Digital Marketing & Growth,2025-08-25,,5,109900,91,Less than 1 year,30–39
202500960,960,2025,Non-manager,Sweden,Data & Analytics Consulting,2023-08-12,2023-08-19,4,69100,105,1–2 years,Under 30
202500961,961,2025,Manager,Spain,Cybersecurity & Digital Risk,2025-06-28,2024-03-26,4,66900,136,Less than 1 year,40–49
202500962,962,2025,Non-manager,Germany,Transformation & Change Management,,2025-05-27,1,66400,139,Not available,30–39
202500964,964,2025,Manager,Germany,Digital Marketing & Growth,2024-05-08,2023-08-02,9,87200,86,1–2 years,30–39
202500965,965,2025,Manager,Sweden,Transformation & Change Management,,2024-10-29,6,79900,110,Not available,Under 30
202500966,966,2025,Non-manager,Sweden,Human Resources,,,9,84200,101,Not available,50–59
202500967,967,2025,Manager,Sweden,Technology & IT Strategy,2024-12-02,,8,89600,100,1–2 years,Under 30
202500968,968,2025,Non-manager,Germany,Transformation & Change Management,2023-11-23,2023-10-12,5,50600,113,1–2 years,40–49
202500969,969,2025,Manager,Sweden,Digital Marketing & Growth,,,3,100100,103,Not available,30–39
202500970,970,2025,Manager,Denmark,Transformation & Change Management,,2025-09-16,9,180600,144,Not available,50–59
202500971,971,2025,Non-manager,Germany,Data & Analytics Consulting,2022-12-02,2024-09-09,2,56900,148,3–5 years,40–49
202500972,972,2025,Manager,Sweden,Digital Strategy Consulting,2021-08-24,2023-03-25,3,97700,151,3–5 years,Under 30
202500973,973,2025,Manager,Spain,Digital Marketing & Growth,2024-06-26,2025-12-17,6,73500,93,1–2 years,30–39
202500974,974,2025,Manager,Sweden,Data & Analytics Consulting,2025-06-10,2024-05-10,5,88800,139,Less than 1 year,Under 30
202500975,975,2025,Manager,Sweden,Data & Analytics Consulting,2023-10-16,2025-06-28,3,93700,71,1–2 years,Under 30
202500976,976,2025,Manager,Sweden,Data & Analytics Consulting,,,6,134900,99,Not available,40–49
202500977,977,2025,Manager,Spain,Transformation & Change Management,2024-01-20,2023-02-10,2,113300,101,1–2 years,50–59
202500978,978,2025,Manager,Spain,Data & Analytics Consulting,,,3,121800,135,Not available,50–59
202500979,979,2025,Manager,Sweden,Human Resources,2024-12-10,,3,71100,68,1–2 years,Under 30
202500980,980,2025,Manager,Sweden,Digital Strategy Consulting,2024-02-06,2024-04-20,6,100000,162,1–2 years,30–39
202500981,981,2025,Manager,Denmark,Digital Strategy Consulting,,2024-05-28,2,176200,110,Not available,40–49
202500982,982,2025,Manager,Denmark,Digital Strategy Consulting,2022-12-31,2023-05-22,5,133300,140,3–5 years,40–49
202500984,984,2025,Manager,Sweden,Technology & IT Strategy,2025-06-13,2025-05-23,6,147900,129,Less than 1 year,40–49
202500985,985,2025,Manager,Denmark,Data & Analytics Consulting,2023-11-06,2025-07-21,2,104100,130,1–2 years,30–39
202500986,986,2025,Manager,Sweden,Technology & IT Strategy,,2024-02-10,7,109500,106,Not available,40–49
202500987,987,2025,Manager,Germany,Digital Strategy Consulting,,,6,108900,143,Not available,30–39
202500988,988,2025,Manager,Spain,Digital Marketing & Growth,,2024-06-27,4,79800,135,Not available,30–39
202500990,990,2025,Non-manager,Denmark,Cybersecurity & Digital Risk,2023-09-17,2025-03-04,3,81700,144,1–2 years,30–39
202500991,991,2025,Manager,Sweden,Finance & Operations,2022-05-12,2024-12-14,8,104000,114,3–5 years,30–39
202500992,992,2025,Non-manager,Spain,Data & Analytics Consulting,2022-01-17,,6,52200,130,3–5 years,40–49
202500993,993,2025,Non-manager,Sweden,Digital Strategy Consulting,2024-01-05,2024-09-19,5,41500,134,1–2 years,Under 30
202500994,994,2025,Manager,Spain,Transformation & Change Management,2018-04-16,,4,104800,101,6–10 years,30–39
202500995,995,2025,Non-manager,Sweden,Transformation & Change Management,,2023-03-25,5,52100,119,Not available,30–39
202500996,996,2025,Non-manager,Sweden,Digital Strategy Consulting,,2025-02-24,3,49300,113,Not available,Under 30
202500997,997,2025,Manager,Sweden,Sales & Business Development,2023-12-12,2024-12-15,3,86900,123,1–2 years,Under 30
202500998,998,2025,Non-manager,Spain,Sales & Business Development,,2025-07-25,6,57500,97,Not available,30–39
202501000,1000,2025,Manager,Sweden,Sales & Business Development,2017-08-14,2024-09-16,4,123300,73,6–10 years,40–49
202501001,1001,2025,Manager,Denmark,Sales & Business Development,,,4,130800,137,Not available,30–39
202501002,1002,2025,Non-manager,Denmark,Customer Experience & Design,,,5,62200,131,Not available,30–39
202501003,1003,2025,Manager,Germany,Sales & Business Development,,,2,88900,109,Not available,30–39
202501004,1004,2025,Non-manager,Sweden,Technology & IT Strategy,,,5,100100,99,Not available,30–39
202501005,1005,2025,Non-manager,Sweden,Digital Strategy Consulting,,2024-11-14,3,82100,135,Not available,30–39
202501006,1006,2025,Manager,Germany,Transformation & Change Management,,2023-07-22,1,104500,84,Not available,40–49
202501008,1008,2025,Non-manager,Denmark,Human Resources,2018-10-24,,3,78600,133,6–10 years,30–39
202501009,1009,2025,Non-manager,Spain,Digital Marketing & Growth,,,6,53800,160,Not available,30–39
202501010,1010,2025,Manager,Spain,Digital Strategy Consulting,2019-09-12,2024-10-16,1,88100,108,6–10 years,40–49
202501012,1012,2025,Manager,Germany,Digital Marketing & Growth,2024-08-20,2024-10-22,2,88300,124,1–2 years,30–39
202501014,1014,2025,Non-manager,Sweden,Digital Strategy Consulting,2025-04-03,2025-03-30,7,61500,112,Less than 1 year,Under 30
202501015,1015,2025,Non-manager,Sweden,Customer Experience & Design,2024-04-15,2024-05-01,9,60500,105,1–2 years,30–39
202501016,1016,2025,Non-manager,France,Data & Analytics Consulting,,2024-02-06,9,44500,151,Not available,Under 30
202501017,1017,2025,Manager,Sweden,Digital Marketing & Growth,,2025-03-23,5,101100,92,Not available,Under 30
202501018,1018,2025,Manager,France,Data & Analytics Consulting,,2024-10-07,2,126700,103,Not available,50–59
202501019,1019,2025,Non-manager,Sweden,Digital Strategy Consulting,2023-12-06,2024-05-13,4,53100,126,1–2 years,Under 30
202501020,1020,2025,Non-manager,Sweden,Technology & IT Strategy,,2025-10-22,5,57100,125,Not available,30–39
202501021,1021,2025,Manager,Sweden,Sales & Business Development,,2023-05-06,5,113600,98,Not available,30–39
202501022,1022,2025,Non-manager,Sweden,Digital Strategy Consulting,,2025-04-08,12,49500,180,Not available,Under 30
202501023,1023,2025,Manager,Sweden,Digital Marketing & Growth,2024-03-07,2025-05-18,3,137400,97,1–2 years,30–39
202501025,1025,2025,Manager,Sweden,Finance & Operations,2023-07-20,2025-11-04,5,88900,94,1–2 years,Under 30
202501026,1026,2025,Manager,France,Data & Analytics Consulting,2023-12-06,2025-12-28,4,82300,132,1–2 years,30–39
202501027,1027,2025,Manager,Spain,Digital Strategy Consulting,2025-08-08,,4,106400,133,Less than 1 year,40–49
202501028,1028,2025,Manager,Sweden,Digital Strategy Consulting,2022-07-19,2023-02-26,4,105200,104,3–5 years,30–39
202501029,1029,2025,Non-manager,France,Human Resources,2022-08-22,2025-03-10,4,38000,138,3–5 years,Under 30
202501030,1030,2025,Manager,Sweden,Cybersecurity & Digital Risk,,,4,113700,123,Not available,30–39
202501031,1031,2025,Manager,Sweden,Data & Analytics Consulting,,,4,113300,91,Not available,30–39
202501032,1032,2025,Non-manager,France,Transformation & Change Management,2021-07-03,2024-11-26,7,61900,114,3–5 years,Under 30
202501033,1033,2025,Non-manager,France,Data & Analytics Consulting,,,6,62000,139,Not available,40–49
202501034,1034,2025,Manager,Germany,Transformation & Change Management,2023-06-21,2024-11-24,5,87900,109,1–2 years,30–39
202501036,1036,2025,Manager,Sweden,Data & Analytics Consulting,,2023-03-15,5,119200,130,Not available,30–39
202501037,1037,2025,Non-manager,Denmark,Cybersecurity & Digital Risk,,2025-05-14,7,84700,88,Not available,40–49
202501038,1038,2025,Non-manager,Sweden,Technology & IT Strategy,,2023-10-19,5,65200,119,Not available,30–39
202501039,1039,2025,Manager,Germany,Transformation & Change Management,,2023-10-17,2,147900,108,Not available,40–49
202501040,1040,2025,Manager,Sweden,Finance & Operations,,2025-07-15,2,99000,98,Not available,30–39
202501041,1041,2025,Manager,Sweden,Transformation & Change Management,,2025-01-09,7,179100,115,Not available,50–59
202501043,1043,2025,Non-manager,Denmark,Finance & Operations,2023-12-13,2024-05-13,8,61800,114,1–2 years,30–39
202501044,1044,2025,Non-manager,Spain,Transformation & Change Management,2022-11-07,2024-10-21,10,41200,125,3–5 years,30–39
202501045,1045,2025,Manager,Sweden,Customer Experience & Design,,2025-05-27,6,109100,74,Not available,40–49
202501046,1046,2025,Manager,Denmark,Transformation & Change Management,2016-03-29,2023-08-17,7,175000,110,6–10 years,50–59
202501047,1047,2025,Non-manager,Sweden,Cybersecurity & Digital Risk,,2025-01-18,8,84000,154,Not available,40–49
202501048,1048,2025,Manager,Sweden,Customer Experience & Design,2024-05-17,,4,77300,138,1–2 years,Under 30
202501049,1049,2025,Non-manager,Sweden,Data & Analytics Consulting,2020-11-30,,5,67700,126,3–5 years,30–39
202501050,1050,2025,Manager,France,Human Resources,2025-10-13,2024-02-27,4,56700,123,Less than 1 year,Under 30
202501051,1051,2025,Manager,Sweden,Sales & Business Development,2019-07-02,2023-12-27,3,126300,98,6–10 years,30–39
202501052,1052,2025,Manager,Sweden,Finance & Operations,2025-09-14,2024-11-23,11,96500,146,Less than 1 year,30–39
202501053,1053,2025,Manager,Sweden,Technology & IT Strategy,2022-07-29,2023-01-09,7,95800,109,3–5 years,40–49
202501054,1054,2025,Manager,Denmark,Finance & Operations,2025-08-23,2023-09-11,4,128200,75,Less than 1 year,30–39
202501055,1055,2025,Non-manager,Sweden,Sales & Business Development,,2024-12-09,7,45600,117,Not available,Under 30
202501056,1056,2025,Non-manager,Germany,Cybersecurity & Digital Risk,,2023-06-18,5,105100,121,Not available,40–49
202501057,1057,2025,Manager,Spain,Data & Analytics Consulting,2025-12-18,,6,96700,106,Less than 1 year,30–39
202501058,1058,2025,Non-manager,Sweden,Transformation & Change Management,2025-05-08,2024-11-28,1,49800,142,Less than 1 year,Under 30
202501059,1059,2025,Manager,Sweden,Finance & Operations,2024-03-31,2023-07-12,9,86700,109,1–2 years,30–39
202501060,1060,2025,Non-manager,Sweden,Transformation & Change Management,2022-04-28,,3,55400,97,3–5 years,30–39
202501061,1061,2025,Manager,Sweden,Data & Analytics Consulting,2025-09-08,,4,104500,101,Less than 1 year,30–39
202501062,1062,2025,Manager,Germany,Digital Strategy Consulting,2024-10-28,2024-08-19,10,91700,94,1–2 years,40–49
202501063,1063,2025,Non-manager,Sweden,Digital Strategy Consulting,2023-05-06,2025-12-20,4,77000,131,1–2 years,30–39
202501064,1064,2025,Manager,Sweden,Technology & IT Strategy,,2025-02-28,4,113500,72,Not available,40–49
202501065,1065,2025,Non-manager,Sweden,Technology & IT Strategy,,2023-10-28,3,113500,136,Not available,40–49
202501067,1067,2025,Non-manager,Sweden,Transformation & Change Management,2023-07-27,2023-12-03,11,51200,92,1–2 years,Under 30
202501068,1068,2025,Non-manager,Sweden,Cybersecurity & Digital Risk,,,2,75800,124,Not available,40–49
202501069,1069,2025,Manager,France,Cybersecurity & Digital Risk,,2025-10-12,3,85400,125,Not available,Under 30
202501070,1070,2025,Manager,Sweden,Transformation & Change Management,,2024-11-11,4,108500,91,Not available,40–49
202501073,1073,2025,Manager,Spain,Customer Experience & Design,2022-10-03,,5,74400,110,3–5 years,30–39
202501074,1074,2025,Manager,Germany,Digital Strategy Consulting,2022-04-12,,8,121400,93,3–5 years,40–49
202501075,1075,2025,Manager,Sweden,Data & Analytics Consulting,2020-07-04,2025-10-26,3,126100,132,3–5 years,40–49
202501076,1076,2025,Non-manager,Germany,Data & Analytics Consulting,,2023-01-19,6,74500,93,Not available,30–39
202501077,1077,2025,Manager,Spain,Data & Analytics Consulting,2025-07-14,,3,72000,85,Less than 1 year,30–39
202501078,1078,2025,Manager,Sweden,Transformation & Change Management,,,6,116700,107,Not available,30–39
202501080,1080,2025,Manager,Sweden,Transformation & Change Management,,2025-02-16,6,102700,95,Not available,30–39
202501081,1081,2025,Manager,Spain,Technology & IT Strategy,,2025-08-03,9,84600,102,Not available,30–39
202501082,1082,2025,Non-manager,Sweden,Customer Experience & Design,2025-09-24,2023-02-02,8,55900,128,Less than 1 year,Under 30
202501083,1083,2025,Manager,Sweden,Data & Analytics Consulting,2022-12-23,2024-05-04,4,94800,116,3–5 years,30–39
202501084,1084,2025,Manager,Sweden,Digital Marketing & Growth,2024-02-10,2024-02-25,9,89900,113,1–2 years,Under 30
202501085,1085,2025,Manager,Sweden,Digital Strategy Consulting,2019-03-10,2025-03-25,5,127700,115,6–10 years,40–49
202501086,1086,2025,Non-manager,Spain,Customer Experience & Design,2024-12-10,2025-11-23,2,35400,134,1–2 years,Under 30
202501087,1087,2025,Non-manager,Sweden,Customer Experience & Design,2023-10-28,2023-09-08,3,53600,94,1–2 years,30–39
202501088,1088,2025,Non-manager,Sweden,Human Resources,2024-06-29,2023-03-11,5,49900,105,1–2 years,30–39
202501089,1089,2025,Non-manager,Germany,Digital Marketing & Growth,,2025-12-07,5,49700,129,Not available,30–39
202501091,1091,2025,Non-manager,Sweden,Cybersecurity & Digital Risk,2024-09-05,2025-01-25,10,55100,134,1–2 years,30–39
202501092,1092,2025,Manager,Germany,Digital Strategy Consulting,2022-08-24,2024-01-17,8,110400,132,3–5 years,30–39
202501093,1093,2025,Non-manager,Germany,Transformation & Change Management,2024-09-16,2024-05-25,5,69200,88,1–2 years,30–39
202501094,1094,2025,Non-manager,Sweden,Data & Analytics Consulting,,2025-05-09,5,68800,143,Not available,30–39
202501095,1095,2025,Non-manager,Sweden,Transformation & Change Management,2025-01-12,2025-05-13,10,46500,100,Less than 1 year,30–39
202501096,1096,2025,Non-manager,Denmark,Sales & Business Development,2021-03-08,2024-02-04,1,80000,113,3–5 years,30–39
202501097,1097,2025,Manager,Spain,Human Resources,2022-12-27,2025-05-15,1,67700,131,3–5 years,30–39
202501098,1098,2025,Manager,Sweden,Technology & IT Strategy,2025-06-12,,2,90900,138,Less than 1 year,30–39
202501099,1099,2025,Non-manager,Spain,Data & Analytics Consulting,2018-04-23,2024-06-11,6,54500,132,6–10 years,30–39
202501100,1100,2025,Non-manager,Sweden,Customer Experience & Design,2021-05-13,,5,60000,125,3–5 years,40–49
202501101,1101,2025,Manager,Sweden,Digital Marketing & Growth,,2025-08-28,6,100200,88,Not available,Under 30
202501102,1102,2025,Non-manager,Germany,Technology & IT Strategy,2023-01-05,2025-02-13,2,86000,124,1–2 years,30–39
202501103,1103,2025,Manager,France,Human Resources,2024-01-03,2025-08-07,4,98600,141,1–2 years,40–49
202501104,1104,2025,Non-manager,Sweden,Technology & IT Strategy,2022-10-27,,5,67300,147,3–5 years,Under 30
202501105,1105,2025,Manager,Germany,Finance & Operations,,2023-10-25,2,109300,95,Not available,40–49
202501106,1106,2025,Manager,France,Technology & IT Strategy,,2025-12-04,7,107400,127,Not available,30–39
202501107,1107,2025,Non-manager,Denmark,Digital Strategy Consulting,,2024-11-25,10,73200,133,Not available,30–39
202501108,1108,2025,Non-manager,Sweden,Technology & IT Strategy,,2023-08-16,3,73400,84,Not available,40–49
202501109,1109,2025,Non-manager,Germany,Digital Marketing & Growth,2025-05-02,2025-03-30,3,38600,105,Less than 1 year,Under 30
202501110,1110,2025,Manager,Denmark,Digital Strategy Consulting,,,2,147800,116,Not available,40–49
202501111,1111,2025,Manager,Sweden,Data & Analytics Consulting,,,1,145200,97,Not available,40–49
202501112,1112,2025,Manager,France,Sales & Business Development,,2024-12-16,3,103000,148,Not available,Under 30
202501113,1113,2025,Manager,Spain,Human Resources,2020-07-01,2023-09-11,5,97700,120,3–5 years,40–49
202501114,1114,2025,Non-manager,Spain,Finance & Operations,2023-11-30,2025-12-16,5,31100,107,1–2 years,Under 30
202501115,1115,2025,Non-manager,Germany,Customer Experience & Design,,2025-06-09,4,63900,107,Not available,30–39
202501116,1116,2025,Manager,Denmark,Customer Experience & Design,,,8,143700,103,Not available,30–39
202501117,1117,2025,Manager,Sweden,Data & Analytics Consulting,2024-08-25,2023-09-12,4,96700,75,1–2 years,40–49
202501118,1118,2025,Non-manager,Germany,Digital Strategy Consulting,2025-01-17,,4,70300,125,Less than 1 year,30–39
202501119,1119,2025,Manager,Germany,Human Resources,,2023-11-05,3,93500,85,Not available,30–39
202501120,1120,2025,Non-manager,France,Data & Analytics Consulting,,2023-04-02,5,53300,103,Not available,Under 30
202501121,1121,2025,Non-manager,Sweden,Digital Strategy Consulting,2020-07-29,2023-12-14,1,72000,127,3–5 years,30–39
202501122,1122,2025,Manager,Sweden,Sales & Business Development,,2025-03-03,1,111500,121,Not available,30–39
202501123,1123,2025,Manager,Sweden,Digital Strategy Consulting,2020-02-28,2023-05-03,6,114700,95,3–5 years,40–49
202501124,1124,2025,Manager,Sweden,Transformation & Change Management,,2025-08-29,6,113400,113,Not available,40–49
202501125,1125,2025,Manager,Sweden,Data & Analytics Consulting,,2023-07-19,3,92200,103,Not available,30–39
202501127,1127,2025,Non-manager,France,Human Resources,,2023-06-26,5,56200,136,Not available,Under 30
202501128,1128,2025,Manager,Sweden,Digital Strategy Consulting,,2025-07-21,6,97200,98,Not available,Under 30
202501129,1129,2025,Non-manager,Germany,Cybersecurity & Digital Risk,,2023-08-09,11,80300,128,Not available,30–39
202501130,1130,2025,Manager,Germany,Data & Analytics Consulting,2022-06-04,2023-01-20,1,86000,108,3–5 years,30–39
202501131,1131,2025,Manager,Germany,Transformation & Change Management,,,3,138300,105,Not available,50–59
202501132,1132,2025,Non-manager,Sweden,Customer Experience & Design,2024-11-13,2024-05-18,3,68600,143,1–2 years,40–49
202501133,1133,2025,Non-manager,Sweden,Transformation & Change Management,,2023-11-10,7,87000,131,Not available,30–39
202501134,1134,2025,Manager,Denmark,Data & Analytics Consulting,2025-04-16,2025-09-25,2,189100,135,Less than 1 year,60 and above
202501135,1135,2025,Manager,Sweden,Transformation & Change Management,2024-11-24,,4,162900,108,1–2 years,40–49
202501136,1136,2025,Manager,Germany,Digital Marketing & Growth,2024-02-26,2024-02-04,7,71300,105,1–2 years,30–39
202501137,1137,2025,Manager,France,Transformation & Change Management,2024-09-20,2025-10-02,3,74800,89,1–2 years,30–39
202501138,1138,2025,Non-manager,France,Human Resources,2024-02-16,2023-07-20,7,48600,124,1–2 years,Under 30
202501139,1139,2025,Non-manager,Denmark,Digital Marketing & Growth,,,4,85500,118,Not available,30–39
202501140,1140,2025,Non-manager,Sweden,Digital Strategy Consulting,2023-08-27,2024-07-12,5,59700,143,1–2 years,30–39
202501141,1141,2025,Manager,Germany,Sales & Business Development,,2025-06-25,5,93400,112,Not available,30–39
202501142,1142,2025,Non-manager,Sweden,Digital Marketing & Growth,,2025-02-23,3,77100,114,Not available,30–39
202501143,1143,2025,Non-manager,Sweden,Digital Strategy Consulting,2023-05-10,2023-02-11,1,57600,122,1–2 years,30–39
202501144,1144,2025,Manager,Sweden,Finance & Operations,2025-02-18,,5,117400,98,Less than 1 year,30–39
202501145,1145,2025,Non-manager,Sweden,Digital Marketing & Growth,,2025-09-12,8,80200,106,Not available,30–39
202501146,1146,2025,Non-manager,Sweden,Digital Strategy Consulting,,2023-03-07,7,64200,114,Not available,30–39
202501147,1147,2025,Manager,Germany,Digital Strategy Consulting,2020-11-02,2025-06-12,3,157100,116,3–5 years,40–49
202501148,1148,2025,Manager,Sweden,Sales & Business Development,,,9,128000,114,Not available,40–49
202501149,1149,2025,Manager,Sweden,Transformation & Change Management,,2023-08-05,7,141400,115,Not available,40–49
202501150,1150,2025,Manager,Sweden,Sales & Business Development,2024-08-03,2024-07-30,2,90000,115,1–2 years,30–39
202501151,1151,2025,Manager,France,Digital Strategy Consulting,2021-03-12,,7,88100,100,3–5 years,30–39
202501152,1152,2025,Manager,Germany,Sales & Business Development,2024-09-16,2025-05-09,5,78800,130,1–2 years,Under 30
202501153,1153,2025,Non-manager,Sweden,Human Resources,2025-03-11,2024-12-07,4,56600,109,Less than 1 year,30–39
202501154,1154,2025,Non-manager,Denmark,Cybersecurity & Digital Risk,2024-05-21,2025-09-07,7,79300,89,1–2 years,30–39
202501155,1155,2025,Manager,Denmark,Sales & Business Development,2021-06-21,,3,170700,98,3–5 years,40–49
202501156,1156,2025,Non-manager,Sweden,Transformation & Change Management,,,5,67900,124,Not available,40–49
202501157,1157,2025,Non-manager,Germany,Technology & IT Strategy,2024-05-29,2023-11-23,4,52500,104,1–2 years,Under 30
202501158,1158,2025,Manager,Denmark,Finance & Operations,2021-11-03,2024-01-23,4,108100,103,3–5 years,30–39
202501159,1159,2025,Manager,France,Customer Experience & Design,,2025-03-23,2,106200,96,Not available,30–39
202501161,1161,2025,Non-manager,Denmark,Data & Analytics Consulting,,2025-08-19,4,91800,114,Not available,30–39
202501162,1162,2025,Manager,Germany,Sales & Business Development,2023-10-23,2024-04-12,6,105300,91,1–2 years,Under 30
202501163,1163,2025,Non-manager,Spain,Finance & Operations,2023-04-13,2024-10-30,5,50100,130,1–2 years,30–39
202501164,1164,2025,Manager,Denmark,Data & Analytics Consulting,,2023-05-17,8,136800,115,Not available,30–39
202501165,1165,2025,Non-manager,Sweden,Human Resources,2024-05-03,2023-12-02,5,41900,114,1–2 years,30–39
202501166,1166,2025,Manager,Sweden,Transformation & Change Management,,2025-06-08,3,95300,103,Not available,30–39
202501167,1167,2025,Manager,Denmark,Digital Marketing & Growth,2024-08-07,,5,129800,106,1–2 years,30–39
202501168,1168,2025,Manager,Sweden,Transformation & Change Management,2024-02-08,2024-03-04,6,118900,115,1–2 years,40–49
202501169,1169,2025,Manager,Denmark,Technology & IT Strategy,2025-02-13,2024-03-04,5,114000,98,Less than 1 year,30–39
202501170,1170,2025,Manager,Sweden,Digital Strategy Consulting,,2025-04-12,2,116300,136,Not available,30–39
202501171,1171,2025,Manager,France,Finance & Operations,2025-12-27,,3,72400,105,Less than 1 year,Under 30
202501172,1172,2025,Non-manager,Sweden,Digital Strategy Consulting,2023-03-06,2025-01-30,4,72600,121,1–2 years,40–49
202501173,1173,2025,Non-manager,Germany,Customer Experience & Design,2021-02-18,2025-06-07,10,58800,132,3–5 years,30–39
202501174,1174,2025,Non-manager,Germany,Customer Experience & Design,,,8,62000,81,Not available,Under 30
202501175,1175,2025,Non-manager,Denmark,Data & Analytics Consulting,2022-02-05,,0,74800,98,3–5 years,30–39
202501176,1176,2025,Manager,Denmark,Digital Strategy Consulting,,,7,154500,125,Not available,30–39
202501177,1177,2025,Manager,Sweden,Finance & Operations,,2023-04-20,8,105500,128,Not available,30–39
202501178,1178,2025,Non-manager,Germany,Cybersecurity & Digital Risk,2024-08-04,,5,75600,154,1–2 years,30–39
202501179,1179,2025,Manager,Spain,Technology & IT Strategy,,,3,89300,128,Not available,30–39
202501180,1180,2025,Manager,Sweden,Human Resources,,2023-02-01,8,86700,80,Not available,30–39
202501181,1181,2025,Non-manager,Spain,Technology & IT Strategy,,2024-03-29,3,73900,110,Not available,50–59
202501182,1182,2025,Manager,Spain,Data & Analytics Consulting,2021-12-04,2024-07-05,3,101200,96,3–5 years,30–39
202501183,1183,2025,Non-manager,Denmark,Data & Analytics Consulting,2024-07-15,2025-07-06,6,60400,93,1–2 years,40–49
202501184,1184,2025,Manager,Sweden,Digital Strategy Consulting,,2024-12-13,6,169800,100,Not available,50–59
202501185,1185,2025,Manager,Spain,Sales & Business Development,2018-08-14,,9,92600,125,6–10 years,30–39
202501186,1186,2025,Manager,Denmark,Technology & IT Strategy,,,11,179600,95,Not available,40–49
202501188,1188,2025,Non-manager,Spain,Finance & Operations,2025-10-10,2024-08-24,7,71800,121,Less than 1 year,60 and above
202501189,1189,2025,Manager,Sweden,Technology & IT Strategy,2024-01-17,2025-01-24,6,118400,113,1–2 years,40–49
202501190,1190,2025,Manager,France,Human Resources,2022-04-10,2024-12-03,7,106500,94,3–5 years,30–39
202501192,1192,2025,Manager,Sweden,Digital Marketing & Growth,,2024-04-02,6,94900,121,Not available,30–39
202501193,1193,2025,Manager,Sweden,Sales & Business Development,,2025-09-27,0,150100,91,Not available,40–49
202501194,1194,2025,Manager,Denmark,Data & Analytics Consulting,,2023-07-27,5,134200,126,Not available,30–39
202501195,1195,2025,Manager,Spain,Human Resources,2023-03-25,,7,85800,108,1–2 years,30–39
202501196,1196,2025,Non-manager,France,Data & Analytics Consulting,2024-05-15,2025-05-25,2,58500,109,1–2 years,30–39
202501197,1197,2025,Non-manager,Germany,Digital Strategy Consulting,,,3,89500,130,Not available,40–49
202501198,1198,2025,Manager,Spain,Sales & Business Development,2022-12-21,2024-07-27,2,71100,97,3–5 years,Under 30
202501199,1199,2025,Non-manager,Germany,Data & Analytics Consulting,2022-05-27,2023-04-16,6,44700,106,3–5 years,Under 30
202501200,1200,2025,Manager,France,Customer Experience & Design,,2023-12-14,7,113500,107,Not available,40–49
202501201,1201,2025,Manager,Germany,Digital Strategy Consulting,2024-02-27,,4,126300,104,1–2 years,30–39
202501202,1202,2025,Non-manager,France,Sales & Business Development,,,4,54000,119,Not available,30–39
202501203,1203,2025,Non-manager,Sweden,Data & Analytics Consulting,,2023-12-25,8,95200,111,Not available,30–39
202501204,1204,2025,Manager,Germany,Technology & IT Strategy,2021-04-01,,4,110700,82,3–5 years,30–39
202501205,1205,2025,Manager,Sweden,Transformation & Change Management,2022-01-21,2024-06-01,9,108000,82,3–5 years,Under 30
202501206,1206,2025,Manager,France,Digital Strategy Consulting,,,5,75200,141,Not available,30–39
202501207,1207,2025,Non-manager,Sweden,Technology & IT Strategy,,,3,70600,127,Not available,Under 30
202501208,1208,2025,Non-manager,Spain,Technology & IT Strategy,,2025-02-23,1,52100,139,Not available,30–39
202501209,1209,2025,Non-manager,Denmark,Customer Experience & Design,2025-03-05,,7,63900,112,Less than 1 year,Under 30
202501210,1210,2025,Manager,Germany,Data & Analytics Consulting,2021-01-10,2025-08-05,5,109000,111,3–5 years,30–39
202501211,1211,2025,Manager,Spain,Technology & IT Strategy,,2025-09-04,2,86000,125,Not available,40–49
202501212,1212,2025,Manager,Sweden,Technology & IT Strategy,2023-06-12,2024-07-07,5,115400,102,1–2 years,30–39
202501213,1213,2025,Non-manager,Denmark,Human Resources,,2023-03-20,8,51800,97,Not available,Under 30
202501214,1214,2025,Manager,Germany,Sales & Business Development,2022-04-19,2023-07-27,3,96700,119,3–5 years,Under 30
202501215,1215,2025,Manager,Sweden,Transformation & Change Management,,2025-09-29,6,101400,91,Not available,30–39
202501216,1216,2025,Manager,France,Data & Analytics Consulting,2025-02-23,2024-12-03,3,91600,129,Less than 1 year,30–39
202501217,1217,2025,Non-manager,France,Transformation & Change Management,2021-06-05,2024-04-29,5,53900,114,3–5 years,Under 30
202501219,1219,2025,Manager,Denmark,Finance & Operations,2024-03-01,,10,160700,118,1–2 years,40–49
202501220,1220,2025,Manager,Spain,Digital Strategy Consulting,2021-10-04,2025-01-14,7,71100,103,3–5 years,Under 30
202501223,1223,2025,Non-manager,Spain,Data & Analytics Consulting,2019-01-20,2024-07-24,5,61400,152,6–10 years,30–39
202501224,1224,2025,Manager,Spain,Data & Analytics Consulting,,2023-10-19,4,64500,134,Not available,30–39
202501225,1225,2025,Non-manager,Denmark,Transformation & Change Management,2024-01-10,2023-10-28,8,53300,111,1–2 years,30–39
202501226,1226,2025,Manager,Germany,Data & Analytics Consulting,2022-02-15,,4,103000,111,3–5 years,30–39
202501227,1227,2025,Non-manager,Sweden,Digital Strategy Consulting,,2024-11-16,7,52200,131,Not available,Under 30
202501228,1228,2025,Non-manager,Spain,Technology & IT Strategy,2025-05-12,2024-08-27,3,36900,119,Less than 1 year,Under 30
202501229,1229,2025,Manager,Sweden,Data & Analytics Consulting,2020-06-19,2025-07-27,4,111300,99,3–5 years,30–39
202501230,1230,2025,Non-manager,Sweden,Transformation & Change Management,2024-03-11,,3,61200,94,1–2 years,30–39
202501231,1231,2025,Manager,Denmark,Technology & IT Strategy,2023-05-25,2024-08-17,6,123900,135,1–2 years,30–39
202501232,1232,2025,Manager,Sweden,Customer Experience & Design,2022-03-30,2024-12-08,4,172600,116,3–5 years,50–59
202501233,1233,2025,Non-manager,Spain,Data & Analytics Consulting,,,6,75800,118,Not available,40–49
202501234,1234,2025,Manager,Denmark,Transformation & Change Management,,2025-01-13,7,132700,117,Not available,30–39
202501235,1235,2025,Non-manager,Sweden,Transformation & Change Management,2024-07-14,2025-09-27,5,55300,93,1–2 years,Under 30
202501236,1236,2025,Non-manager,Sweden,Technology & IT Strategy,2024-01-01,2023-03-08,5,57000,132,1–2 years,Under 30
202501237,1237,2025,Non-manager,Germany,Technology & IT Strategy,,2024-01-03,5,46500,131,Not available,30–39
202501238,1238,2025,Non-manager,Sweden,Transformation & Change Management,2023-02-03,2025-03-11,4,67700,150,1–2 years,30–39
202501239,1239,2025,Non-manager,Sweden,Technology & IT Strategy,,,5,76900,131,Not available,40–49
202501240,1240,2025,Non-manager,Germany,Digital Marketing & Growth,,2024-04-27,3,56200,98,Not available,30–39
202501241,1241,2025,Non-manager,Germany,Technology & IT Strategy,,2024-01-02,6,101000,126,Not available,40–49
202501242,1242,2025,Manager,Sweden,Customer Experience & Design,,,8,95500,110,Not available,30–39
202501243,1243,2025,Manager,Denmark,Technology & IT Strategy,,,3,183400,111,Not available,40–49
202501244,1244,2025,Manager,Spain,Data & Analytics Consulting,2025-08-23,,6,91900,117,Less than 1 year,Under 30
202501245,1245,2025,Manager,Germany,Digital Marketing & Growth,2024-05-27,2023-07-28,7,86500,104,1–2 years,30–39
202501246,1246,2025,Manager,France,Customer Experience & Design,,2025-05-02,7,113500,115,Not available,40–49
202501247,1247,2025,Manager,Sweden,Sales & Business Development,,,1,114600,112,Not available,40–49
202501248,1248,2025,Non-manager,Denmark,Digital Marketing & Growth,2023-10-16,2025-03-16,3,62700,111,1–2 years,Under 30
202501249,1249,2025,Manager,Spain,Digital Strategy Consulting,,2025-06-09,1,101700,103,Not available,50–59
202501250,1250,2025,Manager,Germany,Technology & IT Strategy,,2023-09-05,3,92000,122,Not available,30–39
202501251,1251,2025,Non-manager,Denmark,Digital Strategy Consulting,2024-05-09,2023-10-09,9,60900,90,1–2 years,Under 30
202501252,1252,2025,Non-manager,Germany,Transformation & Change Management,2023-08-12,2025-03-10,4,47300,119,1–2 years,30–39
202501253,1253,2025,Non-manager,Sweden,Customer Experience & Design,2025-03-11,2025-03-21,5,44200,118,Less than 1 year,Under 30
202501254,1254,2025,Manager,Sweden,Finance & Operations,2025-07-27,2024-06-03,3,85000,135,Less than 1 year,30–39
202501255,1255,2025,Manager,Sweden,Technology & IT Strategy,,2024-07-31,2,159400,81,Not available,40–49
202501256,1256,2025,Manager,Germany,Customer Experience & Design,,2024-03-08,1,117000,100,Not available,40–49
202501257,1257,2025,Manager,Sweden,Transformation & Change Management,,2025-05-07,7,146300,125,Not available,40–49
202501258,1258,2025,Manager,Denmark,Transformation & Change Management,2020-02-25,2025-10-22,5,119300,129,3–5 years,30–39
202501259,1259,2025,Manager,Sweden,Technology & IT Strategy,2019-05-02,2024-09-21,6,114200,115,6–10 years,30–39
202501260,1260,2025,Non-manager,Denmark,Digital Strategy Consulting,,2023-09-13,8,70200,103,Not available,Under 30
202501261,1261,2025,Manager,Sweden,Digital Strategy Consulting,2024-05-09,2023-01-11,4,86900,128,1–2 years,Under 30
202501262,1262,2025,Manager,Sweden,Digital Strategy Consulting,2023-11-09,2024-04-07,7,117300,80,1–2 years,30–39
202501263,1263,2025,Manager,France,Transformation & Change Management,2025-04-25,2023-12-31,5,104000,134,Less than 1 year,40–49
202501264,1264,2025,Non-manager,Sweden,Sales & Business Development,,2023-09-01,7,61300,104,Not available,40–49
202501265,1265,2025,Manager,Germany,Technology & IT Strategy,2022-08-13,2025-03-19,6,93400,136,3–5 years,30–39
202501266,1266,2025,Manager,Spain,Data & Analytics Consulting,,2024-08-11,2,92400,101,Not available,30–39
202501267,1267,2025,Manager,Sweden,Transformation & Change Management,2022-09-16,2024-01-17,8,103300,84,3–5 years,40–49
202501268,1268,2025,Manager,Germany,Customer Experience & Design,2024-02-13,2025-07-09,6,79100,118,1–2 years,Under 30
202501269,1269,2025,Non-manager,France,Technology & IT Strategy,,,1,51300,128,Not available,40–49
202501270,1270,2025,Manager,Germany,Technology & IT Strategy,2019-05-08,2025-09-18,2,121800,93,6–10 years,Under 30
202501271,1271,2025,Manager,Denmark,Digital Strategy Consulting,2024-06-24,2025-04-23,6,108300,127,1–2 years,30–39
202501272,1272,2025,Non-manager,Germany,Digital Marketing & Growth,2025-03-13,2025-02-06,6,48800,86,Less than 1 year,30–39
202501273,1273,2025,Manager,Sweden,Finance & Operations,,,3,113500,135,Not available,30–39
202501274,1274,2025,Non-manager,Spain,Finance & Operations,,2025-06-13,2,60000,125,Not available,40–49
202501275,1275,2025,Manager,Sweden,Digital Strategy Consulting,,2025-09-15,5,113300,105,Not available,30–39
202501276,1276,2025,Manager,Denmark,Finance & Operations,,,7,155300,115,Not available,30–39
202501277,1277,2025,Non-manager,Sweden,Digital Strategy Consulting,2025-12-21,2023-01-20,9,67500,140,Less than 1 year,30–39
202501278,1278,2025,Manager,Sweden,Human Resources,,2024-04-28,3,69400,93,Not available,30–39
202501279,1279,2025,Non-manager,France,Human Resources,,,6,58100,111,Not available,30–39
202501280,1280,2025,Manager,Sweden,Data & Analytics Consulting,,2025-03-03,6,138300,109,Not available,40–49
202501281,1281,2025,Non-manager,Sweden,Sales & Business Development,,2025-07-15,4,101400,109,Not available,30–39
202501282,1282,2025,Manager,Denmark,Finance & Operations,2023-10-30,,4,91100,101,1–2 years,40–49
202501283,1283,2025,Manager,Sweden,Data & Analytics Consulting,2023-02-27,2023-11-26,5,119400,132,1–2 years,40–49
202501284,1284,2025,Manager,Spain,Sales & Business Development,2022-12-05,,3,75200,118,3–5 years,Under 30
202501285,1285,2025,Non-manager,Sweden,Customer Experience & Design,2023-03-12,2025-09-29,5,62700,127,1–2 years,Under 30
202501286,1286,2025,Non-manager,Germany,Data & Analytics Consulting,2024-04-12,,6,90600,110,1–2 years,50–59
202501287,1287,2025,Manager,Sweden,Digital Strategy Consulting,2025-09-30,2025-12-13,6,92800,130,Less than 1 year,Under 30
202501288,1288,2025,Manager,France,Transformation & Change Management,2017-06-12,2024-06-13,4,128000,141,6–10 years,30–39
202501289,1289,2025,Non-manager,Germany,Technology & IT Strategy,2025-03-05,2023-11-12,7,60900,149,Less than 1 year,Under 30
202501290,1290,2025,Non-manager,Denmark,Customer Experience & Design,2020-02-23,,5,92800,132,3–5 years,30–39
202501291,1291,2025,Manager,Sweden,Sales & Business Development,,,11,190400,127,Not available,50–59
202501292,1292,2025,Non-manager,France,Technology & IT Strategy,2021-07-10,2023-08-28,4,49200,118,3–5 years,30–39
202501293,1293,2025,Non-manager,France,Cybersecurity & Digital Risk,,2024-09-10,3,92700,132,Not available,50–59
202501294,1294,2025,Non-manager,Sweden,Technology & IT Strategy,2025-05-03,2024-03-08,4,54600,147,Less than 1 year,Under 30
202501295,1295,2025,Non-manager,Sweden,Data & Analytics Consulting,,,10,69800,129,Not available,40–49
202501296,1296,2025,Manager,Spain,Human Resources,,2023-04-01,6,65000,103,Not available,Under 30
202501297,1297,2025,Non-manager,Spain,Customer Experience & Design,,2024-04-15,9,43100,134,Not available,30–39
202501298,1298,2025,Manager,Sweden,Cybersecurity & Digital Risk,2023-06-22,2024-10-10,2,96400,120,1–2 years,30–39
202501299,1299,2025,Non-manager,Spain,Finance & Operations,,2025-11-25,4,35800,109,Not available,Under 30
202501300,1300,2025,Manager,Sweden,Data & Analytics Consulting,2022-06-12,2023-04-10,6,101400,89,3–5 years,30–39
202501301,1301,2025,Manager,Denmark,Data & Analytics Consulting,,2025-12-04,2,164800,99,Not available,40–49
202501302,1302,2025,Manager,Denmark,Digital Strategy Consulting,,2024-05-26,6,145700,108,Not available,30–39
202501304,1304,2025,Non-manager,France,Technology & IT Strategy,2025-07-23,,4,58300,121,Less than 1 year,Under 30
202501305,1305,2025,Non-manager,Spain,Data & Analytics Consulting,,2025-06-05,6,76500,90,Not available,50–59
202501306,1306,2025,Non-manager,Sweden,Customer Experience & Design,,2023-05-23,6,71000,126,Not available,30–39
202501307,1307,2025,Manager,Sweden,Digital Marketing & Growth,,2025-03-04,4,113700,96,Not available,40–49
202501308,1308,2025,Manager,Sweden,Transformation & Change Management,,2024-12-30,5,131700,97,Not available,40–49
202501309,1309,2025,Manager,France,Sales & Business Development,2023-02-15,2023-09-29,1,81800,124,1–2 years,30–39
202501310,1310,2025,Manager,Germany,Technology & IT Strategy,2022-07-07,2023-07-23,3,99200,102,3–5 years,Under 30
202501311,1311,2025,Manager,France,Sales & Business Development,2021-09-07,2023-08-07,6,82200,138,3–5 years,30–39
202501312,1312,2025,Manager,Sweden,Digital Strategy Consulting,2021-04-17,2024-06-16,7,102200,95,3–5 years,Under 30
202501313,1313,2025,Non-manager,Sweden,Cybersecurity & Digital Risk,2024-03-30,,7,52700,121,1–2 years,Under 30
202501314,1314,2025,Manager,Germany,Data & Analytics Consulting,2025-08-10,2024-03-01,2,98500,117,Less than 1 year,30–39
202501315,1315,2025,Non-manager,Germany,Finance & Operations,,2025-04-26,2,37900,139,Not available,30–39
202501316,1316,2025,Manager,Sweden,Data & Analytics Consulting,2022-05-11,2023-04-13,3,93200,77,3–5 years,Under 30
202501317,1317,2025,Manager,Sweden,Technology & IT Strategy,,,5,109200,104,Not available,30–39
202501318,1318,2025,Manager,Sweden,Data & Analytics Consulting,,2023-09-24,4,113800,102,Not available,40–49
202501320,1320,2025,Manager,Sweden,Data & Analytics Consulting,,2024-04-28,2,96700,108,Not available,30–39
202501321,1321,2025,Non-manager,France,Finance & Operations,2025-08-20,2025-10-06,4,31600,117,Less than 1 year,Under 30
202501322,1322,2025,Non-manager,Denmark,Digital Marketing & Growth,2023-02-18,2024-01-06,5,60500,121,1–2 years,30–39
202501323,1323,2025,Non-manager,Denmark,Digital Marketing & Growth,2021-02-20,2025-04-07,4,77900,103,3–5 years,Under 30
202501324,1324,2025,Manager,Spain,Sales & Business Development,,2023-04-11,8,114600,130,Not available,40–49
202501325,1325,2025,Manager,Sweden,Digital Strategy Consulting,,,4,190700,158,Not available,50–59
202501326,1326,2025,Non-manager,Sweden,Technology & IT Strategy,,,6,50000,76,Not available,30–39
202501327,1327,2025,Manager,Germany,Data & Analytics Consulting,2022-08-07,,9,87400,130,3–5 years,Under 30
202501328,1328,2025,Non-manager,France,Transformation & Change Management,2022-01-06,,3,56300,147,3–5 years,30–39
202501329,1329,2025,Manager,Denmark,Customer Experience & Design,2023-07-21,,4,170900,108,1–2 years,30–39
202501330,1330,2025,Non-manager,Spain,Customer Experience & Design,,,5,58900,134,Not available,40–49
202501331,1331,2025,Non-manager,Denmark,Digital Strategy Consulting,2023-06-07,,5,70200,139,1–2 years,Under 30
202501332,1332,2025,Non-manager,Sweden,Digital Marketing & Growth,,2024-01-31,4,66500,128,Not available,30–39
202501333,1333,2025,Non-manager,Spain,Cybersecurity & Digital Risk,,,5,44800,117,Not available,30–39
202501334,1334,2025,Non-manager,Sweden,Transformation & Change Management,,2023-09-29,0,70000,116,Not available,Under 30
202501335,1335,2025,Manager,Germany,Sales & Business Development,,2024-05-17,3,98500,114,Not available,30–39
202501336,1336,2025,Non-manager,Sweden,Sales & Business Development,,,4,97900,101,Not available,40–49
202501337,1337,2025,Manager,Germany,Finance & Operations,2021-09-08,2025-02-10,6,84300,141,3–5 years,Under 30
202501338,1338,2025,Manager,Sweden,Cybersecurity & Digital Risk,2022-06-08,2023-06-26,9,99700,105,3–5 years,30–39
202501339,1339,2025,Non-manager,France,Customer Experience & Design,2025-03-04,2023-01-05,4,49300,150,Less than 1 year,30–39
202501341,1341,2025,Manager,Sweden,Technology & IT Strategy,2024-09-09,,6,102700,110,1–2 years,30–39
202501342,1342,2025,Manager,France,Sales & Business Development,2025-09-25,2025-09-29,5,78900,115,Less than 1 year,Under 30
202501343,1343,2025,Manager,Germany,Data & Analytics Consulting,,2025-05-13,4,104800,123,Not available,Under 30
202501344,1344,2025,Manager,Sweden,Technology & IT Strategy,,,2,119300,92,Not available,30–39
202501345,1345,2025,Non-manager,Spain,Human Resources,2018-07-23,2025-03-31,4,79000,98,6–10 years,50–59
202501346,1346,2025,Manager,Sweden,Digital Strategy Consulting,,2023-10-14,2,103700,134,Not available,30–39
202501347,1347,2025,Non-manager,France,Digital Strategy Consulting,2025-07-02,2023-03-16,5,46500,155,Less than 1 year,30–39
202501349,1349,2025,Non-manager,Denmark,Customer Experience & Design,2024-06-15,2025-05-13,3,87500,132,1–2 years,40–49
202501350,1350,2025,Manager,Sweden,Human Resources,2025-09-22,2025-04-27,4,91200,95,Less than 1 year,Under 30
202501351,1351,2025,Non-manager,Germany,Sales & Business Development,2025-07-24,,3,63700,131,Less than 1 year,Under 30
202501352,1352,2025,Manager,Spain,Cybersecurity & Digital Risk,2023-04-12,,4,72400,86,1–2 years,30–39
202501353,1353,2025,Non-manager,Denmark,Digital Strategy Consulting,,,10,79700,115,Not available,30–39
202501354,1354,2025,Manager,Spain,Data & Analytics Consulting,2025-03-18,2023-02-25,7,69600,120,Less than 1 year,40–49
202501355,1355,2025,Non-manager,Sweden,Sales & Business Development,2023-04-28,2024-12-24,7,63900,133,1–2 years,40–49
202501356,1356,2025,Manager,France,Technology & IT Strategy,,,8,106300,102,Not available,30–39
202501357,1357,2025,Non-manager,France,Finance & Operations,,2024-07-11,7,44500,115,Not available,Under 30
202501358,1358,2025,Manager,Denmark,Digital Marketing & Growth,,2025-05-07,4,93400,91,Not available,30–39
202501359,1359,2025,Manager,Sweden,Data & Analytics Consulting,,2025-10-05,1,130100,115,Not available,50–59
202501360,1360,2025,Manager,Germany,Data & Analytics Consulting,2021-09-02,2024-10-30,6,96700,116,3–5 years,30–39
202501362,1362,2025,Non-manager,Sweden,Sales & Business Development,2024-03-18,2023-04-06,5,63200,128,1–2 years,30–39
202501363,1363,2025,Manager,France,Data & Analytics Consulting,2023-01-12,2024-03-27,7,100400,146,1–2 years,30–39
202501364,1364,2025,Non-manager,Sweden,Data & Analytics Consulting,,2024-04-09,9,75000,95,Not available,40–49
202501365,1365,2025,Manager,Sweden,Transformation & Change Management,2025-05-29,,7,86700,108,Less than 1 year,Under 30
202501366,1366,2025,Manager,France,Human Resources,,2024-07-24,7,75600,125,Not available,30–39
202501368,1368,2025,Non-manager,Sweden,Transformation & Change Management,2021-03-08,2025-06-16,4,69100,149,3–5 years,30–39
202501369,1369,2025,Non-manager,Sweden,Finance & Operations,,2023-07-11,5,77400,153,Not available,Under 30
202501370,1370,2025,Manager,Sweden,Data & Analytics Consulting,2019-07-15,2023-09-20,9,122800,113,6–10 years,30–39
202501371,1371,2025,Manager,Denmark,Data & Analytics Consulting,,2025-11-16,4,124800,109,Not available,30–39
202501373,1373,2025,Non-manager,France,Transformation & Change Management,2024-12-25,2023-12-22,4,43700,161,1–2 years,30–39
202501374,1374,2025,Manager,Sweden,Transformation & Change Management,,2024-07-17,2,76500,145,Not available,Under 30
202501375,1375,2025,Manager,Sweden,Technology & IT Strategy,2022-09-17,,5,89600,113,3–5 years,Under 30
202501376,1376,2025,Non-manager,Denmark,Digital Strategy Consulting,,2025-08-03,3,89200,109,Not available,30–39
202501377,1377,2025,Non-manager,Sweden,Data & Analytics Consulting,2025-05-14,2024-05-24,3,43900,127,Less than 1 year,30–39
202501378,1378,2025,Non-manager,Sweden,Digital Strategy Consulting,2023-05-11,,5,69200,95,1–2 years,Under 30
202501379,1379,2025,Manager,Sweden,Finance & Operations,2023-12-08,,9,107800,115,1–2 years,40–49
202501380,1380,2025,Manager,Sweden,Human Resources,,2025-09-20,6,92500,124,Not available,30–39
202501381,1381,2025,Non-manager,Denmark,Transformation & Change Management,2025-09-09,,3,80400,119,Less than 1 year,40–49
202501382,1382,2025,Manager,Sweden,Sales & Business Development,,2023-07-31,6,85600,131,Not available,30–39
202501383,1383,2025,Non-manager,Germany,Technology & IT Strategy,,,5,70200,106,Not available,30–39
202501384,1384,2025,Manager,Sweden,Data & Analytics Consulting,2021-11-29,2025-02-21,5,132200,127,3–5 years,40–49
202501385,1385,2025,Manager,Germany,Transformation & Change Management,2022-08-21,2025-02-27,1,100200,106,3–5 years,30–39
202501386,1386,2025,Manager,Sweden,Digital Strategy Consulting,,2025-06-16,6,177300,129,Not available,50–59
202501387,1387,2025,Manager,Sweden,Technology & IT Strategy,2023-04-19,2023-05-16,5,87600,118,1–2 years,Under 30
202501389,1389,2025,Manager,Sweden,Transformation & Change Management,,2025-04-22,4,119200,112,Not available,40–49
202501390,1390,2025,Manager,Sweden,Sales & Business Development,,,7,85400,75,Not available,30–39
202501391,1391,2025,Manager,Denmark,Transformation & Change Management,2022-05-09,2023-08-10,4,106100,112,3–5 years,30–39
202501392,1392,2025,Manager,Sweden,Digital Marketing & Growth,2019-08-11,2025-04-10,8,113300,85,6–10 years,30–39
202501393,1393,2025,Manager,France,Sales & Business Development,2025-11-26,2023-01-04,2,106700,160,Less than 1 year,30–39
202501394,1394,2025,Non-manager,Germany,Customer Experience & Design,,2024-08-03,2,82800,119,Not available,60 and above
202501395,1395,2025,Manager,Spain,Data & Analytics Consulting,2023-12-06,2023-08-16,4,83700,131,1–2 years,30–39
202501396,1396,2025,Manager,Sweden,Digital Strategy Consulting,2021-10-04,2024-10-24,7,117500,112,3–5 years,30–39
202501397,1397,2025,Non-manager,France,Cybersecurity & Digital Risk,2020-08-15,2023-02-13,5,74900,136,3–5 years,40–49
202501398,1398,2025,Manager,Sweden,Sales & Business Development,2022-12-17,2025-12-12,5,146200,105,3–5 years,40–49
202501399,1399,2025,Non-manager,Spain,Human Resources,2024-01-11,2025-10-23,4,44500,146,1–2 years,40–49
202501400,1400,2025,Non-manager,Spain,Transformation & Change Management,2023-07-06,2024-12-03,5,40300,134,1–2 years,30–39
202501401,1401,2025,Manager,France,Data & Analytics Consulting,,2025-01-02,8,120300,148,Not available,30–39
202501402,1402,2025,Manager,Sweden,Sales & Business Development,2023-07-06,2025-03-07,9,91100,122,1–2 years,30–39
202501403,1403,2025,Non-manager,Sweden,Data & Analytics Consulting,,2023-05-11,7,67700,118,Not available,40–49
202501404,1404,2025,Manager,France,Data & Analytics Consulting,2025-06-27,,6,77700,143,Less than 1 year,Under 30
202501405,1405,2025,Non-manager,Sweden,Digital Strategy Consulting,2022-12-04,2024-03-29,1,60300,96,3–5 years,40–49
202501406,1406,2025,Manager,Spain,Digital Strategy Consulting,2018-01-14,2023-11-15,2,114600,153,6–10 years,60 and above
202501407,1407,2025,Manager,Sweden,Technology & IT Strategy,2017-09-13,2024-10-07,3,146100,141,6–10 years,40–49
202501408,1408,2025,Non-manager,Denmark,Digital Strategy Consulting,2025-08-11,2025-06-06,6,62700,95,Less than 1 year,Under 30
202501409,1409,2025,Non-manager,Denmark,Customer Experience & Design,2021-06-17,2025-10-14,2,87500,143,3–5 years,30–39
202501411,1411,2025,Manager,Denmark,Sales & Business Development,,2025-01-20,5,133000,94,Not available,30–39
202501412,1412,2025,Manager,Sweden,Digital Strategy Consulting,2022-12-15,,5,105600,116,3–5 years,30–39
202501413,1413,2025,Non-manager,Germany,Customer Experience & Design,,2024-08-10,4,80200,135,Not available,50–59
202501414,1414,2025,Non-manager,Germany,Transformation & Change Management,,2023-06-22,1,47700,105,Not available,Under 30
202501415,1415,2025,Non-manager,Sweden,Human Resources,2025-09-12,2025-03-11,2,57900,148,Less than 1 year,30–39
202501416,1416,2025,Manager,Denmark,Human Resources,2024-12-05,2024-12-25,3,108500,114,1–2 years,30–39
202501417,1417,2025,Manager,Sweden,Sales & Business Development,,2025-08-31,4,104600,88,Not available,Under 30
202501418,1418,2025,Manager,France,Customer Experience & Design,,2023-05-26,4,134100,89,Not available,40–49
202501419,1419,2025,Manager,Sweden,Technology & IT Strategy,2018-03-15,,3,138700,115,6–10 years,40–49
202501420,1420,2025,Non-manager,Germany,Customer Experience & Design,2023-09-18,2025-10-08,8,44600,125,1–2 years,Under 30
202501421,1421,2025,Manager,Sweden,Technology & IT Strategy,2025-10-14,2024-02-14,5,94500,102,Less than 1 year,30–39
202501422,1422,2025,Non-manager,Sweden,Human Resources,2025-07-02,2025-01-17,6,59700,116,Less than 1 year,40–49
202501423,1423,2025,Non-manager,Sweden,Transformation & Change Management,,2025-12-04,6,55800,109,Not available,30–39
202501424,1424,2025,Non-manager,Sweden,Digital Marketing & Growth,2022-04-23,2023-02-13,8,52100,95,3–5 years,30–39
202501425,1425,2025,Manager,Germany,Digital Strategy Consulting,,2023-08-07,3,121300,99,Not available,30–39
202501426,1426,2025,Manager,Sweden,Data & Analytics Consulting,,,8,164500,106,Not available,50–59
202501427,1427,2025,Manager,Germany,Digital Strategy Consulting,,2023-03-29,3,132000,106,Not available,30–39
202501428,1428,2025,Manager,Sweden,Digital Strategy Consulting,2021-12-26,2023-09-24,4,113500,120,3–5 years,40–49
202501429,1429,2025,Non-manager,Sweden,Data & Analytics Consulting,,2023-10-02,7,70200,78,Not available,30–39
202501430,1430,2025,Non-manager,Germany,Sales & Business Development,2016-06-28,2023-09-17,5,75600,92,6–10 years,30–39
202501432,1432,2025,Non-manager,France,Finance & Operations,2016-02-19,2024-02-01,7,82700,153,6–10 years,50–59
202501433,1433,2025,Manager,Spain,Digital Strategy Consulting,,2025-04-13,2,52400,125,Not available,Under 30
202501434,1434,2025,Non-manager,Sweden,Human Resources,2024-03-05,2024-11-10,4,50300,102,1–2 years,30–39
202501436,1436,2025,Non-manager,Denmark,Customer Experience & Design,,,0,68000,116,Not available,30–39
202501437,1437,2025,Non-manager,France,Transformation & Change Management,2022-09-14,,5,53700,148,3–5 years,40–49
202501438,1438,2025,Non-manager,Germany,Digital Marketing & Growth,,2025-09-25,5,74700,109,Not available,30–39
202501439,1439,2025,Non-manager,France,Cybersecurity & Digital Risk,,2024-04-01,5,65500,108,Not available,30–39
202501440,1440,2025,Non-manager,Sweden,Transformation & Change Management,,2024-08-15,5,59100,124,Not available,Under 30
202501441,1441,2025,Non-manager,France,Data & Analytics Consulting,,2023-05-24,8,55900,103,Not available,30–39
202501442,1442,2025,Manager,Sweden,Transformation & Change Management,2024-12-17,2023-06-26,7,102100,114,1–2 years,30–39
202501443,1443,2025,Manager,Spain,Digital Marketing & Growth,,2023-04-21,1,88400,126,Not available,30–39
202501444,1444,2025,Non-manager,Sweden,Data & Analytics Consulting,,2025-04-19,1,52400,136,Not available,Under 30
202501445,1445,2025,Manager,Spain,Data & Analytics Consulting,,2023-04-06,4,85300,146,Not available,30–39
202501446,1446,2025,Non-manager,France,Finance & Operations,,2025-06-26,3,61600,164,Not available,30–39
202501447,1447,2025,Manager,France,Human Resources,2023-01-02,2025-09-14,6,86600,88,1–2 years,30–39
202501448,1448,2025,Manager,Spain,Digital Strategy Consulting,,,3,74000,120,Not available,30–39
202501449,1449,2025,Non-manager,Sweden,Digital Strategy Consulting,2021-04-08,,3,58600,119,3–5 years,30–39
202501450,1450,2025,Non-manager,Denmark,Finance & Operations,2021-05-01,2023-12-22,5,106600,131,3–5 years,40–49
202501451,1451,2025,Non-manager,Spain,Digital Strategy Consulting,,2025-10-12,5,42300,138,Not available,30–39
202501452,1452,2025,Manager,Germany,Digital Strategy Consulting,2024-10-01,2025-04-15,5,79300,93,1–2 years,Under 30
202501453,1453,2025,Non-manager,Spain,Cybersecurity & Digital Risk,2025-03-27,2024-09-16,3,39500,127,Less than 1 year,Under 30
202501454,1454,2025,Manager,Sweden,Data & Analytics Consulting,2024-06-19,2024-10-18,2,96700,107,1–2 years,Under 30
202501455,1455,2025,Manager,Sweden,Customer Experience & Design,,2024-07-20,4,141700,106,Not available,30–39
202501456,1456,2025,Non-manager,Sweden,Cybersecurity & Digital Risk,2023-01-12,2025-10-29,4,59600,129,1–2 years,30–39
202501457,1457,2025,Non-manager,Sweden,Digital Strategy Consulting,,2025-05-17,6,82400,129,Not available,40–49
202501458,1458,2025,Non-manager,Denmark,Human Resources,2021-05-08,2023-04-10,3,90400,143,3–5 years,Under 30
202501459,1459,2025,Non-manager,Sweden,Digital Marketing & Growth,,2024-07-23,1,69800,97,Not available,Under 30
202501460,1460,2025,Manager,Sweden,Digital Marketing & Growth,2024-11-13,2024-03-28,5,74000,97,1–2 years,Under 30
202501461,1461,2025,Manager,France,Data & Analytics Consulting,2022-11-09,,6,84400,95,3–5 years,30–39
202501463,1463,2025,Manager,Germany,Customer Experience & Design,2022-07-02,2024-03-19,3,109500,101,3–5 years,30–39
202501464,1464,2025,Manager,Sweden,Human Resources,2025-06-12,2025-03-21,9,100900,118,Less than 1 year,Under 30
202501465,1465,2025,Manager,Sweden,Human Resources,2021-12-25,,6,96600,124,3–5 years,40–49
202501466,1466,2025,Non-manager,Sweden,Data & Analytics Consulting,2022-11-17,2024-04-21,4,66600,118,3–5 years,Under 30
202501467,1467,2025,Manager,Sweden,Data & Analytics Consulting,,2025-03-05,5,108600,151,Not available,40–49
202501468,1468,2025,Non-manager,Sweden,Transformation & Change Management,,,7,88300,99,Not available,30–39
202501469,1469,2025,Manager,Sweden,Sales & Business Development,2024-04-05,2024-12-20,4,105600,94,1–2 years,30–39
202501470,1470,2025,Non-manager,Germany,Data & Analytics Consulting,2023-08-14,2025-05-23,8,51400,149,1–2 years,30–39
202501471,1471,2025,Manager,France,Digital Strategy Consulting,,,4,100800,103,Not available,30–39
202501472,1472,2025,Non-manager,Germany,Sales & Business Development,2022-03-24,2024-09-04,4,73900,106,3–5 years,30–39
202501473,1473,2025,Manager,Germany,Customer Experience & Design,2025-09-01,,5,90300,146,Less than 1 year,30–39
202501474,1474,2025,Manager,Spain,Transformation & Change Management,2018-04-04,,6,111900,128,6–10 years,40–49
202501475,1475,2025,Manager,Sweden,Customer Experience & Design,2022-05-12,,7,188900,93,3–5 years,40–49
202501476,1476,2025,Non-manager,France,Digital Strategy Consulting,,2023-07-10,3,42100,155,Not available,Under 30
202501477,1477,2025,Non-manager,France,Digital Strategy Consulting,,,6,67000,110,Not available,30–39
202501478,1478,2025,Manager,Sweden,Customer Experience & Design,,2025-06-07,6,168600,135,Not available,40–49
202501479,1479,2025,Manager,France,Digital Marketing & Growth,2024-08-08,2025-01-16,7,121800,113,1–2 years,40–49
202501480,1480,2025,Manager,Denmark,Technology & IT Strategy,2024-05-26,2024-10-02,6,95700,155,1–2 years,Under 30
202501481,1481,2025,Non-manager,France,Digital Strategy Consulting,2023-10-12,,4,49000,131,1–2 years,Under 30
202501482,1482,2025,Manager,Germany,Digital Strategy Consulting,,,7,88400,144,Not available,Under 30
202501483,1483,2025,Manager,Germany,Sales & Business Development,2021-11-29,,4,142500,130,3–5 years,40–49
202501485,1485,2025,Non-manager,Germany,Data & Analytics Consulting,2021-04-20,2025-08-14,7,71100,132,3–5 years,Under 30
202501486,1486,2025,Manager,Germany,Digital Marketing & Growth,2023-03-04,2023-05-31,2,80500,114,1–2 years,30–39
202501487,1487,2025,Non-manager,Sweden,Human Resources,,2024-06-30,5,43900,121,Not available,Under 30
202501488,1488,2025,Non-manager,Germany,Digital Strategy Consulting,,2023-07-14,1,97800,84,Not available,40–49
202501489,1489,2025,Manager,Sweden,Finance & Operations,2023-05-25,2025-05-09,6,105300,113,1–2 years,30–39
202501491,1491,2025,Manager,Spain,Transformation & Change Management,,2025-04-25,7,76900,125,Not available,40–49
202501492,1492,2025,Manager,Sweden,Data & Analytics Consulting,2024-09-25,2023-03-24,2,116400,116,1–2 years,30–39
202501493,1493,2025,Manager,Denmark,Finance & Operations,2023-12-28,,3,96500,145,1–2 years,40–49
202501494,1494,2025,Non-manager,Sweden,Cybersecurity & Digital Risk,2025-09-01,,7,69000,113,Less than 1 year,30–39
202501496,1496,2025,Manager,Germany,Transformation & Change Management,2019-12-13,,3,114100,101,6–10 years,40–49
202501497,1497,2025,Manager,Sweden,Data & Analytics Consulting,2024-11-06,2023-12-14,4,111600,107,1–2 years,Under 30
202501498,1498,2025,Non-manager,Denmark,Customer Experience & Design,2024-09-19,2024-09-11,4,57300,129,1–2 years,40–49
202501499,1499,2025,Non-manager,France,Customer Experience & Design,,,2,60600,138,Not available,40–49
202501500,1500,2025,Manager,Sweden,Finance & Operations,,2025-06-02,4,103800,140,Not available,40–49
202501502,1502,2025,Manager,Sweden,Technology & IT Strategy,,2023-06-05,4,136900,118,Not available,40–49
202501503,1503,2025,Manager,Sweden,Digital Strategy Consulting,2024-07-04,2024-05-14,3,71200,112,1–2 years,Under 30
202501504,1504,2025,Non-manager,Spain,Digital Marketing & Growth,,,7,51400,133,Not available,30–39
202501505,1505,2025,Non-manager,Sweden,Digital Strategy Consulting,,2024-04-01,7,76600,128,Not available,30–39
202501506,1506,2025,Manager,Spain,Digital Marketing & Growth,,,3,78200,125,Not available,30–39
202501507,1507,2025,Non-manager,Germany,Customer Experience & Design,,2025-06-02,6,86700,115,Not available,60 and above
202501508,1508,2025,Non-manager,Germany,Transformation & Change Management,2022-03-18,2024-07-06,8,53300,89,3–5 years,Under 30
202501509,1509,2025,Non-manager,Sweden,Customer Experience & Design,,,7,91200,108,Not available,40–49
202501510,1510,2025,Manager,Denmark,Digital Strategy Consulting,2017-07-09,,4,190600,134,6–10 years,50–59
202501511,1511,2025,Non-manager,Sweden,Technology & IT Strategy,,2023-04-30,2,95000,135,Not available,40–49
202501512,1512,2025,Non-manager,Denmark,Transformation & Change Management,2025-10-19,,3,54900,115,Less than 1 year,40–49
202501513,1513,2025,Non-manager,Sweden,Cybersecurity & Digital Risk,2023-12-02,2023-07-21,5,60600,109,1–2 years,30–39
202501514,1514,2025,Manager,Sweden,Digital Strategy Consulting,2021-04-03,2025-04-12,5,102100,159,3–5 years,Under 30
202501515,1515,2025,Manager,Spain,Digital Marketing & Growth,,2023-06-07,3,60800,142,Not available,30–39
202501516,1516,2025,Non-manager,Spain,Digital Strategy Consulting,,,5,57500,144,Not available,40–49
202501517,1517,2025,Non-manager,Sweden,Transformation & Change Management,,2023-01-09,6,69100,104,Not available,30–39
202501518,1518,2025,Manager,Germany,Digital Strategy Consulting,2025-03-08,,1,88700,126,Less than 1 year,Under 30
202501519,1519,2025,Non-manager,Denmark,Customer Experience & Design,,2023-07-14,3,62500,120,Not available,30–39
202501520,1520,2025,Non-manager,Sweden,Digital Strategy Consulting,,,4,91200,84,Not available,40–49
202501521,1521,2025,Manager,Germany,Transformation & Change Management,2023-01-04,,6,82700,115,1–2 years,30–39
202501522,1522,2025,Manager,Germany,Customer Experience & Design,2023-10-23,2023-06-17,6,85700,101,1–2 years,30–39
202501523,1523,2025,Manager,Sweden,Customer Experience & Design,,2025-06-17,2,138300,102,Not available,40–49
202501524,1524,2025,Manager,Sweden,Technology & IT Strategy,2024-08-20,2023-07-09,6,89800,127,1–2 years,Under 30
202501525,1525,2025,Manager,Sweden,Customer Experience & Design,,2025-02-06,6,113900,74,Not available,40–49
202501526,1526,2025,Non-manager,Sweden,Digital Strategy Consulting,2023-04-15,2025-10-29,2,73000,126,1–2 years,30–39
202501527,1527,2025,Manager,Spain,Digital Strategy Consulting,,2023-02-17,4,99500,109,Not available,30–39
202501529,1529,2025,Non-manager,Sweden,Sales & Business Development,2025-06-11,2025-02-01,6,58000,131,Less than 1 year,30–39
202501531,1531,2025,Manager,Germany,Sales & Business Development,,,3,145400,144,Not available,40–49
202501532,1532,2025,Manager,Spain,Customer Experience & Design,,2024-09-09,3,112800,118,Not available,50–59
202501533,1533,2025,Non-manager,Sweden,Digital Strategy Consulting,,2024-01-16,7,46100,126,Not available,30–39
202501534,1534,2025,Manager,Germany,Transformation & Change Management,,2024-11-30,2,89400,80,Not available,Under 30
202501535,1535,2025,Non-manager,Denmark,Data & Analytics Consulting,2020-12-21,2023-04-22,5,83500,113,3–5 years,30–39
202501537,1537,2025,Manager,Denmark,Transformation & Change Management,,2025-06-14,8,132300,106,Not available,30–39
202501538,1538,2025,Non-manager,Sweden,Technology & IT Strategy,,2023-09-10,2,104600,131,Not available,50–59
202501539,1539,2025,Non-manager,Spain,Sales & Business Development,2025-06-21,2024-06-16,1,46700,138,Less than 1 year,30–39
202501540,1540,2025,Manager,Sweden,Cybersecurity & Digital Risk,2022-09-12,2025-02-17,8,102200,85,3–5 years,Under 30
202501541,1541,2025,Non-manager,France,Customer Experience & Design,2022-09-22,2024-01-19,4,51700,73,3–5 years,40–49
202501542,1542,2025,Non-manager,Denmark,Sales & Business Development,,2023-01-16,7,88800,103,Not available,40–49
202501543,1543,2025,Non-manager,Germany,Cybersecurity & Digital Risk,2025-03-04,2023-01-10,6,59100,92,Less than 1 year,30–39
202501544,1544,2025,Non-manager,Sweden,Human Resources,,2023-01-09,4,95400,126,Not available,60 and above
202501545,1545,2025,Manager,Germany,Data & Analytics Consulting,2024-03-23,2023-02-24,6,150500,78,1–2 years,50–59
202501546,1546,2025,Manager,Germany,Technology & IT Strategy,2023-08-18,2024-08-10,4,115100,84,1–2 years,Under 30
202501547,1547,2025,Manager,Sweden,Transformation & Change Management,,2024-11-16,7,138600,94,Not available,40–49
202501548,1548,2025,Manager,Germany,Data & Analytics Consulting,,2024-09-30,5,107100,106,Not available,40–49
202501549,1549,2025,Manager,Spain,Digital Strategy Consulting,,,2,68500,122,Not available,Under 30
202501550,1550,2025,Non-manager,France,Data & Analytics Consulting,,2023-09-30,6,61900,134,Not available,Under 30
202501551,1551,2025,Manager,Spain,Transformation & Change Management,,2024-09-24,6,77300,120,Not available,30–39
202501552,1552,2025,Manager,Denmark,Sales & Business Development,2020-01-06,2025-08-01,4,130200,90,3–5 years,30–39
202501553,1553,2025,Manager,Sweden,Finance & Operations,,2023-10-31,9,191400,138,Not available,60 and above
202501554,1554,2025,Non-manager,Sweden,Transformation & Change Management,2024-03-26,2023-07-16,5,50300,154,1–2 years,30–39
202501555,1555,2025,Non-manager,France,Technology & IT Strategy,,2023-08-14,6,55700,115,Not available,Under 30
202501556,1556,2025,Manager,Denmark,Sales & Business Development,,,3,159200,122,Not available,30–39
202501557,1557,2025,Manager,Spain,Technology & IT Strategy,2020-07-14,,4,125300,131,3–5 years,50–59
202501558,1558,2025,Manager,Sweden,Transformation & Change Management,2025-02-16,2025-08-22,9,91300,101,Less than 1 year,Under 30
202501559,1559,2025,Manager,Germany,Transformation & Change Management,,2024-09-10,4,106400,117,Not available,30–39
202501560,1560,2025,Manager,Sweden,Sales & Business Development,,2025-09-21,4,96300,114,Not available,Under 30
202501561,1561,2025,Manager,Spain,Finance & Operations,2017-11-27,2024-09-06,7,106500,107,6–10 years,40–49
202501562,1562,2025,Manager,Sweden,Digital Strategy Consulting,2025-07-24,2023-01-15,6,91100,92,Less than 1 year,30–39
202501563,1563,2025,Non-manager,Sweden,Customer Experience & Design,2022-04-07,2023-04-08,4,64700,133,3–5 years,30–39
202501564,1564,2025,Manager,Germany,Digital Marketing & Growth,,2025-01-10,7,127800,103,Not available,40–49
202501565,1565,2025,Non-manager,Sweden,Digital Strategy Consulting,2023-07-24,2025-10-07,1,72000,98,1–2 years,30–39
202501566,1566,2025,Manager,Sweden,Digital Strategy Consulting,2022-05-30,,5,103300,138,3–5 years,30–39
202501567,1567,2025,Manager,Sweden,Customer Experience & Design,2021-03-04,2024-05-02,4,93400,110,3–5 years,30–39
202501568,1568,2025,Manager,Sweden,Technology & IT Strategy,2022-10-05,,9,103000,101,3–5 years,30–39
202501569,1569,2025,Manager,France,Digital Strategy Consulting,,2023-11-22,4,104200,127,Not available,40–49
202501570,1570,2025,Non-manager,France,Transformation & Change Management,,,2,44400,128,Not available,Under 30
202501571,1571,2025,Non-manager,Spain,Technology & IT Strategy,,2025-05-07,5,60700,111,Not available,40–49
202501572,1572,2025,Manager,Germany,Sales & Business Development,2025-02-07,,5,91300,129,Less than 1 year,30–39
202501573,1573,2025,Manager,Sweden,Transformation & Change Management,2023-09-26,2023-04-08,2,121300,92,1–2 years,30–39
202501574,1574,2025,Manager,Sweden,Finance & Operations,2025-10-17,2023-07-01,6,103500,141,Less than 1 year,40–49
202501575,1575,2025,Non-manager,Sweden,Digital Strategy Consulting,2023-06-28,2025-10-21,3,59500,118,1–2 years,30–39
202501576,1576,2025,Non-manager,Sweden,Technology & IT Strategy,,2025-05-05,2,59500,107,Not available,Under 30
202501577,1577,2025,Manager,Sweden,Finance & Operations,,2024-12-02,6,95300,119,Not available,30–39
202501578,1578,2025,Manager,Spain,Sales & Business Development,2019-07-20,2023-06-11,5,82000,96,6–10 years,30–39
202501579,1579,2025,Non-manager,Sweden,Transformation & Change Management,2023-06-18,,2,48300,98,1–2 years,30–39
202501580,1580,2025,Manager,Germany,Transformation & Change Management,,2025-03-09,4,138700,96,Not available,30–39
202501581,1581,2025,Manager,France,Digital Strategy Consulting,2024-03-19,2023-11-24,9,76600,123,1–2 years,30–39
202501582,1582,2025,Non-manager,Sweden,Data & Analytics Consulting,,2023-12-31,4,44700,87,Not available,Under 30
202501583,1583,2025,Non-manager,Sweden,Sales & Business Development,,2025-01-31,2,70800,153,Not available,30–39
202501584,1584,2025,Manager,Germany,Technology & IT Strategy,2022-09-02,2024-11-04,3,94500,129,3–5 years,30–39
202501585,1585,2025,Manager,Sweden,Digital Strategy Consulting,,2023-05-17,6,135800,90,Not available,40–49
202501586,1586,2025,Manager,Sweden,Digital Strategy Consulting,,2025-09-01,6,75700,110,Not available,Under 30
202501587,1587,2025,Non-manager,Sweden,Digital Marketing & Growth,2023-11-13,,6,45700,133,1–2 years,30–39
202501588,1588,2025,Non-manager,Sweden,Digital Marketing & Growth,,2024-07-24,1,70400,106,Not available,40–49
202501589,1589,2025,Non-manager,France,Cybersecurity & Digital Risk,2024-05-20,2025-05-31,6,60300,146,1–2 years,30–39
202501590,1590,2025,Manager,Sweden,Digital Strategy Consulting,2019-10-14,2023-07-17,2,115000,72,6–10 years,40–49
202501591,1591,2025,Manager,Sweden,Finance & Operations,2017-10-13,,8,118600,120,6–10 years,40–49
202501592,1592,2025,Manager,France,Technology & IT Strategy,,,1,130000,132,Not available,50–59
202501593,1593,2025,Manager,France,Technology & IT Strategy,,,4,127100,145,Not available,30–39
202501594,1594,2025,Non-manager,France,Technology & IT Strategy,,,3,65600,115,Not available,Under 30
202501595,1595,2025,Manager,Spain,Data & Analytics Consulting,2021-02-02,,7,86600,112,3–5 years,40–49
202501596,1596,2025,Manager,Sweden,Technology & IT Strategy,2024-04-28,2025-07-26,0,96900,105,1–2 years,30–39
202501597,1597,2025,Non-manager,Germany,Cybersecurity & Digital Risk,2025-02-04,2025-12-08,3,71500,88,Less than 1 year,30–39
202501598,1598,2025,Manager,Spain,Finance & Operations,2023-09-12,2025-12-09,4,78800,106,1–2 years,40–49
202501600,1600,2025,Manager,France,Transformation & Change Management,,2024-09-18,5,130200,142,Not available,40–49
202501601,1601,2025,Non-manager,Sweden,Technology & IT Strategy,,2024-02-05,11,78200,135,Not available,Under 30
202501602,1602,2025,Non-manager,France,Sales & Business Development,,2025-02-07,7,95500,126,Not available,50–59
202501603,1603,2025,Non-manager,Sweden,Transformation & Change Management,2022-09-13,,7,57100,99,3–5 years,Under 30
202501605,1605,2025,Non-manager,Sweden,Customer Experience & Design,2021-08-21,2023-06-27,5,61900,82,3–5 years,30–39
202501606,1606,2025,Manager,France,Customer Experience & Design,,2023-10-18,3,79900,114,Not available,30–39
202501607,1607,2025,Non-manager,Germany,Sales & Business Development,,2025-04-03,4,85200,116,Not available,40–49
202501608,1608,2025,Non-manager,Spain,Digital Strategy Consulting,,2023-07-04,3,57800,117,Not available,30–39
202501609,1609,2025,Non-manager,Sweden,Human Resources,2018-12-29,,5,83400,135,6–10 years,40–49
202501610,1610,2025,Non-manager,Sweden,Transformation & Change Management,,2025-04-14,8,109000,116,Not available,50–59
202501611,1611,2025,Non-manager,Denmark,Technology & IT Strategy,,2023-01-10,4,116400,101,Not available,40–49
202501612,1612,2025,Non-manager,Sweden,Cybersecurity & Digital Risk,2024-05-24,,4,55800,104,1–2 years,30–39
202501613,1613,2025,Non-manager,Germany,Data & Analytics Consulting,,2025-12-13,6,52000,85,Not available,40–49
202501615,1615,2025,Manager,Sweden,Customer Experience & Design,,2023-05-03,1,146800,139,Not available,30–39
202501616,1616,2025,Non-manager,Spain,Sales & Business Development,2025-03-30,2024-02-13,8,41900,93,Less than 1 year,Under 30
202501617,1617,2025,Non-manager,Sweden,Data & Analytics Consulting,2021-08-25,,5,55000,83,3–5 years,30–39
202501618,1618,2025,Manager,Denmark,Digital Strategy Consulting,,2023-09-07,4,154500,109,Not available,30–39
202501619,1619,2025,Manager,Sweden,Digital Strategy Consulting,2025-02-28,2024-08-17,10,109500,120,Less than 1 year,30–39
202501620,1620,2025,Manager,France,Transformation & Change Management,,2025-06-18,4,117700,120,Not available,40–49
202501621,1621,2025,Non-manager,Spain,Digital Strategy Consulting,2022-05-03,2024-04-19,4,44500,133,3–5 years,Under 30
202501622,1622,2025,Manager,Denmark,Digital Marketing & Growth,2021-01-08,2025-11-30,6,177800,97,3–5 years,50–59
202501623,1623,2025,Manager,Denmark,Cybersecurity & Digital Risk,2022-05-05,2023-06-28,4,129500,89,3–5 years,40–49
202501624,1624,2025,Manager,France,Digital Strategy Consulting,,2025-07-09,5,89100,146,Not available,30–39
202501625,1625,2025,Manager,Denmark,Digital Strategy Consulting,,2024-01-26,5,184400,75,Not available,50–59
202501626,1626,2025,Manager,Denmark,Finance & Operations,2024-01-09,,5,104100,96,1–2 years,Under 30
202501627,1627,2025,Non-manager,Denmark,Digital Marketing & Growth,,2025-06-20,4,68500,121,Not available,40–49
202501628,1628,2025,Manager,Sweden,Transformation & Change Management,2024-03-07,,8,89100,108,1–2 years,Under 30
202501630,1630,2025,Non-manager,Spain,Digital Marketing & Growth,,2025-04-02,7,68300,113,Not available,40–49
202501631,1631,2025,Non-manager,Sweden,Digital Strategy Consulting,2023-04-04,2025-02-01,6,99400,132,1–2 years,40–49
202501632,1632,2025,Manager,France,Data & Analytics Consulting,,2025-08-29,6,119300,133,Not available,40–49
202501633,1633,2025,Non-manager,Sweden,Digital Strategy Consulting,,2024-04-07,4,52100,138,Not available,Under 30
202501634,1634,2025,Manager,Sweden,Transformation & Change Management,,2024-03-05,3,139700,115,Not available,40–49
202501635,1635,2025,Manager,Sweden,Transformation & Change Management,2021-12-28,2025-04-24,8,106900,101,3–5 years,40–49
202501636,1636,2025,Manager,France,Digital Strategy Consulting,2025-09-13,2023-12-31,4,102700,111,Less than 1 year,30–39
202501637,1637,2025,Non-manager,France,Technology & IT Strategy,,2025-02-23,3,82800,156,Not available,40–49
202501638,1638,2025,Non-manager,Spain,Customer Experience & Design,2022-03-25,,6,52300,117,3–5 years,30–39
202501639,1639,2025,Non-manager,Sweden,Technology & IT Strategy,2022-12-31,2025-02-07,3,70100,111,3–5 years,30–39
202501640,1640,2025,Non-manager,Sweden,Data & Analytics Consulting,2023-07-17,,6,63000,104,1–2 years,30–39
202501641,1641,2025,Manager,Sweden,Finance & Operations,,2024-07-18,8,80500,104,Not available,Under 30
202501642,1642,2025,Manager,Spain,Cybersecurity & Digital Risk,,2025-05-12,6,86400,93,Not available,30–39
202501643,1643,2025,Manager,Sweden,Finance & Operations,2019-11-02,2025-05-28,6,165500,71,6–10 years,40–49
202501644,1644,2025,Manager,Germany,Data & Analytics Consulting,,2024-08-04,6,110700,135,Not available,30–39
202501645,1645,2025,Manager,Sweden,Cybersecurity & Digital Risk,,2023-11-10,4,135000,127,Not available,50–59
202501646,1646,2025,Manager,Spain,Transformation & Change Management,,2024-08-29,6,106300,116,Not available,30–39
202501647,1647,2025,Non-manager,Sweden,Cybersecurity & Digital Risk,,2024-12-30,3,72100,121,Not available,40–49
202501648,1648,2025,Manager,Spain,Finance & Operations,2023-03-13,,4,74000,118,1–2 years,30–39
202501649,1649,2025,Manager,Germany,Sales & Business Development,,2025-02-10,2,146800,103,Not available,50–59
202501650,1650,2025,Non-manager,Sweden,Human Resources,2023-09-22,2025-02-12,6,49700,131,1–2 years,30–39
202501651,1651,2025,Non-manager,Germany,Transformation & Change Management,2024-11-01,2023-11-03,3,46300,110,1–2 years,30–39
202501652,1652,2025,Manager,Sweden,Technology & IT Strategy,2025-11-29,,9,93300,98,Less than 1 year,30–39
202501654,1654,2025,Non-manager,France,Customer Experience & Design,,,9,79200,119,Not available,40–49
202501655,1655,2025,Manager,France,Finance & Operations,,,5,78400,102,Not available,30–39
202501656,1656,2025,Manager,Sweden,Transformation & Change Management,2025-06-24,2024-10-23,6,93400,130,Less than 1 year,Under 30
202501657,1657,2025,Manager,France,Customer Experience & Design,,,4,107500,105,Not available,40–49
202501658,1658,2025,Non-manager,Spain,Technology & IT Strategy,,,2,60400,115,Not available,30–39
202501659,1659,2025,Non-manager,Sweden,Cybersecurity & Digital Risk,,2025-02-22,5,72800,94,Not available,30–39
202501660,1660,2025,Manager,France,Digital Strategy Consulting,2024-04-01,2024-09-03,5,71400,98,1–2 years,30–39
202501661,1661,2025,Non-manager,Sweden,Digital Strategy Consulting,2022-02-01,2024-09-24,9,73200,110,3–5 years,30–39
202501662,1662,2025,Manager,Spain,Sales & Business Development,,2023-12-05,6,104700,97,Not available,30–39
202501663,1663,2025,Manager,Sweden,Customer Experience & Design,,2023-12-20,4,73900,98,Not available,Under 30
202501664,1664,2025,Non-manager,Denmark,Sales & Business Development,2022-10-23,,8,71400,138,3–5 years,Under 30
202501665,1665,2025,Manager,Sweden,Digital Strategy Consulting,,2025-04-23,6,142100,153,Not available,40–49
202501666,1666,2025,Manager,Spain,Technology & IT Strategy,,2023-10-03,7,102700,106,Not available,30–39
202501667,1667,2025,Manager,Sweden,Sales & Business Development,2025-12-30,2025-03-11,8,86700,119,Less than 1 year,Under 30
202501668,1668,2025,Manager,Sweden,Digital Strategy Consulting,2017-04-09,,7,171400,87,6–10 years,60 and above
202501669,1669,2025,Manager,Sweden,Finance & Operations,2019-01-20,2025-04-06,4,125300,105,6–10 years,40–49
202501670,1670,2025,Non-manager,Sweden,Finance & Operations,2022-10-15,2023-02-19,3,78100,90,3–5 years,30–39
202501672,1672,2025,Non-manager,Sweden,Digital Strategy Consulting,,,9,71500,130,Not available,40–49
202501673,1673,2025,Manager,Sweden,Transformation & Change Management,,2024-10-19,2,101000,117,Not available,30–39
202501674,1674,2025,Manager,Spain,Data & Analytics Consulting,2023-07-24,2023-08-17,5,67500,119,1–2 years,30–39
202501675,1675,2025,Manager,Spain,Finance & Operations,2018-08-30,2024-01-25,3,81300,125,6–10 years,30–39
202501676,1676,2025,Non-manager,Sweden,Data & Analytics Consulting,2024-07-04,2025-10-26,3,59100,133,1–2 years,30–39
202501677,1677,2025,Manager,Denmark,Digital Strategy Consulting,2025-11-09,2023-01-17,4,152200,127,Less than 1 year,40–49
202501678,1678,2025,Manager,Sweden,Digital Strategy Consulting,,,6,85800,83,Not available,Under 30
202501679,1679,2025,Manager,Sweden,Technology & IT Strategy,,2025-09-25,7,119200,82,Not available,40–49
202501680,1680,2025,Manager,Sweden,Data & Analytics Consulting,,2023-12-28,12,191700,108,Not available,50–59
202501681,1681,2025,Manager,France,Digital Marketing & Growth,,,7,109000,116,Not available,30–39
202501682,1682,2025,Manager,Germany,Digital Strategy Consulting,2023-10-25,,4,115300,149,1–2 years,30–39
202501683,1683,2025,Manager,Denmark,Customer Experience & Design,2020-04-26,2023-07-27,5,122300,93,3–5 years,30–39
202501684,1684,2025,Non-manager,Spain,Sales & Business Development,2024-11-26,2025-11-11,6,37700,151,1–2 years,Under 30
202501685,1685,2025,Non-manager,Sweden,Customer Experience & Design,2023-11-09,2024-03-24,9,56800,137,1–2 years,30–39
202501686,1686,2025,Manager,Germany,Transformation & Change Management,,,1,113300,127,Not available,30–39
202501687,1687,2025,Manager,Sweden,Sales & Business Development,,2023-06-15,8,92700,116,Not available,Under 30
202501688,1688,2025,Manager,France,Data & Analytics Consulting,2023-12-17,,5,101200,129,1–2 years,30–39
202501689,1689,2025,Manager,Sweden,Finance & Operations,2025-03-25,2025-08-18,6,101900,104,Less than 1 year,40–49
202501690,1690,2025,Non-manager,Denmark,Finance & Operations,,2025-02-25,2,66500,96,Not available,30–39
202501691,1691,2025,Non-manager,Spain,Finance & Operations,2025-09-28,2024-08-03,4,37100,112,Less than 1 year,30–39
202501692,1692,2025,Non-manager,Spain,Human Resources,,2025-03-20,3,52700,128,Not available,Under 30
202501693,1693,2025,Manager,Sweden,Digital Marketing & Growth,2020-09-05,2023-03-02,3,107500,104,3–5 years,Under 30
202501694,1694,2025,Manager,France,Data & Analytics Consulting,,2025-12-13,9,76700,53,Not available,Under 30
202501695,1695,2025,Manager,Sweden,Digital Marketing & Growth,2021-07-03,2025-05-23,8,187600,123,3–5 years,50–59
202501696,1696,2025,Manager,Germany,Digital Strategy Consulting,2021-06-30,2023-12-23,3,112700,147,3–5 years,30–39
202501697,1697,2025,Manager,Sweden,Customer Experience & Design,,,2,88700,116,Not available,Under 30
202501698,1698,2025,Non-manager,France,Transformation & Change Management,,2024-09-16,5,83100,119,Not available,30–39
202501699,1699,2025,Manager,Sweden,Sales & Business Development,2025-05-08,2023-02-16,10,92500,110,Less than 1 year,30–39
202501700,1700,2025,Manager,Spain,Technology & IT Strategy,,2023-02-04,8,87000,142,Not available,30–39
202501701,1701,2025,Manager,France,Transformation & Change Management,,2025-08-29,8,74700,113,Not available,Under 30
202501702,1702,2025,Manager,Spain,Sales & Business Development,2025-05-22,2025-06-08,12,68300,108,Less than 1 year,30–39
202501703,1703,2025,Manager,France,Sales & Business Development,2023-10-25,2025-02-15,4,76500,100,1–2 years,Under 30
202501704,1704,2025,Non-manager,Sweden,Digital Strategy Consulting,2021-04-20,,7,85200,88,3–5 years,50–59
202501705,1705,2025,Non-manager,Sweden,Technology & IT Strategy,2023-03-30,,2,53300,95,1–2 years,30–39
202501706,1706,2025,Manager,Sweden,Transformation & Change Management,,,7,76400,133,Not available,30–39
202501708,1708,2025,Manager,Sweden,Data & Analytics Consulting,,2024-02-26,6,112800,93,Not available,30–39
202501709,1709,2025,Manager,Sweden,Finance & Operations,,2023-07-10,5,119700,123,Not available,40–49
202501710,1710,2025,Manager,Sweden,Finance & Operations,,2024-06-06,4,100700,130,Not available,30–39
202501711,1711,2025,Non-manager,Sweden,Digital Marketing & Growth,,2023-05-16,5,95900,125,Not available,40–49
202501712,1712,2025,Manager,Germany,Sales & Business Development,2022-08-14,,2,100200,109,3–5 years,Under 30
202501714,1714,2025,Non-manager,France,Sales & Business Development,,2023-09-18,3,59600,146,Not available,Under 30
202501716,1716,2025,Manager,Sweden,Cybersecurity & Digital Risk,2025-05-19,2024-04-17,4,93100,97,Less than 1 year,Under 30
202501717,1717,2025,Manager,Germany,Digital Strategy Consulting,2021-10-07,2023-05-16,5,102400,98,3–5 years,40–49
202501718,1718,2025,Manager,Sweden,Sales & Business Development,2016-09-29,,4,174500,87,6–10 years,40–49
202501719,1719,2025,Non-manager,Germany,Finance & Operations,,2023-03-03,6,64800,111,Not available,30–39
202501720,1720,2025,Manager,Germany,Digital Strategy Consulting,2024-04-05,2025-04-02,9,92500,95,1–2 years,40–49
202501721,1721,2025,Non-manager,Sweden,Customer Experience & Design,2022-09-05,2024-11-06,1,57900,130,3–5 years,30–39
202501722,1722,2025,Non-manager,Sweden,Transformation & Change Management,,2023-11-05,4,111200,128,Not available,50–59
202501724,1724,2025,Manager,Spain,Technology & IT Strategy,,,7,94800,111,Not available,Under 30
202501725,1725,2025,Manager,Sweden,Digital Marketing & Growth,,,6,108000,136,Not available,30–39
202501726,1726,2025,Manager,Denmark,Data & Analytics Consulting,2016-04-06,,7,179800,124,6–10 years,50–59
202501727,1727,2025,Non-manager,Spain,Data & Analytics Consulting,2021-11-19,2023-02-22,5,57700,122,3–5 years,30–39
202501728,1728,2025,Manager,Denmark,Digital Strategy Consulting,2025-02-24,2023-05-08,7,117900,103,Less than 1 year,30–39
202501729,1729,2025,Non-manager,France,Digital Marketing & Growth,,,8,58400,153,Not available,30–39
202501730,1730,2025,Manager,Sweden,Finance & Operations,2023-01-22,2025-12-02,5,95000,104,1–2 years,30–39
202501731,1731,2025,Non-manager,France,Cybersecurity & Digital Risk,,2024-11-27,3,71200,113,Not available,40–49
202501732,1732,2025,Manager,Germany,Sales & Business Development,,2025-12-05,3,102700,86,Not available,30–39
202501733,1733,2025,Manager,Sweden,Transformation & Change Management,,2025-04-25,4,110700,128,Not available,30–39
202501734,1734,2025,Manager,France,Digital Marketing & Growth,,2025-07-31,2,142500,108,Not available,40–49
202501735,1735,2025,Manager,Denmark,Transformation & Change Management,2021-01-01,2024-10-25,4,125400,76,3–5 years,30–39
202501736,1736,2025,Manager,Germany,Digital Strategy Consulting,2024-11-26,,3,83600,89,1–2 years,30–39
202501738,1738,2025,Manager,Sweden,Sales & Business Development,2025-08-13,2025-03-26,9,90400,109,Less than 1 year,Under 30
202501739,1739,2025,Manager,Sweden,Digital Strategy Consulting,,2024-09-27,4,95800,102,Not available,Under 30
202501740,1740,2025,Manager,France,Technology & IT Strategy,2023-02-25,2025-10-29,5,117200,123,1–2 years,40–49
202501741,1741,2025,Non-manager,Germany,Customer Experience & Design,2025-08-07,2025-10-19,7,52200,93,Less than 1 year,Under 30
202501743,1743,2025,Manager,Germany,Finance & Operations,2024-11-25,,5,116200,133,1–2 years,30–39
202501745,1745,2025,Manager,Germany,Technology & IT Strategy,2023-01-15,2025-08-26,0,88500,95,1–2 years,30–39
202501746,1746,2025,Non-manager,Germany,Customer Experience & Design,2024-12-10,2024-07-15,7,38400,121,1–2 years,Under 30
202501747,1747,2025,Manager,Denmark,Technology & IT Strategy,2021-05-11,2024-09-28,2,119400,97,3–5 years,Under 30
202501748,1748,2025,Non-manager,Sweden,Digital Marketing & Growth,2023-04-08,2024-11-11,7,77800,99,1–2 years,30–39
202501749,1749,2025,Non-manager,Sweden,Sales & Business Development,,,7,63800,115,Not available,30–39
202501750,1750,2025,Non-manager,Denmark,Transformation & Change Management,2023-05-27,2024-02-03,3,73000,108,1–2 years,30–39
202501751,1751,2025,Non-manager,Sweden,Customer Experience & Design,2025-09-25,,1,65600,88,Less than 1 year,30–39
202501752,1752,2025,Manager,Denmark,Finance & Operations,,2023-07-01,3,164800,94,Not available,50–59
202501753,1753,2025,Manager,Denmark,Sales & Business Development,,2023-04-22,2,125000,122,Not available,40–49
202501754,1754,2025,Non-manager,Sweden,Transformation & Change Management,,2023-06-03,7,52200,91,Not available,30–39
202501756,1756,2025,Manager,Sweden,Transformation & Change Management,,2023-04-22,4,145700,89,Not available,30–39
202501757,1757,2025,Non-manager,Germany,Digital Strategy Consulting,2025-06-23,2025-02-02,6,50800,103,Less than 1 year,40–49
202501758,1758,2025,Non-manager,France,Technology & IT Strategy,,2023-01-15,3,69700,114,Not available,30–39
202501759,1759,2025,Manager,Spain,Digital Marketing & Growth,,2024-02-25,8,99700,95,Not available,40–49
202501760,1760,2025,Non-manager,Sweden,Data & Analytics Consulting,2025-08-31,2023-04-28,4,67700,108,Less than 1 year,Under 30
202501761,1761,2025,Non-manager,Germany,Technology & IT Strategy,2023-10-23,,2,72700,115,1–2 years,30–39
202501762,1762,2025,Manager,Sweden,Digital Marketing & Growth,2018-08-07,2025-01-07,4,133700,136,6–10 years,30–39
202501763,1763,2025,Manager,Denmark,Transformation & Change Management,2025-05-24,2024-05-04,2,103100,121,Less than 1 year,30–39
202501765,1765,2025,Manager,Germany,Sales & Business Development,,2025-08-23,2,110900,99,Not available,30–39
202501766,1766,2025,Manager,Sweden,Customer Experience & Design,2025-09-01,2023-04-25,3,97000,129,Less than 1 year,30–39
202501767,1767,2025,Non-manager,Sweden,Transformation & Change Management,,2025-01-06,3,58100,124,Not available,30–39
202501769,1769,2025,Non-manager,France,Transformation & Change Management,2024-10-08,2024-03-24,9,44700,122,1–2 years,30–39
202501770,1770,2025,Manager,Sweden,Technology & IT Strategy,,2023-09-12,2,174700,134,Not available,40–49
202501771,1771,2025,Non-manager,Sweden,Data & Analytics Consulting,2025-09-25,,3,54800,94,Less than 1 year,Under 30
202501772,1772,2025,Manager,Germany,Human Resources,2022-02-02,2023-02-07,2,93900,134,3–5 years,Under 30
202501773,1773,2025,Non-manager,Germany,Finance & Operations,,2023-08-21,6,89900,125,Not available,30–39
202501774,1774,2025,Manager,Sweden,Human Resources,2024-02-09,2024-05-14,7,80300,143,1–2 years,30–39
202501775,1775,2025,Manager,Sweden,Transformation & Change Management,2021-10-21,2023-02-04,3,97100,115,3–5 years,30–39
202501776,1776,2025,Manager,Denmark,Digital Strategy Consulting,,2025-03-31,5,133500,116,Not available,30–39
202501777,1777,2025,Manager,Denmark,Sales & Business Development,2025-08-25,,6,132900,119,Less than 1 year,30–39
202501778,1778,2025,Manager,Sweden,Sales & Business Development,,2024-12-11,7,141100,79,Not available,30–39
202501780,1780,2025,Non-manager,Sweden,Data & Analytics Consulting,,2023-02-08,7,56200,148,Not available,30–39
202501781,1781,2025,Manager,France,Cybersecurity & Digital Risk,2024-12-09,2023-10-21,5,91800,105,1–2 years,30–39
202501782,1782,2025,Manager,Sweden,Transformation & Change Management,,2023-02-23,8,113300,115,Not available,30–39
202501783,1783,2025,Manager,Spain,Customer Experience & Design,,2024-07-26,6,103900,114,Not available,50–59
202501784,1784,2025,Manager,Germany,Cybersecurity & Digital Risk,,2023-11-28,4,101800,120,Not available,30–39
202501785,1785,2025,Manager,Sweden,Digital Marketing & Growth,2025-09-21,2025-05-23,4,92000,85,Less than 1 year,30–39
202501786,1786,2025,Manager,Sweden,Data & Analytics Consulting,2022-10-30,2024-07-07,4,102900,129,3–5 years,30–39
202501787,1787,2025,Non-manager,Sweden,Data & Analytics Consulting,2024-07-29,,9,60800,112,1–2 years,30–39
202501788,1788,2025,Manager,Spain,Technology & IT Strategy,2021-12-17,2024-07-28,2,70400,119,3–5 years,30–39
202501789,1789,2025,Manager,Sweden,Transformation & Change Management,,,6,90800,113,Not available,30–39
202501790,1790,2025,Non-manager,Denmark,Finance & Operations,,2024-01-16,6,64000,100,Not available,40–49
202501791,1791,2025,Manager,Denmark,Sales & Business Development,2021-09-19,2023-05-01,4,158400,99,3–5 years,40–49
202501792,1792,2025,Manager,Spain,Customer Experience & Design,2023-12-30,2024-07-16,3,78000,125,1–2 years,30–39
202501793,1793,2025,Manager,Sweden,Transformation & Change Management,2024-03-29,2025-11-26,3,91900,113,1–2 years,30–39
202501794,1794,2025,Non-manager,Sweden,Digital Marketing & Growth,2022-05-24,,5,61200,108,3–5 years,30–39
202501795,1795,2025,Manager,Denmark,Digital Marketing & Growth,2022-06-10,2025-08-06,2,104300,104,3–5 years,30–39
202501796,1796,2025,Manager,France,Digital Strategy Consulting,,2024-02-22,2,100100,119,Not available,40–49
202501797,1797,2025,Manager,Sweden,Digital Marketing & Growth,,,4,106100,95,Not available,40–49
202501799,1799,2025,Non-manager,Sweden,Cybersecurity & Digital Risk,2021-12-13,2024-11-06,7,65300,107,3–5 years,30–39
202501800,1800,2025,Manager,Sweden,Transformation & Change Management,2017-08-16,2023-12-20,6,113200,105,6–10 years,40–49
202501801,1801,2025,Manager,Sweden,Cybersecurity & Digital Risk,2019-09-25,,8,115700,108,6–10 years,Under 30
202501802,1802,2025,Manager,Spain,Transformation & Change Management,2024-12-20,2025-01-03,3,70200,112,1–2 years,30–39
202501803,1803,2025,Non-manager,Sweden,Data & Analytics Consulting,,,2,114800,134,Not available,40–49
202501804,1804,2025,Manager,Sweden,Data & Analytics Consulting,2021-02-10,2025-03-14,10,115900,119,3–5 years,30–39
202501805,1805,2025,Non-manager,Spain,Transformation & Change Management,,2024-11-01,3,55600,133,Not available,40–49
202501808,1808,2025,Non-manager,Germany,Digital Marketing & Growth,,2024-03-01,7,69400,106,Not available,30–39
202501809,1809,2025,Non-manager,Denmark,Technology & IT Strategy,2024-04-06,2023-04-07,5,71000,101,1–2 years,30–39
202501811,1811,2025,Non-manager,France,Finance & Operations,,2023-10-04,7,51500,89,Not available,30–39
202501812,1812,2025,Non-manager,Sweden,Digital Strategy Consulting,,2025-10-31,3,71500,131,Not available,40–49
202501813,1813,2025,Manager,France,Finance & Operations,,2023-09-19,6,124400,94,Not available,40–49
202501814,1814,2025,Manager,Spain,Finance & Operations,2022-08-08,,4,77900,113,3–5 years,Under 30
202501815,1815,2025,Non-manager,France,Finance & Operations,2022-07-20,,5,65700,120,3–5 years,30–39
202501816,1816,2025,Manager,Sweden,Digital Strategy Consulting,,2024-05-08,4,80500,74,Not available,Under 30
202501817,1817,2025,Manager,Spain,Data & Analytics Consulting,2024-11-17,,6,78200,126,1–2 years,30–39
202501818,1818,2025,Manager,Spain,Sales & Business Development,,,2,73900,104,Not available,30–39
202501819,1819,2025,Manager,France,Transformation & Change Management,,2024-12-10,3,87600,99,Not available,30–39
202501820,1820,2025,Manager,Sweden,Cybersecurity & Digital Risk,,,8,138100,102,Not available,50–59
202501821,1821,2025,Manager,Sweden,Digital Strategy Consulting,,2023-05-29,5,132000,104,Not available,40–49
202501822,1822,2025,Manager,Germany,Digital Strategy Consulting,2021-02-26,2023-07-19,2,108300,102,3–5 years,40–49
202501823,1823,2025,Non-manager,Denmark,Cybersecurity & Digital Risk,2024-04-30,2025-05-23,3,80400,129,1–2 years,30–39
202501825,1825,2025,Manager,Sweden,Customer Experience & Design,2021-05-11,2025-02-04,7,95400,111,3–5 years,30–39
202501826,1826,2025,Manager,France,Data & Analytics Consulting,,2023-01-16,5,82700,120,Not available,30–39
202501827,1827,2025,Manager,France,Finance & Operations,,2023-09-01,7,92000,115,Not available,Under 30
202501828,1828,2025,Non-manager,Sweden,Finance & Operations,2023-04-29,2025-01-16,3,63500,127,1–2 years,Under 30
202501829,1829,2025,Non-manager,Spain,Digital Marketing & Growth,2024-01-22,2023-01-20,3,42400,135,1–2 years,Under 30
202501830,1830,2025,Manager,Germany,Digital Marketing & Growth,2021-04-16,2024-01-11,2,115700,118,3–5 years,40–49
202501831,1831,2025,Non-manager,Sweden,Human Resources,,,7,69100,142,Not available,30–39
202501832,1832,2025,Manager,France,Data & Analytics Consulting,2025-11-23,2024-10-24,1,84400,95,Less than 1 year,Under 30
202501833,1833,2025,Manager,Denmark,Customer Experience & Design,2022-02-01,2023-08-02,5,113300,115,3–5 years,Under 30
202501834,1834,2025,Non-manager,Sweden,Digital Strategy Consulting,2022-04-01,2025-11-03,9,68000,96,3–5 years,Under 30
202501835,1835,2025,Non-manager,France,Data & Analytics Consulting,2022-03-31,2024-07-19,3,59900,129,3–5 years,Under 30
202501836,1836,2025,Non-manager,Germany,Digital Strategy Consulting,2025-12-16,2024-02-10,6,60300,108,Less than 1 year,30–39
202501837,1837,2025,Manager,Sweden,Customer Experience & Design,2023-07-04,2023-11-15,10,115400,105,1–2 years,40–49
202501838,1838,2025,Non-manager,Denmark,Technology & IT Strategy,2024-03-15,2023-08-02,7,60900,114,1–2 years,Under 30
202501839,1839,2025,Manager,Germany,Sales & Business Development,2025-02-28,2023-10-22,1,145400,77,Less than 1 year,30–39
202501840,1840,2025,Manager,Sweden,Digital Strategy Consulting,,2024-10-09,4,115700,105,Not available,40–49
202501841,1841,2025,Manager,Germany,Human Resources,,2025-07-07,5,111900,113,Not available,Under 30
202501842,1842,2025,Manager,Germany,Transformation & Change Management,,2023-07-13,1,87100,120,Not available,30–39
202501843,1843,2025,Manager,Sweden,Digital Marketing & Growth,2018-03-26,2023-09-23,9,130200,112,6–10 years,40–49
202501844,1844,2025,Manager,Sweden,Data & Analytics Consulting,2025-05-25,,8,98200,128,Less than 1 year,Under 30
202501845,1845,2025,Non-manager,Sweden,Finance & Operations,,,6,75100,86,Not available,40–49
202501846,1846,2025,Manager,Sweden,Data & Analytics Consulting,,2023-05-17,6,100400,109,Not available,30–39
202501847,1847,2025,Non-manager,Sweden,Digital Strategy Consulting,,2023-10-15,7,70600,107,Not available,Under 30
202501848,1848,2025,Non-manager,Sweden,Data & Analytics Consulting,,,6,86600,105,Not available,Under 30
202501849,1849,2025,Non-manager,Sweden,Digital Strategy Consulting,,,2,72800,112,Not available,30–39
202501850,1850,2025,Manager,Sweden,Finance & Operations,2025-04-01,2023-12-04,2,88600,101,Less than 1 year,30–39
202501851,1851,2025,Manager,Germany,Data & Analytics Consulting,2024-12-05,2024-06-16,5,79700,118,1–2 years,30–39
202501852,1852,2025,Non-manager,Germany,Sales & Business Development,2024-04-05,2023-05-07,3,49200,104,1–2 years,30–39
202501853,1853,2025,Non-manager,Sweden,Transformation & Change Management,2025-06-11,2023-03-26,9,47200,119,Less than 1 year,Under 30
202501854,1854,2025,Non-manager,Spain,Transformation & Change Management,2023-08-28,,2,52400,137,1–2 years,30–39
202501855,1855,2025,Manager,Spain,Finance & Operations,2022-12-04,2023-12-06,5,75700,108,3–5 years,30–39
202501856,1856,2025,Non-manager,Sweden,Data & Analytics Consulting,2021-08-29,2025-01-30,5,75800,119,3–5 years,30–39
202501857,1857,2025,Manager,Spain,Technology & IT Strategy,2025-01-11,2023-05-26,6,76800,112,Less than 1 year,30–39
202501858,1858,2025,Manager,Sweden,Cybersecurity & Digital Risk,,2024-05-27,6,197400,86,Not available,40–49
202501859,1859,2025,Manager,Sweden,Transformation & Change Management,,2024-09-27,3,176100,75,Not available,50–59
202501860,1860,2025,Non-manager,Denmark,Human Resources,,,3,73400,118,Not available,30–39
202501861,1861,2025,Non-manager,Sweden,Sales & Business Development,2025-12-31,2025-11-30,5,63000,124,Less than 1 year,30–39
202501862,1862,2025,Non-manager,Sweden,Digital Strategy Consulting,2025-06-23,2025-03-21,7,53400,123,Less than 1 year,Under 30
202501863,1863,2025,Manager,Denmark,Finance & Operations,2023-01-06,2025-02-09,3,105000,108,1–2 years,40–49
202501864,1864,2025,Manager,Spain,Human Resources,,2023-06-21,7,63100,111,Not available,Under 30
202501865,1865,2025,Non-manager,Spain,Data & Analytics Consulting,,,2,44200,122,Not available,40–49
202501866,1866,2025,Non-manager,Spain,Digital Marketing & Growth,2022-12-21,2023-10-02,4,42100,144,3–5 years,30–39
202501867,1867,2025,Manager,France,Technology & IT Strategy,2019-08-08,,8,119400,117,6–10 years,40–49
202501868,1868,2025,Manager,Sweden,Transformation & Change Management,2023-05-23,2024-07-10,7,117100,136,1–2 years,Under 30
202501869,1869,2025,Manager,France,Technology & IT Strategy,,2024-07-07,7,101900,133,Not available,30–39
202501870,1870,2025,Manager,Denmark,Finance & Operations,,2024-10-20,1,174800,139,Not available,40–49
202501871,1871,2025,Non-manager,Spain,Cybersecurity & Digital Risk,2024-07-08,2023-12-19,2,43100,103,1–2 years,30–39
202501872,1872,2025,Non-manager,Sweden,Digital Marketing & Growth,2023-06-23,2025-12-30,8,47700,130,1–2 years,Under 30
202501873,1873,2025,Non-manager,Sweden,Sales & Business Development,2024-09-17,2024-05-01,4,50900,128,1–2 years,Under 30
202501874,1874,2025,Non-manager,Germany,Transformation & Change Management,2016-02-21,2025-01-27,4,105500,99,6–10 years,50–59
202501875,1875,2025,Non-manager,Sweden,Customer Experience & Design,,2025-10-08,1,87500,158,Not available,50–59
202501876,1876,2025,Non-manager,Sweden,Digital Strategy Consulting,,2024-03-21,3,40300,154,Not available,30–39
202501877,1877,2025,Non-manager,Germany,Digital Marketing & Growth,,,6,85900,48,Not available,60 and above
202501878,1878,2025,Manager,Denmark,Customer Experience & Design,2025-03-04,,3,103100,106,Less than 1 year,Under 30
202501879,1879,2025,Non-manager,Germany,Transformation & Change Management,,2023-11-10,4,49800,122,Not available,30–39
202501880,1880,2025,Manager,Sweden,Transformation & Change Management,2023-12-03,2025-01-02,7,99600,124,1–2 years,40–49
202501881,1881,2025,Non-manager,Denmark,Digital Strategy Consulting,2025-10-18,2025-06-08,5,70900,101,Less than 1 year,Under 30
202501882,1882,2025,Manager,Denmark,Digital Strategy Consulting,2023-10-13,2024-11-06,6,127700,101,1–2 years,30–39
202501883,1883,2025,Manager,Sweden,Digital Strategy Consulting,2025-11-01,2023-04-25,6,89800,111,Less than 1 year,30–39
202501884,1884,2025,Manager,France,Technology & IT Strategy,,2024-06-16,3,85400,119,Not available,30–39
202501885,1885,2025,Non-manager,Sweden,Digital Marketing & Growth,2024-10-29,2025-06-02,6,44100,118,1–2 years,Under 30
202501886,1886,2025,Non-manager,France,Digital Strategy Consulting,2023-05-20,2025-03-09,5,64500,104,1–2 years,30–39
202501887,1887,2025,Non-manager,Spain,Customer Experience & Design,2022-04-01,2025-01-22,4,43400,114,3–5 years,40–49
202501888,1888,2025,Manager,Denmark,Finance & Operations,2021-06-16,2023-01-04,4,100200,133,3–5 years,30–39
202501889,1889,2025,Manager,Sweden,Sales & Business Development,2024-07-25,2025-09-11,11,105300,107,1–2 years,Under 30
202501892,1892,2025,Manager,Germany,Sales & Business Development,2022-02-18,2025-08-26,9,101200,94,3–5 years,30–39
202501893,1893,2025,Manager,Sweden,Digital Strategy Consulting,2019-11-07,,5,116100,132,6–10 years,40–49
202501894,1894,2025,Non-manager,Denmark,Transformation & Change Management,2024-07-28,,7,62900,104,1–2 years,Under 30
202501895,1895,2025,Non-manager,Spain,Transformation & Change Management,2021-12-17,2023-09-05,5,58400,116,3–5 years,40–49
202501897,1897,2025,Manager,Sweden,Sales & Business Development,2022-05-24,2023-04-13,3,103600,127,3–5 years,40–49
202501898,1898,2025,Manager,Germany,Digital Strategy Consulting,,2023-01-29,7,145200,84,Not available,40–49
202501900,1900,2025,Non-manager,Denmark,Digital Marketing & Growth,2023-05-27,,0,54900,92,1–2 years,Under 30
202501901,1901,2025,Manager,Sweden,Digital Strategy Consulting,2025-05-10,2024-08-25,11,88300,73,Less than 1 year,30–39
202501902,1902,2025,Manager,Sweden,Digital Strategy Consulting,,2025-07-12,8,71800,86,Not available,30–39
202501903,1903,2025,Non-manager,Sweden,Data & Analytics Consulting,2024-09-24,2025-09-15,4,46500,108,1–2 years,Under 30
202501904,1904,2025,Manager,Germany,Technology & IT Strategy,2025-10-05,2025-08-20,3,74800,121,Less than 1 year,Under 30
202501905,1905,2025,Manager,Sweden,Data & Analytics Consulting,2025-03-28,2024-11-01,4,84900,100,Less than 1 year,Under 30
202501906,1906,2025,Manager,Sweden,Cybersecurity & Digital Risk,2025-05-06,2025-05-28,8,84900,125,Less than 1 year,Under 30
202501907,1907,2025,Non-manager,France,Finance & Operations,2025-08-19,2024-12-02,5,30600,122,Less than 1 year,Under 30
202501908,1908,2025,Manager,Sweden,Transformation & Change Management,2024-07-09,2025-11-15,4,80500,141,1–2 years,Under 30
202501909,1909,2025,Non-manager,Spain,Human Resources,2025-04-02,2025-09-10,7,37300,129,Less than 1 year,Under 30
202501910,1910,2025,Non-manager,Sweden,Transformation & Change Management,2024-11-16,,1,43900,118,1–2 years,Under 30
202501911,1911,2025,Non-manager,Sweden,Cybersecurity & Digital Risk,2024-11-10,,4,50800,108,1–2 years,Under 30
202501912,1912,2025,Manager,Sweden,Digital Strategy Consulting,2025-10-23,2025-12-01,8,73000,115,Less than 1 year,30–39
202501913,1913,2025,Non-manager,Denmark,Digital Strategy Consulting,2025-06-27,,3,50300,79,Less than 1 year,Under 30
202501914,1914,2025,Non-manager,France,Cybersecurity & Digital Risk,2024-10-19,2025-01-17,12,56600,98,1–2 years,30–39
202501915,1915,2025,Manager,Sweden,Digital Strategy Consulting,2025-12-26,,4,70300,133,Less than 1 year,30–39
202501917,1917,2025,Manager,Sweden,Sales & Business Development,2025-09-18,2025-09-23,8,81100,82,Less than 1 year,30–39
202501918,1918,2025,Manager,Sweden,Finance & Operations,2025-09-12,2025-01-17,3,70600,131,Less than 1 year,30–39
202501919,1919,2025,Manager,Denmark,Finance & Operations,,2025-03-18,2,81100,152,Not available,Under 30
202501920,1920,2025,Manager,France,Finance & Operations,2025-08-27,2025-05-20,2,73200,90,Less than 1 year,Under 30
202501921,1921,2025,Manager,Sweden,Finance & Operations,2025-11-07,2024-10-14,3,71000,155,Less than 1 year,Under 30
202501922,1922,2025,Manager,Germany,Data & Analytics Consulting,2025-07-23,2024-11-26,4,71400,109,Less than 1 year,Under 30
202501923,1923,2025,Non-manager,Sweden,Digital Strategy Consulting,2024-02-25,2024-11-27,7,44900,163,1–2 years,Under 30
202501924,1924,2025,Non-manager,Germany,Transformation & Change Management,2024-09-06,2024-12-02,4,39700,111,1–2 years,Under 30
202501925,1925,2025,Manager,Germany,Transformation & Change Management,2025-04-08,,10,74600,113,Less than 1 year,Under 30
202501926,1926,2025,Manager,Germany,Customer Experience & Design,2025-08-02,2025-12-18,7,71100,113,Less than 1 year,30–39
202501927,1927,2025,Non-manager,Germany,Digital Strategy Consulting,,2025-01-02,6,39600,128,Not available,Under 30
202501928,1928,2025,Non-manager,Germany,Customer Experience & Design,2024-11-30,2025-08-12,3,33800,137,1–2 years,30–39
202501929,1929,2025,Non-manager,Sweden,Digital Marketing & Growth,2024-12-11,2025-05-15,5,46600,116,1–2 years,30–39
202501930,1930,2025,Manager,Spain,Transformation & Change Management,2024-09-08,2024-02-18,5,57000,132,1–2 years,Under 30
202501931,1931,2025,Non-manager,Sweden,Data & Analytics Consulting,2025-09-02,,3,49200,88,Less than 1 year,Under 30
202501932,1932,2025,Non-manager,Spain,Transformation & Change Management,,2025-12-20,4,33200,115,Not available,Under 30
202501933,1933,2025,Manager,Sweden,Data & Analytics Consulting,2024-10-05,,7,72200,119,1–2 years,Under 30
202501934,1934,2025,Non-manager,Sweden,Transformation & Change Management,2025-03-30,2025-12-15,6,46000,116,Less than 1 year,Under 30
202501935,1935,2025,Non-manager,Sweden,Cybersecurity & Digital Risk,,,5,52800,111,Not available,Under 30
202501936,1936,2025,Manager,Denmark,Human Resources,,2025-02-14,7,85000,96,Not available,Under 30
202501937,1937,2025,Non-manager,France,Transformation & Change Management,2025-03-24,,7,39600,116,Less than 1 year,Under 30
202501938,1938,2025,Non-manager,Germany,Data & Analytics Consulting,2025-06-06,2025-02-21,3,31600,125,Less than 1 year,Under 30
202501939,1939,2025,Non-manager,Sweden,Digital Strategy Consulting,2025-05-07,2025-10-11,1,46100,128,Less than 1 year,30–39
202501940,1940,2025,Manager,Germany,Finance & Operations,,2025-05-10,4,70800,101,Not available,Under 30
202501941,1941,2025,Non-manager,Sweden,Sales & Business Development,2024-09-29,2025-05-21,4,44300,141,1–2 years,30–39
202501942,1942,2025,Manager,Spain,Cybersecurity & Digital Risk,,2025-12-25,3,64400,108,Not available,Under 30
202501943,1943,2025,Non-manager,Sweden,Digital Strategy Consulting,2025-11-17,2025-05-12,7,37000,85,Less than 1 year,30–39
202501944,1944,2025,Non-manager,Germany,Sales & Business Development,2025-05-27,2025-07-20,3,37700,127,Less than 1 year,30–39
202501945,1945,2025,Non-manager,France,Customer Experience & Design,2025-03-20,,10,42000,138,Less than 1 year,30–39
202501946,1946,2025,Non-manager,France,Cybersecurity & Digital Risk,2025-05-10,,4,41700,115,Less than 1 year,30–39
202501947,1947,2025,Non-manager,Denmark,Technology & IT Strategy,2025-02-02,2025-02-05,6,53400,110,Less than 1 year,Under 30
202501948,1948,2025,Non-manager,Sweden,Data & Analytics Consulting,,2025-09-07,5,36600,79,Not available,Under 30
202501949,1949,2025,Non-manager,Sweden,Data & Analytics Consulting,,2025-10-05,7,52400,150,Not available,Under 30
202501950,1950,2025,Manager,Sweden,Data & Analytics Consulting,2024-10-01,2024-11-13,5,86100,114,1–2 years,30–39
202501951,1951,2025,Manager,Sweden,Transformation & Change Management,,2024-09-10,7,74600,115,Not available,Under 30
202501952,1952,2025,Manager,Denmark,Transformation & Change Management,2024-06-25,2025-06-24,4,92400,143,1–2 years,Under 30
202501953,1953,2025,Manager,Sweden,Data & Analytics Consulting,2024-07-06,2024-11-17,6,66000,122,1–2 years,Under 30
202501954,1954,2025,Manager,Denmark,Human Resources,2025-09-03,2024-07-24,5,90300,116,Less than 1 year,Under 30
202501957,1957,2025,Non-manager,Spain,Cybersecurity & Digital Risk,2025-08-13,2025-01-01,3,35600,104,Less than 1 year,Under 30
202501958,1958,2025,Non-manager,Sweden,Sales & Business Development,,2024-02-14,3,44100,116,Not available,30–39
202501959,1959,2025,Non-manager,Sweden,Technology & IT Strategy,2025-05-17,2025-01-02,6,53500,125,Less than 1 year,30–39
202501960,1960,2025,Non-manager,Sweden,Finance & Operations,,2024-09-03,5,41500,146,Not available,Under 30
202501961,1961,2025,Manager,Spain,Sales & Business Development,2025-07-27,2024-12-20,6,60000,102,Less than 1 year,Under 30
202501962,1962,2025,Manager,France,Finance & Operations,2024-12-19,2024-12-21,4,66900,124,1–2 years,Under 30
202501963,1963,2025,Non-manager,Spain,Transformation & Change Management,,2025-04-29,5,35900,145,Not available,Under 30
202501964,1964,2025,Non-manager,Sweden,Customer Experience & Design,2024-10-07,2024-08-10,2,48600,129,1–2 years,Under 30
202501965,1965,2025,Non-manager,France,Cybersecurity & Digital Risk,2025-07-26,2025-01-18,4,41300,110,Less than 1 year,30–39
202501966,1966,2025,Manager,Sweden,Digital Strategy Consulting,2025-04-20,2025-11-15,4,65300,92,Less than 1 year,Under 30
202501967,1967,2025,Non-manager,Spain,Finance & Operations,,2025-05-09,3,35300,128,Not available,Under 30
202501968,1968,2025,Manager,Sweden,Sales & Business Development,2024-08-26,2025-12-30,7,79300,114,1–2 years,Under 30
202501969,1969,2025,Non-manager,Sweden,Transformation & Change Management,2025-05-18,2025-04-26,4,35300,100,Less than 1 year,30–39
202501970,1970,2025,Non-manager,Germany,Digital Strategy Consulting,2024-09-01,2025-03-18,4,43500,105,1–2 years,Under 30
202501971,1971,2025,Non-manager,Denmark,Data & Analytics Consulting,2025-04-14,,7,45000,116,Less than 1 year,Under 30
202501972,1972,2025,Non-manager,Sweden,Data & Analytics Consulting,,2025-09-07,6,49100,120,Not available,Under 30
202501973,1973,2025,Non-manager,Sweden,Finance & Operations,2024-10-04,2025-02-13,4,42100,106,1–2 years,Under 30
202501974,1974,2025,Manager,Sweden,Digital Strategy Consulting,2025-06-13,2025-04-14,5,63300,95,Less than 1 year,Under 30
202501975,1975,2025,Non-manager,Sweden,Finance & Operations,2025-04-27,2025-03-13,2,44700,100,Less than 1 year,Under 30
202501976,1976,2025,Non-manager,Spain,Customer Experience & Design,,2025-10-10,3,30300,110,Not available,Under 30
202501977,1977,2025,Non-manager,Germany,Human Resources,2025-03-12,2024-12-31,2,37000,142,Less than 1 year,Under 30
202501978,1978,2025,Manager,France,Data & Analytics Consulting,2025-06-06,2024-07-18,3,75500,122,Less than 1 year,30–39
202501979,1979,2025,Non-manager,Germany,Digital Marketing & Growth,,,7,35600,120,Not available,Under 30
202501980,1980,2025,Non-manager,Spain,Digital Marketing & Growth,2024-09-26,,0,34700,141,1–2 years,Under 30
202501981,1981,2025,Non-manager,Germany,Sales & Business Development,2025-06-22,2025-01-12,1,44900,82,Less than 1 year,Under 30
202501982,1982,2025,Non-manager,Sweden,Transformation & Change Management,2025-04-19,2025-07-21,1,44900,103,Less than 1 year,Under 30
202501983,1983,2025,Manager,France,Digital Strategy Consulting,2025-04-25,,3,76300,106,Less than 1 year,Under 30
202501984,1984,2025,Manager,Germany,Transformation & Change Management,2024-12-10,2024-11-30,2,69400,114,1–2 years,Under 30
202501985,1985,2025,Non-manager,Germany,Data & Analytics Consulting,2025-01-05,2025-05-20,4,39700,111,Less than 1 year,Under 30
202501986,1986,2025,Non-manager,Denmark,Finance & Operations,2025-12-18,2024-11-03,6,53700,123,Less than 1 year,Under 30
202501987,1987,2025,Manager,Sweden,Transformation & Change Management,2024-12-21,2024-12-30,7,77400,122,1–2 years,30–39
202501988,1988,2025,Non-manager,Sweden,Digital Marketing & Growth,2025-01-01,2024-12-19,5,43200,110,Less than 1 year,Under 30
202501989,1989,2025,Manager,Germany,Data & Analytics Consulting,2025-09-24,2025-11-13,2,76400,112,Less than 1 year,Under 30
202501990,1990,2025,Manager,Sweden,Data & Analytics Consulting,2025-09-22,2025-08-28,3,82600,111,Less than 1 year,Under 30
202501991,1991,2025,Non-manager,Denmark,Cybersecurity & Digital Risk,,2025-08-26,7,55900,85,Not available,Under 30
202501992,1992,2025,Non-manager,Sweden,Cybersecurity & Digital Risk,,2025-03-30,3,51800,144,Not available,Under 30
202501993,1993,2025,Non-manager,Spain,Transformation & Change Management,2025-02-04,2024-05-17,2,42900,115,Less than 1 year,Under 30
202501994,1994,2025,Non-manager,France,Cybersecurity & Digital Risk,2025-08-14,2024-12-10,8,36900,137,Less than 1 year,Under 30
202501995,1995,2025,Non-manager,Denmark,Cybersecurity & Digital Risk,2025-03-07,2025-04-25,9,66900,114,Less than 1 year,Under 30
202501996,1996,2025,Manager,France,Customer Experience & Design,2025-12-01,2025-08-02,7,64300,97,Less than 1 year,Under 30
202501997,1997,2025,Non-manager,France,Finance & Operations,2025-06-15,2025-12-09,5,33300,143,Less than 1 year,30–39
202501998,1998,2025,Non-manager,Denmark,Finance & Operations,2025-03-09,2025-03-21,5,50500,116,Less than 1 year,Under 30
202501999,1999,2025,Manager,France,Digital Strategy Consulting,,2025-12-27,2,73500,102,Not available,30–39
202502000,2000,2025,Non-manager,Sweden,Customer Experience & Design,2024-04-30,2024-09-04,1,52100,112,1–2 years,30–39
202502001,2001,2025,Non-manager,Sweden,Customer Experience & Design,2024-11-02,2025-04-27,5,51300,86,1–2 years,Under 30
202502002,2002,2025,Non-manager,Sweden,Finance & Operations,2025-04-08,2025-09-24,9,41100,99,Less than 1 year,30–39
202502003,2003,2025,Non-manager,Denmark,Digital Strategy Consulting,2025-09-13,2024-08-21,5,57900,113,Less than 1 year,Under 30
202502004,2004,2025,Manager,Germany,Data & Analytics Consulting,,2024-11-08,5,82100,111,Not available,30–39
202502005,2005,2025,Non-manager,Sweden,Digital Marketing & Growth,,2025-11-23,5,38600,180,Not available,Under 30
202502007,2007,2025,Non-manager,Germany,Finance & Operations,,2024-12-27,5,42300,95,Not available,30–39
202502008,2008,2025,Manager,Denmark,Technology & IT Strategy,,2025-11-07,8,88700,96,Not available,Under 30
202502009,2009,2025,Non-manager,France,Digital Strategy Consulting,2025-04-23,2025-02-13,5,42300,117,Less than 1 year,30–39
202502010,2010,2025,Non-manager,Germany,Transformation & Change Management,,2024-10-19,3,42800,112,Not available,30–39
202502011,2011,2025,Non-manager,Spain,Technology & IT Strategy,,,5,35000,138,Not available,30–39
202502012,2012,2025,Non-manager,Sweden,Transformation & Change Management,,2025-12-13,3,43000,113,Not available,30–39
202502013,2013,2025,Non-manager,France,Finance & Operations,2025-03-19,2025-09-24,6,39500,132,Less than 1 year,Under 30
202502014,2014,2025,Non-manager,Germany,Customer Experience & Design,2025-07-16,2025-03-21,9,50900,147,Less than 1 year,Under 30
202502015,2015,2025,Manager,Denmark,Data & Analytics Consulting,,2024-09-29,3,92900,101,Not available,30–39
202502016,2016,2025,Manager,Sweden,Cybersecurity & Digital Risk,,2024-04-15,4,84700,96,Not available,30–39
202502017,2017,2025,Manager,Spain,Digital Strategy Consulting,2025-10-02,2025-08-15,5,65300,123,Less than 1 year,Under 30
202502018,2018,2025,Non-manager,Sweden,Finance & Operations,2025-04-17,,11,42000,88,Less than 1 year,30–39
202502019,2019,2025,Non-manager,Spain,Transformation & Change Management,,,2,40700,113,Not available,30–39
202502020,2020,2025,Manager,Spain,Transformation & Change Management,2025-08-05,2025-02-15,1,53700,105,Less than 1 year,Under 30
202502021,2021,2025,Non-manager,France,Sales & Business Development,,2024-07-13,5,42600,113,Not available,Under 30
202502022,2022,2025,Non-manager,Germany,Customer Experience & Design,2025-01-12,2024-10-07,6,45200,94,Less than 1 year,Under 30
202502023,2023,2025,Manager,France,Digital Marketing & Growth,2024-10-11,2024-10-14,7,74600,94,1–2 years,Under 30
202502024,2024,2025,Manager,Sweden,Data & Analytics Consulting,2025-02-21,2024-11-10,7,76000,103,Less than 1 year,30–39
202502025,2025,2025,Non-manager,Sweden,Data & Analytics Consulting,2025-08-19,2025-05-14,3,42700,153,Less than 1 year,Under 30
202502026,2026,2025,Non-manager,Sweden,Digital Strategy Consulting,2025-03-31,,3,56000,91,Less than 1 year,30–39
202502027,2027,2025,Manager,Sweden,Digital Strategy Consulting,2025-05-29,2024-08-13,4,79400,133,Less than 1 year,Under 30
202502028,2028,2025,Non-manager,France,Cybersecurity & Digital Risk,,2025-12-23,7,39400,119,Not available,Under 30
202502029,2029,2025,Manager,Germany,Transformation & Change Management,2025-01-28,2024-10-24,5,73300,97,Less than 1 year,30–39
202502030,2030,2025,Non-manager,Sweden,Data & Analytics Consulting,2025-01-13,2025-12-20,2,40700,124,Less than 1 year,30–39
202502031,2031,2025,Non-manager,Germany,Finance & Operations,2025-05-16,2025-06-07,5,35400,140,Less than 1 year,30–39
202502032,2032,2025,Non-manager,France,Finance & Operations,,2025-08-11,8,37600,158,Not available,Under 30
202502033,2033,2025,Non-manager,Sweden,Sales & Business Development,,2025-11-09,6,41300,110,Not available,Under 30
202502034,2034,2025,Non-manager,Germany,Transformation & Change Management,,2025-12-09,4,39900,99,Not available,30–39
202502035,2035,2025,Non-manager,Germany,Transformation & Change Management,,2025-11-04,1,39500,153,Not available,Under 30
202502036,2036,2025,Non-manager,Spain,Finance & Operations,,2025-08-27,6,28000,119,Not available,30–39
202502037,2037,2025,Non-manager,France,Technology & IT Strategy,,,4,37700,115,Not available,Under 30
202502038,2038,2025,Non-manager,Spain,Data & Analytics Consulting,,2025-08-11,2,36600,110,Not available,Under 30
202502039,2039,2025,Manager,France,Digital Strategy Consulting,,2025-06-18,3,72300,105,Not available,Under 30
202502040,2040,2025,Manager,Sweden,Digital Marketing & Growth,,2025-05-26,1,75900,107,Not available,Under 30
202502041,2041,2025,Manager,Denmark,Data & Analytics Consulting,,2025-10-08,2,73500,121,Not available,Under 30
202502042,2042,2025,Non-manager,Sweden,Data & Analytics Consulting,2025-11-22,2025-12-01,5,47400,83,Less than 1 year,Under 30
202502043,2043,2025,Manager,Sweden,Sales & Business Development,,2025-12-30,2,67300,111,Not available,Under 30
202502044,2044,2025,Non-manager,Spain,Digital Strategy Consulting,,2025-07-08,6,35600,119,Not available,Under 30
202502045,2045,2025,Non-manager,Sweden,Transformation & Change Management,,2025-12-25,6,36800,116,Not available,Under 30
202502046,2046,2025,Non-manager,France,Transformation & Change Management,,2025-06-21,2,43200,154,Not available,Under 30
202502047,2047,2025,Manager,Sweden,Transformation & Change Management,,2025-08-16,2,72900,121,Not available,30–39
202502048,2048,2025,Non-manager,France,Transformation & Change Management,,2025-10-09,3,36800,131,Not available,30–39
202502049,2049,2025,Non-manager,France,Transformation & Change Management,,2025-06-19,3,38300,141,Not available,30–39
202502050,2050,2025,Non-manager,Sweden,Customer Experience & Design,,,6,43400,100,Not available,Under 30
202502051,2051,2025,Non-manager,Sweden,Sales & Business Development,,2025-11-04,5,45100,131,Not available,Under 30
202502052,2052,2025,Non-manager,Sweden,Technology & IT Strategy,,2025-10-02,3,52900,146,Not available,Under 30
202502053,2053,2025,Non-manager,Sweden,Customer Experience & Design,2025-08-18,2025-03-31,8,40800,99,Less than 1 year,Under 30
202502054,2054,2025,Non-manager,Sweden,Sales & Business Development,,2025-12-28,4,43600,109,Not available,Under 30
202502055,2055,2025,Manager,Spain,Sales & Business Development,2025-05-27,2025-05-16,3,56000,116,Less than 1 year,Under 30
202502056,2056,2025,Non-manager,Sweden,Customer Experience & Design,,2025-11-21,7,48500,122,Not available,30–39
202502057,2057,2025,Non-manager,Sweden,Digital Marketing & Growth,,2025-12-24,8,43400,101,Not available,Under 30
202502058,2058,2025,Non-manager,Sweden,Digital Strategy Consulting,,2025-04-03,5,40300,86,Not available,Under 30
202502059,2059,2025,Non-manager,Denmark,Transformation & Change Management,,2025-07-22,11,44400,146,Not available,Under 30
202502060,2060,2025,Non-manager,Sweden,Cybersecurity & Digital Risk,2025-12-03,2025-11-05,6,44400,140,Less than 1 year,30–39
202502061,2061,2025,Manager,France,Digital Strategy Consulting,,2025-09-14,3,60700,118,Not available,Under 30
202502062,2062,2025,Manager,Sweden,Technology & IT Strategy,2025-07-30,2025-03-28,4,77600,93,Less than 1 year,Under 30
202502063,2063,2025,Manager,Sweden,Sales & Business Development,,,4,69100,138,Not available,Under 30
202502064,2064,2025,Manager,Sweden,Technology & IT Strategy,,,3,74700,119,Not available,Under 30
202502065,2065,2025,Manager,France,Transformation & Change Management,2025-02-15,2025-12-12,5,59300,111,Less than 1 year,Under 30
202502066,2066,2025,Non-manager,Sweden,Cybersecurity & Digital Risk,,2025-11-14,6,40400,118,Not available,30–39
202502067,2067,2025,Non-manager,Denmark,Digital Marketing & Growth,,2025-12-29,6,42900,155,Not available,Under 30
202502068,2068,2025,Non-manager,Sweden,Sales & Business Development,2025-11-22,2025-12-08,2,44400,118,Less than 1 year,30–39
202502069,2069,2025,Non-manager,France,Finance & Operations,,2025-08-02,3,31100,158,Not available,Under 30
202502070,2070,2025,Manager,Sweden,Data & Analytics Consulting,2025-12-23,2025-12-24,5,74000,87,Less than 1 year,Under 30
202502071,2071,2025,Non-manager,Germany,Digital Marketing & Growth,2025-08-01,2025-07-18,11,38300,131,Less than 1 year,Under 30
202502072,2072,2025,Non-manager,France,Transformation & Change Management,,2025-12-25,5,30000,106,Not available,Under 30
202502073,2073,2025,Non-manager,Sweden,Transformation & Change Management,,2025-11-19,5,41200,124,Not available,Under 30
202502074,2074,2025,Non-manager,Germany,Technology & IT Strategy,,2025-12-09,7,34700,89,Not available,30–39
202502075,2075,2025,Non-manager,Germany,Sales & Business Development,2025-12-13,2025-12-09,3,39400,141,Less than 1 year,30–39
202502076,2076,2025,Non-manager,Sweden,Digital Strategy Consulting,,,4,37200,137,Not available,Under 30
202502077,2077,2025,Non-manager,Denmark,Human Resources,,2025-10-21,1,43800,136,Not available,30–39
202502078,2078,2025,Non-manager,Sweden,Human Resources,,2025-11-02,4,30000,91,Not available,30–39
202502079,2079,2025,Non-manager,Denmark,Data & Analytics Consulting,2025-09-07,2025-01-15,5,47700,108,Less than 1 year,30–39
202502080,2080,2025,Non-manager,Spain,Digital Marketing & Growth,2025-06-29,,4,28000,118,Less than 1 year,Under 30
202502081,2081,2025,Non-manager,France,Customer Experience & Design,,,7,35800,110,Not available,Under 30
202502082,2082,2025,Non-manager,Spain,Digital Marketing & Growth,2025-07-06,,2,28000,84,Less than 1 year,30–39
202502083,2083,2025,Non-manager,Sweden,Transformation & Change Management,2025-04-04,,3,44000,141,Less than 1 year,Under 30
202502084,2084,2025,Non-manager,Spain,Digital Strategy Consulting,2025-11-28,,0,28000,97,Less than 1 year,30–39
202502085,2085,2025,Manager,Denmark,Data & Analytics Consulting,,2025-12-01,9,84100,118,Not available,Under 30
202502086,2086,2025,Non-manager,Sweden,Digital Strategy Consulting,,,2,47400,127,Not available,Under 30
202502087,2087,2025,Manager,Sweden,Cybersecurity & Digital Risk,,2025-10-19,6,70900,128,Not available,Under 30
202502088,2088,2025,Non-manager,Sweden,Customer Experience & Design,2025-12-19,2025-04-05,4,39300,106,Less than 1 year,Under 30
202502089,2089,2025,Non-manager,Germany,Sales & Business Development,,2025-12-20,10,43500,91,Not available,Under 30
202502090,2090,2025,Non-manager,Sweden,Cybersecurity & Digital Risk,,2025-12-03,6,46400,107,Not available,Under 30
202502091,2091,2025,Non-manager,Sweden,Sales & Business Development,,2025-06-29,7,37000,117,Not available,30–39
202502092,2092,2025,Manager,Spain,Finance & Operations,2025-09-05,2025-12-28,5,51200,130,Less than 1 year,Under 30
202502093,2093,2025,Non-manager,Sweden,Transformation & Change Management,,2025-06-13,4,38900,119,Not available,Under 30
202502094,2094,2025,Manager,Sweden,Digital Marketing & Growth,,2025-12-21,4,69500,92,Not available,Under 30
202502095,2095,2025,Non-manager,Germany,Customer Experience & Design,,2025-09-30,2,49300,137,Not available,30–39
202502096,2096,2025,Non-manager,France,Data & Analytics Consulting,,2025-10-29,4,30000,134,Not available,30–39
202502097,2097,2025,Non-manager,Germany,Digital Strategy Consulting,2025-09-02,2025-12-09,2,32300,173,Less than 1 year,Under 30
202502098,2098,2025,Non-manager,France,Data & Analytics Consulting,2025-11-15,,3,49300,136,Less than 1 year,30–39
202502099,2099,2025,Manager,Spain,Customer Experience & Design,2025-10-30,2025-11-23,7,46900,91,Less than 1 year,Under 30
202502100,2100,2025,Non-manager,Germany,Sales & Business Development,,2025-08-14,4,45300,134,Not available,Under 30
202502101,2101,2025,Manager,Spain,Sales & Business Development,,2025-07-16,5,42800,105,Not available,Under 30
202502102,2102,2025,Manager,Germany,Technology & IT Strategy,,2025-11-29,7,77600,116,Not available,30–39
202502103,2103,2025,Manager,Sweden,Transformation & Change Management,,2025-12-19,6,65000,110,Not available,Under 30
202502104,2104,2025,Non-manager,Sweden,Digital Marketing & Growth,2025-12-04,2025-04-19,4,42600,124,Less than 1 year,Under 30
202502105,2105,2025,Non-manager,Sweden,Finance & Operations,2025-12-10,,7,33800,122,Less than 1 year,Under 30
202502106,2106,2025,Manager,Germany,Transformation & Change Management,,2025-11-09,3,66100,111,Not available,30–39
202502107,2107,2025,Manager,Germany,Digital Strategy Consulting,,2025-11-18,2,67300,121,Not available,30–39
202502108,2108,2025,Non-manager,Sweden,Human Resources,,2025-03-30,2,48400,112,Not available,30–39
202502109,2109,2025,Non-manager,Germany,Human Resources,,2025-09-07,3,30000,133,Not available,Under 30
202502110,2110,2025,Non-manager,Sweden,Technology & IT Strategy,,2025-08-03,5,45400,104,Not available,30–39
202502111,2111,2025,Manager,Denmark,Digital Strategy Consulting,2025-12-21,2025-09-15,7,78000,90,Less than 1 year,30–39
202502112,2112,2025,Non-manager,Spain,Digital Marketing & Growth,,2025-11-20,7,29200,119,Not available,30–39
202502113,2113,2025,Non-manager,Sweden,Cybersecurity & Digital Risk,,2025-12-21,3,48000,129,Not available,30–39
202502114,2114,2025,Non-manager,France,Sales & Business Development,,2025-08-02,5,35300,130,Not available,30–39
202502115,2115,2025,Non-manager,France,Data & Analytics Consulting,,2025-07-29,4,40600,116,Not available,30–39
202502116,2116,2025,Non-manager,Sweden,Finance & Operations,,,6,38100,115,Not available,Under 30
202502117,2117,2025,Non-manager,Sweden,Technology & IT Strategy,2025-06-20,2025-06-30,4,47500,117,Less than 1 year,Under 30
202502118,2118,2025,Non-manager,Denmark,Human Resources,,2025-05-26,4,42500,100,Not available,Under 30
202502119,2119,2025,Non-manager,France,Technology & IT Strategy,2025-11-01,2025-08-09,4,45600,128,Less than 1 year,Under 30
202502120,2120,2025,Non-manager,Sweden,Transformation & Change Management,,2025-12-05,5,30200,121,Not available,Under 30
202502121,2121,2025,Non-manager,Sweden,Customer Experience & Design,2025-04-22,2025-09-11,6,48600,110,Less than 1 year,Under 30
202502122,2122,2025,Manager,Germany,Finance & Operations,,2025-12-08,6,64700,124,Not available,Under 30
202502123,2123,2025,Manager,Denmark,Human Resources,,2025-05-23,7,79000,121,Not available,Under 30
202502124,2124,2025,Non-manager,France,Sales & Business Development,,2025-08-26,6,36400,112,Not available,Under 30
202502125,2125,2025,Non-manager,Sweden,Technology & IT Strategy,,2025-12-19,3,52800,113,Not available,30–39
202502126,2126,2025,Non-manager,Spain,Transformation & Change Management,2025-10-22,2025-09-11,1,29000,108,Less than 1 year,Under 30
202502127,2127,2025,Non-manager,Sweden,Customer Experience & Design,2025-12-06,2025-10-10,3,48000,132,Less than 1 year,Under 30
202502128,2128,2025,Non-manager,Sweden,Data & Analytics Consulting,2025-09-08,2025-11-14,6,37700,115,Less than 1 year,Under 30
202502129,2129,2025,Manager,Denmark,Digital Marketing & Growth,,2025-10-13,2,77900,129,Not available,Under 30
202502130,2130,2025,Non-manager,Sweden,Transformation & Change Management,,2025-12-24,3,33900,135,Not available,30–39
202502131,2131,2025,Non-manager,France,Sales & Business Development,2025-12-01,2025-12-29,3,32400,125,Less than 1 year,Under 30
202502132,2132,2025,Manager,France,Finance & Operations,,2025-12-31,5,55000,136,Not available,30–39
202502133,2133,2025,Manager,Sweden,Technology & IT Strategy,,,6,77900,99,Not available,Under 30
202502134,2134,2025,Manager,Denmark,Technology & IT Strategy,,,1,83900,137,Not available,Under 30
202502135,2135,2025,Non-manager,Sweden,Technology & IT Strategy,,,1,40500,125,Not available,Under 30
202502136,2136,2025,Non-manager,Sweden,Data & Analytics Consulting,,2025-02-08,4,46200,107,Not available,30–39
202502137,2137,2025,Non-manager,France,Transformation & Change Management,,,7,33600,95,Not available,Under 30
202502138,2138,2025,Non-manager,Denmark,Finance & Operations,,2025-07-24,0,44000,61,Not available,30–39
202502139,2139,2025,Manager,Sweden,Customer Experience & Design,,2025-12-18,1,68700,123,Not available,Under 30
202502140,2140,2025,Non-manager,Denmark,Technology & IT Strategy,,2025-10-06,4,50400,118,Not available,Under 30
202502141,2141,2025,Non-manager,Sweden,Digital Strategy Consulting,,,6,43500,146,Not available,30–39
202502142,2142,2025,Non-manager,Sweden,Sales & Business Development,,,4,48200,87,Not available,30–39
202502143,2143,2025,Non-manager,France,Sales & Business Development,,2025-07-15,3,36800,133,Not available,Under 30
202502144,2144,2025,Non-manager,Spain,Transformation & Change Management,,2025-03-18,6,28000,96,Not available,Under 30
202502145,2145,2025,Non-manager,Sweden,Transformation & Change Management,2025-08-06,2025-12-15,4,44800,131,Less than 1 year,30–39
202502146,2146,2025,Non-manager,Sweden,Data & Analytics Consulting,,2025-02-20,7,48400,150,Not available,Under 30
202502147,2147,2025,Non-manager,Germany,Sales & Business Development,2025-05-29,,4,41300,115,Less than 1 year,Under 30
202502148,2148,2025,Non-manager,Spain,Digital Marketing & Growth,2025-12-08,2025-12-28,4,28000,122,Less than 1 year,Under 30
202502149,2149,2025,Manager,France,Cybersecurity & Digital Risk,,2025-11-29,2,65600,112,Not available,Under 30
202502150,2150,2025,Non-manager,France,Finance & Operations,,2025-12-06,4,36400,112,Not available,Under 30
202502151,2151,2025,Non-manager,Denmark,Finance & Operations,,,7,47400,114,Not available,Under 30
202502152,2152,2025,Non-manager,Sweden,Transformation & Change Management,2025-12-22,2025-12-10,11,44100,115,Less than 1 year,30–39
202502153,2153,2025,Non-manager,Germany,Finance & Operations,,,6,41700,113,Not available,30–39
202502154,2154,2025,Non-manager,Sweden,Digital Strategy Consulting,2025-11-30,2025-05-20,4,45300,105,Less than 1 year,30–39
202502155,2155,2025,Manager,Sweden,Digital Strategy Consulting,2025-12-13,2025-10-28,6,80000,94,Less than 1 year,30–39
202502156,2156,2025,Non-manager,Denmark,Human Resources,,2025-10-08,8,33500,104,Not available,Under 30
202502157,2157,2025,Non-manager,Sweden,Digital Marketing & Growth,,2025-09-22,6,32200,109,Not available,30–39
202502158,2158,2025,Non-manager,Denmark,Data & Analytics Consulting,,2025-11-05,7,48300,118,Not available,Under 30
202502159,2159,2025,Manager,Germany,Technology & IT Strategy,,2025-09-05,4,67400,99,Not available,Under 30
202502160,2160,2025,Manager,Denmark,Finance & Operations,,2025-11-16,4,71500,127,Not available,Under 30
